path,size_bytes,sha256
upstream_frequency_fix/frequency_input_audit.json,670761,78e5b62af6653f0940aff2df76cbc099e71a88339bc4e2e4011f725972522056
upstream_frequency_fix/protocol_manifest.json,7231,66064a831d80a0bffc5f2042a05fb343fa4d5245f2228676de5d3775f826b296
upstream_frequency_fix/subject_ids.npy,7160,4d77aa25ecea1529f5b23e61b5e83923a1d8f002bbb355225053cb4035e2c7a8
upstream_frequency_fix/X_freq_node_major_corrected_879.npy,21096128,04fb454092de4fd9a869289d99a4ebcf619cd9716edd5e43dba1350fdbc712ef
analysis_artifacts/canonical_lineage_audit.json,2590,ab2cd7acfcb5ac27a40043d643606a2ca09953dd194d59207aa926daf8afaa16
analysis_artifacts/canonical_pipeline_v2.py,51988,58d3d794eaa12c1289667414f222987f18c4e0b7e2fb80c378af09143d9e9fc7
analysis_artifacts/canonical_run/folds/fold_00/canonical_fold_completion.json,1870,ce76b5df5dd3e22e97f14b1766d39627c3a66bcb8deab98f90e6d368af6f7915
analysis_artifacts/canonical_run/folds/fold_00/frozen_outer_test_predictions.npz,4146,3a9f8b8caf6e59f465d915b3b93039cd211d3c84b07234c3482a4bd0f973af47
analysis_artifacts/canonical_run/folds/fold_00/frozen_prediction_manifest.json,1819,edb624155972e53d9fb20eeadba0b1403fe3cc6055c9a1ec5b061d03144a4be0
analysis_artifacts/canonical_run/folds/fold_00/inner/calibration.json,623,032323e46bc3a1bf4f9e12bd087c453b7da1522f9d9e6a2cab48204a80014520
analysis_artifacts/canonical_run/folds/fold_00/inner/level1/C01/seed_42/inner_00/preprocessing/evaluation_indices.npy,2240,f2c4f38a1af2fa31ca4468436dffb9d1f33a7b930a4df5b00b7eeca4b155e7b5
analysis_artifacts/canonical_run/folds/fold_00/inner/level1/C01/seed_42/inner_00/preprocessing/fit_indices.npy,4344,848abe816664ed77c9ea9e24327d956555e5587a7d197a6413a9b0383f34ec5f
analysis_artifacts/canonical_run/folds/fold_00/inner/level1/C01/seed_42/inner_00/preprocessing/preprocessing_manifest.json,800,ce13c5f9e6bda06125082eb45fb11dfe49457ee387db635432f3ff0983e244c2
analysis_artifacts/canonical_run/folds/fold_00/inner/level1/C01/seed_42/inner_00/preprocessing/selected_full_edge_indices.npy,8128,f893ed91643f3e83610208c49f39b5f8478bf26df8ff6c4f8aad32447df2c4f9
analysis_artifacts/canonical_run/folds/fold_00/inner/level1/C01/seed_42/inner_00/rung1_result.json,756,14f82a779a875fd473bca4e9037ac9ae0ad9cefa4306f4e8e4ce7cbaeb940952
analysis_artifacts/canonical_run/folds/fold_00/inner/level1/C01/seed_42/inner_01/preprocessing/evaluation_indices.npy,2240,237f6a1cdd471626d57a8bd808cf2020855eceb871b25a0cd4044b5c88051387
analysis_artifacts/canonical_run/folds/fold_00/inner/level1/C01/seed_42/inner_01/preprocessing/fit_indices.npy,4344,8ac9005adb8d90ffd1d4368c386c91eee4dcc0c93b199976f88d6a6d5989660e
analysis_artifacts/canonical_run/folds/fold_00/inner/level1/C01/seed_42/inner_01/preprocessing/preprocessing_manifest.json,800,b31b6516af7ab0cb8e23ad9c2368cae410cac842e5757473bc14f4f983593b6b
analysis_artifacts/canonical_run/folds/fold_00/inner/level1/C01/seed_42/inner_01/preprocessing/selected_full_edge_indices.npy,8128,b4ff40427eb0dacd866140ad273d585ce19b9dd22db67328ae5900a77cbb2df5
analysis_artifacts/canonical_run/folds/fold_00/inner/level1/C01/seed_42/inner_01/rung1_result.json,756,018499916a0c8165045d86456eb04538243856704b6a2499b4ad574d4d973ede
analysis_artifacts/canonical_run/folds/fold_00/inner/level1/C01/seed_42/inner_02/preprocessing/evaluation_indices.npy,2232,a9f26d11f76ac385a094a96e7ffc0881c478d99e8501942d520fcf93d11062e5
analysis_artifacts/canonical_run/folds/fold_00/inner/level1/C01/seed_42/inner_02/preprocessing/fit_indices.npy,4352,502b17dee02fa7a6a8872135c8f6e30701f05b4666845544be3f9ef9a757e9ae
analysis_artifacts/canonical_run/folds/fold_00/inner/level1/C01/seed_42/inner_02/preprocessing/preprocessing_manifest.json,800,c117b08d65ec891f9a960183cd0fd8c824bf1b9fab7317ae413609118c81be74
analysis_artifacts/canonical_run/folds/fold_00/inner/level1/C01/seed_42/inner_02/preprocessing/selected_full_edge_indices.npy,8128,24856a8bac2e8e7855bffb041b3d3ff222cb38dc9797768381839781248a732d
analysis_artifacts/canonical_run/folds/fold_00/inner/level1/C01/seed_42/inner_02/rung1_result.json,756,c947d40a24d173499c88e599f369f8831e7e69cfd80c6829c135ca0dc9778cd7
analysis_artifacts/canonical_run/folds/fold_00/inner/level1/C02/seed_42/inner_00/preprocessing/evaluation_indices.npy,2240,f2c4f38a1af2fa31ca4468436dffb9d1f33a7b930a4df5b00b7eeca4b155e7b5
analysis_artifacts/canonical_run/folds/fold_00/inner/level1/C02/seed_42/inner_00/preprocessing/fit_indices.npy,4344,848abe816664ed77c9ea9e24327d956555e5587a7d197a6413a9b0383f34ec5f
analysis_artifacts/canonical_run/folds/fold_00/inner/level1/C02/seed_42/inner_00/preprocessing/preprocessing_manifest.json,800,eb02531e27bf375ecf46cc5fd8d7ac60da0ad7be2bae391cf90be83008e8f42a
analysis_artifacts/canonical_run/folds/fold_00/inner/level1/C02/seed_42/inner_00/preprocessing/selected_full_edge_indices.npy,8128,f893ed91643f3e83610208c49f39b5f8478bf26df8ff6c4f8aad32447df2c4f9
analysis_artifacts/canonical_run/folds/fold_00/inner/level1/C02/seed_42/inner_00/rung1_result.json,756,3eb987a110bec540dffd1b5b965ce855d7e824258ee92e86244dcde397197b9d
analysis_artifacts/canonical_run/folds/fold_00/inner/level1/C02/seed_42/inner_01/preprocessing/evaluation_indices.npy,2240,237f6a1cdd471626d57a8bd808cf2020855eceb871b25a0cd4044b5c88051387
analysis_artifacts/canonical_run/folds/fold_00/inner/level1/C02/seed_42/inner_01/preprocessing/fit_indices.npy,4344,8ac9005adb8d90ffd1d4368c386c91eee4dcc0c93b199976f88d6a6d5989660e
analysis_artifacts/canonical_run/folds/fold_00/inner/level1/C02/seed_42/inner_01/preprocessing/preprocessing_manifest.json,800,abdd73bb1d8a6ad205281d1050cf3203d80a8c9167421a4dce5cc75f992cf309
analysis_artifacts/canonical_run/folds/fold_00/inner/level1/C02/seed_42/inner_01/preprocessing/selected_full_edge_indices.npy,8128,b4ff40427eb0dacd866140ad273d585ce19b9dd22db67328ae5900a77cbb2df5
analysis_artifacts/canonical_run/folds/fold_00/inner/level1/C02/seed_42/inner_01/rung1_result.json,756,4d1109472cd61c089c7b0596bc0780fe9f6f1dd66efcc8a2277bc89c79dcbbde
analysis_artifacts/canonical_run/folds/fold_00/inner/level1/C02/seed_42/inner_02/preprocessing/evaluation_indices.npy,2232,a9f26d11f76ac385a094a96e7ffc0881c478d99e8501942d520fcf93d11062e5
analysis_artifacts/canonical_run/folds/fold_00/inner/level1/C02/seed_42/inner_02/preprocessing/fit_indices.npy,4352,502b17dee02fa7a6a8872135c8f6e30701f05b4666845544be3f9ef9a757e9ae
analysis_artifacts/canonical_run/folds/fold_00/inner/level1/C02/seed_42/inner_02/preprocessing/preprocessing_manifest.json,800,f4efea343f74d91b694bbc09369ecf53a0ae10cab984a1b3d6e75c7dcef7ecd3
analysis_artifacts/canonical_run/folds/fold_00/inner/level1/C02/seed_42/inner_02/preprocessing/selected_full_edge_indices.npy,8128,24856a8bac2e8e7855bffb041b3d3ff222cb38dc9797768381839781248a732d
analysis_artifacts/canonical_run/folds/fold_00/inner/level1/C02/seed_42/inner_02/rung1_result.json,756,a502f00e1b0d6da71c9809c41b395149f6018d2540bb8b9ec2a3d9831147a3eb
analysis_artifacts/canonical_run/folds/fold_00/inner/level1/C03/seed_42/inner_00/preprocessing/evaluation_indices.npy,2240,f2c4f38a1af2fa31ca4468436dffb9d1f33a7b930a4df5b00b7eeca4b155e7b5
analysis_artifacts/canonical_run/folds/fold_00/inner/level1/C03/seed_42/inner_00/preprocessing/fit_indices.npy,4344,848abe816664ed77c9ea9e24327d956555e5587a7d197a6413a9b0383f34ec5f
analysis_artifacts/canonical_run/folds/fold_00/inner/level1/C03/seed_42/inner_00/preprocessing/preprocessing_manifest.json,800,dab5279ce3765a0fd99bdd46779be657b5d22320a647da63a0d73b12fd99f43e
analysis_artifacts/canonical_run/folds/fold_00/inner/level1/C03/seed_42/inner_00/preprocessing/selected_full_edge_indices.npy,20128,3771944e953e7f6036c097110f383fd18e47e1ff9ac2a653263602e79442db3e
analysis_artifacts/canonical_run/folds/fold_00/inner/level1/C03/seed_42/inner_00/rung1_result.json,756,4120101c3ab45db838d96147ed4d8299d8c4dc818633313cd3acb375de45b5e8
analysis_artifacts/canonical_run/folds/fold_00/inner/level1/C03/seed_42/inner_01/preprocessing/evaluation_indices.npy,2240,237f6a1cdd471626d57a8bd808cf2020855eceb871b25a0cd4044b5c88051387
analysis_artifacts/canonical_run/folds/fold_00/inner/level1/C03/seed_42/inner_01/preprocessing/fit_indices.npy,4344,8ac9005adb8d90ffd1d4368c386c91eee4dcc0c93b199976f88d6a6d5989660e
analysis_artifacts/canonical_run/folds/fold_00/inner/level1/C03/seed_42/inner_01/preprocessing/preprocessing_manifest.json,800,a923099def79201531eacbbc0403e74ea4f97fced98c227eae2a84e40a887372
analysis_artifacts/canonical_run/folds/fold_00/inner/level1/C03/seed_42/inner_01/preprocessing/selected_full_edge_indices.npy,20128,9d8e75da372c9eff6b5d270f3892dbb46b7834557333cc67eb3889da53b3618e
analysis_artifacts/canonical_run/folds/fold_00/inner/level1/C03/seed_42/inner_01/rung1_result.json,756,fb2db12727dd886031c7aa757c7d717c8377ed7fef7ec95484965c671dd2069f
analysis_artifacts/canonical_run/folds/fold_00/inner/level1/C03/seed_42/inner_02/preprocessing/evaluation_indices.npy,2232,a9f26d11f76ac385a094a96e7ffc0881c478d99e8501942d520fcf93d11062e5
analysis_artifacts/canonical_run/folds/fold_00/inner/level1/C03/seed_42/inner_02/preprocessing/fit_indices.npy,4352,502b17dee02fa7a6a8872135c8f6e30701f05b4666845544be3f9ef9a757e9ae
analysis_artifacts/canonical_run/folds/fold_00/inner/level1/C03/seed_42/inner_02/preprocessing/preprocessing_manifest.json,800,9ef5ca8795c7247d16733786226edd1b427714fd52e2fbf93bcfc22aacf8148a
analysis_artifacts/canonical_run/folds/fold_00/inner/level1/C03/seed_42/inner_02/preprocessing/selected_full_edge_indices.npy,20128,19a59c4cd098dfe3c76fef09b99b663f7d35ba3b386c21da1e5d495514d50550
analysis_artifacts/canonical_run/folds/fold_00/inner/level1/C03/seed_42/inner_02/rung1_result.json,756,fb14f1b4e19721104bb427997454ea8e7356b4a33ae681ba2f739f3b31e6f2e5
analysis_artifacts/canonical_run/folds/fold_00/inner/level1/C04/seed_42/inner_00/preprocessing/evaluation_indices.npy,2240,f2c4f38a1af2fa31ca4468436dffb9d1f33a7b930a4df5b00b7eeca4b155e7b5
analysis_artifacts/canonical_run/folds/fold_00/inner/level1/C04/seed_42/inner_00/preprocessing/fit_indices.npy,4344,848abe816664ed77c9ea9e24327d956555e5587a7d197a6413a9b0383f34ec5f
analysis_artifacts/canonical_run/folds/fold_00/inner/level1/C04/seed_42/inner_00/preprocessing/preprocessing_manifest.json,800,62f1ec6fcb2d34b62355cae719825f81ac5ab1244312e8e04748634c1555c357
analysis_artifacts/canonical_run/folds/fold_00/inner/level1/C04/seed_42/inner_00/preprocessing/selected_full_edge_indices.npy,20128,3771944e953e7f6036c097110f383fd18e47e1ff9ac2a653263602e79442db3e
analysis_artifacts/canonical_run/folds/fold_00/inner/level1/C04/seed_42/inner_00/rung1_result.json,756,19f73343216e4a189680e8a117e62cd8615048e7c0822c979fe70a39c1f5aab0
analysis_artifacts/canonical_run/folds/fold_00/inner/level1/C04/seed_42/inner_01/preprocessing/evaluation_indices.npy,2240,237f6a1cdd471626d57a8bd808cf2020855eceb871b25a0cd4044b5c88051387
analysis_artifacts/canonical_run/folds/fold_00/inner/level1/C04/seed_42/inner_01/preprocessing/fit_indices.npy,4344,8ac9005adb8d90ffd1d4368c386c91eee4dcc0c93b199976f88d6a6d5989660e
analysis_artifacts/canonical_run/folds/fold_00/inner/level1/C04/seed_42/inner_01/preprocessing/preprocessing_manifest.json,800,75190eb3a9dddd0c0a69c730ab0bfb8c9af4d5fb719b65ef64562dda530f330e
analysis_artifacts/canonical_run/folds/fold_00/inner/level1/C04/seed_42/inner_01/preprocessing/selected_full_edge_indices.npy,20128,9d8e75da372c9eff6b5d270f3892dbb46b7834557333cc67eb3889da53b3618e
analysis_artifacts/canonical_run/folds/fold_00/inner/level1/C04/seed_42/inner_01/rung1_result.json,754,22a664f7d10eedbcbaaa07ed4021ff966b3adbd1c9a184576054b9eeacf8bf53
analysis_artifacts/canonical_run/folds/fold_00/inner/level1/C04/seed_42/inner_02/preprocessing/evaluation_indices.npy,2232,a9f26d11f76ac385a094a96e7ffc0881c478d99e8501942d520fcf93d11062e5
analysis_artifacts/canonical_run/folds/fold_00/inner/level1/C04/seed_42/inner_02/preprocessing/fit_indices.npy,4352,502b17dee02fa7a6a8872135c8f6e30701f05b4666845544be3f9ef9a757e9ae
analysis_artifacts/canonical_run/folds/fold_00/inner/level1/C04/seed_42/inner_02/preprocessing/preprocessing_manifest.json,800,3d47c7bdb0a458d7d60579f646fcb19f790a1ba5b096cc37aa3fc32ba3305e0f
analysis_artifacts/canonical_run/folds/fold_00/inner/level1/C04/seed_42/inner_02/preprocessing/selected_full_edge_indices.npy,20128,19a59c4cd098dfe3c76fef09b99b663f7d35ba3b386c21da1e5d495514d50550
analysis_artifacts/canonical_run/folds/fold_00/inner/level1/C04/seed_42/inner_02/rung1_result.json,756,88a289bd4abfc7c9fc0aa01d92b83a92c9d6d5157f3c94f586446815a3448b3b
analysis_artifacts/canonical_run/folds/fold_00/inner/level1/C05/seed_42/inner_00/preprocessing/evaluation_indices.npy,2240,f2c4f38a1af2fa31ca4468436dffb9d1f33a7b930a4df5b00b7eeca4b155e7b5
analysis_artifacts/canonical_run/folds/fold_00/inner/level1/C05/seed_42/inner_00/preprocessing/fit_indices.npy,4344,848abe816664ed77c9ea9e24327d956555e5587a7d197a6413a9b0383f34ec5f
analysis_artifacts/canonical_run/folds/fold_00/inner/level1/C05/seed_42/inner_00/preprocessing/preprocessing_manifest.json,800,a33adfb907c6d24a3ea589dc9a4ab3cea87cb568d630650a8721e02bc59b7b71
analysis_artifacts/canonical_run/folds/fold_00/inner/level1/C05/seed_42/inner_00/preprocessing/selected_full_edge_indices.npy,39928,8999f833fa0408a4b9713a20d741e666ffc6afc8ebc74a082a7cf9d4525b09a7
analysis_artifacts/canonical_run/folds/fold_00/inner/level1/C05/seed_42/inner_00/rung1_result.json,756,4a960691d38311571f068b50b099c11873303248c98c559f58a46c0ad85ea8ac
analysis_artifacts/canonical_run/folds/fold_00/inner/level1/C05/seed_42/inner_01/preprocessing/evaluation_indices.npy,2240,237f6a1cdd471626d57a8bd808cf2020855eceb871b25a0cd4044b5c88051387
analysis_artifacts/canonical_run/folds/fold_00/inner/level1/C05/seed_42/inner_01/preprocessing/fit_indices.npy,4344,8ac9005adb8d90ffd1d4368c386c91eee4dcc0c93b199976f88d6a6d5989660e
analysis_artifacts/canonical_run/folds/fold_00/inner/level1/C05/seed_42/inner_01/preprocessing/preprocessing_manifest.json,800,b3c09e4ae01982b13662baff934fab37dab2125eafe1d93abacb9c8377b3c10a
analysis_artifacts/canonical_run/folds/fold_00/inner/level1/C05/seed_42/inner_01/preprocessing/selected_full_edge_indices.npy,39928,1d9d6a6f87197c44b86054aefa1dde4c46b99436f7e8f081152411f720e929f6
analysis_artifacts/canonical_run/folds/fold_00/inner/level1/C05/seed_42/inner_01/rung1_result.json,756,4d2e1531c9ee96ee0f5c31cc62304a1c31924bea76ebe606f4d0b42926f8eb6b
analysis_artifacts/canonical_run/folds/fold_00/inner/level1/C05/seed_42/inner_02/preprocessing/evaluation_indices.npy,2232,a9f26d11f76ac385a094a96e7ffc0881c478d99e8501942d520fcf93d11062e5
analysis_artifacts/canonical_run/folds/fold_00/inner/level1/C05/seed_42/inner_02/preprocessing/fit_indices.npy,4352,502b17dee02fa7a6a8872135c8f6e30701f05b4666845544be3f9ef9a757e9ae
analysis_artifacts/canonical_run/folds/fold_00/inner/level1/C05/seed_42/inner_02/preprocessing/preprocessing_manifest.json,800,977c26ddde579bc74bd83c17421bdf230bacc04afc41cb7d41d6d9e467ae3e6a
analysis_artifacts/canonical_run/folds/fold_00/inner/level1/C05/seed_42/inner_02/preprocessing/selected_full_edge_indices.npy,39928,e5ec1ba696838e73acf95a0e29eafe042df7785fbcef15c1ce25107ebb81e64f
analysis_artifacts/canonical_run/folds/fold_00/inner/level1/C05/seed_42/inner_02/rung1_result.json,756,f356fcab0114826a13b309a6705c24f51e83fb6bb973f7e769a333aebf2df67e
analysis_artifacts/canonical_run/folds/fold_00/inner/level1/C06/seed_42/inner_00/preprocessing/evaluation_indices.npy,2240,f2c4f38a1af2fa31ca4468436dffb9d1f33a7b930a4df5b00b7eeca4b155e7b5
analysis_artifacts/canonical_run/folds/fold_00/inner/level1/C06/seed_42/inner_00/preprocessing/fit_indices.npy,4344,848abe816664ed77c9ea9e24327d956555e5587a7d197a6413a9b0383f34ec5f
analysis_artifacts/canonical_run/folds/fold_00/inner/level1/C06/seed_42/inner_00/preprocessing/preprocessing_manifest.json,800,f76c030d191f863c730a12c6d4a46336f2ee542ce65b011a77fa04d0ed7f44ea
analysis_artifacts/canonical_run/folds/fold_00/inner/level1/C06/seed_42/inner_00/preprocessing/selected_full_edge_indices.npy,39928,8999f833fa0408a4b9713a20d741e666ffc6afc8ebc74a082a7cf9d4525b09a7
analysis_artifacts/canonical_run/folds/fold_00/inner/level1/C06/seed_42/inner_00/rung1_result.json,756,ffeea911bedbe821ae42eb7a5a7872956b82b5aea292f0f265a1535245a7e587
analysis_artifacts/canonical_run/folds/fold_00/inner/level1/C06/seed_42/inner_00/rung2_result.json,757,d111ff61a9bfac51ada5dab7978ad10fdde7552b5deb1956e4a95a82b14ee38d
analysis_artifacts/canonical_run/folds/fold_00/inner/level1/C06/seed_42/inner_01/preprocessing/evaluation_indices.npy,2240,237f6a1cdd471626d57a8bd808cf2020855eceb871b25a0cd4044b5c88051387
analysis_artifacts/canonical_run/folds/fold_00/inner/level1/C06/seed_42/inner_01/preprocessing/fit_indices.npy,4344,8ac9005adb8d90ffd1d4368c386c91eee4dcc0c93b199976f88d6a6d5989660e
analysis_artifacts/canonical_run/folds/fold_00/inner/level1/C06/seed_42/inner_01/preprocessing/preprocessing_manifest.json,800,93797f693b8b78049f1bec50584ba690be377947a12220e81a57727314fbfa0d
analysis_artifacts/canonical_run/folds/fold_00/inner/level1/C06/seed_42/inner_01/preprocessing/selected_full_edge_indices.npy,39928,1d9d6a6f87197c44b86054aefa1dde4c46b99436f7e8f081152411f720e929f6
analysis_artifacts/canonical_run/folds/fold_00/inner/level1/C06/seed_42/inner_01/rung1_result.json,755,0b4e95fdd4418a2c21a4b67c29c833308987e2a4b163861abd0899c355465303
analysis_artifacts/canonical_run/folds/fold_00/inner/level1/C06/seed_42/inner_01/rung2_result.json,756,cbaa74630f3dbf89e6fe209c1118578ad78431dda395171ff76193f519009a4a
analysis_artifacts/canonical_run/folds/fold_00/inner/level1/C06/seed_42/inner_02/preprocessing/evaluation_indices.npy,2232,a9f26d11f76ac385a094a96e7ffc0881c478d99e8501942d520fcf93d11062e5
analysis_artifacts/canonical_run/folds/fold_00/inner/level1/C06/seed_42/inner_02/preprocessing/fit_indices.npy,4352,502b17dee02fa7a6a8872135c8f6e30701f05b4666845544be3f9ef9a757e9ae
analysis_artifacts/canonical_run/folds/fold_00/inner/level1/C06/seed_42/inner_02/preprocessing/preprocessing_manifest.json,800,fab016f5070daaf210b044187d47a1df1aa772c854ab48021f3c942f8fbee804
analysis_artifacts/canonical_run/folds/fold_00/inner/level1/C06/seed_42/inner_02/preprocessing/selected_full_edge_indices.npy,39928,e5ec1ba696838e73acf95a0e29eafe042df7785fbcef15c1ce25107ebb81e64f
analysis_artifacts/canonical_run/folds/fold_00/inner/level1/C06/seed_42/inner_02/rung1_result.json,756,fd8441d2a5eea79b19575445d9be135d05c2948e64e952e110b8a44589efa719
analysis_artifacts/canonical_run/folds/fold_00/inner/level1/C06/seed_42/inner_02/rung2_result.json,757,b3575418f73dbebe3c5a552354c83de274107aa5f52c99778f16db5ff6c559a0
analysis_artifacts/canonical_run/folds/fold_00/inner/level1/C07/seed_42/inner_00/preprocessing/evaluation_indices.npy,2240,f2c4f38a1af2fa31ca4468436dffb9d1f33a7b930a4df5b00b7eeca4b155e7b5
analysis_artifacts/canonical_run/folds/fold_00/inner/level1/C07/seed_42/inner_00/preprocessing/fit_indices.npy,4344,848abe816664ed77c9ea9e24327d956555e5587a7d197a6413a9b0383f34ec5f
analysis_artifacts/canonical_run/folds/fold_00/inner/level1/C07/seed_42/inner_00/preprocessing/preprocessing_manifest.json,802,fcbc0b1f2aa08bf28623536e34ea86eb21e66c87897d313586470dc810d9ebf3
analysis_artifacts/canonical_run/folds/fold_00/inner/level1/C07/seed_42/inner_00/preprocessing/selected_full_edge_indices.npy,39928,8999f833fa0408a4b9713a20d741e666ffc6afc8ebc74a082a7cf9d4525b09a7
analysis_artifacts/canonical_run/folds/fold_00/inner/level1/C07/seed_42/inner_00/rung1_result.json,755,1b6aa67ce037ea77cdab470d896cf88e03cf16b8d9a1096f5bcbe02dbe35cb29
analysis_artifacts/canonical_run/folds/fold_00/inner/level1/C07/seed_42/inner_00/rung2_result.json,756,0dcec55e12126bc2f4e181c3489e8d6c8e1e644d1484c6668797c3c3a0710029
analysis_artifacts/canonical_run/folds/fold_00/inner/level1/C07/seed_42/inner_01/preprocessing/evaluation_indices.npy,2240,237f6a1cdd471626d57a8bd808cf2020855eceb871b25a0cd4044b5c88051387
analysis_artifacts/canonical_run/folds/fold_00/inner/level1/C07/seed_42/inner_01/preprocessing/fit_indices.npy,4344,8ac9005adb8d90ffd1d4368c386c91eee4dcc0c93b199976f88d6a6d5989660e
analysis_artifacts/canonical_run/folds/fold_00/inner/level1/C07/seed_42/inner_01/preprocessing/preprocessing_manifest.json,802,d27823d01e7fd1cdba34a7a2efa03273fc04501dd9ad3137f75ac61d30bb3d71
analysis_artifacts/canonical_run/folds/fold_00/inner/level1/C07/seed_42/inner_01/preprocessing/selected_full_edge_indices.npy,39928,1d9d6a6f87197c44b86054aefa1dde4c46b99436f7e8f081152411f720e929f6
analysis_artifacts/canonical_run/folds/fold_00/inner/level1/C07/seed_42/inner_01/rung1_result.json,756,2c04e4a635b22c87c7b40cfb6170d5989465a0a71c52ea10e6fe98d30c15aed0
analysis_artifacts/canonical_run/folds/fold_00/inner/level1/C07/seed_42/inner_01/rung2_result.json,757,e9234f91e5042848acce568482586f98840fbc8255b96f7861a5cf1975096b62
analysis_artifacts/canonical_run/folds/fold_00/inner/level1/C07/seed_42/inner_02/preprocessing/evaluation_indices.npy,2232,a9f26d11f76ac385a094a96e7ffc0881c478d99e8501942d520fcf93d11062e5
analysis_artifacts/canonical_run/folds/fold_00/inner/level1/C07/seed_42/inner_02/preprocessing/fit_indices.npy,4352,502b17dee02fa7a6a8872135c8f6e30701f05b4666845544be3f9ef9a757e9ae
analysis_artifacts/canonical_run/folds/fold_00/inner/level1/C07/seed_42/inner_02/preprocessing/preprocessing_manifest.json,802,f406353acb6c603d37d6d73b1a3504c6986cfa763a8f5660f9fe32c7f6153962
analysis_artifacts/canonical_run/folds/fold_00/inner/level1/C07/seed_42/inner_02/preprocessing/selected_full_edge_indices.npy,39928,e5ec1ba696838e73acf95a0e29eafe042df7785fbcef15c1ce25107ebb81e64f
analysis_artifacts/canonical_run/folds/fold_00/inner/level1/C07/seed_42/inner_02/rung1_result.json,755,0f7dd2e3b9bb8d1f763a5f6dd4362c6b0b0cf83e45bedccd0644bd9d50b06bcf
analysis_artifacts/canonical_run/folds/fold_00/inner/level1/C07/seed_42/inner_02/rung2_result.json,756,1a7d1f5f7921efbe4d90add2c12f66813ae827bcdaeb74144087390687b61737
analysis_artifacts/canonical_run/folds/fold_00/inner/level1/C08/seed_42/inner_00/preprocessing/evaluation_indices.npy,2240,f2c4f38a1af2fa31ca4468436dffb9d1f33a7b930a4df5b00b7eeca4b155e7b5
analysis_artifacts/canonical_run/folds/fold_00/inner/level1/C08/seed_42/inner_00/preprocessing/fit_indices.npy,4344,848abe816664ed77c9ea9e24327d956555e5587a7d197a6413a9b0383f34ec5f
analysis_artifacts/canonical_run/folds/fold_00/inner/level1/C08/seed_42/inner_00/preprocessing/preprocessing_manifest.json,802,4b047ae386a0bd3964656966e5711a7c9d30f3d6a2820f8db79f8b4c9d0fbc37
analysis_artifacts/canonical_run/folds/fold_00/inner/level1/C08/seed_42/inner_00/preprocessing/selected_full_edge_indices.npy,39928,8999f833fa0408a4b9713a20d741e666ffc6afc8ebc74a082a7cf9d4525b09a7
analysis_artifacts/canonical_run/folds/fold_00/inner/level1/C08/seed_42/inner_00/rung1_result.json,755,b49e0dff281758040c3a968c5ffd587872436fb6925450dbf78760c83ab53190
analysis_artifacts/canonical_run/folds/fold_00/inner/level1/C08/seed_42/inner_00/rung2_result.json,756,6b43ea015644a0cbf17ef258c4b69c47e6605bb83b630af241b707b7ef0b1815
analysis_artifacts/canonical_run/folds/fold_00/inner/level1/C08/seed_42/inner_01/preprocessing/evaluation_indices.npy,2240,237f6a1cdd471626d57a8bd808cf2020855eceb871b25a0cd4044b5c88051387
analysis_artifacts/canonical_run/folds/fold_00/inner/level1/C08/seed_42/inner_01/preprocessing/fit_indices.npy,4344,8ac9005adb8d90ffd1d4368c386c91eee4dcc0c93b199976f88d6a6d5989660e
analysis_artifacts/canonical_run/folds/fold_00/inner/level1/C08/seed_42/inner_01/preprocessing/preprocessing_manifest.json,802,eacbf90976b03ae8b2f8db76fd5c7ea219a67b637e4150f135836b821b572794
analysis_artifacts/canonical_run/folds/fold_00/inner/level1/C08/seed_42/inner_01/preprocessing/selected_full_edge_indices.npy,39928,1d9d6a6f87197c44b86054aefa1dde4c46b99436f7e8f081152411f720e929f6
analysis_artifacts/canonical_run/folds/fold_00/inner/level1/C08/seed_42/inner_01/rung1_result.json,756,723b2b655cb616d6a9a8ba0bc780ccefc5fcd206ee8ed63d3dcdf80fbdbacecb
analysis_artifacts/canonical_run/folds/fold_00/inner/level1/C08/seed_42/inner_01/rung2_result.json,757,6e2ef817ae22e857aab0d5740ae1f0aab9a9277eb614908cc37e2d46cafaf0ec
analysis_artifacts/canonical_run/folds/fold_00/inner/level1/C08/seed_42/inner_02/preprocessing/evaluation_indices.npy,2232,a9f26d11f76ac385a094a96e7ffc0881c478d99e8501942d520fcf93d11062e5
analysis_artifacts/canonical_run/folds/fold_00/inner/level1/C08/seed_42/inner_02/preprocessing/fit_indices.npy,4352,502b17dee02fa7a6a8872135c8f6e30701f05b4666845544be3f9ef9a757e9ae
analysis_artifacts/canonical_run/folds/fold_00/inner/level1/C08/seed_42/inner_02/preprocessing/preprocessing_manifest.json,802,edf1e84050d4bb13f438a0154a3682ff28d800881024544087b587a8b0b3ba6f
analysis_artifacts/canonical_run/folds/fold_00/inner/level1/C08/seed_42/inner_02/preprocessing/selected_full_edge_indices.npy,39928,e5ec1ba696838e73acf95a0e29eafe042df7785fbcef15c1ce25107ebb81e64f
analysis_artifacts/canonical_run/folds/fold_00/inner/level1/C08/seed_42/inner_02/rung1_result.json,755,c35ac5a9db8881849460c9808beef20240b50730aadbe2b100a5f78dacf14a11
analysis_artifacts/canonical_run/folds/fold_00/inner/level1/C08/seed_42/inner_02/rung2_result.json,756,21df42222e72e2e45aefae9c731108e016ad9510255cd4f134f15afe2267c219
analysis_artifacts/canonical_run/folds/fold_00/inner/level1/C09/seed_42/inner_00/preprocessing/evaluation_indices.npy,2240,f2c4f38a1af2fa31ca4468436dffb9d1f33a7b930a4df5b00b7eeca4b155e7b5
analysis_artifacts/canonical_run/folds/fold_00/inner/level1/C09/seed_42/inner_00/preprocessing/fit_indices.npy,4344,848abe816664ed77c9ea9e24327d956555e5587a7d197a6413a9b0383f34ec5f
analysis_artifacts/canonical_run/folds/fold_00/inner/level1/C09/seed_42/inner_00/preprocessing/preprocessing_manifest.json,839,f8148a6c345598c1c05b61b9213335c86345b6fdde35a1cbe9880fb7892bb8b1
analysis_artifacts/canonical_run/folds/fold_00/inner/level1/C09/seed_42/inner_00/preprocessing/selected_full_edge_indices.npy,39928,8999f833fa0408a4b9713a20d741e666ffc6afc8ebc74a082a7cf9d4525b09a7
analysis_artifacts/canonical_run/folds/fold_00/inner/level1/C09/seed_42/inner_00/rung1_result.json,756,95013186c3395928c4033ec385d1718401375509cb28408815bbd0d674b4ce47
analysis_artifacts/canonical_run/folds/fold_00/inner/level1/C09/seed_42/inner_00/rung2_result.json,758,88852b3691a98a1e34653a09981d4e764ab859de8220763ea0594d405d0f3c67
analysis_artifacts/canonical_run/folds/fold_00/inner/level1/C09/seed_42/inner_01/preprocessing/evaluation_indices.npy,2240,237f6a1cdd471626d57a8bd808cf2020855eceb871b25a0cd4044b5c88051387
analysis_artifacts/canonical_run/folds/fold_00/inner/level1/C09/seed_42/inner_01/preprocessing/fit_indices.npy,4344,8ac9005adb8d90ffd1d4368c386c91eee4dcc0c93b199976f88d6a6d5989660e
analysis_artifacts/canonical_run/folds/fold_00/inner/level1/C09/seed_42/inner_01/preprocessing/preprocessing_manifest.json,839,e15ad3c998bf6072ed730de254960be37947e602cce9bb08c5ef78bc835891f1
analysis_artifacts/canonical_run/folds/fold_00/inner/level1/C09/seed_42/inner_01/preprocessing/selected_full_edge_indices.npy,39928,1d9d6a6f87197c44b86054aefa1dde4c46b99436f7e8f081152411f720e929f6
analysis_artifacts/canonical_run/folds/fold_00/inner/level1/C09/seed_42/inner_01/rung1_result.json,756,28a1d64da1c6bf07c0c91d80eb072102c120435d2d985e493c5c2c0310349b35
analysis_artifacts/canonical_run/folds/fold_00/inner/level1/C09/seed_42/inner_01/rung2_result.json,757,eebd44fb445296aa8cf211a27612fbc7433a770a4dd230dab9dd452c77228131
analysis_artifacts/canonical_run/folds/fold_00/inner/level1/C09/seed_42/inner_02/preprocessing/evaluation_indices.npy,2232,a9f26d11f76ac385a094a96e7ffc0881c478d99e8501942d520fcf93d11062e5
analysis_artifacts/canonical_run/folds/fold_00/inner/level1/C09/seed_42/inner_02/preprocessing/fit_indices.npy,4352,502b17dee02fa7a6a8872135c8f6e30701f05b4666845544be3f9ef9a757e9ae
analysis_artifacts/canonical_run/folds/fold_00/inner/level1/C09/seed_42/inner_02/preprocessing/preprocessing_manifest.json,839,255b644bf12345353f461c96c823130751508917deb9608616410d3ffcd6308d
analysis_artifacts/canonical_run/folds/fold_00/inner/level1/C09/seed_42/inner_02/preprocessing/selected_full_edge_indices.npy,39928,e5ec1ba696838e73acf95a0e29eafe042df7785fbcef15c1ce25107ebb81e64f
analysis_artifacts/canonical_run/folds/fold_00/inner/level1/C09/seed_42/inner_02/rung1_result.json,755,25bf4d78a18bb4b2432d9608f5ed64a01a703cc07216973837e6c4a619f291e3
analysis_artifacts/canonical_run/folds/fold_00/inner/level1/C09/seed_42/inner_02/rung2_result.json,756,29ed18358fa0d15582e4e6860798412b246391db217c12336fcbcd0679b3f69f
analysis_artifacts/canonical_run/folds/fold_00/inner/level1/C10/seed_42/inner_00/preprocessing/evaluation_indices.npy,2240,f2c4f38a1af2fa31ca4468436dffb9d1f33a7b930a4df5b00b7eeca4b155e7b5
analysis_artifacts/canonical_run/folds/fold_00/inner/level1/C10/seed_42/inner_00/preprocessing/fit_indices.npy,4344,848abe816664ed77c9ea9e24327d956555e5587a7d197a6413a9b0383f34ec5f
analysis_artifacts/canonical_run/folds/fold_00/inner/level1/C10/seed_42/inner_00/preprocessing/preprocessing_manifest.json,839,719f9639f03f091746e7150f64914e9e4ba6e49408bc5bd7814c02d7ba35fc11
analysis_artifacts/canonical_run/folds/fold_00/inner/level1/C10/seed_42/inner_00/preprocessing/selected_full_edge_indices.npy,39928,8999f833fa0408a4b9713a20d741e666ffc6afc8ebc74a082a7cf9d4525b09a7
analysis_artifacts/canonical_run/folds/fold_00/inner/level1/C10/seed_42/inner_00/rung1_result.json,755,46e89a6c68baae8380fa3e73be12f72e6138c3499c5e74b9dd06e96af30adfd1
analysis_artifacts/canonical_run/folds/fold_00/inner/level1/C10/seed_42/inner_01/preprocessing/evaluation_indices.npy,2240,237f6a1cdd471626d57a8bd808cf2020855eceb871b25a0cd4044b5c88051387
analysis_artifacts/canonical_run/folds/fold_00/inner/level1/C10/seed_42/inner_01/preprocessing/fit_indices.npy,4344,8ac9005adb8d90ffd1d4368c386c91eee4dcc0c93b199976f88d6a6d5989660e
analysis_artifacts/canonical_run/folds/fold_00/inner/level1/C10/seed_42/inner_01/preprocessing/preprocessing_manifest.json,839,baf4f0c92e4f17cf2ead6898c45bad07a397f3d7030d67f561a2df587c37d6a4
analysis_artifacts/canonical_run/folds/fold_00/inner/level1/C10/seed_42/inner_01/preprocessing/selected_full_edge_indices.npy,39928,1d9d6a6f87197c44b86054aefa1dde4c46b99436f7e8f081152411f720e929f6
analysis_artifacts/canonical_run/folds/fold_00/inner/level1/C10/seed_42/inner_01/rung1_result.json,755,55078150fa58ff1987f9ee02229dd3790d3e7b83e6b0bcc73bc181e02d6c69f9
analysis_artifacts/canonical_run/folds/fold_00/inner/level1/C10/seed_42/inner_02/preprocessing/evaluation_indices.npy,2232,a9f26d11f76ac385a094a96e7ffc0881c478d99e8501942d520fcf93d11062e5
analysis_artifacts/canonical_run/folds/fold_00/inner/level1/C10/seed_42/inner_02/preprocessing/fit_indices.npy,4352,502b17dee02fa7a6a8872135c8f6e30701f05b4666845544be3f9ef9a757e9ae
analysis_artifacts/canonical_run/folds/fold_00/inner/level1/C10/seed_42/inner_02/preprocessing/preprocessing_manifest.json,839,a63c9625198403dd1f6eb5572c34181a16ee1f0cde9d2419ef642c04afaf06d9
analysis_artifacts/canonical_run/folds/fold_00/inner/level1/C10/seed_42/inner_02/preprocessing/selected_full_edge_indices.npy,39928,e5ec1ba696838e73acf95a0e29eafe042df7785fbcef15c1ce25107ebb81e64f
analysis_artifacts/canonical_run/folds/fold_00/inner/level1/C10/seed_42/inner_02/rung1_result.json,756,c314bf69c32317e99ce7e52476ab1e27d23b0acc4f1b43a26fe00db665f92605
analysis_artifacts/canonical_run/folds/fold_00/inner/level1/C11/seed_42/inner_00/preprocessing/evaluation_indices.npy,2240,f2c4f38a1af2fa31ca4468436dffb9d1f33a7b930a4df5b00b7eeca4b155e7b5
analysis_artifacts/canonical_run/folds/fold_00/inner/level1/C11/seed_42/inner_00/preprocessing/fit_indices.npy,4344,848abe816664ed77c9ea9e24327d956555e5587a7d197a6413a9b0383f34ec5f
analysis_artifacts/canonical_run/folds/fold_00/inner/level1/C11/seed_42/inner_00/preprocessing/preprocessing_manifest.json,839,81dd37fa685d5e37a11480bf74f6ca23c6cb237780564f79fa0915e6bd3c7abf
analysis_artifacts/canonical_run/folds/fold_00/inner/level1/C11/seed_42/inner_00/preprocessing/selected_full_edge_indices.npy,39928,8999f833fa0408a4b9713a20d741e666ffc6afc8ebc74a082a7cf9d4525b09a7
analysis_artifacts/canonical_run/folds/fold_00/inner/level1/C11/seed_42/inner_00/rung1_result.json,756,ce0115173bb2f5c5c8c53d199da72635f1b9be1569bb62e48e9e0fee53f62309
analysis_artifacts/canonical_run/folds/fold_00/inner/level1/C11/seed_42/inner_00/rung2_result.json,757,edb2b4cab52d4b39104a9802851e112a2294b839e2c2b40a1b6e01b8811d126d
analysis_artifacts/canonical_run/folds/fold_00/inner/level1/C11/seed_42/inner_01/preprocessing/evaluation_indices.npy,2240,237f6a1cdd471626d57a8bd808cf2020855eceb871b25a0cd4044b5c88051387
analysis_artifacts/canonical_run/folds/fold_00/inner/level1/C11/seed_42/inner_01/preprocessing/fit_indices.npy,4344,8ac9005adb8d90ffd1d4368c386c91eee4dcc0c93b199976f88d6a6d5989660e
analysis_artifacts/canonical_run/folds/fold_00/inner/level1/C11/seed_42/inner_01/preprocessing/preprocessing_manifest.json,839,5bede2fcacc8a00f13e3574dab1d8946d7f7d9db6d9eefe6e054123156d52c55
analysis_artifacts/canonical_run/folds/fold_00/inner/level1/C11/seed_42/inner_01/preprocessing/selected_full_edge_indices.npy,39928,1d9d6a6f87197c44b86054aefa1dde4c46b99436f7e8f081152411f720e929f6
analysis_artifacts/canonical_run/folds/fold_00/inner/level1/C11/seed_42/inner_01/rung1_result.json,756,0a03050d0d81a8819c7d798612b07ac8259e681de8dd9e3145f003691acea542
analysis_artifacts/canonical_run/folds/fold_00/inner/level1/C11/seed_42/inner_01/rung2_result.json,757,263e4c3ac5e17f2409863d08a26830f4af61750447d216102f77d23cee86a006
analysis_artifacts/canonical_run/folds/fold_00/inner/level1/C11/seed_42/inner_02/preprocessing/evaluation_indices.npy,2232,a9f26d11f76ac385a094a96e7ffc0881c478d99e8501942d520fcf93d11062e5
analysis_artifacts/canonical_run/folds/fold_00/inner/level1/C11/seed_42/inner_02/preprocessing/fit_indices.npy,4352,502b17dee02fa7a6a8872135c8f6e30701f05b4666845544be3f9ef9a757e9ae
analysis_artifacts/canonical_run/folds/fold_00/inner/level1/C11/seed_42/inner_02/preprocessing/preprocessing_manifest.json,839,4481e7d4df60801f5c18eb46306e7cc14bb896cebd52a1c5c6acdc612f782423
analysis_artifacts/canonical_run/folds/fold_00/inner/level1/C11/seed_42/inner_02/preprocessing/selected_full_edge_indices.npy,39928,e5ec1ba696838e73acf95a0e29eafe042df7785fbcef15c1ce25107ebb81e64f
analysis_artifacts/canonical_run/folds/fold_00/inner/level1/C11/seed_42/inner_02/rung1_result.json,756,b5b3cf7f53bd9f95ca4db109b30bd708cba201f581c58bbb79f7f043e661c701
analysis_artifacts/canonical_run/folds/fold_00/inner/level1/C11/seed_42/inner_02/rung2_result.json,757,ae76e3ccfc727c5b80a134ddbce1df6752a693d42103f6ed58080c312a11a846
analysis_artifacts/canonical_run/folds/fold_00/inner/level1/C12/seed_42/inner_00/preprocessing/evaluation_indices.npy,2240,f2c4f38a1af2fa31ca4468436dffb9d1f33a7b930a4df5b00b7eeca4b155e7b5
analysis_artifacts/canonical_run/folds/fold_00/inner/level1/C12/seed_42/inner_00/preprocessing/fit_indices.npy,4344,848abe816664ed77c9ea9e24327d956555e5587a7d197a6413a9b0383f34ec5f
analysis_artifacts/canonical_run/folds/fold_00/inner/level1/C12/seed_42/inner_00/preprocessing/preprocessing_manifest.json,839,f8980352b88db836ba20428c06d02c5de189a920e44af0eff39d676cbb62401a
analysis_artifacts/canonical_run/folds/fold_00/inner/level1/C12/seed_42/inner_00/preprocessing/selected_full_edge_indices.npy,39928,8999f833fa0408a4b9713a20d741e666ffc6afc8ebc74a082a7cf9d4525b09a7
analysis_artifacts/canonical_run/folds/fold_00/inner/level1/C12/seed_42/inner_00/rung1_result.json,756,02ffb325919173912b2fd0627d50c710c084989174b088aa6fc25fd210932b74
analysis_artifacts/canonical_run/folds/fold_00/inner/level1/C12/seed_42/inner_00/rung2_result.json,757,0686769137834521def6d57af54bb6337c27d2561a3e1098f4fd31f9264ce3bd
analysis_artifacts/canonical_run/folds/fold_00/inner/level1/C12/seed_42/inner_01/preprocessing/evaluation_indices.npy,2240,237f6a1cdd471626d57a8bd808cf2020855eceb871b25a0cd4044b5c88051387
analysis_artifacts/canonical_run/folds/fold_00/inner/level1/C12/seed_42/inner_01/preprocessing/fit_indices.npy,4344,8ac9005adb8d90ffd1d4368c386c91eee4dcc0c93b199976f88d6a6d5989660e
analysis_artifacts/canonical_run/folds/fold_00/inner/level1/C12/seed_42/inner_01/preprocessing/preprocessing_manifest.json,839,714c7c6de1715f156d98e87212939e68a5793c918595130d2cdaa0ef70a5d1e1
analysis_artifacts/canonical_run/folds/fold_00/inner/level1/C12/seed_42/inner_01/preprocessing/selected_full_edge_indices.npy,39928,1d9d6a6f87197c44b86054aefa1dde4c46b99436f7e8f081152411f720e929f6
analysis_artifacts/canonical_run/folds/fold_00/inner/level1/C12/seed_42/inner_01/rung1_result.json,755,f5a85cf4d960b1139c3c1299248d0daa592f9c478676f3ad4a5f862417ec461f
analysis_artifacts/canonical_run/folds/fold_00/inner/level1/C12/seed_42/inner_01/rung2_result.json,756,a1b430e6c745375f6d965581cbb96f9c3f35d77d33ea87c661ea53129115cf5f
analysis_artifacts/canonical_run/folds/fold_00/inner/level1/C12/seed_42/inner_02/preprocessing/evaluation_indices.npy,2232,a9f26d11f76ac385a094a96e7ffc0881c478d99e8501942d520fcf93d11062e5
analysis_artifacts/canonical_run/folds/fold_00/inner/level1/C12/seed_42/inner_02/preprocessing/fit_indices.npy,4352,502b17dee02fa7a6a8872135c8f6e30701f05b4666845544be3f9ef9a757e9ae
analysis_artifacts/canonical_run/folds/fold_00/inner/level1/C12/seed_42/inner_02/preprocessing/preprocessing_manifest.json,839,ed60651e4925af6ab683212b6b562a22cad8fad52b2be04ed3673c7eb1319d12
analysis_artifacts/canonical_run/folds/fold_00/inner/level1/C12/seed_42/inner_02/preprocessing/selected_full_edge_indices.npy,39928,e5ec1ba696838e73acf95a0e29eafe042df7785fbcef15c1ce25107ebb81e64f
analysis_artifacts/canonical_run/folds/fold_00/inner/level1/C12/seed_42/inner_02/rung1_result.json,755,fb6e936c546b9b8ac0a143db4a06404a2c998409efcbafcad94036d8e232c969
analysis_artifacts/canonical_run/folds/fold_00/inner/level1/C12/seed_42/inner_02/rung2_result.json,756,914068e90c4e4f56d7e8629c175961629608c910cfe0ff647ad54aebb189524b
analysis_artifacts/canonical_run/folds/fold_00/inner/level1_final_selection.json,1104,73b5b8b971a8bf39cadbf3f986516efe887ee73405828e3955797389fd6b6357
analysis_artifacts/canonical_run/folds/fold_00/inner/level1_rung1_selection.json,2076,e0968ae99dc9056c26aaa8dae286c613a1558c3a6d9a2549a5bc04a8b4e120fa
analysis_artifacts/canonical_run/folds/fold_00/inner/level2/C09/seed_42/inner_00/preprocessing/evaluation_indices.npy,2240,f2c4f38a1af2fa31ca4468436dffb9d1f33a7b930a4df5b00b7eeca4b155e7b5
analysis_artifacts/canonical_run/folds/fold_00/inner/level2/C09/seed_42/inner_00/preprocessing/fit_indices.npy,4344,848abe816664ed77c9ea9e24327d956555e5587a7d197a6413a9b0383f34ec5f
analysis_artifacts/canonical_run/folds/fold_00/inner/level2/C09/seed_42/inner_00/preprocessing/preprocessing_manifest.json,839,f985a8c561d798d73bd323b16527c93694226fae579a42e33239871b0b00ef73
analysis_artifacts/canonical_run/folds/fold_00/inner/level2/C09/seed_42/inner_00/preprocessing/selected_full_edge_indices.npy,39928,8999f833fa0408a4b9713a20d741e666ffc6afc8ebc74a082a7cf9d4525b09a7
analysis_artifacts/canonical_run/folds/fold_00/inner/level2/C09/seed_42/inner_00/result.json,758,30f8058547ca3bc7bc6e2a5c8e9d1e5d418489a14ca33689a3201ee20a8ce48f
analysis_artifacts/canonical_run/folds/fold_00/inner/level2/C09/seed_42/inner_01/preprocessing/evaluation_indices.npy,2240,237f6a1cdd471626d57a8bd808cf2020855eceb871b25a0cd4044b5c88051387
analysis_artifacts/canonical_run/folds/fold_00/inner/level2/C09/seed_42/inner_01/preprocessing/fit_indices.npy,4344,8ac9005adb8d90ffd1d4368c386c91eee4dcc0c93b199976f88d6a6d5989660e
analysis_artifacts/canonical_run/folds/fold_00/inner/level2/C09/seed_42/inner_01/preprocessing/preprocessing_manifest.json,839,665f182bb6b20d628a9e9897a861de3fa802d170a12940d0a583017896558d8e
analysis_artifacts/canonical_run/folds/fold_00/inner/level2/C09/seed_42/inner_01/preprocessing/selected_full_edge_indices.npy,39928,1d9d6a6f87197c44b86054aefa1dde4c46b99436f7e8f081152411f720e929f6
analysis_artifacts/canonical_run/folds/fold_00/inner/level2/C09/seed_42/inner_01/result.json,757,dc1a4aeaaaace43082bbe8000aa05364e68eff0a537c19e1fafa9748567d2716
analysis_artifacts/canonical_run/folds/fold_00/inner/level2/C09/seed_42/inner_02/preprocessing/evaluation_indices.npy,2232,a9f26d11f76ac385a094a96e7ffc0881c478d99e8501942d520fcf93d11062e5
analysis_artifacts/canonical_run/folds/fold_00/inner/level2/C09/seed_42/inner_02/preprocessing/fit_indices.npy,4352,502b17dee02fa7a6a8872135c8f6e30701f05b4666845544be3f9ef9a757e9ae
analysis_artifacts/canonical_run/folds/fold_00/inner/level2/C09/seed_42/inner_02/preprocessing/preprocessing_manifest.json,839,891a06840767f55336fc44eca41a8b6f16f7d027ef89d7e2dfbee9130edfaeda
analysis_artifacts/canonical_run/folds/fold_00/inner/level2/C09/seed_42/inner_02/preprocessing/selected_full_edge_indices.npy,39928,e5ec1ba696838e73acf95a0e29eafe042df7785fbcef15c1ce25107ebb81e64f
analysis_artifacts/canonical_run/folds/fold_00/inner/level2/C09/seed_42/inner_02/result.json,756,8f8285ac1a3df69690685a67de326dead1c49391cb16180d290094a452d2fb77
analysis_artifacts/canonical_run/folds/fold_00/inner/level2/C09/seed_42/inner_oof_evaluation.json,626,cc0779c1868bb222cc5c53d9b4003ff4a48c1639d30166af9e75c7749c23146d
analysis_artifacts/canonical_run/folds/fold_00/inner/level2/C09/seed_43/inner_00/preprocessing/evaluation_indices.npy,2240,f2c4f38a1af2fa31ca4468436dffb9d1f33a7b930a4df5b00b7eeca4b155e7b5
analysis_artifacts/canonical_run/folds/fold_00/inner/level2/C09/seed_43/inner_00/preprocessing/fit_indices.npy,4344,848abe816664ed77c9ea9e24327d956555e5587a7d197a6413a9b0383f34ec5f
analysis_artifacts/canonical_run/folds/fold_00/inner/level2/C09/seed_43/inner_00/preprocessing/preprocessing_manifest.json,839,a5d3cd18ea4c0717fc911f0e3f0eae4bfe19e6e617a608b0301166810eafde9e
analysis_artifacts/canonical_run/folds/fold_00/inner/level2/C09/seed_43/inner_00/preprocessing/selected_full_edge_indices.npy,39928,8999f833fa0408a4b9713a20d741e666ffc6afc8ebc74a082a7cf9d4525b09a7
analysis_artifacts/canonical_run/folds/fold_00/inner/level2/C09/seed_43/inner_00/result.json,757,54fcada0349857cf8b65263880c51f1d004c4d6b687152eb44d9d1e46ea748f3
analysis_artifacts/canonical_run/folds/fold_00/inner/level2/C09/seed_43/inner_01/preprocessing/evaluation_indices.npy,2240,237f6a1cdd471626d57a8bd808cf2020855eceb871b25a0cd4044b5c88051387
analysis_artifacts/canonical_run/folds/fold_00/inner/level2/C09/seed_43/inner_01/preprocessing/fit_indices.npy,4344,8ac9005adb8d90ffd1d4368c386c91eee4dcc0c93b199976f88d6a6d5989660e
analysis_artifacts/canonical_run/folds/fold_00/inner/level2/C09/seed_43/inner_01/preprocessing/preprocessing_manifest.json,839,6430bf35e0e6cc6308451824a1ffde62d8bea6eb359c902a39d31d20b66f773c
analysis_artifacts/canonical_run/folds/fold_00/inner/level2/C09/seed_43/inner_01/preprocessing/selected_full_edge_indices.npy,39928,1d9d6a6f87197c44b86054aefa1dde4c46b99436f7e8f081152411f720e929f6
analysis_artifacts/canonical_run/folds/fold_00/inner/level2/C09/seed_43/inner_01/result.json,756,8ec1562b5c9d6d5a9a0c703f65ec86405a76c128a0576d9c2e92e541afecafe7
analysis_artifacts/canonical_run/folds/fold_00/inner/level2/C09/seed_43/inner_02/preprocessing/evaluation_indices.npy,2232,a9f26d11f76ac385a094a96e7ffc0881c478d99e8501942d520fcf93d11062e5
analysis_artifacts/canonical_run/folds/fold_00/inner/level2/C09/seed_43/inner_02/preprocessing/fit_indices.npy,4352,502b17dee02fa7a6a8872135c8f6e30701f05b4666845544be3f9ef9a757e9ae
analysis_artifacts/canonical_run/folds/fold_00/inner/level2/C09/seed_43/inner_02/preprocessing/preprocessing_manifest.json,839,669bce728dd907bd6cb8265c6df4d7ffdb05db3edf2d40fb985261a2e555f934
analysis_artifacts/canonical_run/folds/fold_00/inner/level2/C09/seed_43/inner_02/preprocessing/selected_full_edge_indices.npy,39928,e5ec1ba696838e73acf95a0e29eafe042df7785fbcef15c1ce25107ebb81e64f
analysis_artifacts/canonical_run/folds/fold_00/inner/level2/C09/seed_43/inner_02/result.json,758,12344ac6012edb8213288665415625b14dfbb3128893717aa7d90d6170726358
analysis_artifacts/canonical_run/folds/fold_00/inner/level2/C09/seed_43/inner_oof_evaluation.json,626,2114d2bae0fae471e4795d17dd1b7bd646e655730c79945f250c85a9321c7cd2
analysis_artifacts/canonical_run/folds/fold_00/inner/level2/C09/seed_44/inner_00/preprocessing/evaluation_indices.npy,2240,f2c4f38a1af2fa31ca4468436dffb9d1f33a7b930a4df5b00b7eeca4b155e7b5
analysis_artifacts/canonical_run/folds/fold_00/inner/level2/C09/seed_44/inner_00/preprocessing/fit_indices.npy,4344,848abe816664ed77c9ea9e24327d956555e5587a7d197a6413a9b0383f34ec5f
analysis_artifacts/canonical_run/folds/fold_00/inner/level2/C09/seed_44/inner_00/preprocessing/preprocessing_manifest.json,839,65b4f85d34caae51d0c614d64f5838321fe3e48ff168014525738a2714df48c9
analysis_artifacts/canonical_run/folds/fold_00/inner/level2/C09/seed_44/inner_00/preprocessing/selected_full_edge_indices.npy,39928,8999f833fa0408a4b9713a20d741e666ffc6afc8ebc74a082a7cf9d4525b09a7
analysis_artifacts/canonical_run/folds/fold_00/inner/level2/C09/seed_44/inner_00/result.json,758,559c9d7772cf75e45f5ad926763ca1f1b3bb54c721a729e34e8be884d21113ee
analysis_artifacts/canonical_run/folds/fold_00/inner/level2/C09/seed_44/inner_01/preprocessing/evaluation_indices.npy,2240,237f6a1cdd471626d57a8bd808cf2020855eceb871b25a0cd4044b5c88051387
analysis_artifacts/canonical_run/folds/fold_00/inner/level2/C09/seed_44/inner_01/preprocessing/fit_indices.npy,4344,8ac9005adb8d90ffd1d4368c386c91eee4dcc0c93b199976f88d6a6d5989660e
analysis_artifacts/canonical_run/folds/fold_00/inner/level2/C09/seed_44/inner_01/preprocessing/preprocessing_manifest.json,839,d425aaadb8c214fd1e8af20e996bbdd18e4ed6898393e3a647736c0503b5b337
analysis_artifacts/canonical_run/folds/fold_00/inner/level2/C09/seed_44/inner_01/preprocessing/selected_full_edge_indices.npy,39928,1d9d6a6f87197c44b86054aefa1dde4c46b99436f7e8f081152411f720e929f6
analysis_artifacts/canonical_run/folds/fold_00/inner/level2/C09/seed_44/inner_01/result.json,757,83848e35eb8a991e06723974520e4804e76735a5a2f22e59ab841eb1ceeafd7f
analysis_artifacts/canonical_run/folds/fold_00/inner/level2/C09/seed_44/inner_02/preprocessing/evaluation_indices.npy,2232,a9f26d11f76ac385a094a96e7ffc0881c478d99e8501942d520fcf93d11062e5
analysis_artifacts/canonical_run/folds/fold_00/inner/level2/C09/seed_44/inner_02/preprocessing/fit_indices.npy,4352,502b17dee02fa7a6a8872135c8f6e30701f05b4666845544be3f9ef9a757e9ae
analysis_artifacts/canonical_run/folds/fold_00/inner/level2/C09/seed_44/inner_02/preprocessing/preprocessing_manifest.json,839,33ee82c8047e15200bc3d30284dee5bb623faf13ac227ad0bd6d6122ca16a974
analysis_artifacts/canonical_run/folds/fold_00/inner/level2/C09/seed_44/inner_02/preprocessing/selected_full_edge_indices.npy,39928,e5ec1ba696838e73acf95a0e29eafe042df7785fbcef15c1ce25107ebb81e64f
analysis_artifacts/canonical_run/folds/fold_00/inner/level2/C09/seed_44/inner_02/result.json,756,fbe92b8abe9419637f8fc0198e54f6b3c67ecf223627a3d4c3710de14699a38d
analysis_artifacts/canonical_run/folds/fold_00/inner/level2/C09/seed_44/inner_oof_evaluation.json,625,f4a13e00f3880052256394b6537a1e5eb6d707f79326c4b8664dec36c2c588ea
analysis_artifacts/canonical_run/folds/fold_00/inner/level2/C12/seed_42/inner_00/preprocessing/evaluation_indices.npy,2240,f2c4f38a1af2fa31ca4468436dffb9d1f33a7b930a4df5b00b7eeca4b155e7b5
analysis_artifacts/canonical_run/folds/fold_00/inner/level2/C12/seed_42/inner_00/preprocessing/fit_indices.npy,4344,848abe816664ed77c9ea9e24327d956555e5587a7d197a6413a9b0383f34ec5f
analysis_artifacts/canonical_run/folds/fold_00/inner/level2/C12/seed_42/inner_00/preprocessing/preprocessing_manifest.json,839,3f57f69f15cdb7600c1952fb100bef182f838728f766fe41c52497ccf16ad4e2
analysis_artifacts/canonical_run/folds/fold_00/inner/level2/C12/seed_42/inner_00/preprocessing/selected_full_edge_indices.npy,39928,8999f833fa0408a4b9713a20d741e666ffc6afc8ebc74a082a7cf9d4525b09a7
analysis_artifacts/canonical_run/folds/fold_00/inner/level2/C12/seed_42/inner_00/result.json,757,30a85e337b1d4815853a45478f85b0444bc1cfb3a0eff70bf8bb954f24266ce3
analysis_artifacts/canonical_run/folds/fold_00/inner/level2/C12/seed_42/inner_01/preprocessing/evaluation_indices.npy,2240,237f6a1cdd471626d57a8bd808cf2020855eceb871b25a0cd4044b5c88051387
analysis_artifacts/canonical_run/folds/fold_00/inner/level2/C12/seed_42/inner_01/preprocessing/fit_indices.npy,4344,8ac9005adb8d90ffd1d4368c386c91eee4dcc0c93b199976f88d6a6d5989660e
analysis_artifacts/canonical_run/folds/fold_00/inner/level2/C12/seed_42/inner_01/preprocessing/preprocessing_manifest.json,839,c3ea639f26a71263807602aaef1fbd602b6599ff979e5f76c0918c2610c17a1f
analysis_artifacts/canonical_run/folds/fold_00/inner/level2/C12/seed_42/inner_01/preprocessing/selected_full_edge_indices.npy,39928,1d9d6a6f87197c44b86054aefa1dde4c46b99436f7e8f081152411f720e929f6
analysis_artifacts/canonical_run/folds/fold_00/inner/level2/C12/seed_42/inner_01/result.json,756,2cfceb7fb3b2917d183f61903623dcdb5f83858b2b7223eef3de5b4d0486bc57
analysis_artifacts/canonical_run/folds/fold_00/inner/level2/C12/seed_42/inner_02/preprocessing/evaluation_indices.npy,2232,a9f26d11f76ac385a094a96e7ffc0881c478d99e8501942d520fcf93d11062e5
analysis_artifacts/canonical_run/folds/fold_00/inner/level2/C12/seed_42/inner_02/preprocessing/fit_indices.npy,4352,502b17dee02fa7a6a8872135c8f6e30701f05b4666845544be3f9ef9a757e9ae
analysis_artifacts/canonical_run/folds/fold_00/inner/level2/C12/seed_42/inner_02/preprocessing/preprocessing_manifest.json,839,a7ea56a04b0bfe8e40ed1df409be3beaadd5e70fd63f4fb9040558c25beb66d6
analysis_artifacts/canonical_run/folds/fold_00/inner/level2/C12/seed_42/inner_02/preprocessing/selected_full_edge_indices.npy,39928,e5ec1ba696838e73acf95a0e29eafe042df7785fbcef15c1ce25107ebb81e64f
analysis_artifacts/canonical_run/folds/fold_00/inner/level2/C12/seed_42/inner_02/result.json,756,babc766239529fbaebf38686056b756b55c6230e09b7f048a419fb3aa1cd0a2d
analysis_artifacts/canonical_run/folds/fold_00/inner/level2/C12/seed_42/inner_oof_evaluation.json,623,950bc784ba0db6b5d6770bd6d35b263fd00c8dc7b1573b4f588d576d525d0590
analysis_artifacts/canonical_run/folds/fold_00/inner/level2/C12/seed_43/inner_00/preprocessing/evaluation_indices.npy,2240,f2c4f38a1af2fa31ca4468436dffb9d1f33a7b930a4df5b00b7eeca4b155e7b5
analysis_artifacts/canonical_run/folds/fold_00/inner/level2/C12/seed_43/inner_00/preprocessing/fit_indices.npy,4344,848abe816664ed77c9ea9e24327d956555e5587a7d197a6413a9b0383f34ec5f
analysis_artifacts/canonical_run/folds/fold_00/inner/level2/C12/seed_43/inner_00/preprocessing/preprocessing_manifest.json,839,2b81f371eed658c680315a850622fc7e260c58dc86305a60be0a75b7381ce9df
analysis_artifacts/canonical_run/folds/fold_00/inner/level2/C12/seed_43/inner_00/preprocessing/selected_full_edge_indices.npy,39928,8999f833fa0408a4b9713a20d741e666ffc6afc8ebc74a082a7cf9d4525b09a7
analysis_artifacts/canonical_run/folds/fold_00/inner/level2/C12/seed_43/inner_00/result.json,757,e3c0f2a9e1fa155aaf6dfa3e335871669815767116859c0e9f5e7b9e59312fa5
analysis_artifacts/canonical_run/folds/fold_00/inner/level2/C12/seed_43/inner_01/preprocessing/evaluation_indices.npy,2240,237f6a1cdd471626d57a8bd808cf2020855eceb871b25a0cd4044b5c88051387
analysis_artifacts/canonical_run/folds/fold_00/inner/level2/C12/seed_43/inner_01/preprocessing/fit_indices.npy,4344,8ac9005adb8d90ffd1d4368c386c91eee4dcc0c93b199976f88d6a6d5989660e
analysis_artifacts/canonical_run/folds/fold_00/inner/level2/C12/seed_43/inner_01/preprocessing/preprocessing_manifest.json,839,ec71eefe192794b7ee4d4035b7a48c596bebdbfe09aa621a5b4a20b2761bedc6
analysis_artifacts/canonical_run/folds/fold_00/inner/level2/C12/seed_43/inner_01/preprocessing/selected_full_edge_indices.npy,39928,1d9d6a6f87197c44b86054aefa1dde4c46b99436f7e8f081152411f720e929f6
analysis_artifacts/canonical_run/folds/fold_00/inner/level2/C12/seed_43/inner_01/result.json,755,8f884b870dfbfdc79af3fb7850d84e5bc51a607a5676d824ddfe5a073567ae10
analysis_artifacts/canonical_run/folds/fold_00/inner/level2/C12/seed_43/inner_02/preprocessing/evaluation_indices.npy,2232,a9f26d11f76ac385a094a96e7ffc0881c478d99e8501942d520fcf93d11062e5
analysis_artifacts/canonical_run/folds/fold_00/inner/level2/C12/seed_43/inner_02/preprocessing/fit_indices.npy,4352,502b17dee02fa7a6a8872135c8f6e30701f05b4666845544be3f9ef9a757e9ae
analysis_artifacts/canonical_run/folds/fold_00/inner/level2/C12/seed_43/inner_02/preprocessing/preprocessing_manifest.json,839,363fcf79ba85ba52877289455026f1186a2a93b56100cea71f104b15608354c8
analysis_artifacts/canonical_run/folds/fold_00/inner/level2/C12/seed_43/inner_02/preprocessing/selected_full_edge_indices.npy,39928,e5ec1ba696838e73acf95a0e29eafe042df7785fbcef15c1ce25107ebb81e64f
analysis_artifacts/canonical_run/folds/fold_00/inner/level2/C12/seed_43/inner_02/result.json,758,60b8782d9e13c2dbd1f7de72dcea4a3c67a6706007e31d7a04ee39d61e19a133
analysis_artifacts/canonical_run/folds/fold_00/inner/level2/C12/seed_43/inner_oof_evaluation.json,625,5ca16080daec9109294fabfadabdfbcd038c9293837c9642a4f319e10127acbf
analysis_artifacts/canonical_run/folds/fold_00/inner/level2/C12/seed_44/inner_00/preprocessing/evaluation_indices.npy,2240,f2c4f38a1af2fa31ca4468436dffb9d1f33a7b930a4df5b00b7eeca4b155e7b5
analysis_artifacts/canonical_run/folds/fold_00/inner/level2/C12/seed_44/inner_00/preprocessing/fit_indices.npy,4344,848abe816664ed77c9ea9e24327d956555e5587a7d197a6413a9b0383f34ec5f
analysis_artifacts/canonical_run/folds/fold_00/inner/level2/C12/seed_44/inner_00/preprocessing/preprocessing_manifest.json,839,48db6802df09659518d452890295327c16438908a3091383db2a473d0df793c2
analysis_artifacts/canonical_run/folds/fold_00/inner/level2/C12/seed_44/inner_00/preprocessing/selected_full_edge_indices.npy,39928,8999f833fa0408a4b9713a20d741e666ffc6afc8ebc74a082a7cf9d4525b09a7
analysis_artifacts/canonical_run/folds/fold_00/inner/level2/C12/seed_44/inner_00/result.json,758,2b1818f43b0cefb9cec876c1e1581344af888a1fe7cfc9899534d8346d0610e9
analysis_artifacts/canonical_run/folds/fold_00/inner/level2/C12/seed_44/inner_01/preprocessing/evaluation_indices.npy,2240,237f6a1cdd471626d57a8bd808cf2020855eceb871b25a0cd4044b5c88051387
analysis_artifacts/canonical_run/folds/fold_00/inner/level2/C12/seed_44/inner_01/preprocessing/fit_indices.npy,4344,8ac9005adb8d90ffd1d4368c386c91eee4dcc0c93b199976f88d6a6d5989660e
analysis_artifacts/canonical_run/folds/fold_00/inner/level2/C12/seed_44/inner_01/preprocessing/preprocessing_manifest.json,839,2b509f184d772e5b28b8e3bba60dece9ecb166ea606df5fefd0b021f7537f3cc
analysis_artifacts/canonical_run/folds/fold_00/inner/level2/C12/seed_44/inner_01/preprocessing/selected_full_edge_indices.npy,39928,1d9d6a6f87197c44b86054aefa1dde4c46b99436f7e8f081152411f720e929f6
analysis_artifacts/canonical_run/folds/fold_00/inner/level2/C12/seed_44/inner_01/result.json,756,d79844c6fd9e58444f0dbf566533557ed2e67361506e41e61f3134fd4a3d48c9
analysis_artifacts/canonical_run/folds/fold_00/inner/level2/C12/seed_44/inner_02/preprocessing/evaluation_indices.npy,2232,a9f26d11f76ac385a094a96e7ffc0881c478d99e8501942d520fcf93d11062e5
analysis_artifacts/canonical_run/folds/fold_00/inner/level2/C12/seed_44/inner_02/preprocessing/fit_indices.npy,4352,502b17dee02fa7a6a8872135c8f6e30701f05b4666845544be3f9ef9a757e9ae
analysis_artifacts/canonical_run/folds/fold_00/inner/level2/C12/seed_44/inner_02/preprocessing/preprocessing_manifest.json,839,5e555db1bcc24b9f2af89ba770c0f74036549a2ab7b0464f1bd605fa32724f23
analysis_artifacts/canonical_run/folds/fold_00/inner/level2/C12/seed_44/inner_02/preprocessing/selected_full_edge_indices.npy,39928,e5ec1ba696838e73acf95a0e29eafe042df7785fbcef15c1ce25107ebb81e64f
analysis_artifacts/canonical_run/folds/fold_00/inner/level2/C12/seed_44/inner_02/result.json,756,3002ec725541534bccebe1d55ff69b3e929d39d52f49ed80df1dde3a08b8492d
analysis_artifacts/canonical_run/folds/fold_00/inner/level2/C12/seed_44/inner_oof_evaluation.json,625,86c10d9d4a4f0c7a8a5492a1547f715edff0fa7876d3a40482c4616dd3f47d78
analysis_artifacts/canonical_run/folds/fold_00/inner/level2_final_selection.json,5570,408838023ef8e22cb4da01fe7fa55a5b35f35e3d7202ccafa506783986b17f0c
analysis_artifacts/canonical_run/folds/fold_00/outer_final/seed_42/checkpoint_manifest.json,9794,73d90006a1a72490f4826f2cbd34457230542f8de09ab2dbe5fb0b86bb9a17d2
analysis_artifacts/canonical_run/folds/fold_00/outer_final/seed_42/fit_manifest.json,533,9aa7866c4777bb9e2b779a2983abb87ae0cdbca4d951cce11a1707527cdecb90
analysis_artifacts/canonical_run/folds/fold_00/outer_final/seed_42/model_checkpoint.pt,6888054,c6b82995af9e828ff6bdcf73a17a1da16df300e4de894f92fc56f2bc5a18257d
analysis_artifacts/canonical_run/folds/fold_00/outer_final/seed_42/preprocessing/evaluation_indices.npy,832,ee75223d4c7fc69f5b9007da203339b09193fb855c22b6a753ec5c5dbfad8a02
analysis_artifacts/canonical_run/folds/fold_00/outer_final/seed_42/preprocessing/fit_indices.npy,6456,45bb0e22fee8e167795f4932ff353aece27de335f5c22f011f17486429a38a9f
analysis_artifacts/canonical_run/folds/fold_00/outer_final/seed_42/preprocessing/preprocessing_manifest.json,835,c39c6ffb70b1861fe6e82c03342de77d44e6f88da11a5361258353605df00bc3
analysis_artifacts/canonical_run/folds/fold_00/outer_final/seed_42/preprocessing/selected_full_edge_indices.npy,39928,41ed03338008d1f627d64aeb4910d038bf6ed8cff1d4ba8b5573c3cea52b4861
analysis_artifacts/canonical_run/folds/fold_00/outer_final/seed_42/preprocessing_state.npz,285720,5bc19ade73979377b77326da3c4476754734249a7664f056af11ac19819659a4
analysis_artifacts/canonical_run/folds/fold_00/outer_final/seed_42/preprocessing_state_manifest.json,2617,adf5da9fb1a4b0e68cdf71f348b434b4994228c92fe96e64697a24b797092e9d
analysis_artifacts/canonical_run/folds/fold_00/outer_final/seed_42/reload_audit.json,3394,5a29405a4de251b9a6e4f7ab84a0c321eec25edbb0ba801657cc793690c586ec
analysis_artifacts/canonical_run/folds/fold_00/outer_final/seed_42/test_indices.npy,832,ee75223d4c7fc69f5b9007da203339b09193fb855c22b6a753ec5c5dbfad8a02
analysis_artifacts/canonical_run/folds/fold_00/outer_final/seed_42/test_outputs.npz,2370,797c8116940bc991e95bf3ed53d7706bf6b30879d2f897585df9defacada3540
analysis_artifacts/canonical_run/folds/fold_00/outer_final/seed_42/test_subject_ids.npy,832,8f9714bfa181f3b012f93dcc73edb4dde07e4b300d2b2e0c5182f39bdb6648c2
analysis_artifacts/canonical_run/folds/fold_00/outer_final/seed_42/train_indices.npy,6456,45bb0e22fee8e167795f4932ff353aece27de335f5c22f011f17486429a38a9f
analysis_artifacts/canonical_run/folds/fold_00/outer_final/seed_42/train_subject_ids.npy,6456,ff22eb9ca008eeb38a6fe1e480e0de5563c7e404325aa0d77862b2c9f57d5103
analysis_artifacts/canonical_run/folds/fold_00/outer_final/seed_43/checkpoint_manifest.json,9794,1c70325c3fc737d039e645039a36aaa4a974c6062a5bad15686e824f3625e0a5
analysis_artifacts/canonical_run/folds/fold_00/outer_final/seed_43/fit_manifest.json,533,b99f14708dc0162f1c18f704138754c1069137f3bd619f913e894c95ebc6fe82
analysis_artifacts/canonical_run/folds/fold_00/outer_final/seed_43/model_checkpoint.pt,6888054,1b82785b4cb27ade1ed8ff25690130802021acc701c66fe1824d196b70486309
analysis_artifacts/canonical_run/folds/fold_00/outer_final/seed_43/preprocessing/evaluation_indices.npy,832,ee75223d4c7fc69f5b9007da203339b09193fb855c22b6a753ec5c5dbfad8a02
analysis_artifacts/canonical_run/folds/fold_00/outer_final/seed_43/preprocessing/fit_indices.npy,6456,45bb0e22fee8e167795f4932ff353aece27de335f5c22f011f17486429a38a9f
analysis_artifacts/canonical_run/folds/fold_00/outer_final/seed_43/preprocessing/preprocessing_manifest.json,835,4df0d90c059569ced0fc7b6c51ee820b7965f95783a0c551a1a55bb3fdd9343b
analysis_artifacts/canonical_run/folds/fold_00/outer_final/seed_43/preprocessing/selected_full_edge_indices.npy,39928,41ed03338008d1f627d64aeb4910d038bf6ed8cff1d4ba8b5573c3cea52b4861
analysis_artifacts/canonical_run/folds/fold_00/outer_final/seed_43/preprocessing_state.npz,285720,5bc19ade73979377b77326da3c4476754734249a7664f056af11ac19819659a4
analysis_artifacts/canonical_run/folds/fold_00/outer_final/seed_43/preprocessing_state_manifest.json,2617,ce9333a5ca2e02405c28e880c11ab498b7c5e34e66059d766a6949b57272658e
analysis_artifacts/canonical_run/folds/fold_00/outer_final/seed_43/reload_audit.json,3394,bb355e11b2afdd29f3490b6c4e26c95880002d77df8996acba91852bb70c9654
analysis_artifacts/canonical_run/folds/fold_00/outer_final/seed_43/test_indices.npy,832,ee75223d4c7fc69f5b9007da203339b09193fb855c22b6a753ec5c5dbfad8a02
analysis_artifacts/canonical_run/folds/fold_00/outer_final/seed_43/test_outputs.npz,2399,9564663b89fa3a56da00253bde4b6b5bf41a292842a074c7155370ed38264188
analysis_artifacts/canonical_run/folds/fold_00/outer_final/seed_43/test_subject_ids.npy,832,8f9714bfa181f3b012f93dcc73edb4dde07e4b300d2b2e0c5182f39bdb6648c2
analysis_artifacts/canonical_run/folds/fold_00/outer_final/seed_43/train_indices.npy,6456,45bb0e22fee8e167795f4932ff353aece27de335f5c22f011f17486429a38a9f
analysis_artifacts/canonical_run/folds/fold_00/outer_final/seed_43/train_subject_ids.npy,6456,ff22eb9ca008eeb38a6fe1e480e0de5563c7e404325aa0d77862b2c9f57d5103
analysis_artifacts/canonical_run/folds/fold_00/outer_final/seed_44/checkpoint_manifest.json,9794,bcc6bf370eac0f544cfc6c589d5f99686bc4a290785ecc8cceee691895993f48
analysis_artifacts/canonical_run/folds/fold_00/outer_final/seed_44/fit_manifest.json,533,e967277edc6fafc92857bc97cf117a6a408ef535df1079605315a1baeb17ef5f
analysis_artifacts/canonical_run/folds/fold_00/outer_final/seed_44/model_checkpoint.pt,6888054,b9fa444085688702a2470868c86b3ea3d6927308f4244a07682f43de28d24159
analysis_artifacts/canonical_run/folds/fold_00/outer_final/seed_44/preprocessing/evaluation_indices.npy,832,ee75223d4c7fc69f5b9007da203339b09193fb855c22b6a753ec5c5dbfad8a02
analysis_artifacts/canonical_run/folds/fold_00/outer_final/seed_44/preprocessing/fit_indices.npy,6456,45bb0e22fee8e167795f4932ff353aece27de335f5c22f011f17486429a38a9f
analysis_artifacts/canonical_run/folds/fold_00/outer_final/seed_44/preprocessing/preprocessing_manifest.json,835,09fb1df3da2a8aaff14ffb3431d320e86697ddddd5adc1d2c410c7e59a3e522f
analysis_artifacts/canonical_run/folds/fold_00/outer_final/seed_44/preprocessing/selected_full_edge_indices.npy,39928,41ed03338008d1f627d64aeb4910d038bf6ed8cff1d4ba8b5573c3cea52b4861
analysis_artifacts/canonical_run/folds/fold_00/outer_final/seed_44/preprocessing_state.npz,285720,5bc19ade73979377b77326da3c4476754734249a7664f056af11ac19819659a4
analysis_artifacts/canonical_run/folds/fold_00/outer_final/seed_44/preprocessing_state_manifest.json,2617,038acf85fe9b9149a41c9add6643206b4ea6f4c6c2e8732a2cabe29aa37a1aaa
analysis_artifacts/canonical_run/folds/fold_00/outer_final/seed_44/reload_audit.json,3394,8fd44e694a2e59ca3819260a58d957ac6431fb3dbbf468336753d4acfaf49857
analysis_artifacts/canonical_run/folds/fold_00/outer_final/seed_44/test_indices.npy,832,ee75223d4c7fc69f5b9007da203339b09193fb855c22b6a753ec5c5dbfad8a02
analysis_artifacts/canonical_run/folds/fold_00/outer_final/seed_44/test_outputs.npz,2359,68035b29877d9daf7fcd46d4d278363b5f41b478cf696e94c98442df46e7bc45
analysis_artifacts/canonical_run/folds/fold_00/outer_final/seed_44/test_subject_ids.npy,832,8f9714bfa181f3b012f93dcc73edb4dde07e4b300d2b2e0c5182f39bdb6648c2
analysis_artifacts/canonical_run/folds/fold_00/outer_final/seed_44/train_indices.npy,6456,45bb0e22fee8e167795f4932ff353aece27de335f5c22f011f17486429a38a9f
analysis_artifacts/canonical_run/folds/fold_00/outer_final/seed_44/train_subject_ids.npy,6456,ff22eb9ca008eeb38a6fe1e480e0de5563c7e404325aa0d77862b2c9f57d5103
analysis_artifacts/canonical_run/folds/fold_00/outer_final/seed_predictions.npz,4630,29565e7010af320c807ea393980541df9111458979f52923cffb00cfa9f0a88e
analysis_artifacts/canonical_run/folds/fold_00/stage_a_summary.json,3053,a014f714046940e81aa83b060054bdd90041b5352a28033b12cf6154a6d00a57
analysis_artifacts/canonical_run/folds/fold_00/stage_b_outer_metrics.json,1505,6978feab15813694323cc28bc22040e3afd771bb24f38e5d5bfad17cee04871e
analysis_artifacts/canonical_run/folds/fold_01/canonical_fold_completion.json,1863,84a5f696e5e6b43e0723d0972fa5ea225e481e460d01a814544b929cc189e48a
analysis_artifacts/canonical_run/folds/fold_01/frozen_outer_test_predictions.npz,4146,1b9712c30f4cc2e71cbb0e7924c71156230dae4299c247f1d06767bb1fda6810
analysis_artifacts/canonical_run/folds/fold_01/frozen_prediction_manifest.json,1822,76158c6afe5ae26c23ab9cc45462541dcbc2eb9f42e854dddce56290a84b1fdf
analysis_artifacts/canonical_run/folds/fold_01/inner/calibration.json,626,1367c252db60d1a7d129a2cbafb7fd325db426325e1de47d2d1adaaccab88d88
analysis_artifacts/canonical_run/folds/fold_01/inner/level1/C01/seed_42/inner_00/preprocessing/evaluation_indices.npy,2240,0b9aa2daeec02348370bc6686b7595d98f85ba7e7aa50319bbf894160cb3fe91
analysis_artifacts/canonical_run/folds/fold_01/inner/level1/C01/seed_42/inner_00/preprocessing/fit_indices.npy,4344,9273d12bdfc0a40ac99eeab9f3d9a84ed0eea63e4e45f54e21b333f1364f4969
analysis_artifacts/canonical_run/folds/fold_01/inner/level1/C01/seed_42/inner_00/preprocessing/preprocessing_manifest.json,800,4822feeddee7b43ba5e1c6b7ed67641d1b3297976d88a3d8e60a78ec06329795
analysis_artifacts/canonical_run/folds/fold_01/inner/level1/C01/seed_42/inner_00/preprocessing/selected_full_edge_indices.npy,8128,a43f6ec05f581bb702044f100876552e7749d8562d0cf0c01d1b5b321d0e2318
analysis_artifacts/canonical_run/folds/fold_01/inner/level1/C01/seed_42/inner_00/rung1_result.json,756,9a4259a4056402c0fb272a826e0c2a9899be27040d2fed8ceb3f85bbd5a90581
analysis_artifacts/canonical_run/folds/fold_01/inner/level1/C01/seed_42/inner_01/preprocessing/evaluation_indices.npy,2240,a5cf1683716caa1f33595f7ee6cc456b49aa5e6bf45a82a10e06340f1f255513
analysis_artifacts/canonical_run/folds/fold_01/inner/level1/C01/seed_42/inner_01/preprocessing/fit_indices.npy,4344,ee737b7fd867e3ef73a6f7efc7c9d7da38d0c24dcb758dbd667546b770229366
analysis_artifacts/canonical_run/folds/fold_01/inner/level1/C01/seed_42/inner_01/preprocessing/preprocessing_manifest.json,800,92df92b8c9e14760b80c0340af8523360c6b3f84f2a427d29411c6fb41da8519
analysis_artifacts/canonical_run/folds/fold_01/inner/level1/C01/seed_42/inner_01/preprocessing/selected_full_edge_indices.npy,8128,eaf534371fff570e787be27e8b788d288b8ac663ead3b94f0feab74e72e6cc14
analysis_artifacts/canonical_run/folds/fold_01/inner/level1/C01/seed_42/inner_01/rung1_result.json,756,1f166d11f0cc78f209eee4cd302e74b9eb1325fcff4fd0f324d1cefe10d911c0
analysis_artifacts/canonical_run/folds/fold_01/inner/level1/C01/seed_42/inner_02/preprocessing/evaluation_indices.npy,2232,c781e320574e5e629c2dfbd1f6678d6ad862698054d031b754c4c60350e75b6e
analysis_artifacts/canonical_run/folds/fold_01/inner/level1/C01/seed_42/inner_02/preprocessing/fit_indices.npy,4352,f7f03297e280440f94ee0131e6451f26b2b6ff167372c76c894288383d146118
analysis_artifacts/canonical_run/folds/fold_01/inner/level1/C01/seed_42/inner_02/preprocessing/preprocessing_manifest.json,800,e813d7b259d6fed65d01a84e4e4aac82adc666ebbb1852be414eb12dee2e666b
analysis_artifacts/canonical_run/folds/fold_01/inner/level1/C01/seed_42/inner_02/preprocessing/selected_full_edge_indices.npy,8128,e5820267ad6917e7b11036f6c9f8dd5d0e0443d8f24b4156f18bf131b15dd85e
analysis_artifacts/canonical_run/folds/fold_01/inner/level1/C01/seed_42/inner_02/rung1_result.json,755,1fc4ecc11f964d3d603fdb64ad2ceba4cdd4cc8b4e4a7bff263b40307eb6e22c
analysis_artifacts/canonical_run/folds/fold_01/inner/level1/C02/seed_42/inner_00/preprocessing/evaluation_indices.npy,2240,0b9aa2daeec02348370bc6686b7595d98f85ba7e7aa50319bbf894160cb3fe91
analysis_artifacts/canonical_run/folds/fold_01/inner/level1/C02/seed_42/inner_00/preprocessing/fit_indices.npy,4344,9273d12bdfc0a40ac99eeab9f3d9a84ed0eea63e4e45f54e21b333f1364f4969
analysis_artifacts/canonical_run/folds/fold_01/inner/level1/C02/seed_42/inner_00/preprocessing/preprocessing_manifest.json,800,a36d1c07d7532638362216c9c5516c60361c66fde4e7ed32137568748ba578f8
analysis_artifacts/canonical_run/folds/fold_01/inner/level1/C02/seed_42/inner_00/preprocessing/selected_full_edge_indices.npy,8128,a43f6ec05f581bb702044f100876552e7749d8562d0cf0c01d1b5b321d0e2318
analysis_artifacts/canonical_run/folds/fold_01/inner/level1/C02/seed_42/inner_00/rung1_result.json,756,cf728554ab9d197e9e7a393a36e625786b76fc70b71b05d815513c5c2fea1d8a
analysis_artifacts/canonical_run/folds/fold_01/inner/level1/C02/seed_42/inner_01/preprocessing/evaluation_indices.npy,2240,a5cf1683716caa1f33595f7ee6cc456b49aa5e6bf45a82a10e06340f1f255513
analysis_artifacts/canonical_run/folds/fold_01/inner/level1/C02/seed_42/inner_01/preprocessing/fit_indices.npy,4344,ee737b7fd867e3ef73a6f7efc7c9d7da38d0c24dcb758dbd667546b770229366
analysis_artifacts/canonical_run/folds/fold_01/inner/level1/C02/seed_42/inner_01/preprocessing/preprocessing_manifest.json,800,93a7a8c4035f22431577c5dfeeb84cda2da1cd860e4c97f1452048374bdd4d57
analysis_artifacts/canonical_run/folds/fold_01/inner/level1/C02/seed_42/inner_01/preprocessing/selected_full_edge_indices.npy,8128,eaf534371fff570e787be27e8b788d288b8ac663ead3b94f0feab74e72e6cc14
analysis_artifacts/canonical_run/folds/fold_01/inner/level1/C02/seed_42/inner_01/rung1_result.json,755,4419365ec16d8d686c6e9bc0424ba7ca9c23f34f0086d5b90c9c7aeea5b439c9
analysis_artifacts/canonical_run/folds/fold_01/inner/level1/C02/seed_42/inner_02/preprocessing/evaluation_indices.npy,2232,c781e320574e5e629c2dfbd1f6678d6ad862698054d031b754c4c60350e75b6e
analysis_artifacts/canonical_run/folds/fold_01/inner/level1/C02/seed_42/inner_02/preprocessing/fit_indices.npy,4352,f7f03297e280440f94ee0131e6451f26b2b6ff167372c76c894288383d146118
analysis_artifacts/canonical_run/folds/fold_01/inner/level1/C02/seed_42/inner_02/preprocessing/preprocessing_manifest.json,800,79f586f577c11239f21fc903d185e445e8b57a438731619c3b4067ba12ad6031
analysis_artifacts/canonical_run/folds/fold_01/inner/level1/C02/seed_42/inner_02/preprocessing/selected_full_edge_indices.npy,8128,e5820267ad6917e7b11036f6c9f8dd5d0e0443d8f24b4156f18bf131b15dd85e
analysis_artifacts/canonical_run/folds/fold_01/inner/level1/C02/seed_42/inner_02/rung1_result.json,756,ba64dbd7c8f473017d92bd6abdf8ed4956afbf955dbd4b0f3ed0af8cc220c027
analysis_artifacts/canonical_run/folds/fold_01/inner/level1/C03/seed_42/inner_00/preprocessing/evaluation_indices.npy,2240,0b9aa2daeec02348370bc6686b7595d98f85ba7e7aa50319bbf894160cb3fe91
analysis_artifacts/canonical_run/folds/fold_01/inner/level1/C03/seed_42/inner_00/preprocessing/fit_indices.npy,4344,9273d12bdfc0a40ac99eeab9f3d9a84ed0eea63e4e45f54e21b333f1364f4969
analysis_artifacts/canonical_run/folds/fold_01/inner/level1/C03/seed_42/inner_00/preprocessing/preprocessing_manifest.json,800,14362e5be323a7a3f684d3eefe6414dd1d131b402239623fa07bb07a7bd48a6c
analysis_artifacts/canonical_run/folds/fold_01/inner/level1/C03/seed_42/inner_00/preprocessing/selected_full_edge_indices.npy,20128,4cc30b0dab6a51548dd1152892a05ade24917bc12d9fd9f7bbb91da4f4249213
analysis_artifacts/canonical_run/folds/fold_01/inner/level1/C03/seed_42/inner_00/rung1_result.json,756,b9eb16300f91d665c17cf93cdcef5e6b4af149f5a6c3c6f7d281e944a92688de
analysis_artifacts/canonical_run/folds/fold_01/inner/level1/C03/seed_42/inner_00/rung2_result.json,757,a494e96da18ef6c51e90d55d8023c1453528e788ac26352c7c2341d099a3f212
analysis_artifacts/canonical_run/folds/fold_01/inner/level1/C03/seed_42/inner_01/preprocessing/evaluation_indices.npy,2240,a5cf1683716caa1f33595f7ee6cc456b49aa5e6bf45a82a10e06340f1f255513
analysis_artifacts/canonical_run/folds/fold_01/inner/level1/C03/seed_42/inner_01/preprocessing/fit_indices.npy,4344,ee737b7fd867e3ef73a6f7efc7c9d7da38d0c24dcb758dbd667546b770229366
analysis_artifacts/canonical_run/folds/fold_01/inner/level1/C03/seed_42/inner_01/preprocessing/preprocessing_manifest.json,800,1d385eb71c0896c2f267e27d65b5990188201aa386c80d6bb1db9f6765bb8c67
analysis_artifacts/canonical_run/folds/fold_01/inner/level1/C03/seed_42/inner_01/preprocessing/selected_full_edge_indices.npy,20128,2dcd369da8e2b03c709f685cf1735029fee205e62f9d83da3523ca86563dd4de
analysis_artifacts/canonical_run/folds/fold_01/inner/level1/C03/seed_42/inner_01/rung1_result.json,756,0926f9df4c5fa74cc84885c6d0bc9714761a87be13270ee54980c795f67a191e
analysis_artifacts/canonical_run/folds/fold_01/inner/level1/C03/seed_42/inner_01/rung2_result.json,757,7a1df76b5b5a2e015342ba39a7ab23d9b35e7683e28c3fc6eff0e66868f1390b
analysis_artifacts/canonical_run/folds/fold_01/inner/level1/C03/seed_42/inner_02/preprocessing/evaluation_indices.npy,2232,c781e320574e5e629c2dfbd1f6678d6ad862698054d031b754c4c60350e75b6e
analysis_artifacts/canonical_run/folds/fold_01/inner/level1/C03/seed_42/inner_02/preprocessing/fit_indices.npy,4352,f7f03297e280440f94ee0131e6451f26b2b6ff167372c76c894288383d146118
analysis_artifacts/canonical_run/folds/fold_01/inner/level1/C03/seed_42/inner_02/preprocessing/preprocessing_manifest.json,800,b4e10cb86a0d0be3b4002c95471d0cacedf84a192da66c3ee723afba8afe1871
analysis_artifacts/canonical_run/folds/fold_01/inner/level1/C03/seed_42/inner_02/preprocessing/selected_full_edge_indices.npy,20128,efe52164952950640abd7fc6d46449afbaa9562971d1b4aa0bf94ac89eec4fe2
analysis_artifacts/canonical_run/folds/fold_01/inner/level1/C03/seed_42/inner_02/rung1_result.json,754,64a0845eafe8a59cd2f99d6e9c5e24d30877b0c2dbb43a53c6f5f80be613a525
analysis_artifacts/canonical_run/folds/fold_01/inner/level1/C03/seed_42/inner_02/rung2_result.json,755,6e8f547ad5883e827e6360c02de5703dcb79d9aba4387577c2abf45b13bc8808
analysis_artifacts/canonical_run/folds/fold_01/inner/level1/C04/seed_42/inner_00/preprocessing/evaluation_indices.npy,2240,0b9aa2daeec02348370bc6686b7595d98f85ba7e7aa50319bbf894160cb3fe91
analysis_artifacts/canonical_run/folds/fold_01/inner/level1/C04/seed_42/inner_00/preprocessing/fit_indices.npy,4344,9273d12bdfc0a40ac99eeab9f3d9a84ed0eea63e4e45f54e21b333f1364f4969
analysis_artifacts/canonical_run/folds/fold_01/inner/level1/C04/seed_42/inner_00/preprocessing/preprocessing_manifest.json,800,a7c88f1d39faeaa7e6cbaebcab70d69cf205ac7213eb6ca19a7ec57d2f1bb9cc
analysis_artifacts/canonical_run/folds/fold_01/inner/level1/C04/seed_42/inner_00/preprocessing/selected_full_edge_indices.npy,20128,4cc30b0dab6a51548dd1152892a05ade24917bc12d9fd9f7bbb91da4f4249213
analysis_artifacts/canonical_run/folds/fold_01/inner/level1/C04/seed_42/inner_00/rung1_result.json,756,8ada5505176ce938be1ce4893ddb328d21def7fe9865588f30056a247261436a
analysis_artifacts/canonical_run/folds/fold_01/inner/level1/C04/seed_42/inner_01/preprocessing/evaluation_indices.npy,2240,a5cf1683716caa1f33595f7ee6cc456b49aa5e6bf45a82a10e06340f1f255513
analysis_artifacts/canonical_run/folds/fold_01/inner/level1/C04/seed_42/inner_01/preprocessing/fit_indices.npy,4344,ee737b7fd867e3ef73a6f7efc7c9d7da38d0c24dcb758dbd667546b770229366
analysis_artifacts/canonical_run/folds/fold_01/inner/level1/C04/seed_42/inner_01/preprocessing/preprocessing_manifest.json,800,627521b126b931df78d8289426908ba919128e9bbd1aacf9c774d8ac7a83a941
analysis_artifacts/canonical_run/folds/fold_01/inner/level1/C04/seed_42/inner_01/preprocessing/selected_full_edge_indices.npy,20128,2dcd369da8e2b03c709f685cf1735029fee205e62f9d83da3523ca86563dd4de
analysis_artifacts/canonical_run/folds/fold_01/inner/level1/C04/seed_42/inner_01/rung1_result.json,756,4462a413000f0253836227ad0bbb84b33f2c61f47a06bb1d2d51eeef3357225b
analysis_artifacts/canonical_run/folds/fold_01/inner/level1/C04/seed_42/inner_02/preprocessing/evaluation_indices.npy,2232,c781e320574e5e629c2dfbd1f6678d6ad862698054d031b754c4c60350e75b6e
analysis_artifacts/canonical_run/folds/fold_01/inner/level1/C04/seed_42/inner_02/preprocessing/fit_indices.npy,4352,f7f03297e280440f94ee0131e6451f26b2b6ff167372c76c894288383d146118
analysis_artifacts/canonical_run/folds/fold_01/inner/level1/C04/seed_42/inner_02/preprocessing/preprocessing_manifest.json,800,eb3466baef0557e224f9d35803230a30c6b769cd1ea02b1a0bce2ed4f006b957
analysis_artifacts/canonical_run/folds/fold_01/inner/level1/C04/seed_42/inner_02/preprocessing/selected_full_edge_indices.npy,20128,efe52164952950640abd7fc6d46449afbaa9562971d1b4aa0bf94ac89eec4fe2
analysis_artifacts/canonical_run/folds/fold_01/inner/level1/C04/seed_42/inner_02/rung1_result.json,755,0aa49b52b13188ac5b25770374ce43bda264c6ea5f122d462b1b07ef8ce2f808
analysis_artifacts/canonical_run/folds/fold_01/inner/level1/C05/seed_42/inner_00/preprocessing/evaluation_indices.npy,2240,0b9aa2daeec02348370bc6686b7595d98f85ba7e7aa50319bbf894160cb3fe91
analysis_artifacts/canonical_run/folds/fold_01/inner/level1/C05/seed_42/inner_00/preprocessing/fit_indices.npy,4344,9273d12bdfc0a40ac99eeab9f3d9a84ed0eea63e4e45f54e21b333f1364f4969
analysis_artifacts/canonical_run/folds/fold_01/inner/level1/C05/seed_42/inner_00/preprocessing/preprocessing_manifest.json,800,6b60e5254d4c5d3f982f1b3e55e20049d406cf403ffe784a4062f737738c503c
analysis_artifacts/canonical_run/folds/fold_01/inner/level1/C05/seed_42/inner_00/preprocessing/selected_full_edge_indices.npy,39928,eefa5836ae7f0cc894e3c2701a6678bf4e3cd262f9dc5be1a6c3e9a71a4870ba
analysis_artifacts/canonical_run/folds/fold_01/inner/level1/C05/seed_42/inner_00/rung1_result.json,755,7703766fa35aa70d30e871af88756b12aa07f6e154a18225eda5906a5a7f72f8
analysis_artifacts/canonical_run/folds/fold_01/inner/level1/C05/seed_42/inner_00/rung2_result.json,756,0b62f161fcf48368a83cbb2001ed51f4fe234394c04834d4cc28da5f97421031
analysis_artifacts/canonical_run/folds/fold_01/inner/level1/C05/seed_42/inner_01/preprocessing/evaluation_indices.npy,2240,a5cf1683716caa1f33595f7ee6cc456b49aa5e6bf45a82a10e06340f1f255513
analysis_artifacts/canonical_run/folds/fold_01/inner/level1/C05/seed_42/inner_01/preprocessing/fit_indices.npy,4344,ee737b7fd867e3ef73a6f7efc7c9d7da38d0c24dcb758dbd667546b770229366
analysis_artifacts/canonical_run/folds/fold_01/inner/level1/C05/seed_42/inner_01/preprocessing/preprocessing_manifest.json,800,a5a1ead1a89b53a6e663b4b49ac77e14f7a29b40441d38d24a239b00acd39c5e
analysis_artifacts/canonical_run/folds/fold_01/inner/level1/C05/seed_42/inner_01/preprocessing/selected_full_edge_indices.npy,39928,d0e56992c3a996cc123deb930698a07678b740998c6eaf0a7aa806dab0447ec4
analysis_artifacts/canonical_run/folds/fold_01/inner/level1/C05/seed_42/inner_01/rung1_result.json,756,a4a9cacb4e262a820c2b8d73c7882a4fc15295ea59140b8d0d02cbe00718b6a9
analysis_artifacts/canonical_run/folds/fold_01/inner/level1/C05/seed_42/inner_01/rung2_result.json,757,96f61df7940c7799ed93e20a990ad3f939001e0ace5cb0fe9e66e158a5a04dc2
analysis_artifacts/canonical_run/folds/fold_01/inner/level1/C05/seed_42/inner_02/preprocessing/evaluation_indices.npy,2232,c781e320574e5e629c2dfbd1f6678d6ad862698054d031b754c4c60350e75b6e
analysis_artifacts/canonical_run/folds/fold_01/inner/level1/C05/seed_42/inner_02/preprocessing/fit_indices.npy,4352,f7f03297e280440f94ee0131e6451f26b2b6ff167372c76c894288383d146118
analysis_artifacts/canonical_run/folds/fold_01/inner/level1/C05/seed_42/inner_02/preprocessing/preprocessing_manifest.json,800,07ba5ca47e8ae3497f7c8c13d075836ca0eaeab6a20bf2bb55d5759e6e0f9f46
analysis_artifacts/canonical_run/folds/fold_01/inner/level1/C05/seed_42/inner_02/preprocessing/selected_full_edge_indices.npy,39928,0102a7477e3ef096ccb0322c964d94e694033a717e8cb1a8f67f3dd1f71b2df9
analysis_artifacts/canonical_run/folds/fold_01/inner/level1/C05/seed_42/inner_02/rung1_result.json,756,082eb58d73124a91705f288d393228e21d6c74c55ff29c502df6f7bd9cf4f2e6
analysis_artifacts/canonical_run/folds/fold_01/inner/level1/C05/seed_42/inner_02/rung2_result.json,757,cd7e98ec4b82d301bf3116e9d5473275c43eb29dac2b736844180eb8321cf0c0
analysis_artifacts/canonical_run/folds/fold_01/inner/level1/C06/seed_42/inner_00/preprocessing/evaluation_indices.npy,2240,0b9aa2daeec02348370bc6686b7595d98f85ba7e7aa50319bbf894160cb3fe91
analysis_artifacts/canonical_run/folds/fold_01/inner/level1/C06/seed_42/inner_00/preprocessing/fit_indices.npy,4344,9273d12bdfc0a40ac99eeab9f3d9a84ed0eea63e4e45f54e21b333f1364f4969
analysis_artifacts/canonical_run/folds/fold_01/inner/level1/C06/seed_42/inner_00/preprocessing/preprocessing_manifest.json,800,4216b25cb8efc9c3392961e675ae578744bb8658aaf5301d4a989ee8be06aa62
analysis_artifacts/canonical_run/folds/fold_01/inner/level1/C06/seed_42/inner_00/preprocessing/selected_full_edge_indices.npy,39928,eefa5836ae7f0cc894e3c2701a6678bf4e3cd262f9dc5be1a6c3e9a71a4870ba
analysis_artifacts/canonical_run/folds/fold_01/inner/level1/C06/seed_42/inner_00/rung1_result.json,756,a8186cbe5d86d3b931ab5e27d8b8b157c5ce5e0eae54412ad526e4f2317a165a
analysis_artifacts/canonical_run/folds/fold_01/inner/level1/C06/seed_42/inner_01/preprocessing/evaluation_indices.npy,2240,a5cf1683716caa1f33595f7ee6cc456b49aa5e6bf45a82a10e06340f1f255513
analysis_artifacts/canonical_run/folds/fold_01/inner/level1/C06/seed_42/inner_01/preprocessing/fit_indices.npy,4344,ee737b7fd867e3ef73a6f7efc7c9d7da38d0c24dcb758dbd667546b770229366
analysis_artifacts/canonical_run/folds/fold_01/inner/level1/C06/seed_42/inner_01/preprocessing/preprocessing_manifest.json,800,3aa5a685a5f6de9f9de6659450ed6ea18f56b1f4e7c594f41d5963cadb1774f6
analysis_artifacts/canonical_run/folds/fold_01/inner/level1/C06/seed_42/inner_01/preprocessing/selected_full_edge_indices.npy,39928,d0e56992c3a996cc123deb930698a07678b740998c6eaf0a7aa806dab0447ec4
analysis_artifacts/canonical_run/folds/fold_01/inner/level1/C06/seed_42/inner_01/rung1_result.json,756,8a6bd930c73008f8ff679920bf0089b4aa755ac64735c123ced7a7dad25d59c1
analysis_artifacts/canonical_run/folds/fold_01/inner/level1/C06/seed_42/inner_02/preprocessing/evaluation_indices.npy,2232,c781e320574e5e629c2dfbd1f6678d6ad862698054d031b754c4c60350e75b6e
analysis_artifacts/canonical_run/folds/fold_01/inner/level1/C06/seed_42/inner_02/preprocessing/fit_indices.npy,4352,f7f03297e280440f94ee0131e6451f26b2b6ff167372c76c894288383d146118
analysis_artifacts/canonical_run/folds/fold_01/inner/level1/C06/seed_42/inner_02/preprocessing/preprocessing_manifest.json,800,f0cab72ac91f18a4827ade6421311479818bcf50322546745bae15d77ed32885
analysis_artifacts/canonical_run/folds/fold_01/inner/level1/C06/seed_42/inner_02/preprocessing/selected_full_edge_indices.npy,39928,0102a7477e3ef096ccb0322c964d94e694033a717e8cb1a8f67f3dd1f71b2df9
analysis_artifacts/canonical_run/folds/fold_01/inner/level1/C06/seed_42/inner_02/rung1_result.json,756,5d1cc6005fa1a1e15ac6721b1054732eff9293dee0e582242f2826e14103f29d
analysis_artifacts/canonical_run/folds/fold_01/inner/level1/C07/seed_42/inner_00/preprocessing/evaluation_indices.npy,2240,0b9aa2daeec02348370bc6686b7595d98f85ba7e7aa50319bbf894160cb3fe91
analysis_artifacts/canonical_run/folds/fold_01/inner/level1/C07/seed_42/inner_00/preprocessing/fit_indices.npy,4344,9273d12bdfc0a40ac99eeab9f3d9a84ed0eea63e4e45f54e21b333f1364f4969
analysis_artifacts/canonical_run/folds/fold_01/inner/level1/C07/seed_42/inner_00/preprocessing/preprocessing_manifest.json,802,040025795f6fcf76f86a761ddf4feaa7a77027b4977b3d09017286c2b8ced767
analysis_artifacts/canonical_run/folds/fold_01/inner/level1/C07/seed_42/inner_00/preprocessing/selected_full_edge_indices.npy,39928,eefa5836ae7f0cc894e3c2701a6678bf4e3cd262f9dc5be1a6c3e9a71a4870ba
analysis_artifacts/canonical_run/folds/fold_01/inner/level1/C07/seed_42/inner_00/rung1_result.json,756,65ffc2dc23d664360514ae85d9bf9bfab6c7a4063cf28e49b8e87708da26270f
analysis_artifacts/canonical_run/folds/fold_01/inner/level1/C07/seed_42/inner_00/rung2_result.json,757,c72371090c4785662850a5d0ded2dd305fe50eaf4a048045d7adc93183b09155
analysis_artifacts/canonical_run/folds/fold_01/inner/level1/C07/seed_42/inner_01/preprocessing/evaluation_indices.npy,2240,a5cf1683716caa1f33595f7ee6cc456b49aa5e6bf45a82a10e06340f1f255513
analysis_artifacts/canonical_run/folds/fold_01/inner/level1/C07/seed_42/inner_01/preprocessing/fit_indices.npy,4344,ee737b7fd867e3ef73a6f7efc7c9d7da38d0c24dcb758dbd667546b770229366
analysis_artifacts/canonical_run/folds/fold_01/inner/level1/C07/seed_42/inner_01/preprocessing/preprocessing_manifest.json,802,e59cbf000ac3a88f05f70d2a41e0f763cd596cf10d38ed1f016dc754ed6ee8cd
analysis_artifacts/canonical_run/folds/fold_01/inner/level1/C07/seed_42/inner_01/preprocessing/selected_full_edge_indices.npy,39928,d0e56992c3a996cc123deb930698a07678b740998c6eaf0a7aa806dab0447ec4
analysis_artifacts/canonical_run/folds/fold_01/inner/level1/C07/seed_42/inner_01/rung1_result.json,756,b8a52d6471e5d04f97d45cba140e211750bb8f94ba8a62612db40a3e0a9387da
analysis_artifacts/canonical_run/folds/fold_01/inner/level1/C07/seed_42/inner_01/rung2_result.json,757,3a7ff7aa38ebdce6b0214d47753a9a8e6e5cfe29f450967232e47d2a9eb8ad87
analysis_artifacts/canonical_run/folds/fold_01/inner/level1/C07/seed_42/inner_02/preprocessing/evaluation_indices.npy,2232,c781e320574e5e629c2dfbd1f6678d6ad862698054d031b754c4c60350e75b6e
analysis_artifacts/canonical_run/folds/fold_01/inner/level1/C07/seed_42/inner_02/preprocessing/fit_indices.npy,4352,f7f03297e280440f94ee0131e6451f26b2b6ff167372c76c894288383d146118
analysis_artifacts/canonical_run/folds/fold_01/inner/level1/C07/seed_42/inner_02/preprocessing/preprocessing_manifest.json,802,f3adcf4dd065fe9cfb2efac94c967e7735258c567e7e467f3bedf0f97ee1732b
analysis_artifacts/canonical_run/folds/fold_01/inner/level1/C07/seed_42/inner_02/preprocessing/selected_full_edge_indices.npy,39928,0102a7477e3ef096ccb0322c964d94e694033a717e8cb1a8f67f3dd1f71b2df9
analysis_artifacts/canonical_run/folds/fold_01/inner/level1/C07/seed_42/inner_02/rung1_result.json,756,ad912671afa2695b35331c3d2e7b4253c1d0e48a2ce6a7c645d19b088d65facd
analysis_artifacts/canonical_run/folds/fold_01/inner/level1/C07/seed_42/inner_02/rung2_result.json,757,481d9697678ef913465b08a43c37d042181e867af04a1dd6d22628cfbb7f835d
analysis_artifacts/canonical_run/folds/fold_01/inner/level1/C08/seed_42/inner_00/preprocessing/evaluation_indices.npy,2240,0b9aa2daeec02348370bc6686b7595d98f85ba7e7aa50319bbf894160cb3fe91
analysis_artifacts/canonical_run/folds/fold_01/inner/level1/C08/seed_42/inner_00/preprocessing/fit_indices.npy,4344,9273d12bdfc0a40ac99eeab9f3d9a84ed0eea63e4e45f54e21b333f1364f4969
analysis_artifacts/canonical_run/folds/fold_01/inner/level1/C08/seed_42/inner_00/preprocessing/preprocessing_manifest.json,802,6ea65bb7bd1b1c4eae0a30ef0a6a06766ad51c3b5021bcb6bd172bdd212fa555
analysis_artifacts/canonical_run/folds/fold_01/inner/level1/C08/seed_42/inner_00/preprocessing/selected_full_edge_indices.npy,39928,eefa5836ae7f0cc894e3c2701a6678bf4e3cd262f9dc5be1a6c3e9a71a4870ba
analysis_artifacts/canonical_run/folds/fold_01/inner/level1/C08/seed_42/inner_00/rung1_result.json,755,20cbf39583f7b076e8e2c79b5d32c778adb92b9ed79cfb06e80120846e5d86d1
analysis_artifacts/canonical_run/folds/fold_01/inner/level1/C08/seed_42/inner_01/preprocessing/evaluation_indices.npy,2240,a5cf1683716caa1f33595f7ee6cc456b49aa5e6bf45a82a10e06340f1f255513
analysis_artifacts/canonical_run/folds/fold_01/inner/level1/C08/seed_42/inner_01/preprocessing/fit_indices.npy,4344,ee737b7fd867e3ef73a6f7efc7c9d7da38d0c24dcb758dbd667546b770229366
analysis_artifacts/canonical_run/folds/fold_01/inner/level1/C08/seed_42/inner_01/preprocessing/preprocessing_manifest.json,802,7d2717a7758d6bc792a4c990182b838833e0e13a008fa107a41c53857ea027d1
analysis_artifacts/canonical_run/folds/fold_01/inner/level1/C08/seed_42/inner_01/preprocessing/selected_full_edge_indices.npy,39928,d0e56992c3a996cc123deb930698a07678b740998c6eaf0a7aa806dab0447ec4
analysis_artifacts/canonical_run/folds/fold_01/inner/level1/C08/seed_42/inner_01/rung1_result.json,756,61dd31a241abc3f14e1906bbfdb8d9ede7f57a213cd57b240bd1c32dc887e9c7
analysis_artifacts/canonical_run/folds/fold_01/inner/level1/C08/seed_42/inner_02/preprocessing/evaluation_indices.npy,2232,c781e320574e5e629c2dfbd1f6678d6ad862698054d031b754c4c60350e75b6e
analysis_artifacts/canonical_run/folds/fold_01/inner/level1/C08/seed_42/inner_02/preprocessing/fit_indices.npy,4352,f7f03297e280440f94ee0131e6451f26b2b6ff167372c76c894288383d146118
analysis_artifacts/canonical_run/folds/fold_01/inner/level1/C08/seed_42/inner_02/preprocessing/preprocessing_manifest.json,802,548d08bf10332d42a62db5bcfd01219a626b4e8b8ec202f26a5b48d0307e2159
analysis_artifacts/canonical_run/folds/fold_01/inner/level1/C08/seed_42/inner_02/preprocessing/selected_full_edge_indices.npy,39928,0102a7477e3ef096ccb0322c964d94e694033a717e8cb1a8f67f3dd1f71b2df9
analysis_artifacts/canonical_run/folds/fold_01/inner/level1/C08/seed_42/inner_02/rung1_result.json,755,01b3cf434d1f4f5c10697e7f41ddd9d2f49d689abbdae782a35b742ae37e16db
analysis_artifacts/canonical_run/folds/fold_01/inner/level1/C09/seed_42/inner_00/preprocessing/evaluation_indices.npy,2240,0b9aa2daeec02348370bc6686b7595d98f85ba7e7aa50319bbf894160cb3fe91
analysis_artifacts/canonical_run/folds/fold_01/inner/level1/C09/seed_42/inner_00/preprocessing/fit_indices.npy,4344,9273d12bdfc0a40ac99eeab9f3d9a84ed0eea63e4e45f54e21b333f1364f4969
analysis_artifacts/canonical_run/folds/fold_01/inner/level1/C09/seed_42/inner_00/preprocessing/preprocessing_manifest.json,839,f140d39e8139884d4dbb818f14613401c7b58f5a3103796fc64b13b8c48d50e1
analysis_artifacts/canonical_run/folds/fold_01/inner/level1/C09/seed_42/inner_00/preprocessing/selected_full_edge_indices.npy,39928,eefa5836ae7f0cc894e3c2701a6678bf4e3cd262f9dc5be1a6c3e9a71a4870ba
analysis_artifacts/canonical_run/folds/fold_01/inner/level1/C09/seed_42/inner_00/rung1_result.json,756,158e2fdd2137501d861364a7e003c72141492bb873a1afde1c5cb8ebcbd14ce4
analysis_artifacts/canonical_run/folds/fold_01/inner/level1/C09/seed_42/inner_00/rung2_result.json,757,f6377588729794ae4932f0da9ee7647c299361e27f02008445fa7d788a3ed934
analysis_artifacts/canonical_run/folds/fold_01/inner/level1/C09/seed_42/inner_01/preprocessing/evaluation_indices.npy,2240,a5cf1683716caa1f33595f7ee6cc456b49aa5e6bf45a82a10e06340f1f255513
analysis_artifacts/canonical_run/folds/fold_01/inner/level1/C09/seed_42/inner_01/preprocessing/fit_indices.npy,4344,ee737b7fd867e3ef73a6f7efc7c9d7da38d0c24dcb758dbd667546b770229366
analysis_artifacts/canonical_run/folds/fold_01/inner/level1/C09/seed_42/inner_01/preprocessing/preprocessing_manifest.json,839,28569169ba2241913fd042a93d31a3f02d42a3981eb940b1754d958f1cccbba7
analysis_artifacts/canonical_run/folds/fold_01/inner/level1/C09/seed_42/inner_01/preprocessing/selected_full_edge_indices.npy,39928,d0e56992c3a996cc123deb930698a07678b740998c6eaf0a7aa806dab0447ec4
analysis_artifacts/canonical_run/folds/fold_01/inner/level1/C09/seed_42/inner_01/rung1_result.json,756,682139f5db96ee6bd5b80ecbf8751982c009075ac51c4aca966dde990323679b
analysis_artifacts/canonical_run/folds/fold_01/inner/level1/C09/seed_42/inner_01/rung2_result.json,757,eb391ca29eb2fd6f6427111f203d467b3ccdca2979c1c63e9b7367079a661cf8
analysis_artifacts/canonical_run/folds/fold_01/inner/level1/C09/seed_42/inner_02/preprocessing/evaluation_indices.npy,2232,c781e320574e5e629c2dfbd1f6678d6ad862698054d031b754c4c60350e75b6e
analysis_artifacts/canonical_run/folds/fold_01/inner/level1/C09/seed_42/inner_02/preprocessing/fit_indices.npy,4352,f7f03297e280440f94ee0131e6451f26b2b6ff167372c76c894288383d146118
analysis_artifacts/canonical_run/folds/fold_01/inner/level1/C09/seed_42/inner_02/preprocessing/preprocessing_manifest.json,839,ddd2a93ac900287a95849f247ba35d6f3cbad89f6b7b20523e15c70f8e63c4f4
analysis_artifacts/canonical_run/folds/fold_01/inner/level1/C09/seed_42/inner_02/preprocessing/selected_full_edge_indices.npy,39928,0102a7477e3ef096ccb0322c964d94e694033a717e8cb1a8f67f3dd1f71b2df9
analysis_artifacts/canonical_run/folds/fold_01/inner/level1/C09/seed_42/inner_02/rung1_result.json,756,22f623c30537ec5530c5d9eb76a969ea59295d6d4764dd118b70e836e841ac81
analysis_artifacts/canonical_run/folds/fold_01/inner/level1/C09/seed_42/inner_02/rung2_result.json,757,b12ff0e69574181d3041ffd79901d49a0a41de0d78811b796562d11c8b36d0ce
analysis_artifacts/canonical_run/folds/fold_01/inner/level1/C10/seed_42/inner_00/preprocessing/evaluation_indices.npy,2240,0b9aa2daeec02348370bc6686b7595d98f85ba7e7aa50319bbf894160cb3fe91
analysis_artifacts/canonical_run/folds/fold_01/inner/level1/C10/seed_42/inner_00/preprocessing/fit_indices.npy,4344,9273d12bdfc0a40ac99eeab9f3d9a84ed0eea63e4e45f54e21b333f1364f4969
analysis_artifacts/canonical_run/folds/fold_01/inner/level1/C10/seed_42/inner_00/preprocessing/preprocessing_manifest.json,839,ac979eae856fd53ef93f726834bcf015fe725c1ad277ee43f563c4c9f3052d11
analysis_artifacts/canonical_run/folds/fold_01/inner/level1/C10/seed_42/inner_00/preprocessing/selected_full_edge_indices.npy,39928,eefa5836ae7f0cc894e3c2701a6678bf4e3cd262f9dc5be1a6c3e9a71a4870ba
analysis_artifacts/canonical_run/folds/fold_01/inner/level1/C10/seed_42/inner_00/rung1_result.json,756,98a083cf63b8a58e6e9eca2c981f0bfa8f956de001cb8bab972698d9754167c3
analysis_artifacts/canonical_run/folds/fold_01/inner/level1/C10/seed_42/inner_00/rung2_result.json,757,65a46ea5682cf62d11172cf00c70570cd8b3b2dc61ef61b2fd7496c3a580576c
analysis_artifacts/canonical_run/folds/fold_01/inner/level1/C10/seed_42/inner_01/preprocessing/evaluation_indices.npy,2240,a5cf1683716caa1f33595f7ee6cc456b49aa5e6bf45a82a10e06340f1f255513
analysis_artifacts/canonical_run/folds/fold_01/inner/level1/C10/seed_42/inner_01/preprocessing/fit_indices.npy,4344,ee737b7fd867e3ef73a6f7efc7c9d7da38d0c24dcb758dbd667546b770229366
analysis_artifacts/canonical_run/folds/fold_01/inner/level1/C10/seed_42/inner_01/preprocessing/preprocessing_manifest.json,839,a3818c34cba95a905b54a2002c5337f14aa477354055bece1614f7dc89c242fa
analysis_artifacts/canonical_run/folds/fold_01/inner/level1/C10/seed_42/inner_01/preprocessing/selected_full_edge_indices.npy,39928,d0e56992c3a996cc123deb930698a07678b740998c6eaf0a7aa806dab0447ec4
analysis_artifacts/canonical_run/folds/fold_01/inner/level1/C10/seed_42/inner_01/rung1_result.json,755,87a88dc0257cc767b5f42a2e35264a3ff3c238c741c07a0f20c9f6f90657c0b9
analysis_artifacts/canonical_run/folds/fold_01/inner/level1/C10/seed_42/inner_01/rung2_result.json,756,0b9e1fcc7f4f86bb0e6637d07b44570715a7423a00dd1a6f1211331510ed44f1
analysis_artifacts/canonical_run/folds/fold_01/inner/level1/C10/seed_42/inner_02/preprocessing/evaluation_indices.npy,2232,c781e320574e5e629c2dfbd1f6678d6ad862698054d031b754c4c60350e75b6e
analysis_artifacts/canonical_run/folds/fold_01/inner/level1/C10/seed_42/inner_02/preprocessing/fit_indices.npy,4352,f7f03297e280440f94ee0131e6451f26b2b6ff167372c76c894288383d146118
analysis_artifacts/canonical_run/folds/fold_01/inner/level1/C10/seed_42/inner_02/preprocessing/preprocessing_manifest.json,839,6b585779720d3fcf900f51bc510ce3172d2c12afbb510003825536f22092efd8
analysis_artifacts/canonical_run/folds/fold_01/inner/level1/C10/seed_42/inner_02/preprocessing/selected_full_edge_indices.npy,39928,0102a7477e3ef096ccb0322c964d94e694033a717e8cb1a8f67f3dd1f71b2df9
analysis_artifacts/canonical_run/folds/fold_01/inner/level1/C10/seed_42/inner_02/rung1_result.json,756,bc50150be33a39afb57b85b23e0930f50591fdfb08e434f93b24fc51418dda1d
analysis_artifacts/canonical_run/folds/fold_01/inner/level1/C10/seed_42/inner_02/rung2_result.json,757,a7aa15b5942c6e2a5999ba3b6577b8956c15edc4d1f2b546e98aa0baa9435495
analysis_artifacts/canonical_run/folds/fold_01/inner/level1/C11/seed_42/inner_00/preprocessing/evaluation_indices.npy,2240,0b9aa2daeec02348370bc6686b7595d98f85ba7e7aa50319bbf894160cb3fe91
analysis_artifacts/canonical_run/folds/fold_01/inner/level1/C11/seed_42/inner_00/preprocessing/fit_indices.npy,4344,9273d12bdfc0a40ac99eeab9f3d9a84ed0eea63e4e45f54e21b333f1364f4969
analysis_artifacts/canonical_run/folds/fold_01/inner/level1/C11/seed_42/inner_00/preprocessing/preprocessing_manifest.json,839,113cdf2c0f1bb7d57e4d681c6f6e31d8b663c3a94fac46980f57d6f674ec109c
analysis_artifacts/canonical_run/folds/fold_01/inner/level1/C11/seed_42/inner_00/preprocessing/selected_full_edge_indices.npy,39928,eefa5836ae7f0cc894e3c2701a6678bf4e3cd262f9dc5be1a6c3e9a71a4870ba
analysis_artifacts/canonical_run/folds/fold_01/inner/level1/C11/seed_42/inner_00/rung1_result.json,756,cd1c6ddd783cdb9064e67b0cadf8625b396c8773bb204f17d7ac93c8081621fd
analysis_artifacts/canonical_run/folds/fold_01/inner/level1/C11/seed_42/inner_01/preprocessing/evaluation_indices.npy,2240,a5cf1683716caa1f33595f7ee6cc456b49aa5e6bf45a82a10e06340f1f255513
analysis_artifacts/canonical_run/folds/fold_01/inner/level1/C11/seed_42/inner_01/preprocessing/fit_indices.npy,4344,ee737b7fd867e3ef73a6f7efc7c9d7da38d0c24dcb758dbd667546b770229366
analysis_artifacts/canonical_run/folds/fold_01/inner/level1/C11/seed_42/inner_01/preprocessing/preprocessing_manifest.json,839,3015c54b1a859ac3224c3b52269633d9429c6adfffcc68b1ba33e74d6c4f688c
analysis_artifacts/canonical_run/folds/fold_01/inner/level1/C11/seed_42/inner_01/preprocessing/selected_full_edge_indices.npy,39928,d0e56992c3a996cc123deb930698a07678b740998c6eaf0a7aa806dab0447ec4
analysis_artifacts/canonical_run/folds/fold_01/inner/level1/C11/seed_42/inner_01/rung1_result.json,755,16cd383362ba615db3ec31044366ee50d78ef3a79f182c348ae6c112d02d7ff4
analysis_artifacts/canonical_run/folds/fold_01/inner/level1/C11/seed_42/inner_02/preprocessing/evaluation_indices.npy,2232,c781e320574e5e629c2dfbd1f6678d6ad862698054d031b754c4c60350e75b6e
analysis_artifacts/canonical_run/folds/fold_01/inner/level1/C11/seed_42/inner_02/preprocessing/fit_indices.npy,4352,f7f03297e280440f94ee0131e6451f26b2b6ff167372c76c894288383d146118
analysis_artifacts/canonical_run/folds/fold_01/inner/level1/C11/seed_42/inner_02/preprocessing/preprocessing_manifest.json,839,beb79ab3aba9a0291461affd51c0289df86cb5b5f1becf77127374e879872b20
analysis_artifacts/canonical_run/folds/fold_01/inner/level1/C11/seed_42/inner_02/preprocessing/selected_full_edge_indices.npy,39928,0102a7477e3ef096ccb0322c964d94e694033a717e8cb1a8f67f3dd1f71b2df9
analysis_artifacts/canonical_run/folds/fold_01/inner/level1/C11/seed_42/inner_02/rung1_result.json,756,e987f0a7751a2a26c3dc5a85dfd88cffcf465d85820d4b3ade7cd163ace00583
analysis_artifacts/canonical_run/folds/fold_01/inner/level1/C12/seed_42/inner_00/preprocessing/evaluation_indices.npy,2240,0b9aa2daeec02348370bc6686b7595d98f85ba7e7aa50319bbf894160cb3fe91
analysis_artifacts/canonical_run/folds/fold_01/inner/level1/C12/seed_42/inner_00/preprocessing/fit_indices.npy,4344,9273d12bdfc0a40ac99eeab9f3d9a84ed0eea63e4e45f54e21b333f1364f4969
analysis_artifacts/canonical_run/folds/fold_01/inner/level1/C12/seed_42/inner_00/preprocessing/preprocessing_manifest.json,839,6eec4c6a144bf77a9c6b412b1807f2fac9cebd2c5375ae13e655d77ed9306685
analysis_artifacts/canonical_run/folds/fold_01/inner/level1/C12/seed_42/inner_00/preprocessing/selected_full_edge_indices.npy,39928,eefa5836ae7f0cc894e3c2701a6678bf4e3cd262f9dc5be1a6c3e9a71a4870ba
analysis_artifacts/canonical_run/folds/fold_01/inner/level1/C12/seed_42/inner_00/rung1_result.json,755,2430556c3eecc7a673fd773df1d0923196960d25d3ea3a14d989fb42ccdc6d2c
analysis_artifacts/canonical_run/folds/fold_01/inner/level1/C12/seed_42/inner_00/rung2_result.json,756,dab387857e906d2c717077813ab714569395be9f9ec42cbb00989dda0a37ac41
analysis_artifacts/canonical_run/folds/fold_01/inner/level1/C12/seed_42/inner_01/preprocessing/evaluation_indices.npy,2240,a5cf1683716caa1f33595f7ee6cc456b49aa5e6bf45a82a10e06340f1f255513
analysis_artifacts/canonical_run/folds/fold_01/inner/level1/C12/seed_42/inner_01/preprocessing/fit_indices.npy,4344,ee737b7fd867e3ef73a6f7efc7c9d7da38d0c24dcb758dbd667546b770229366
analysis_artifacts/canonical_run/folds/fold_01/inner/level1/C12/seed_42/inner_01/preprocessing/preprocessing_manifest.json,839,e1a147d4e51cf82bcf47ffdf911d8d2f3551fe52f3e0fd306140ec5f7405223c
analysis_artifacts/canonical_run/folds/fold_01/inner/level1/C12/seed_42/inner_01/preprocessing/selected_full_edge_indices.npy,39928,d0e56992c3a996cc123deb930698a07678b740998c6eaf0a7aa806dab0447ec4
analysis_artifacts/canonical_run/folds/fold_01/inner/level1/C12/seed_42/inner_01/rung1_result.json,756,74351f585fa7bbcaf2ca24823659c253fdd7cbc04ec076dc142aeb7c3a7d99a7
analysis_artifacts/canonical_run/folds/fold_01/inner/level1/C12/seed_42/inner_01/rung2_result.json,757,1709c6bc65753199160a8eb18a2b27f0609faa0ed158c7635dd89f606759fb3b
analysis_artifacts/canonical_run/folds/fold_01/inner/level1/C12/seed_42/inner_02/preprocessing/evaluation_indices.npy,2232,c781e320574e5e629c2dfbd1f6678d6ad862698054d031b754c4c60350e75b6e
analysis_artifacts/canonical_run/folds/fold_01/inner/level1/C12/seed_42/inner_02/preprocessing/fit_indices.npy,4352,f7f03297e280440f94ee0131e6451f26b2b6ff167372c76c894288383d146118
analysis_artifacts/canonical_run/folds/fold_01/inner/level1/C12/seed_42/inner_02/preprocessing/preprocessing_manifest.json,839,4c7191bbd174c0f006c0acdb0f9e08024fbb3885682b80d29ed1757ef98b4be2
analysis_artifacts/canonical_run/folds/fold_01/inner/level1/C12/seed_42/inner_02/preprocessing/selected_full_edge_indices.npy,39928,0102a7477e3ef096ccb0322c964d94e694033a717e8cb1a8f67f3dd1f71b2df9
analysis_artifacts/canonical_run/folds/fold_01/inner/level1/C12/seed_42/inner_02/rung1_result.json,756,98a845a199881b76ba6ccb664689e3ab8347ee57ff27b5cc9843006a820aed2c
analysis_artifacts/canonical_run/folds/fold_01/inner/level1/C12/seed_42/inner_02/rung2_result.json,756,152bc23a042c8856b899fc57a938cd6fbd4d0570901771b922b3e53624e5b15f
analysis_artifacts/canonical_run/folds/fold_01/inner/level1_final_selection.json,1103,dd7412b3dcb0ba63eb436f3645de0caf40f5b6ea449a68fd9543302328629e8e
analysis_artifacts/canonical_run/folds/fold_01/inner/level1_rung1_selection.json,2075,cedf33afc20382547adc549c2566173187559b0f398639d974adda13053971a6
analysis_artifacts/canonical_run/folds/fold_01/inner/level2/C07/seed_42/inner_00/preprocessing/evaluation_indices.npy,2240,0b9aa2daeec02348370bc6686b7595d98f85ba7e7aa50319bbf894160cb3fe91
analysis_artifacts/canonical_run/folds/fold_01/inner/level2/C07/seed_42/inner_00/preprocessing/fit_indices.npy,4344,9273d12bdfc0a40ac99eeab9f3d9a84ed0eea63e4e45f54e21b333f1364f4969
analysis_artifacts/canonical_run/folds/fold_01/inner/level2/C07/seed_42/inner_00/preprocessing/preprocessing_manifest.json,802,9fbade4eb71091b6a1a6056ebc2a17ac8dce8ca03b6278c60a0c1a9ad8e04394
analysis_artifacts/canonical_run/folds/fold_01/inner/level2/C07/seed_42/inner_00/preprocessing/selected_full_edge_indices.npy,39928,eefa5836ae7f0cc894e3c2701a6678bf4e3cd262f9dc5be1a6c3e9a71a4870ba
analysis_artifacts/canonical_run/folds/fold_01/inner/level2/C07/seed_42/inner_00/result.json,756,0143e3d8d6c7f63fb42648b1771ecb8a7a49066eb690b91297f335ef8fb14d15
analysis_artifacts/canonical_run/folds/fold_01/inner/level2/C07/seed_42/inner_01/preprocessing/evaluation_indices.npy,2240,a5cf1683716caa1f33595f7ee6cc456b49aa5e6bf45a82a10e06340f1f255513
analysis_artifacts/canonical_run/folds/fold_01/inner/level2/C07/seed_42/inner_01/preprocessing/fit_indices.npy,4344,ee737b7fd867e3ef73a6f7efc7c9d7da38d0c24dcb758dbd667546b770229366
analysis_artifacts/canonical_run/folds/fold_01/inner/level2/C07/seed_42/inner_01/preprocessing/preprocessing_manifest.json,802,2cf51b953725819c578686a6c74faa253a59f839c9e394b4e71c9019611490f5
analysis_artifacts/canonical_run/folds/fold_01/inner/level2/C07/seed_42/inner_01/preprocessing/selected_full_edge_indices.npy,39928,d0e56992c3a996cc123deb930698a07678b740998c6eaf0a7aa806dab0447ec4
analysis_artifacts/canonical_run/folds/fold_01/inner/level2/C07/seed_42/inner_01/result.json,757,1b4e05340729da8d5063f59d968bde33bb5cd219ac8fc5facb5e986a79aaa057
analysis_artifacts/canonical_run/folds/fold_01/inner/level2/C07/seed_42/inner_02/preprocessing/evaluation_indices.npy,2232,c781e320574e5e629c2dfbd1f6678d6ad862698054d031b754c4c60350e75b6e
analysis_artifacts/canonical_run/folds/fold_01/inner/level2/C07/seed_42/inner_02/preprocessing/fit_indices.npy,4352,f7f03297e280440f94ee0131e6451f26b2b6ff167372c76c894288383d146118
analysis_artifacts/canonical_run/folds/fold_01/inner/level2/C07/seed_42/inner_02/preprocessing/preprocessing_manifest.json,802,ac679d5204e248f0c72913470526cc9b5b460d4b7b4510365d32f9c0eda74d99
analysis_artifacts/canonical_run/folds/fold_01/inner/level2/C07/seed_42/inner_02/preprocessing/selected_full_edge_indices.npy,39928,0102a7477e3ef096ccb0322c964d94e694033a717e8cb1a8f67f3dd1f71b2df9
analysis_artifacts/canonical_run/folds/fold_01/inner/level2/C07/seed_42/inner_02/result.json,758,3fdaf5b48fac41ab875dfd3ead2a3a401ddf4c5b01bdb1ce60e8618c0f33e8d7
analysis_artifacts/canonical_run/folds/fold_01/inner/level2/C07/seed_42/inner_oof_evaluation.json,627,75760b795f1beeea3e237241c3886a1ee8563e73445bc0874936b3bd43694453
analysis_artifacts/canonical_run/folds/fold_01/inner/level2/C07/seed_43/inner_00/preprocessing/evaluation_indices.npy,2240,0b9aa2daeec02348370bc6686b7595d98f85ba7e7aa50319bbf894160cb3fe91
analysis_artifacts/canonical_run/folds/fold_01/inner/level2/C07/seed_43/inner_00/preprocessing/fit_indices.npy,4344,9273d12bdfc0a40ac99eeab9f3d9a84ed0eea63e4e45f54e21b333f1364f4969
analysis_artifacts/canonical_run/folds/fold_01/inner/level2/C07/seed_43/inner_00/preprocessing/preprocessing_manifest.json,802,9829d7976d44b3e515ab957cb7bbc874be7f3936ec6a8a93068bf8a251d1384c
analysis_artifacts/canonical_run/folds/fold_01/inner/level2/C07/seed_43/inner_00/preprocessing/selected_full_edge_indices.npy,39928,eefa5836ae7f0cc894e3c2701a6678bf4e3cd262f9dc5be1a6c3e9a71a4870ba
analysis_artifacts/canonical_run/folds/fold_01/inner/level2/C07/seed_43/inner_00/result.json,756,f2d13948d3be2dc79881ea73f3530cfafe7f44b642c3cea1f7ee02e5b6194efa
analysis_artifacts/canonical_run/folds/fold_01/inner/level2/C07/seed_43/inner_01/preprocessing/evaluation_indices.npy,2240,a5cf1683716caa1f33595f7ee6cc456b49aa5e6bf45a82a10e06340f1f255513
analysis_artifacts/canonical_run/folds/fold_01/inner/level2/C07/seed_43/inner_01/preprocessing/fit_indices.npy,4344,ee737b7fd867e3ef73a6f7efc7c9d7da38d0c24dcb758dbd667546b770229366
analysis_artifacts/canonical_run/folds/fold_01/inner/level2/C07/seed_43/inner_01/preprocessing/preprocessing_manifest.json,802,59934787e70cf91ae79d428cdaea2a46d7d919733482fd6523036adb423be90a
analysis_artifacts/canonical_run/folds/fold_01/inner/level2/C07/seed_43/inner_01/preprocessing/selected_full_edge_indices.npy,39928,d0e56992c3a996cc123deb930698a07678b740998c6eaf0a7aa806dab0447ec4
analysis_artifacts/canonical_run/folds/fold_01/inner/level2/C07/seed_43/inner_01/result.json,757,95932c16b9bee7001b61923c268237cc489f01aed64e3c443f5aab7508ab9bbd
analysis_artifacts/canonical_run/folds/fold_01/inner/level2/C07/seed_43/inner_02/preprocessing/evaluation_indices.npy,2232,c781e320574e5e629c2dfbd1f6678d6ad862698054d031b754c4c60350e75b6e
analysis_artifacts/canonical_run/folds/fold_01/inner/level2/C07/seed_43/inner_02/preprocessing/fit_indices.npy,4352,f7f03297e280440f94ee0131e6451f26b2b6ff167372c76c894288383d146118
analysis_artifacts/canonical_run/folds/fold_01/inner/level2/C07/seed_43/inner_02/preprocessing/preprocessing_manifest.json,802,c527a90e7e090fbc4ba32baddc416a2906b4c1f175ffa025e199eda09aa162c8
analysis_artifacts/canonical_run/folds/fold_01/inner/level2/C07/seed_43/inner_02/preprocessing/selected_full_edge_indices.npy,39928,0102a7477e3ef096ccb0322c964d94e694033a717e8cb1a8f67f3dd1f71b2df9
analysis_artifacts/canonical_run/folds/fold_01/inner/level2/C07/seed_43/inner_02/result.json,758,b64823a762abb3930f47b92813bc1ccee4a5d416654f46ce3f562188bb82d350
analysis_artifacts/canonical_run/folds/fold_01/inner/level2/C07/seed_43/inner_oof_evaluation.json,626,f76b723981d1c3443c8644859fd4a78dc63ebf127de5ef3fcd31deb609638433
analysis_artifacts/canonical_run/folds/fold_01/inner/level2/C07/seed_44/inner_00/preprocessing/evaluation_indices.npy,2240,0b9aa2daeec02348370bc6686b7595d98f85ba7e7aa50319bbf894160cb3fe91
analysis_artifacts/canonical_run/folds/fold_01/inner/level2/C07/seed_44/inner_00/preprocessing/fit_indices.npy,4344,9273d12bdfc0a40ac99eeab9f3d9a84ed0eea63e4e45f54e21b333f1364f4969
analysis_artifacts/canonical_run/folds/fold_01/inner/level2/C07/seed_44/inner_00/preprocessing/preprocessing_manifest.json,802,6d604e9c7c677a0c038860be37de18ba3ef6c569cac9fcdf23b381a52d7b68a8
analysis_artifacts/canonical_run/folds/fold_01/inner/level2/C07/seed_44/inner_00/preprocessing/selected_full_edge_indices.npy,39928,eefa5836ae7f0cc894e3c2701a6678bf4e3cd262f9dc5be1a6c3e9a71a4870ba
analysis_artifacts/canonical_run/folds/fold_01/inner/level2/C07/seed_44/inner_00/result.json,756,1352f2c692d01ba1d621287f5fa226bcb9acf123d6ee7e31fb9c300718c13fbd
analysis_artifacts/canonical_run/folds/fold_01/inner/level2/C07/seed_44/inner_01/preprocessing/evaluation_indices.npy,2240,a5cf1683716caa1f33595f7ee6cc456b49aa5e6bf45a82a10e06340f1f255513
analysis_artifacts/canonical_run/folds/fold_01/inner/level2/C07/seed_44/inner_01/preprocessing/fit_indices.npy,4344,ee737b7fd867e3ef73a6f7efc7c9d7da38d0c24dcb758dbd667546b770229366
analysis_artifacts/canonical_run/folds/fold_01/inner/level2/C07/seed_44/inner_01/preprocessing/preprocessing_manifest.json,802,c612548ca2eca4cab39e562a6960c011c58b9743617e98ad4d97e2483c73882d
analysis_artifacts/canonical_run/folds/fold_01/inner/level2/C07/seed_44/inner_01/preprocessing/selected_full_edge_indices.npy,39928,d0e56992c3a996cc123deb930698a07678b740998c6eaf0a7aa806dab0447ec4
analysis_artifacts/canonical_run/folds/fold_01/inner/level2/C07/seed_44/inner_01/result.json,756,85e183ba134cc7b082d5b14a0e1af431364be4fbc56f788b4590354d4d0f0a73
analysis_artifacts/canonical_run/folds/fold_01/inner/level2/C07/seed_44/inner_02/preprocessing/evaluation_indices.npy,2232,c781e320574e5e629c2dfbd1f6678d6ad862698054d031b754c4c60350e75b6e
analysis_artifacts/canonical_run/folds/fold_01/inner/level2/C07/seed_44/inner_02/preprocessing/fit_indices.npy,4352,f7f03297e280440f94ee0131e6451f26b2b6ff167372c76c894288383d146118
analysis_artifacts/canonical_run/folds/fold_01/inner/level2/C07/seed_44/inner_02/preprocessing/preprocessing_manifest.json,802,b0d9c386dfaed647326a98e8870dde2daec7c1ce0c81ac53f56e967c8c7762f8
analysis_artifacts/canonical_run/folds/fold_01/inner/level2/C07/seed_44/inner_02/preprocessing/selected_full_edge_indices.npy,39928,0102a7477e3ef096ccb0322c964d94e694033a717e8cb1a8f67f3dd1f71b2df9
analysis_artifacts/canonical_run/folds/fold_01/inner/level2/C07/seed_44/inner_02/result.json,757,d6da996ccc38c78fceb4a006ed7a1eaa6cac3b40f4cbd0260771a75d83a3c499
analysis_artifacts/canonical_run/folds/fold_01/inner/level2/C07/seed_44/inner_oof_evaluation.json,624,1d2247343405815704ab2ff9d1074d9e4805d898b6d83071be90b882a6be2ded
analysis_artifacts/canonical_run/folds/fold_01/inner/level2/C12/seed_42/inner_00/preprocessing/evaluation_indices.npy,2240,0b9aa2daeec02348370bc6686b7595d98f85ba7e7aa50319bbf894160cb3fe91
analysis_artifacts/canonical_run/folds/fold_01/inner/level2/C12/seed_42/inner_00/preprocessing/fit_indices.npy,4344,9273d12bdfc0a40ac99eeab9f3d9a84ed0eea63e4e45f54e21b333f1364f4969
analysis_artifacts/canonical_run/folds/fold_01/inner/level2/C12/seed_42/inner_00/preprocessing/preprocessing_manifest.json,839,d83b199ca3599c21618f9d2a43514e8eea503d64f77554785bb9edc1fdd1fcbc
analysis_artifacts/canonical_run/folds/fold_01/inner/level2/C12/seed_42/inner_00/preprocessing/selected_full_edge_indices.npy,39928,eefa5836ae7f0cc894e3c2701a6678bf4e3cd262f9dc5be1a6c3e9a71a4870ba
analysis_artifacts/canonical_run/folds/fold_01/inner/level2/C12/seed_42/inner_00/result.json,756,f45381386a75068799fe66a4e9861ce0cb2a0058fd0e9214eaca3f0bb81b94a0
analysis_artifacts/canonical_run/folds/fold_01/inner/level2/C12/seed_42/inner_01/preprocessing/evaluation_indices.npy,2240,a5cf1683716caa1f33595f7ee6cc456b49aa5e6bf45a82a10e06340f1f255513
analysis_artifacts/canonical_run/folds/fold_01/inner/level2/C12/seed_42/inner_01/preprocessing/fit_indices.npy,4344,ee737b7fd867e3ef73a6f7efc7c9d7da38d0c24dcb758dbd667546b770229366
analysis_artifacts/canonical_run/folds/fold_01/inner/level2/C12/seed_42/inner_01/preprocessing/preprocessing_manifest.json,839,f500a02ec857da2c487b816989e9c1599a9d076b2cc4c7c153c06dde4ad82a17
analysis_artifacts/canonical_run/folds/fold_01/inner/level2/C12/seed_42/inner_01/preprocessing/selected_full_edge_indices.npy,39928,d0e56992c3a996cc123deb930698a07678b740998c6eaf0a7aa806dab0447ec4
analysis_artifacts/canonical_run/folds/fold_01/inner/level2/C12/seed_42/inner_01/result.json,757,9fafdc9a86a76c29dcc73fa28a4b51c0045dc64e5d23c08586f81b73197ece79
analysis_artifacts/canonical_run/folds/fold_01/inner/level2/C12/seed_42/inner_02/preprocessing/evaluation_indices.npy,2232,c781e320574e5e629c2dfbd1f6678d6ad862698054d031b754c4c60350e75b6e
analysis_artifacts/canonical_run/folds/fold_01/inner/level2/C12/seed_42/inner_02/preprocessing/fit_indices.npy,4352,f7f03297e280440f94ee0131e6451f26b2b6ff167372c76c894288383d146118
analysis_artifacts/canonical_run/folds/fold_01/inner/level2/C12/seed_42/inner_02/preprocessing/preprocessing_manifest.json,839,2ff6ce797529979a344e5b179c57257cc1a80c14082006cc50dcb1c31b793962
analysis_artifacts/canonical_run/folds/fold_01/inner/level2/C12/seed_42/inner_02/preprocessing/selected_full_edge_indices.npy,39928,0102a7477e3ef096ccb0322c964d94e694033a717e8cb1a8f67f3dd1f71b2df9
analysis_artifacts/canonical_run/folds/fold_01/inner/level2/C12/seed_42/inner_02/result.json,757,c1d2327f8f7d3487432f200fd80ea95fbebba5e2083ef103e75d32e4afa134b5
analysis_artifacts/canonical_run/folds/fold_01/inner/level2/C12/seed_42/inner_oof_evaluation.json,622,dc3b98f70c254be19376c444d3b675fc661ccf0c3a19bbfe68680a5dfbb01744
analysis_artifacts/canonical_run/folds/fold_01/inner/level2/C12/seed_43/inner_00/preprocessing/evaluation_indices.npy,2240,0b9aa2daeec02348370bc6686b7595d98f85ba7e7aa50319bbf894160cb3fe91
analysis_artifacts/canonical_run/folds/fold_01/inner/level2/C12/seed_43/inner_00/preprocessing/fit_indices.npy,4344,9273d12bdfc0a40ac99eeab9f3d9a84ed0eea63e4e45f54e21b333f1364f4969
analysis_artifacts/canonical_run/folds/fold_01/inner/level2/C12/seed_43/inner_00/preprocessing/preprocessing_manifest.json,839,60491105b3476c838f2852efefb52fb0462af77105109a8c5cee704309171520
analysis_artifacts/canonical_run/folds/fold_01/inner/level2/C12/seed_43/inner_00/preprocessing/selected_full_edge_indices.npy,39928,eefa5836ae7f0cc894e3c2701a6678bf4e3cd262f9dc5be1a6c3e9a71a4870ba
analysis_artifacts/canonical_run/folds/fold_01/inner/level2/C12/seed_43/inner_00/result.json,756,265039b8b2e16940994ae281b8f2e3649680f39baed09d1fa0d628c4d87b3064
analysis_artifacts/canonical_run/folds/fold_01/inner/level2/C12/seed_43/inner_01/preprocessing/evaluation_indices.npy,2240,a5cf1683716caa1f33595f7ee6cc456b49aa5e6bf45a82a10e06340f1f255513
analysis_artifacts/canonical_run/folds/fold_01/inner/level2/C12/seed_43/inner_01/preprocessing/fit_indices.npy,4344,ee737b7fd867e3ef73a6f7efc7c9d7da38d0c24dcb758dbd667546b770229366
analysis_artifacts/canonical_run/folds/fold_01/inner/level2/C12/seed_43/inner_01/preprocessing/preprocessing_manifest.json,839,5feb2dedd3ef137c8784350ca9df94e87ff2eb518ddc01e1b1214b107e304cbd
analysis_artifacts/canonical_run/folds/fold_01/inner/level2/C12/seed_43/inner_01/preprocessing/selected_full_edge_indices.npy,39928,d0e56992c3a996cc123deb930698a07678b740998c6eaf0a7aa806dab0447ec4
analysis_artifacts/canonical_run/folds/fold_01/inner/level2/C12/seed_43/inner_01/result.json,757,1b6ce8bc580aacbb343a21600764d14c5c2b49c0f2f4910beede3dcca02cb72e
analysis_artifacts/canonical_run/folds/fold_01/inner/level2/C12/seed_43/inner_02/preprocessing/evaluation_indices.npy,2232,c781e320574e5e629c2dfbd1f6678d6ad862698054d031b754c4c60350e75b6e
analysis_artifacts/canonical_run/folds/fold_01/inner/level2/C12/seed_43/inner_02/preprocessing/fit_indices.npy,4352,f7f03297e280440f94ee0131e6451f26b2b6ff167372c76c894288383d146118
analysis_artifacts/canonical_run/folds/fold_01/inner/level2/C12/seed_43/inner_02/preprocessing/preprocessing_manifest.json,839,01cb937cc8de046eebb013a3195b282f7467c676b654e0445b7404bfa62ec56a
analysis_artifacts/canonical_run/folds/fold_01/inner/level2/C12/seed_43/inner_02/preprocessing/selected_full_edge_indices.npy,39928,0102a7477e3ef096ccb0322c964d94e694033a717e8cb1a8f67f3dd1f71b2df9
analysis_artifacts/canonical_run/folds/fold_01/inner/level2/C12/seed_43/inner_02/result.json,757,f8b5ee293bea56ade3b3fce3b83ffb772ff47885e81fb6aaea59b26e6baf7842
analysis_artifacts/canonical_run/folds/fold_01/inner/level2/C12/seed_43/inner_oof_evaluation.json,625,e850d209fa5f4ee6686e298565e27155583c0b40422939b7729c7537227245cb
analysis_artifacts/canonical_run/folds/fold_01/inner/level2/C12/seed_44/inner_00/preprocessing/evaluation_indices.npy,2240,0b9aa2daeec02348370bc6686b7595d98f85ba7e7aa50319bbf894160cb3fe91
analysis_artifacts/canonical_run/folds/fold_01/inner/level2/C12/seed_44/inner_00/preprocessing/fit_indices.npy,4344,9273d12bdfc0a40ac99eeab9f3d9a84ed0eea63e4e45f54e21b333f1364f4969
analysis_artifacts/canonical_run/folds/fold_01/inner/level2/C12/seed_44/inner_00/preprocessing/preprocessing_manifest.json,839,738e4abb63211fd7f31c166c8e3fc7a6f5545968dd1ab4785a6ff8a952598a98
analysis_artifacts/canonical_run/folds/fold_01/inner/level2/C12/seed_44/inner_00/preprocessing/selected_full_edge_indices.npy,39928,eefa5836ae7f0cc894e3c2701a6678bf4e3cd262f9dc5be1a6c3e9a71a4870ba
analysis_artifacts/canonical_run/folds/fold_01/inner/level2/C12/seed_44/inner_00/result.json,756,53e63b2f60fc811afa55b8e21596344ca872b92ad87f651796ebbcdac3fb1772
analysis_artifacts/canonical_run/folds/fold_01/inner/level2/C12/seed_44/inner_01/preprocessing/evaluation_indices.npy,2240,a5cf1683716caa1f33595f7ee6cc456b49aa5e6bf45a82a10e06340f1f255513
analysis_artifacts/canonical_run/folds/fold_01/inner/level2/C12/seed_44/inner_01/preprocessing/fit_indices.npy,4344,ee737b7fd867e3ef73a6f7efc7c9d7da38d0c24dcb758dbd667546b770229366
analysis_artifacts/canonical_run/folds/fold_01/inner/level2/C12/seed_44/inner_01/preprocessing/preprocessing_manifest.json,839,2b638bb2c049c12dff40447306dda8fe6955e4e218f45be44c210fb702643fd1
analysis_artifacts/canonical_run/folds/fold_01/inner/level2/C12/seed_44/inner_01/preprocessing/selected_full_edge_indices.npy,39928,d0e56992c3a996cc123deb930698a07678b740998c6eaf0a7aa806dab0447ec4
analysis_artifacts/canonical_run/folds/fold_01/inner/level2/C12/seed_44/inner_01/result.json,757,d6c9e4b2d7a2f7546715488a765c8f3a79b1f82f22e6a84ffb2ea6727313fbd0
analysis_artifacts/canonical_run/folds/fold_01/inner/level2/C12/seed_44/inner_02/preprocessing/evaluation_indices.npy,2232,c781e320574e5e629c2dfbd1f6678d6ad862698054d031b754c4c60350e75b6e
analysis_artifacts/canonical_run/folds/fold_01/inner/level2/C12/seed_44/inner_02/preprocessing/fit_indices.npy,4352,f7f03297e280440f94ee0131e6451f26b2b6ff167372c76c894288383d146118
analysis_artifacts/canonical_run/folds/fold_01/inner/level2/C12/seed_44/inner_02/preprocessing/preprocessing_manifest.json,839,7f594da89e9843a4ecfdf9523e5696a61f33b35c101c6e14ec249b330e63e649
analysis_artifacts/canonical_run/folds/fold_01/inner/level2/C12/seed_44/inner_02/preprocessing/selected_full_edge_indices.npy,39928,0102a7477e3ef096ccb0322c964d94e694033a717e8cb1a8f67f3dd1f71b2df9
analysis_artifacts/canonical_run/folds/fold_01/inner/level2/C12/seed_44/inner_02/result.json,758,79e5b01fccc1c3159994a23e5608735f1040a53c2feb6bdc8e0d65f2b372c0ac
analysis_artifacts/canonical_run/folds/fold_01/inner/level2/C12/seed_44/inner_oof_evaluation.json,625,6b6a1c51d6dff16e174b24331c5abd5197a2ed5ba223853f386a196a987efee1
analysis_artifacts/canonical_run/folds/fold_01/inner/level2_final_selection.json,5567,a097cf44c3e481802de6b01c7bf37788a14d1245e0fad36aec0bcdc7a0ab73d5
analysis_artifacts/canonical_run/folds/fold_01/outer_final/seed_42/checkpoint_manifest.json,9789,fec36c4ea85dfc6bc97c02fcd66d2e8522da4d5c72b2bc4c1ea4a332c25b871e
analysis_artifacts/canonical_run/folds/fold_01/outer_final/seed_42/fit_manifest.json,533,0aa83b0d2ae8aaefe3b63b72589f1040feea77b28d325249f00fe82bd8b85757
analysis_artifacts/canonical_run/folds/fold_01/outer_final/seed_42/model_checkpoint.pt,6888054,f254d9bde3e82aa227bcd381b19074c429f800392b01aa46243458a459bccd90
analysis_artifacts/canonical_run/folds/fold_01/outer_final/seed_42/preprocessing/evaluation_indices.npy,832,7a7625fec604f5ffad3e8aa27f920a22702ed969befb3ff7782977d8c3fe1ac7
analysis_artifacts/canonical_run/folds/fold_01/outer_final/seed_42/preprocessing/fit_indices.npy,6456,512535e28b7b08e6a6ead6bed8582d311c0ff4e7f0abf8b9c1bcae94d83cebc8
analysis_artifacts/canonical_run/folds/fold_01/outer_final/seed_42/preprocessing/preprocessing_manifest.json,835,c2e7a2cae8295e3cab717cbac42d35bc89edf1e5acc3e7bbb6bda9a3d6428930
analysis_artifacts/canonical_run/folds/fold_01/outer_final/seed_42/preprocessing/selected_full_edge_indices.npy,39928,ca4f05b9010f01ee4b89d588c28bb4b28df2cef1308e49d06953db6330342863
analysis_artifacts/canonical_run/folds/fold_01/outer_final/seed_42/preprocessing_state.npz,285512,83de6ce6daa344043bcfdf224b0ad1ad2495f3a32615c2ad09794ad5dc63632c
analysis_artifacts/canonical_run/folds/fold_01/outer_final/seed_42/preprocessing_state_manifest.json,2617,10b36fd1aa6f5319f0ad8bc486bd0c273a4fe4e4445877314513f6827b0ffde1
analysis_artifacts/canonical_run/folds/fold_01/outer_final/seed_42/reload_audit.json,3394,fb530b1dd7b8589702ba89ff45bd10a7736abf5313b1599030e2a42ea3a23a2d
analysis_artifacts/canonical_run/folds/fold_01/outer_final/seed_42/test_indices.npy,832,7a7625fec604f5ffad3e8aa27f920a22702ed969befb3ff7782977d8c3fe1ac7
analysis_artifacts/canonical_run/folds/fold_01/outer_final/seed_42/test_outputs.npz,2313,99b6fb8eca248e587ccd011e249929faf8e77e40a95afdb569ded86e32220e40
analysis_artifacts/canonical_run/folds/fold_01/outer_final/seed_42/test_subject_ids.npy,832,80f862f58a9f1f7358b1248ef32a6654ddbd5c4fc6c50fe362694c61501064a6
analysis_artifacts/canonical_run/folds/fold_01/outer_final/seed_42/train_indices.npy,6456,512535e28b7b08e6a6ead6bed8582d311c0ff4e7f0abf8b9c1bcae94d83cebc8
analysis_artifacts/canonical_run/folds/fold_01/outer_final/seed_42/train_subject_ids.npy,6456,2deef132a459143343aedb741017cd188fcea96f984af519775a191b5f2cbf98
analysis_artifacts/canonical_run/folds/fold_01/outer_final/seed_43/checkpoint_manifest.json,9789,2bc5e86c44f7aefc5ca4d2720a5597e675b12cda42a3f9a420f313be964e7826
analysis_artifacts/canonical_run/folds/fold_01/outer_final/seed_43/fit_manifest.json,533,57c440c3e4e4936134d581e2a9bf8b7fd0353c53ff7cc7a5315379385740c892
analysis_artifacts/canonical_run/folds/fold_01/outer_final/seed_43/model_checkpoint.pt,6888054,daad350e4ba72bd902ce5da989a6d00c62555e7175a29b181ff5a58435d34c27
analysis_artifacts/canonical_run/folds/fold_01/outer_final/seed_43/preprocessing/evaluation_indices.npy,832,7a7625fec604f5ffad3e8aa27f920a22702ed969befb3ff7782977d8c3fe1ac7
analysis_artifacts/canonical_run/folds/fold_01/outer_final/seed_43/preprocessing/fit_indices.npy,6456,512535e28b7b08e6a6ead6bed8582d311c0ff4e7f0abf8b9c1bcae94d83cebc8
analysis_artifacts/canonical_run/folds/fold_01/outer_final/seed_43/preprocessing/preprocessing_manifest.json,835,bb6f062f2c64ac65fe725450f02ae2a4e57fed7a7a220e07482020bdabbc109a
analysis_artifacts/canonical_run/folds/fold_01/outer_final/seed_43/preprocessing/selected_full_edge_indices.npy,39928,ca4f05b9010f01ee4b89d588c28bb4b28df2cef1308e49d06953db6330342863
analysis_artifacts/canonical_run/folds/fold_01/outer_final/seed_43/preprocessing_state.npz,285512,83de6ce6daa344043bcfdf224b0ad1ad2495f3a32615c2ad09794ad5dc63632c
analysis_artifacts/canonical_run/folds/fold_01/outer_final/seed_43/preprocessing_state_manifest.json,2617,c8240c36e89839fb7836ff28223d1ab4516e9523bcbb29e989553e1380859257
analysis_artifacts/canonical_run/folds/fold_01/outer_final/seed_43/reload_audit.json,3394,ee143c19ffbfd2a22e7128f94ece6bbd8d27cbf8b2af591949424a3189f1583e
analysis_artifacts/canonical_run/folds/fold_01/outer_final/seed_43/test_indices.npy,832,7a7625fec604f5ffad3e8aa27f920a22702ed969befb3ff7782977d8c3fe1ac7
analysis_artifacts/canonical_run/folds/fold_01/outer_final/seed_43/test_outputs.npz,2347,12d3a6e6e770d3e4eeb4ebf475f4a82069a1c9cc313c1e1ebd0420e4e7993020
analysis_artifacts/canonical_run/folds/fold_01/outer_final/seed_43/test_subject_ids.npy,832,80f862f58a9f1f7358b1248ef32a6654ddbd5c4fc6c50fe362694c61501064a6
analysis_artifacts/canonical_run/folds/fold_01/outer_final/seed_43/train_indices.npy,6456,512535e28b7b08e6a6ead6bed8582d311c0ff4e7f0abf8b9c1bcae94d83cebc8
analysis_artifacts/canonical_run/folds/fold_01/outer_final/seed_43/train_subject_ids.npy,6456,2deef132a459143343aedb741017cd188fcea96f984af519775a191b5f2cbf98
analysis_artifacts/canonical_run/folds/fold_01/outer_final/seed_44/checkpoint_manifest.json,9789,dbac29cf218934bf9e71d6d1a3903dcedcd40e71341d68f7c8905a5f96b0866c
analysis_artifacts/canonical_run/folds/fold_01/outer_final/seed_44/fit_manifest.json,533,f7cd1091ab1478ff389a8fa6ee57344469676a498ebd22419ad48dd44e4a2d72
analysis_artifacts/canonical_run/folds/fold_01/outer_final/seed_44/model_checkpoint.pt,6888054,8c2a0d5f1f4607863eb064965f614b519eb6b5831056f833907e035d762678d6
analysis_artifacts/canonical_run/folds/fold_01/outer_final/seed_44/preprocessing/evaluation_indices.npy,832,7a7625fec604f5ffad3e8aa27f920a22702ed969befb3ff7782977d8c3fe1ac7
analysis_artifacts/canonical_run/folds/fold_01/outer_final/seed_44/preprocessing/fit_indices.npy,6456,512535e28b7b08e6a6ead6bed8582d311c0ff4e7f0abf8b9c1bcae94d83cebc8
analysis_artifacts/canonical_run/folds/fold_01/outer_final/seed_44/preprocessing/preprocessing_manifest.json,835,0253e4ad98cdf4acc909811cb68895484ad97628649402d1bc0271c058fe7861
analysis_artifacts/canonical_run/folds/fold_01/outer_final/seed_44/preprocessing/selected_full_edge_indices.npy,39928,ca4f05b9010f01ee4b89d588c28bb4b28df2cef1308e49d06953db6330342863
analysis_artifacts/canonical_run/folds/fold_01/outer_final/seed_44/preprocessing_state.npz,285512,83de6ce6daa344043bcfdf224b0ad1ad2495f3a32615c2ad09794ad5dc63632c
analysis_artifacts/canonical_run/folds/fold_01/outer_final/seed_44/preprocessing_state_manifest.json,2617,3942aca73466daf6d8567747f60be32b5e4fbab04f4b9f7141865e35656517a1
analysis_artifacts/canonical_run/folds/fold_01/outer_final/seed_44/reload_audit.json,3394,d3f6024da7833188733dd4766273b940e5bed9d6e5623853f4194c222482ed01
analysis_artifacts/canonical_run/folds/fold_01/outer_final/seed_44/test_indices.npy,832,7a7625fec604f5ffad3e8aa27f920a22702ed969befb3ff7782977d8c3fe1ac7
analysis_artifacts/canonical_run/folds/fold_01/outer_final/seed_44/test_outputs.npz,2379,7389e48a692be213233451fe719f8d021500d1eee6e79027c83a73a08eabef49
analysis_artifacts/canonical_run/folds/fold_01/outer_final/seed_44/test_subject_ids.npy,832,80f862f58a9f1f7358b1248ef32a6654ddbd5c4fc6c50fe362694c61501064a6
analysis_artifacts/canonical_run/folds/fold_01/outer_final/seed_44/train_indices.npy,6456,512535e28b7b08e6a6ead6bed8582d311c0ff4e7f0abf8b9c1bcae94d83cebc8
analysis_artifacts/canonical_run/folds/fold_01/outer_final/seed_44/train_subject_ids.npy,6456,2deef132a459143343aedb741017cd188fcea96f984af519775a191b5f2cbf98
analysis_artifacts/canonical_run/folds/fold_01/outer_final/seed_predictions.npz,4630,4f8a385ed527882cea605e4a2cf3b0a4fb53675867e9164707808756a588a2d8
analysis_artifacts/canonical_run/folds/fold_01/stage_a_summary.json,3059,c1804381c5a9a29b470617d4fb6e641d0b36903d00f53392a55be07171c3cd44
analysis_artifacts/canonical_run/folds/fold_01/stage_b_outer_metrics.json,1500,a28ad8046c9c0f78cf5584af68eb067c4dcf982bdc46518eeab56f4722585676
analysis_artifacts/canonical_run/folds/fold_02/canonical_fold_completion.json,1866,a487d62a14010a9a675a3f1016f4dee285c9e7e901e14af733149b39a0949d5a
analysis_artifacts/canonical_run/folds/fold_02/frozen_outer_test_predictions.npz,4146,a861698b5fd7230a7edba29f3183c5aad13f18f3850896fb4aed7e4f4155a173
analysis_artifacts/canonical_run/folds/fold_02/frozen_prediction_manifest.json,1823,f5480440da5bcac1fc0dd1804fffd3a3800333ba1daedc9f807a02dcbbaf0d96
analysis_artifacts/canonical_run/folds/fold_02/inner/calibration.json,627,baaa2af892591382946b3831c215e3e3866e9860edd93c504cbfb57cbbcad332
analysis_artifacts/canonical_run/folds/fold_02/inner/level1/C01/seed_42/inner_00/preprocessing/evaluation_indices.npy,2240,c3d42fc0f04c68151ead9b1b6decd9071c338f3c9c72e12bf574393ca4d77f6a
analysis_artifacts/canonical_run/folds/fold_02/inner/level1/C01/seed_42/inner_00/preprocessing/fit_indices.npy,4344,13f8fdee45fba1b35b7186e481e5a4d0f0ded476f2b7cbe15e7232bc234d1e50
analysis_artifacts/canonical_run/folds/fold_02/inner/level1/C01/seed_42/inner_00/preprocessing/preprocessing_manifest.json,800,68cc2f48878edbbc87aae997f133ba9d379f08796296679944f47ea7f63b790c
analysis_artifacts/canonical_run/folds/fold_02/inner/level1/C01/seed_42/inner_00/preprocessing/selected_full_edge_indices.npy,8128,eb47e23ace1d32ab2582ed043d2bbfce78c117e30cf3e1f5c04cbba41ca3af1b
analysis_artifacts/canonical_run/folds/fold_02/inner/level1/C01/seed_42/inner_00/rung1_result.json,756,586dfa12b90683cc00607f5773b8b02f0c26e4ac246b6dc2acf90382c71f0d58
analysis_artifacts/canonical_run/folds/fold_02/inner/level1/C01/seed_42/inner_01/preprocessing/evaluation_indices.npy,2240,0805ca514ac600a100a67f33390586bcba2b98840861a94ae65c30545134b53e
analysis_artifacts/canonical_run/folds/fold_02/inner/level1/C01/seed_42/inner_01/preprocessing/fit_indices.npy,4344,8329dcba83ff8e3780bea368eb01051ce96d6f1d2d2f03194c0e5bd496537047
analysis_artifacts/canonical_run/folds/fold_02/inner/level1/C01/seed_42/inner_01/preprocessing/preprocessing_manifest.json,800,467f0b4c5ff76b10170fc4adc8b753ba9c9635f420869b8fcd5dd22736fcd599
analysis_artifacts/canonical_run/folds/fold_02/inner/level1/C01/seed_42/inner_01/preprocessing/selected_full_edge_indices.npy,8128,31d37f75f491dd99077120a96033025a5cf33f18f072bc917ec5cd77372e60c2
analysis_artifacts/canonical_run/folds/fold_02/inner/level1/C01/seed_42/inner_01/rung1_result.json,756,c5ae925fa4bc5b9fd40c2a351dd3b30039be4fe21ba262f379da80dba232d959
analysis_artifacts/canonical_run/folds/fold_02/inner/level1/C01/seed_42/inner_02/preprocessing/evaluation_indices.npy,2232,59b3dc10fde52d96304e6556eb68bd7a3076b09f29075ed445458426e5cf8855
analysis_artifacts/canonical_run/folds/fold_02/inner/level1/C01/seed_42/inner_02/preprocessing/fit_indices.npy,4352,a626a979612c1deb83535d4708cebc04d0ee3c4e6e31a0e63b0a4e41c2dc230f
analysis_artifacts/canonical_run/folds/fold_02/inner/level1/C01/seed_42/inner_02/preprocessing/preprocessing_manifest.json,800,9e421bfd8f858d9a44fa982e9302936fb52c5cc59086400bedd5cf5de1c3aebe
analysis_artifacts/canonical_run/folds/fold_02/inner/level1/C01/seed_42/inner_02/preprocessing/selected_full_edge_indices.npy,8128,868d7332cb1649013e30ae7a9e1635d9e05d8b2aa7e74c72f5f78f587a9db843
analysis_artifacts/canonical_run/folds/fold_02/inner/level1/C01/seed_42/inner_02/rung1_result.json,756,bf5dd173fdb28ba37a7e4485b4238e3a1436031aa5e8d4ead1523776ea27322d
analysis_artifacts/canonical_run/folds/fold_02/inner/level1/C02/seed_42/inner_00/preprocessing/evaluation_indices.npy,2240,c3d42fc0f04c68151ead9b1b6decd9071c338f3c9c72e12bf574393ca4d77f6a
analysis_artifacts/canonical_run/folds/fold_02/inner/level1/C02/seed_42/inner_00/preprocessing/fit_indices.npy,4344,13f8fdee45fba1b35b7186e481e5a4d0f0ded476f2b7cbe15e7232bc234d1e50
analysis_artifacts/canonical_run/folds/fold_02/inner/level1/C02/seed_42/inner_00/preprocessing/preprocessing_manifest.json,800,98abc659f237e261980b9aa88e0fde3130d4ed988946d86d0a004b946f47c57e
analysis_artifacts/canonical_run/folds/fold_02/inner/level1/C02/seed_42/inner_00/preprocessing/selected_full_edge_indices.npy,8128,eb47e23ace1d32ab2582ed043d2bbfce78c117e30cf3e1f5c04cbba41ca3af1b
analysis_artifacts/canonical_run/folds/fold_02/inner/level1/C02/seed_42/inner_00/rung1_result.json,756,ed03be1c393680a76de995a0635b831b2bf23bf9b67e6831a15de50537d5b116
analysis_artifacts/canonical_run/folds/fold_02/inner/level1/C02/seed_42/inner_01/preprocessing/evaluation_indices.npy,2240,0805ca514ac600a100a67f33390586bcba2b98840861a94ae65c30545134b53e
analysis_artifacts/canonical_run/folds/fold_02/inner/level1/C02/seed_42/inner_01/preprocessing/fit_indices.npy,4344,8329dcba83ff8e3780bea368eb01051ce96d6f1d2d2f03194c0e5bd496537047
analysis_artifacts/canonical_run/folds/fold_02/inner/level1/C02/seed_42/inner_01/preprocessing/preprocessing_manifest.json,800,c6ac53b3f21d74f261c248509149b6f6d65e36aad510616384f8249a611d00e5
analysis_artifacts/canonical_run/folds/fold_02/inner/level1/C02/seed_42/inner_01/preprocessing/selected_full_edge_indices.npy,8128,31d37f75f491dd99077120a96033025a5cf33f18f072bc917ec5cd77372e60c2
analysis_artifacts/canonical_run/folds/fold_02/inner/level1/C02/seed_42/inner_01/rung1_result.json,755,b7e925ed7107e356d0bbef071b53e677f08907b318c0dd076e4908e5753c996e
analysis_artifacts/canonical_run/folds/fold_02/inner/level1/C02/seed_42/inner_02/preprocessing/evaluation_indices.npy,2232,59b3dc10fde52d96304e6556eb68bd7a3076b09f29075ed445458426e5cf8855
analysis_artifacts/canonical_run/folds/fold_02/inner/level1/C02/seed_42/inner_02/preprocessing/fit_indices.npy,4352,a626a979612c1deb83535d4708cebc04d0ee3c4e6e31a0e63b0a4e41c2dc230f
analysis_artifacts/canonical_run/folds/fold_02/inner/level1/C02/seed_42/inner_02/preprocessing/preprocessing_manifest.json,800,ea5f3c975d9be70cbca45bb28ba507f85aeece3aa9e090b11f656eebc1566ef4
analysis_artifacts/canonical_run/folds/fold_02/inner/level1/C02/seed_42/inner_02/preprocessing/selected_full_edge_indices.npy,8128,868d7332cb1649013e30ae7a9e1635d9e05d8b2aa7e74c72f5f78f587a9db843
analysis_artifacts/canonical_run/folds/fold_02/inner/level1/C02/seed_42/inner_02/rung1_result.json,756,0e314c4bb941cd3ce576ae3a4258fcd66194ac8632fa7f2395ea25618b768437
analysis_artifacts/canonical_run/folds/fold_02/inner/level1/C03/seed_42/inner_00/preprocessing/evaluation_indices.npy,2240,c3d42fc0f04c68151ead9b1b6decd9071c338f3c9c72e12bf574393ca4d77f6a
analysis_artifacts/canonical_run/folds/fold_02/inner/level1/C03/seed_42/inner_00/preprocessing/fit_indices.npy,4344,13f8fdee45fba1b35b7186e481e5a4d0f0ded476f2b7cbe15e7232bc234d1e50
analysis_artifacts/canonical_run/folds/fold_02/inner/level1/C03/seed_42/inner_00/preprocessing/preprocessing_manifest.json,800,abf2a4c585b1ee7d30da775cc66dab5bd809a97220b93d72738c43f7d9fd1746
analysis_artifacts/canonical_run/folds/fold_02/inner/level1/C03/seed_42/inner_00/preprocessing/selected_full_edge_indices.npy,20128,f1361326ecfeb2520d106e82e7022ca383a4d387960ae613858c78e428c8fbe3
analysis_artifacts/canonical_run/folds/fold_02/inner/level1/C03/seed_42/inner_00/rung1_result.json,755,666f668e0d71d7e738dd1a153dc63735846dbfe6dc338f5865c21c1a7fe20bb4
analysis_artifacts/canonical_run/folds/fold_02/inner/level1/C03/seed_42/inner_00/rung2_result.json,756,433381b84a54d0df8b2a106a4e400106d703e19eb9bdf4c061ff77eff7e34492
analysis_artifacts/canonical_run/folds/fold_02/inner/level1/C03/seed_42/inner_01/preprocessing/evaluation_indices.npy,2240,0805ca514ac600a100a67f33390586bcba2b98840861a94ae65c30545134b53e
analysis_artifacts/canonical_run/folds/fold_02/inner/level1/C03/seed_42/inner_01/preprocessing/fit_indices.npy,4344,8329dcba83ff8e3780bea368eb01051ce96d6f1d2d2f03194c0e5bd496537047
analysis_artifacts/canonical_run/folds/fold_02/inner/level1/C03/seed_42/inner_01/preprocessing/preprocessing_manifest.json,800,82075acf78a6a1b74ef1f6d450a7ad5795ddf30b3e5432024d7f04109650495d
analysis_artifacts/canonical_run/folds/fold_02/inner/level1/C03/seed_42/inner_01/preprocessing/selected_full_edge_indices.npy,20128,02143218c5ea93391ba30c85ea210e6f7be2d5309657fb5a9fa3bf7423f90dc2
analysis_artifacts/canonical_run/folds/fold_02/inner/level1/C03/seed_42/inner_01/rung1_result.json,756,037c1d3edaf2737d5495882b252694a46ed17fc641ed255483fac74d7739f6fa
analysis_artifacts/canonical_run/folds/fold_02/inner/level1/C03/seed_42/inner_01/rung2_result.json,757,9e717233634b90d5d6ababe022a60c42c368676dbab9c050c33f60c453000e0c
analysis_artifacts/canonical_run/folds/fold_02/inner/level1/C03/seed_42/inner_02/preprocessing/evaluation_indices.npy,2232,59b3dc10fde52d96304e6556eb68bd7a3076b09f29075ed445458426e5cf8855
analysis_artifacts/canonical_run/folds/fold_02/inner/level1/C03/seed_42/inner_02/preprocessing/fit_indices.npy,4352,a626a979612c1deb83535d4708cebc04d0ee3c4e6e31a0e63b0a4e41c2dc230f
analysis_artifacts/canonical_run/folds/fold_02/inner/level1/C03/seed_42/inner_02/preprocessing/preprocessing_manifest.json,800,9bdd490d985bb7d4bc394d5bec44469e57cc00e4300abb69a5c7f771903c0ad6
analysis_artifacts/canonical_run/folds/fold_02/inner/level1/C03/seed_42/inner_02/preprocessing/selected_full_edge_indices.npy,20128,a86066d9a154c8b1efcdf9932b92268796dccdf84e448dc688f2e3f4fce51544
analysis_artifacts/canonical_run/folds/fold_02/inner/level1/C03/seed_42/inner_02/rung1_result.json,756,be653278977e1d7f67b5f567367a4b16a50954cb59a5c37b2d61ec65d912b6f9
analysis_artifacts/canonical_run/folds/fold_02/inner/level1/C03/seed_42/inner_02/rung2_result.json,757,b656559667eac310c487c355808ba88663e78bc39a3dd4da40ccccc19330e1b6
analysis_artifacts/canonical_run/folds/fold_02/inner/level1/C04/seed_42/inner_00/preprocessing/evaluation_indices.npy,2240,c3d42fc0f04c68151ead9b1b6decd9071c338f3c9c72e12bf574393ca4d77f6a
analysis_artifacts/canonical_run/folds/fold_02/inner/level1/C04/seed_42/inner_00/preprocessing/fit_indices.npy,4344,13f8fdee45fba1b35b7186e481e5a4d0f0ded476f2b7cbe15e7232bc234d1e50
analysis_artifacts/canonical_run/folds/fold_02/inner/level1/C04/seed_42/inner_00/preprocessing/preprocessing_manifest.json,800,07aff58b0cfd794a3122f65affc47f687687bb6243dbec08847900ffc36f98ac
analysis_artifacts/canonical_run/folds/fold_02/inner/level1/C04/seed_42/inner_00/preprocessing/selected_full_edge_indices.npy,20128,f1361326ecfeb2520d106e82e7022ca383a4d387960ae613858c78e428c8fbe3
analysis_artifacts/canonical_run/folds/fold_02/inner/level1/C04/seed_42/inner_00/rung1_result.json,755,2a4ba8bdd3690bafbed5da26a97f86fa5f42acd7acdf440f04be1bb3bd9d4482
analysis_artifacts/canonical_run/folds/fold_02/inner/level1/C04/seed_42/inner_01/preprocessing/evaluation_indices.npy,2240,0805ca514ac600a100a67f33390586bcba2b98840861a94ae65c30545134b53e
analysis_artifacts/canonical_run/folds/fold_02/inner/level1/C04/seed_42/inner_01/preprocessing/fit_indices.npy,4344,8329dcba83ff8e3780bea368eb01051ce96d6f1d2d2f03194c0e5bd496537047
analysis_artifacts/canonical_run/folds/fold_02/inner/level1/C04/seed_42/inner_01/preprocessing/preprocessing_manifest.json,800,c5118e3c2a9f31f963e79ea4c22f70be784abdb3ba3c7e6a1682e071ac406a15
analysis_artifacts/canonical_run/folds/fold_02/inner/level1/C04/seed_42/inner_01/preprocessing/selected_full_edge_indices.npy,20128,02143218c5ea93391ba30c85ea210e6f7be2d5309657fb5a9fa3bf7423f90dc2
analysis_artifacts/canonical_run/folds/fold_02/inner/level1/C04/seed_42/inner_01/rung1_result.json,754,3a24335fdff7fdd7ef388c8b2dec881fc7fa357c295458de1c1edab00f6e9280
analysis_artifacts/canonical_run/folds/fold_02/inner/level1/C04/seed_42/inner_02/preprocessing/evaluation_indices.npy,2232,59b3dc10fde52d96304e6556eb68bd7a3076b09f29075ed445458426e5cf8855
analysis_artifacts/canonical_run/folds/fold_02/inner/level1/C04/seed_42/inner_02/preprocessing/fit_indices.npy,4352,a626a979612c1deb83535d4708cebc04d0ee3c4e6e31a0e63b0a4e41c2dc230f
analysis_artifacts/canonical_run/folds/fold_02/inner/level1/C04/seed_42/inner_02/preprocessing/preprocessing_manifest.json,800,cc982963e2c2c0566cee2b70127a4a7bcccc20cf9ffc0283faddd5cdcad40876
analysis_artifacts/canonical_run/folds/fold_02/inner/level1/C04/seed_42/inner_02/preprocessing/selected_full_edge_indices.npy,20128,a86066d9a154c8b1efcdf9932b92268796dccdf84e448dc688f2e3f4fce51544
analysis_artifacts/canonical_run/folds/fold_02/inner/level1/C04/seed_42/inner_02/rung1_result.json,756,b46e5d1fc4a7b705606d9eaeb62ccb11eb7c3a653721a60fc4bc5ccadff91ae7
analysis_artifacts/canonical_run/folds/fold_02/inner/level1/C05/seed_42/inner_00/preprocessing/evaluation_indices.npy,2240,c3d42fc0f04c68151ead9b1b6decd9071c338f3c9c72e12bf574393ca4d77f6a
analysis_artifacts/canonical_run/folds/fold_02/inner/level1/C05/seed_42/inner_00/preprocessing/fit_indices.npy,4344,13f8fdee45fba1b35b7186e481e5a4d0f0ded476f2b7cbe15e7232bc234d1e50
analysis_artifacts/canonical_run/folds/fold_02/inner/level1/C05/seed_42/inner_00/preprocessing/preprocessing_manifest.json,800,f6ad1f676eb0762640bba8341a1edfe7254e3f2280fc0c3a82ae62b85f277d75
analysis_artifacts/canonical_run/folds/fold_02/inner/level1/C05/seed_42/inner_00/preprocessing/selected_full_edge_indices.npy,39928,1fef97de4f9f3cc9a8703a9a024e6ce5e0481dfc301851877b249f6bd9a13814
analysis_artifacts/canonical_run/folds/fold_02/inner/level1/C05/seed_42/inner_00/rung1_result.json,756,7700bc16cd10a91d66c298a1177467ea4fc11e185701b70bb878eac673869956
analysis_artifacts/canonical_run/folds/fold_02/inner/level1/C05/seed_42/inner_01/preprocessing/evaluation_indices.npy,2240,0805ca514ac600a100a67f33390586bcba2b98840861a94ae65c30545134b53e
analysis_artifacts/canonical_run/folds/fold_02/inner/level1/C05/seed_42/inner_01/preprocessing/fit_indices.npy,4344,8329dcba83ff8e3780bea368eb01051ce96d6f1d2d2f03194c0e5bd496537047
analysis_artifacts/canonical_run/folds/fold_02/inner/level1/C05/seed_42/inner_01/preprocessing/preprocessing_manifest.json,800,9c1d322cce49e8885bc5a500ff1fb96abebbe83a783b1b78e311cc4da1925e2f
analysis_artifacts/canonical_run/folds/fold_02/inner/level1/C05/seed_42/inner_01/preprocessing/selected_full_edge_indices.npy,39928,6681dec0770f611ead18f77e2c71705c9ea4d27b5bedbb4d0dfd4d40cc2f246b
analysis_artifacts/canonical_run/folds/fold_02/inner/level1/C05/seed_42/inner_01/rung1_result.json,755,0e15ba3c78fe9f16578b46fec48e7185e2a425da5122164ea34bca6ac354274f
analysis_artifacts/canonical_run/folds/fold_02/inner/level1/C05/seed_42/inner_02/preprocessing/evaluation_indices.npy,2232,59b3dc10fde52d96304e6556eb68bd7a3076b09f29075ed445458426e5cf8855
analysis_artifacts/canonical_run/folds/fold_02/inner/level1/C05/seed_42/inner_02/preprocessing/fit_indices.npy,4352,a626a979612c1deb83535d4708cebc04d0ee3c4e6e31a0e63b0a4e41c2dc230f
analysis_artifacts/canonical_run/folds/fold_02/inner/level1/C05/seed_42/inner_02/preprocessing/preprocessing_manifest.json,800,7979b1a927fb48587512b86c5b92d00f4b3eddce3dbf99ef06d2e5363f53e291
analysis_artifacts/canonical_run/folds/fold_02/inner/level1/C05/seed_42/inner_02/preprocessing/selected_full_edge_indices.npy,39928,1dbb238676ae17186731e8f7509abc4321fa6c421f7985cae87cf92e2d0ee6fa
analysis_artifacts/canonical_run/folds/fold_02/inner/level1/C05/seed_42/inner_02/rung1_result.json,756,8bb99a575fe67a3d251801fea0238278a67b01ce5dcdd9f1f3e57573ad242fde
analysis_artifacts/canonical_run/folds/fold_02/inner/level1/C06/seed_42/inner_00/preprocessing/evaluation_indices.npy,2240,c3d42fc0f04c68151ead9b1b6decd9071c338f3c9c72e12bf574393ca4d77f6a
analysis_artifacts/canonical_run/folds/fold_02/inner/level1/C06/seed_42/inner_00/preprocessing/fit_indices.npy,4344,13f8fdee45fba1b35b7186e481e5a4d0f0ded476f2b7cbe15e7232bc234d1e50
analysis_artifacts/canonical_run/folds/fold_02/inner/level1/C06/seed_42/inner_00/preprocessing/preprocessing_manifest.json,800,994bd92d8784b1a417f11de727c6acfe3604c892789e2333bf067946eee8f77b
analysis_artifacts/canonical_run/folds/fold_02/inner/level1/C06/seed_42/inner_00/preprocessing/selected_full_edge_indices.npy,39928,1fef97de4f9f3cc9a8703a9a024e6ce5e0481dfc301851877b249f6bd9a13814
analysis_artifacts/canonical_run/folds/fold_02/inner/level1/C06/seed_42/inner_00/rung1_result.json,756,89dfdebc87d282b51ae64d665abd9acb7b6f52861000fe0f55345952fb181e9d
analysis_artifacts/canonical_run/folds/fold_02/inner/level1/C06/seed_42/inner_01/preprocessing/evaluation_indices.npy,2240,0805ca514ac600a100a67f33390586bcba2b98840861a94ae65c30545134b53e
analysis_artifacts/canonical_run/folds/fold_02/inner/level1/C06/seed_42/inner_01/preprocessing/fit_indices.npy,4344,8329dcba83ff8e3780bea368eb01051ce96d6f1d2d2f03194c0e5bd496537047
analysis_artifacts/canonical_run/folds/fold_02/inner/level1/C06/seed_42/inner_01/preprocessing/preprocessing_manifest.json,800,7938eea2f2bd55fab6903b25951575d62ac51e2f3045da26bd8eb3ccc2c1093b
analysis_artifacts/canonical_run/folds/fold_02/inner/level1/C06/seed_42/inner_01/preprocessing/selected_full_edge_indices.npy,39928,6681dec0770f611ead18f77e2c71705c9ea4d27b5bedbb4d0dfd4d40cc2f246b
analysis_artifacts/canonical_run/folds/fold_02/inner/level1/C06/seed_42/inner_01/rung1_result.json,755,c59ddd29a67158c22e40fbbb9fc47ef20c7d50daa30574e4126b90f2c4f8db12
analysis_artifacts/canonical_run/folds/fold_02/inner/level1/C06/seed_42/inner_02/preprocessing/evaluation_indices.npy,2232,59b3dc10fde52d96304e6556eb68bd7a3076b09f29075ed445458426e5cf8855
analysis_artifacts/canonical_run/folds/fold_02/inner/level1/C06/seed_42/inner_02/preprocessing/fit_indices.npy,4352,a626a979612c1deb83535d4708cebc04d0ee3c4e6e31a0e63b0a4e41c2dc230f
analysis_artifacts/canonical_run/folds/fold_02/inner/level1/C06/seed_42/inner_02/preprocessing/preprocessing_manifest.json,800,fc2c44593f729f8897f99d3adbce3dd0d443c98b4024d130c50cb43d54061acb
analysis_artifacts/canonical_run/folds/fold_02/inner/level1/C06/seed_42/inner_02/preprocessing/selected_full_edge_indices.npy,39928,1dbb238676ae17186731e8f7509abc4321fa6c421f7985cae87cf92e2d0ee6fa
analysis_artifacts/canonical_run/folds/fold_02/inner/level1/C06/seed_42/inner_02/rung1_result.json,756,6f2c49062e54c6aa47f6e8517fc5cfc50045592d3962fd77ab35d23acf0db435
analysis_artifacts/canonical_run/folds/fold_02/inner/level1/C07/seed_42/inner_00/preprocessing/evaluation_indices.npy,2240,c3d42fc0f04c68151ead9b1b6decd9071c338f3c9c72e12bf574393ca4d77f6a
analysis_artifacts/canonical_run/folds/fold_02/inner/level1/C07/seed_42/inner_00/preprocessing/fit_indices.npy,4344,13f8fdee45fba1b35b7186e481e5a4d0f0ded476f2b7cbe15e7232bc234d1e50
analysis_artifacts/canonical_run/folds/fold_02/inner/level1/C07/seed_42/inner_00/preprocessing/preprocessing_manifest.json,802,e6cc3e9bcc141e1c747a5c32139b8d45bbf2597ec6116eb2fe5672c7f2ddc223
analysis_artifacts/canonical_run/folds/fold_02/inner/level1/C07/seed_42/inner_00/preprocessing/selected_full_edge_indices.npy,39928,1fef97de4f9f3cc9a8703a9a024e6ce5e0481dfc301851877b249f6bd9a13814
analysis_artifacts/canonical_run/folds/fold_02/inner/level1/C07/seed_42/inner_00/rung1_result.json,756,32bc2bd34d149d807f01fb80722e406840c22dbb544449b7378389d448cde5d2
analysis_artifacts/canonical_run/folds/fold_02/inner/level1/C07/seed_42/inner_00/rung2_result.json,757,2d272b2b1b865fb0f021b57a882ec406a2909635f6240b95ca0bb5da334c24cd
analysis_artifacts/canonical_run/folds/fold_02/inner/level1/C07/seed_42/inner_01/preprocessing/evaluation_indices.npy,2240,0805ca514ac600a100a67f33390586bcba2b98840861a94ae65c30545134b53e
analysis_artifacts/canonical_run/folds/fold_02/inner/level1/C07/seed_42/inner_01/preprocessing/fit_indices.npy,4344,8329dcba83ff8e3780bea368eb01051ce96d6f1d2d2f03194c0e5bd496537047
analysis_artifacts/canonical_run/folds/fold_02/inner/level1/C07/seed_42/inner_01/preprocessing/preprocessing_manifest.json,802,7134ead590d91e3ae3d2d2165b9f39c65a05bf3ac0c78ae3eb163f0f34809669
analysis_artifacts/canonical_run/folds/fold_02/inner/level1/C07/seed_42/inner_01/preprocessing/selected_full_edge_indices.npy,39928,6681dec0770f611ead18f77e2c71705c9ea4d27b5bedbb4d0dfd4d40cc2f246b
analysis_artifacts/canonical_run/folds/fold_02/inner/level1/C07/seed_42/inner_01/rung1_result.json,755,566649f379640d23eec287632d569752c176eaa017f9497e6d66a9d162f7ef4d
analysis_artifacts/canonical_run/folds/fold_02/inner/level1/C07/seed_42/inner_01/rung2_result.json,756,4f0259e13de93ae2fdaf3e96b5418392eb99c4a575e4e9740031eb6cd3d8ed30
analysis_artifacts/canonical_run/folds/fold_02/inner/level1/C07/seed_42/inner_02/preprocessing/evaluation_indices.npy,2232,59b3dc10fde52d96304e6556eb68bd7a3076b09f29075ed445458426e5cf8855
analysis_artifacts/canonical_run/folds/fold_02/inner/level1/C07/seed_42/inner_02/preprocessing/fit_indices.npy,4352,a626a979612c1deb83535d4708cebc04d0ee3c4e6e31a0e63b0a4e41c2dc230f
analysis_artifacts/canonical_run/folds/fold_02/inner/level1/C07/seed_42/inner_02/preprocessing/preprocessing_manifest.json,802,27f4ca76390af45b398e0afc10e63f9a2235a80989dda265ed7a9b61647ee686
analysis_artifacts/canonical_run/folds/fold_02/inner/level1/C07/seed_42/inner_02/preprocessing/selected_full_edge_indices.npy,39928,1dbb238676ae17186731e8f7509abc4321fa6c421f7985cae87cf92e2d0ee6fa
analysis_artifacts/canonical_run/folds/fold_02/inner/level1/C07/seed_42/inner_02/rung1_result.json,756,e77250f28d5fb541659cc4f20a7cf10b00831871d45bb212ef61368b265cf287
analysis_artifacts/canonical_run/folds/fold_02/inner/level1/C07/seed_42/inner_02/rung2_result.json,758,00710fde4abfc0326d4f551a44c01f1955fcc5b13d880ce881e9d97c7703aa6c
analysis_artifacts/canonical_run/folds/fold_02/inner/level1/C08/seed_42/inner_00/preprocessing/evaluation_indices.npy,2240,c3d42fc0f04c68151ead9b1b6decd9071c338f3c9c72e12bf574393ca4d77f6a
analysis_artifacts/canonical_run/folds/fold_02/inner/level1/C08/seed_42/inner_00/preprocessing/fit_indices.npy,4344,13f8fdee45fba1b35b7186e481e5a4d0f0ded476f2b7cbe15e7232bc234d1e50
analysis_artifacts/canonical_run/folds/fold_02/inner/level1/C08/seed_42/inner_00/preprocessing/preprocessing_manifest.json,802,0941f4b2b5c69a6274cdc9b9eef4a5a0488d8d3b3ccee5ba95669fc8fb7df75c
analysis_artifacts/canonical_run/folds/fold_02/inner/level1/C08/seed_42/inner_00/preprocessing/selected_full_edge_indices.npy,39928,1fef97de4f9f3cc9a8703a9a024e6ce5e0481dfc301851877b249f6bd9a13814
analysis_artifacts/canonical_run/folds/fold_02/inner/level1/C08/seed_42/inner_00/rung1_result.json,756,8c0e233a834df610c3872830c4eaf4c655de8480a7e38e05de1c6d086a5f2ef9
analysis_artifacts/canonical_run/folds/fold_02/inner/level1/C08/seed_42/inner_01/preprocessing/evaluation_indices.npy,2240,0805ca514ac600a100a67f33390586bcba2b98840861a94ae65c30545134b53e
analysis_artifacts/canonical_run/folds/fold_02/inner/level1/C08/seed_42/inner_01/preprocessing/fit_indices.npy,4344,8329dcba83ff8e3780bea368eb01051ce96d6f1d2d2f03194c0e5bd496537047
analysis_artifacts/canonical_run/folds/fold_02/inner/level1/C08/seed_42/inner_01/preprocessing/preprocessing_manifest.json,802,87566eebbb5357eb8b12b7e4af176431bc33276de62e77da2a1dc3cbe19da739
analysis_artifacts/canonical_run/folds/fold_02/inner/level1/C08/seed_42/inner_01/preprocessing/selected_full_edge_indices.npy,39928,6681dec0770f611ead18f77e2c71705c9ea4d27b5bedbb4d0dfd4d40cc2f246b
analysis_artifacts/canonical_run/folds/fold_02/inner/level1/C08/seed_42/inner_01/rung1_result.json,756,00ea08559ee7c7221b2900bb0cad9d73cb19a99763bec0c9f191cbb946890a33
analysis_artifacts/canonical_run/folds/fold_02/inner/level1/C08/seed_42/inner_02/preprocessing/evaluation_indices.npy,2232,59b3dc10fde52d96304e6556eb68bd7a3076b09f29075ed445458426e5cf8855
analysis_artifacts/canonical_run/folds/fold_02/inner/level1/C08/seed_42/inner_02/preprocessing/fit_indices.npy,4352,a626a979612c1deb83535d4708cebc04d0ee3c4e6e31a0e63b0a4e41c2dc230f
analysis_artifacts/canonical_run/folds/fold_02/inner/level1/C08/seed_42/inner_02/preprocessing/preprocessing_manifest.json,802,088304fef6d37df7e4c2e48b3ac6d28d654d6406d1d47fd4a0539b92d06a8d8c
analysis_artifacts/canonical_run/folds/fold_02/inner/level1/C08/seed_42/inner_02/preprocessing/selected_full_edge_indices.npy,39928,1dbb238676ae17186731e8f7509abc4321fa6c421f7985cae87cf92e2d0ee6fa
analysis_artifacts/canonical_run/folds/fold_02/inner/level1/C08/seed_42/inner_02/rung1_result.json,756,9391ee59accbaa7b784fa95cacc404b60c554fe20797d6e16acc00d23cb3a606
analysis_artifacts/canonical_run/folds/fold_02/inner/level1/C09/seed_42/inner_00/preprocessing/evaluation_indices.npy,2240,c3d42fc0f04c68151ead9b1b6decd9071c338f3c9c72e12bf574393ca4d77f6a
analysis_artifacts/canonical_run/folds/fold_02/inner/level1/C09/seed_42/inner_00/preprocessing/fit_indices.npy,4344,13f8fdee45fba1b35b7186e481e5a4d0f0ded476f2b7cbe15e7232bc234d1e50
analysis_artifacts/canonical_run/folds/fold_02/inner/level1/C09/seed_42/inner_00/preprocessing/preprocessing_manifest.json,839,a4925783bb06363f6fbb6c11389f859938b1a5bb484bed29095241698b186168
analysis_artifacts/canonical_run/folds/fold_02/inner/level1/C09/seed_42/inner_00/preprocessing/selected_full_edge_indices.npy,39928,1fef97de4f9f3cc9a8703a9a024e6ce5e0481dfc301851877b249f6bd9a13814
analysis_artifacts/canonical_run/folds/fold_02/inner/level1/C09/seed_42/inner_00/rung1_result.json,756,19023e9ac7b5d53f092662cdfecd9b7da845c70f2001bd18f93432d824a9d487
analysis_artifacts/canonical_run/folds/fold_02/inner/level1/C09/seed_42/inner_00/rung2_result.json,757,afc2cc5db83e1ac0e64f26c3e421638f14557bb525f977211b11d4e4bef6561a
analysis_artifacts/canonical_run/folds/fold_02/inner/level1/C09/seed_42/inner_01/preprocessing/evaluation_indices.npy,2240,0805ca514ac600a100a67f33390586bcba2b98840861a94ae65c30545134b53e
analysis_artifacts/canonical_run/folds/fold_02/inner/level1/C09/seed_42/inner_01/preprocessing/fit_indices.npy,4344,8329dcba83ff8e3780bea368eb01051ce96d6f1d2d2f03194c0e5bd496537047
analysis_artifacts/canonical_run/folds/fold_02/inner/level1/C09/seed_42/inner_01/preprocessing/preprocessing_manifest.json,839,200bfb445c9a5f0c9eadba2afff3d15beb2a3dccd389afb919236e4ed0111e3c
analysis_artifacts/canonical_run/folds/fold_02/inner/level1/C09/seed_42/inner_01/preprocessing/selected_full_edge_indices.npy,39928,6681dec0770f611ead18f77e2c71705c9ea4d27b5bedbb4d0dfd4d40cc2f246b
analysis_artifacts/canonical_run/folds/fold_02/inner/level1/C09/seed_42/inner_01/rung1_result.json,756,0cb6413d69c73ef56924af851ea73d9fd6fe72224acd1341e6c36a4876d14909
analysis_artifacts/canonical_run/folds/fold_02/inner/level1/C09/seed_42/inner_01/rung2_result.json,758,5b47b3fd78ff21243d4fcd390dd5c4e847a8c7c2f303c8146e48013943caf9d1
analysis_artifacts/canonical_run/folds/fold_02/inner/level1/C09/seed_42/inner_02/preprocessing/evaluation_indices.npy,2232,59b3dc10fde52d96304e6556eb68bd7a3076b09f29075ed445458426e5cf8855
analysis_artifacts/canonical_run/folds/fold_02/inner/level1/C09/seed_42/inner_02/preprocessing/fit_indices.npy,4352,a626a979612c1deb83535d4708cebc04d0ee3c4e6e31a0e63b0a4e41c2dc230f
analysis_artifacts/canonical_run/folds/fold_02/inner/level1/C09/seed_42/inner_02/preprocessing/preprocessing_manifest.json,839,ee0cc5c760c39b8d55de52b7c173a9f135f34c403b77b3c13dab950c15ae6c97
analysis_artifacts/canonical_run/folds/fold_02/inner/level1/C09/seed_42/inner_02/preprocessing/selected_full_edge_indices.npy,39928,1dbb238676ae17186731e8f7509abc4321fa6c421f7985cae87cf92e2d0ee6fa
analysis_artifacts/canonical_run/folds/fold_02/inner/level1/C09/seed_42/inner_02/rung1_result.json,755,a3dacec3f1e006daba818e3e55185e8e81f7dab5254e468c6e9e45fd304a6d44
analysis_artifacts/canonical_run/folds/fold_02/inner/level1/C09/seed_42/inner_02/rung2_result.json,756,f2b1f24d650195082b9af0dc23c9fd77444f8dd9719bd64a192f92ca0f08bb3b
analysis_artifacts/canonical_run/folds/fold_02/inner/level1/C10/seed_42/inner_00/preprocessing/evaluation_indices.npy,2240,c3d42fc0f04c68151ead9b1b6decd9071c338f3c9c72e12bf574393ca4d77f6a
analysis_artifacts/canonical_run/folds/fold_02/inner/level1/C10/seed_42/inner_00/preprocessing/fit_indices.npy,4344,13f8fdee45fba1b35b7186e481e5a4d0f0ded476f2b7cbe15e7232bc234d1e50
analysis_artifacts/canonical_run/folds/fold_02/inner/level1/C10/seed_42/inner_00/preprocessing/preprocessing_manifest.json,839,528d91508f945cb05ddd3fc5828aa98c6e0304048c59162fc11827ac008876fe
analysis_artifacts/canonical_run/folds/fold_02/inner/level1/C10/seed_42/inner_00/preprocessing/selected_full_edge_indices.npy,39928,1fef97de4f9f3cc9a8703a9a024e6ce5e0481dfc301851877b249f6bd9a13814
analysis_artifacts/canonical_run/folds/fold_02/inner/level1/C10/seed_42/inner_00/rung1_result.json,756,ec0482e31f14f104b60dd495d466c2e7c707639bf592dd8ec1d617f51b1f58cc
analysis_artifacts/canonical_run/folds/fold_02/inner/level1/C10/seed_42/inner_00/rung2_result.json,757,e08005e7008965d9436811680f399af0c04c714ff19ac11011820dbd0834b7bf
analysis_artifacts/canonical_run/folds/fold_02/inner/level1/C10/seed_42/inner_01/preprocessing/evaluation_indices.npy,2240,0805ca514ac600a100a67f33390586bcba2b98840861a94ae65c30545134b53e
analysis_artifacts/canonical_run/folds/fold_02/inner/level1/C10/seed_42/inner_01/preprocessing/fit_indices.npy,4344,8329dcba83ff8e3780bea368eb01051ce96d6f1d2d2f03194c0e5bd496537047
analysis_artifacts/canonical_run/folds/fold_02/inner/level1/C10/seed_42/inner_01/preprocessing/preprocessing_manifest.json,839,01276a210b926c6c20ae351218c36348893c2f5201a37210abd7dcca5d92dbb7
analysis_artifacts/canonical_run/folds/fold_02/inner/level1/C10/seed_42/inner_01/preprocessing/selected_full_edge_indices.npy,39928,6681dec0770f611ead18f77e2c71705c9ea4d27b5bedbb4d0dfd4d40cc2f246b
analysis_artifacts/canonical_run/folds/fold_02/inner/level1/C10/seed_42/inner_01/rung1_result.json,756,fbc4481a6fc1988b8e435d956ab27907fa0b3a3fb19dd35e26e2313a594e122e
analysis_artifacts/canonical_run/folds/fold_02/inner/level1/C10/seed_42/inner_01/rung2_result.json,757,832106fe5ef0ed9990380bc9155b03384e2f34965e5bc463028b525655d96b9d
analysis_artifacts/canonical_run/folds/fold_02/inner/level1/C10/seed_42/inner_02/preprocessing/evaluation_indices.npy,2232,59b3dc10fde52d96304e6556eb68bd7a3076b09f29075ed445458426e5cf8855
analysis_artifacts/canonical_run/folds/fold_02/inner/level1/C10/seed_42/inner_02/preprocessing/fit_indices.npy,4352,a626a979612c1deb83535d4708cebc04d0ee3c4e6e31a0e63b0a4e41c2dc230f
analysis_artifacts/canonical_run/folds/fold_02/inner/level1/C10/seed_42/inner_02/preprocessing/preprocessing_manifest.json,839,7ff2996a820c40fac6cf57f750937b1e5664bc42ec1f26b7bcc1a517127adbe3
analysis_artifacts/canonical_run/folds/fold_02/inner/level1/C10/seed_42/inner_02/preprocessing/selected_full_edge_indices.npy,39928,1dbb238676ae17186731e8f7509abc4321fa6c421f7985cae87cf92e2d0ee6fa
analysis_artifacts/canonical_run/folds/fold_02/inner/level1/C10/seed_42/inner_02/rung1_result.json,756,2dfcc6038eba715f121554acc36b37fea428ffa5a5a02c709df9f0cfb253682d
analysis_artifacts/canonical_run/folds/fold_02/inner/level1/C10/seed_42/inner_02/rung2_result.json,758,25a9a96d80c182d4590778d7f7edd7eda6238f61cac96cd8460fe72dc641d1d7
analysis_artifacts/canonical_run/folds/fold_02/inner/level1/C11/seed_42/inner_00/preprocessing/evaluation_indices.npy,2240,c3d42fc0f04c68151ead9b1b6decd9071c338f3c9c72e12bf574393ca4d77f6a
analysis_artifacts/canonical_run/folds/fold_02/inner/level1/C11/seed_42/inner_00/preprocessing/fit_indices.npy,4344,13f8fdee45fba1b35b7186e481e5a4d0f0ded476f2b7cbe15e7232bc234d1e50
analysis_artifacts/canonical_run/folds/fold_02/inner/level1/C11/seed_42/inner_00/preprocessing/preprocessing_manifest.json,839,5ec7e0d970d4891a90cd58d957e1d1885bcc769be5910ae107ef0694d9a1c0c6
analysis_artifacts/canonical_run/folds/fold_02/inner/level1/C11/seed_42/inner_00/preprocessing/selected_full_edge_indices.npy,39928,1fef97de4f9f3cc9a8703a9a024e6ce5e0481dfc301851877b249f6bd9a13814
analysis_artifacts/canonical_run/folds/fold_02/inner/level1/C11/seed_42/inner_00/rung1_result.json,756,6d3bf6ba3965300eadbb6825b7c59f3d5537711b7eae4b34876070949338f85d
analysis_artifacts/canonical_run/folds/fold_02/inner/level1/C11/seed_42/inner_00/rung2_result.json,757,dc558a1b5e2fe33e58792f6e5a75b1f7b992263d561586807759b717dd238d3a
analysis_artifacts/canonical_run/folds/fold_02/inner/level1/C11/seed_42/inner_01/preprocessing/evaluation_indices.npy,2240,0805ca514ac600a100a67f33390586bcba2b98840861a94ae65c30545134b53e
analysis_artifacts/canonical_run/folds/fold_02/inner/level1/C11/seed_42/inner_01/preprocessing/fit_indices.npy,4344,8329dcba83ff8e3780bea368eb01051ce96d6f1d2d2f03194c0e5bd496537047
analysis_artifacts/canonical_run/folds/fold_02/inner/level1/C11/seed_42/inner_01/preprocessing/preprocessing_manifest.json,839,9bcd3040a975b10306e02936f4c0582bcda87c2c77f9f168cea4fcbc6b28ab71
analysis_artifacts/canonical_run/folds/fold_02/inner/level1/C11/seed_42/inner_01/preprocessing/selected_full_edge_indices.npy,39928,6681dec0770f611ead18f77e2c71705c9ea4d27b5bedbb4d0dfd4d40cc2f246b
analysis_artifacts/canonical_run/folds/fold_02/inner/level1/C11/seed_42/inner_01/rung1_result.json,756,129f6a9f3596a871f0e3b76fadde6e6e725f7b86d08ef788a056b2eb7771629f
analysis_artifacts/canonical_run/folds/fold_02/inner/level1/C11/seed_42/inner_01/rung2_result.json,757,c0841191ef60c2a8a16c1c5e1e6a659f2123044a77e8e7a27d642dffcffaca78
analysis_artifacts/canonical_run/folds/fold_02/inner/level1/C11/seed_42/inner_02/preprocessing/evaluation_indices.npy,2232,59b3dc10fde52d96304e6556eb68bd7a3076b09f29075ed445458426e5cf8855
analysis_artifacts/canonical_run/folds/fold_02/inner/level1/C11/seed_42/inner_02/preprocessing/fit_indices.npy,4352,a626a979612c1deb83535d4708cebc04d0ee3c4e6e31a0e63b0a4e41c2dc230f
analysis_artifacts/canonical_run/folds/fold_02/inner/level1/C11/seed_42/inner_02/preprocessing/preprocessing_manifest.json,839,ec214619ef072c7d1ef4124a708014001fc813bf2729d2c630a961ba5bf8fb40
analysis_artifacts/canonical_run/folds/fold_02/inner/level1/C11/seed_42/inner_02/preprocessing/selected_full_edge_indices.npy,39928,1dbb238676ae17186731e8f7509abc4321fa6c421f7985cae87cf92e2d0ee6fa
analysis_artifacts/canonical_run/folds/fold_02/inner/level1/C11/seed_42/inner_02/rung1_result.json,756,50893187403ee2bf3807160d25fda19db7fa344d2cc97f26551d73f77a319c7c
analysis_artifacts/canonical_run/folds/fold_02/inner/level1/C11/seed_42/inner_02/rung2_result.json,757,0774023e02853d465d1489344c5f399be0649583aa742632454efa6b165eef08
analysis_artifacts/canonical_run/folds/fold_02/inner/level1/C12/seed_42/inner_00/preprocessing/evaluation_indices.npy,2240,c3d42fc0f04c68151ead9b1b6decd9071c338f3c9c72e12bf574393ca4d77f6a
analysis_artifacts/canonical_run/folds/fold_02/inner/level1/C12/seed_42/inner_00/preprocessing/fit_indices.npy,4344,13f8fdee45fba1b35b7186e481e5a4d0f0ded476f2b7cbe15e7232bc234d1e50
analysis_artifacts/canonical_run/folds/fold_02/inner/level1/C12/seed_42/inner_00/preprocessing/preprocessing_manifest.json,839,e95aabc822d5f4fb85e4a247fa0128d256c718383a57f9e20cb78b780bca0e25
analysis_artifacts/canonical_run/folds/fold_02/inner/level1/C12/seed_42/inner_00/preprocessing/selected_full_edge_indices.npy,39928,1fef97de4f9f3cc9a8703a9a024e6ce5e0481dfc301851877b249f6bd9a13814
analysis_artifacts/canonical_run/folds/fold_02/inner/level1/C12/seed_42/inner_00/rung1_result.json,756,65976af48ff6206de8bd7f2cb3a5f72db7755e17779772bdbf6b912a71c6082a
analysis_artifacts/canonical_run/folds/fold_02/inner/level1/C12/seed_42/inner_00/rung2_result.json,757,db596a624054ad6ddba41a54e87fc12ab05576ace77441514905afe4a9f130e6
analysis_artifacts/canonical_run/folds/fold_02/inner/level1/C12/seed_42/inner_01/preprocessing/evaluation_indices.npy,2240,0805ca514ac600a100a67f33390586bcba2b98840861a94ae65c30545134b53e
analysis_artifacts/canonical_run/folds/fold_02/inner/level1/C12/seed_42/inner_01/preprocessing/fit_indices.npy,4344,8329dcba83ff8e3780bea368eb01051ce96d6f1d2d2f03194c0e5bd496537047
analysis_artifacts/canonical_run/folds/fold_02/inner/level1/C12/seed_42/inner_01/preprocessing/preprocessing_manifest.json,839,317b2614cf044cb6263c6d2ef0a634d294705a9ce84a6dd40e18ae740784deae
analysis_artifacts/canonical_run/folds/fold_02/inner/level1/C12/seed_42/inner_01/preprocessing/selected_full_edge_indices.npy,39928,6681dec0770f611ead18f77e2c71705c9ea4d27b5bedbb4d0dfd4d40cc2f246b
analysis_artifacts/canonical_run/folds/fold_02/inner/level1/C12/seed_42/inner_01/rung1_result.json,756,d1c5215650854a418bc0b90748e7b90af3b45c4e62430e2098ff9297d50952f0
analysis_artifacts/canonical_run/folds/fold_02/inner/level1/C12/seed_42/inner_01/rung2_result.json,757,582ad217669bd19d6f0839d87a9d69c3041b0a85ae92bfb11e018233c71e7f4c
analysis_artifacts/canonical_run/folds/fold_02/inner/level1/C12/seed_42/inner_02/preprocessing/evaluation_indices.npy,2232,59b3dc10fde52d96304e6556eb68bd7a3076b09f29075ed445458426e5cf8855
analysis_artifacts/canonical_run/folds/fold_02/inner/level1/C12/seed_42/inner_02/preprocessing/fit_indices.npy,4352,a626a979612c1deb83535d4708cebc04d0ee3c4e6e31a0e63b0a4e41c2dc230f
analysis_artifacts/canonical_run/folds/fold_02/inner/level1/C12/seed_42/inner_02/preprocessing/preprocessing_manifest.json,839,af8989e48ba7c5dec5f27a9a954ad2a576217251ad9c759d9c8479c9970941a9
analysis_artifacts/canonical_run/folds/fold_02/inner/level1/C12/seed_42/inner_02/preprocessing/selected_full_edge_indices.npy,39928,1dbb238676ae17186731e8f7509abc4321fa6c421f7985cae87cf92e2d0ee6fa
analysis_artifacts/canonical_run/folds/fold_02/inner/level1/C12/seed_42/inner_02/rung1_result.json,756,ab7a5289783134ed3f0e2e2a068930451530082d1682703a8e65c4542609f5b2
analysis_artifacts/canonical_run/folds/fold_02/inner/level1/C12/seed_42/inner_02/rung2_result.json,757,9a19bfee1694dda8f6a45e16cbb8a45d653164b243b63cb3ca98123a142ec1c6
analysis_artifacts/canonical_run/folds/fold_02/inner/level1_final_selection.json,1106,a5b46b403fc7bc26832679bbbbf3b8e16010f8e209d34c01d15e7ddd15216159
analysis_artifacts/canonical_run/folds/fold_02/inner/level1_rung1_selection.json,2080,753780a50badbe4938b6e12ed0331ae3b897b26cb25a56fff73d632383f7022e
analysis_artifacts/canonical_run/folds/fold_02/inner/level2/C10/seed_42/inner_00/preprocessing/evaluation_indices.npy,2240,c3d42fc0f04c68151ead9b1b6decd9071c338f3c9c72e12bf574393ca4d77f6a
analysis_artifacts/canonical_run/folds/fold_02/inner/level2/C10/seed_42/inner_00/preprocessing/fit_indices.npy,4344,13f8fdee45fba1b35b7186e481e5a4d0f0ded476f2b7cbe15e7232bc234d1e50
analysis_artifacts/canonical_run/folds/fold_02/inner/level2/C10/seed_42/inner_00/preprocessing/preprocessing_manifest.json,839,79ed8018a5fca9767b48a5f6d41e74127eaa332f907e6f5ff8abcbeda8566942
analysis_artifacts/canonical_run/folds/fold_02/inner/level2/C10/seed_42/inner_00/preprocessing/selected_full_edge_indices.npy,39928,1fef97de4f9f3cc9a8703a9a024e6ce5e0481dfc301851877b249f6bd9a13814
analysis_artifacts/canonical_run/folds/fold_02/inner/level2/C10/seed_42/inner_00/result.json,757,a1dd405e1fa6e20b64771d340740cadae4029f8ad806389246b0480ee36e396d
analysis_artifacts/canonical_run/folds/fold_02/inner/level2/C10/seed_42/inner_01/preprocessing/evaluation_indices.npy,2240,0805ca514ac600a100a67f33390586bcba2b98840861a94ae65c30545134b53e
analysis_artifacts/canonical_run/folds/fold_02/inner/level2/C10/seed_42/inner_01/preprocessing/fit_indices.npy,4344,8329dcba83ff8e3780bea368eb01051ce96d6f1d2d2f03194c0e5bd496537047
analysis_artifacts/canonical_run/folds/fold_02/inner/level2/C10/seed_42/inner_01/preprocessing/preprocessing_manifest.json,839,798019950a6cadbe1b8c14ee9d2fc83ccbcd9ede19dd21acabd7063490b799a6
analysis_artifacts/canonical_run/folds/fold_02/inner/level2/C10/seed_42/inner_01/preprocessing/selected_full_edge_indices.npy,39928,6681dec0770f611ead18f77e2c71705c9ea4d27b5bedbb4d0dfd4d40cc2f246b
analysis_artifacts/canonical_run/folds/fold_02/inner/level2/C10/seed_42/inner_01/result.json,757,b038e35631a4a77ad8363a9760b4e8d4dff8cb2c083c2a6ed5b0f2d850258ddf
analysis_artifacts/canonical_run/folds/fold_02/inner/level2/C10/seed_42/inner_02/preprocessing/evaluation_indices.npy,2232,59b3dc10fde52d96304e6556eb68bd7a3076b09f29075ed445458426e5cf8855
analysis_artifacts/canonical_run/folds/fold_02/inner/level2/C10/seed_42/inner_02/preprocessing/fit_indices.npy,4352,a626a979612c1deb83535d4708cebc04d0ee3c4e6e31a0e63b0a4e41c2dc230f
analysis_artifacts/canonical_run/folds/fold_02/inner/level2/C10/seed_42/inner_02/preprocessing/preprocessing_manifest.json,839,5edde25bbe57141644e026e5c620ce3bfa9394796152112a1de1e57bc76255eb
analysis_artifacts/canonical_run/folds/fold_02/inner/level2/C10/seed_42/inner_02/preprocessing/selected_full_edge_indices.npy,39928,1dbb238676ae17186731e8f7509abc4321fa6c421f7985cae87cf92e2d0ee6fa
analysis_artifacts/canonical_run/folds/fold_02/inner/level2/C10/seed_42/inner_02/result.json,757,aed45b8e60e78d2cf6f805a8ea84506d6fa4647089ce4ebec177c9e3530312cc
analysis_artifacts/canonical_run/folds/fold_02/inner/level2/C10/seed_42/inner_oof_evaluation.json,626,c1df4e66f58ed8fe3e5adb61e2f0a9a42739aa5a6b4ba0b4e2ab06690e96947b
analysis_artifacts/canonical_run/folds/fold_02/inner/level2/C10/seed_43/inner_00/preprocessing/evaluation_indices.npy,2240,c3d42fc0f04c68151ead9b1b6decd9071c338f3c9c72e12bf574393ca4d77f6a
analysis_artifacts/canonical_run/folds/fold_02/inner/level2/C10/seed_43/inner_00/preprocessing/fit_indices.npy,4344,13f8fdee45fba1b35b7186e481e5a4d0f0ded476f2b7cbe15e7232bc234d1e50
analysis_artifacts/canonical_run/folds/fold_02/inner/level2/C10/seed_43/inner_00/preprocessing/preprocessing_manifest.json,839,d4c9f1a347dafbf3a19b671ace17a4fa622a23f689e22ac875ceeac52583851a
analysis_artifacts/canonical_run/folds/fold_02/inner/level2/C10/seed_43/inner_00/preprocessing/selected_full_edge_indices.npy,39928,1fef97de4f9f3cc9a8703a9a024e6ce5e0481dfc301851877b249f6bd9a13814
analysis_artifacts/canonical_run/folds/fold_02/inner/level2/C10/seed_43/inner_00/result.json,758,99e9507255a4b2bd55b85e6234fdcfd2608c26de629dbc773a3c676c80528777
analysis_artifacts/canonical_run/folds/fold_02/inner/level2/C10/seed_43/inner_01/preprocessing/evaluation_indices.npy,2240,0805ca514ac600a100a67f33390586bcba2b98840861a94ae65c30545134b53e
analysis_artifacts/canonical_run/folds/fold_02/inner/level2/C10/seed_43/inner_01/preprocessing/fit_indices.npy,4344,8329dcba83ff8e3780bea368eb01051ce96d6f1d2d2f03194c0e5bd496537047
analysis_artifacts/canonical_run/folds/fold_02/inner/level2/C10/seed_43/inner_01/preprocessing/preprocessing_manifest.json,839,2e292ca96353bfc6c6d911ad20991c9928de084656241de66cce4658bf743a5c
analysis_artifacts/canonical_run/folds/fold_02/inner/level2/C10/seed_43/inner_01/preprocessing/selected_full_edge_indices.npy,39928,6681dec0770f611ead18f77e2c71705c9ea4d27b5bedbb4d0dfd4d40cc2f246b
analysis_artifacts/canonical_run/folds/fold_02/inner/level2/C10/seed_43/inner_01/result.json,758,55c5968116d5e68866c14935c2ad903773e96ee65ac5ba5c61149baaa5a438e2
analysis_artifacts/canonical_run/folds/fold_02/inner/level2/C10/seed_43/inner_02/preprocessing/evaluation_indices.npy,2232,59b3dc10fde52d96304e6556eb68bd7a3076b09f29075ed445458426e5cf8855
analysis_artifacts/canonical_run/folds/fold_02/inner/level2/C10/seed_43/inner_02/preprocessing/fit_indices.npy,4352,a626a979612c1deb83535d4708cebc04d0ee3c4e6e31a0e63b0a4e41c2dc230f
analysis_artifacts/canonical_run/folds/fold_02/inner/level2/C10/seed_43/inner_02/preprocessing/preprocessing_manifest.json,839,c085a8c6e1f50197ce15358cafd57ec8b610d791da243f26061cfc0a1024ade9
analysis_artifacts/canonical_run/folds/fold_02/inner/level2/C10/seed_43/inner_02/preprocessing/selected_full_edge_indices.npy,39928,1dbb238676ae17186731e8f7509abc4321fa6c421f7985cae87cf92e2d0ee6fa
analysis_artifacts/canonical_run/folds/fold_02/inner/level2/C10/seed_43/inner_02/result.json,757,00bf2cd78f663f5e2203c583e77be2a159fe5042b8213f6aa2a7c10ca24daf45
analysis_artifacts/canonical_run/folds/fold_02/inner/level2/C10/seed_43/inner_oof_evaluation.json,628,c109c49d053cd0df27a75e6506039def38fdbeb1de81b9101990bf29386c90bb
analysis_artifacts/canonical_run/folds/fold_02/inner/level2/C10/seed_44/inner_00/preprocessing/evaluation_indices.npy,2240,c3d42fc0f04c68151ead9b1b6decd9071c338f3c9c72e12bf574393ca4d77f6a
analysis_artifacts/canonical_run/folds/fold_02/inner/level2/C10/seed_44/inner_00/preprocessing/fit_indices.npy,4344,13f8fdee45fba1b35b7186e481e5a4d0f0ded476f2b7cbe15e7232bc234d1e50
analysis_artifacts/canonical_run/folds/fold_02/inner/level2/C10/seed_44/inner_00/preprocessing/preprocessing_manifest.json,839,3855c35ca9022d99fd57bcaa2e1c8d6ba5b6989f7dba4241272e15dff2b0ed3b
analysis_artifacts/canonical_run/folds/fold_02/inner/level2/C10/seed_44/inner_00/preprocessing/selected_full_edge_indices.npy,39928,1fef97de4f9f3cc9a8703a9a024e6ce5e0481dfc301851877b249f6bd9a13814
analysis_artifacts/canonical_run/folds/fold_02/inner/level2/C10/seed_44/inner_00/result.json,757,64fe09df252701f830d2ff234f4fe94d2ccf124f8ba06895e61584c694ac599a
analysis_artifacts/canonical_run/folds/fold_02/inner/level2/C10/seed_44/inner_01/preprocessing/evaluation_indices.npy,2240,0805ca514ac600a100a67f33390586bcba2b98840861a94ae65c30545134b53e
analysis_artifacts/canonical_run/folds/fold_02/inner/level2/C10/seed_44/inner_01/preprocessing/fit_indices.npy,4344,8329dcba83ff8e3780bea368eb01051ce96d6f1d2d2f03194c0e5bd496537047
analysis_artifacts/canonical_run/folds/fold_02/inner/level2/C10/seed_44/inner_01/preprocessing/preprocessing_manifest.json,839,c49f852a7797bbd242f3f762d9c8f1d4d14550f471c03cfa9a9638e26994dc2f
analysis_artifacts/canonical_run/folds/fold_02/inner/level2/C10/seed_44/inner_01/preprocessing/selected_full_edge_indices.npy,39928,6681dec0770f611ead18f77e2c71705c9ea4d27b5bedbb4d0dfd4d40cc2f246b
analysis_artifacts/canonical_run/folds/fold_02/inner/level2/C10/seed_44/inner_01/result.json,758,af8886d762a5988200b0afbdbc654bd0bc52e561f14d6e10a6cdcbeafdaa800e
analysis_artifacts/canonical_run/folds/fold_02/inner/level2/C10/seed_44/inner_02/preprocessing/evaluation_indices.npy,2232,59b3dc10fde52d96304e6556eb68bd7a3076b09f29075ed445458426e5cf8855
analysis_artifacts/canonical_run/folds/fold_02/inner/level2/C10/seed_44/inner_02/preprocessing/fit_indices.npy,4352,a626a979612c1deb83535d4708cebc04d0ee3c4e6e31a0e63b0a4e41c2dc230f
analysis_artifacts/canonical_run/folds/fold_02/inner/level2/C10/seed_44/inner_02/preprocessing/preprocessing_manifest.json,839,931f23521976679a8f4993ceb28840fd83e69b0d4303538b5d36ab322a1c4840
analysis_artifacts/canonical_run/folds/fold_02/inner/level2/C10/seed_44/inner_02/preprocessing/selected_full_edge_indices.npy,39928,1dbb238676ae17186731e8f7509abc4321fa6c421f7985cae87cf92e2d0ee6fa
analysis_artifacts/canonical_run/folds/fold_02/inner/level2/C10/seed_44/inner_02/result.json,757,c198ddb85e2e5fe3d408013b8ac06440ad2d8a2a39ac30f9f06f4049cff740dd
analysis_artifacts/canonical_run/folds/fold_02/inner/level2/C10/seed_44/inner_oof_evaluation.json,628,6ee786ac2c2a5872438ee4a1ac9a8cbd52e161e1f34b116a3cc33065d1e2f1c1
analysis_artifacts/canonical_run/folds/fold_02/inner/level2/C11/seed_42/inner_00/preprocessing/evaluation_indices.npy,2240,c3d42fc0f04c68151ead9b1b6decd9071c338f3c9c72e12bf574393ca4d77f6a
analysis_artifacts/canonical_run/folds/fold_02/inner/level2/C11/seed_42/inner_00/preprocessing/fit_indices.npy,4344,13f8fdee45fba1b35b7186e481e5a4d0f0ded476f2b7cbe15e7232bc234d1e50
analysis_artifacts/canonical_run/folds/fold_02/inner/level2/C11/seed_42/inner_00/preprocessing/preprocessing_manifest.json,839,2bb51d7ca7c421d0befaa217a9723094c844d6eaa1899e853d4b95fcdd715123
analysis_artifacts/canonical_run/folds/fold_02/inner/level2/C11/seed_42/inner_00/preprocessing/selected_full_edge_indices.npy,39928,1fef97de4f9f3cc9a8703a9a024e6ce5e0481dfc301851877b249f6bd9a13814
analysis_artifacts/canonical_run/folds/fold_02/inner/level2/C11/seed_42/inner_00/result.json,757,c488d68ab5ac0186126757161972315f9ca1d2f4bf3042cf2260cc685c5548bd
analysis_artifacts/canonical_run/folds/fold_02/inner/level2/C11/seed_42/inner_01/preprocessing/evaluation_indices.npy,2240,0805ca514ac600a100a67f33390586bcba2b98840861a94ae65c30545134b53e
analysis_artifacts/canonical_run/folds/fold_02/inner/level2/C11/seed_42/inner_01/preprocessing/fit_indices.npy,4344,8329dcba83ff8e3780bea368eb01051ce96d6f1d2d2f03194c0e5bd496537047
analysis_artifacts/canonical_run/folds/fold_02/inner/level2/C11/seed_42/inner_01/preprocessing/preprocessing_manifest.json,839,dc2da27aed3f9c61e52f8993f8f0179ab1823cc19d23cbdfc505478e2aee3ca7
analysis_artifacts/canonical_run/folds/fold_02/inner/level2/C11/seed_42/inner_01/preprocessing/selected_full_edge_indices.npy,39928,6681dec0770f611ead18f77e2c71705c9ea4d27b5bedbb4d0dfd4d40cc2f246b
analysis_artifacts/canonical_run/folds/fold_02/inner/level2/C11/seed_42/inner_01/result.json,757,611cf11272b4381c0689103ad6fbcc9be0258a34f33246c4633a04260e42daa9
analysis_artifacts/canonical_run/folds/fold_02/inner/level2/C11/seed_42/inner_02/preprocessing/evaluation_indices.npy,2232,59b3dc10fde52d96304e6556eb68bd7a3076b09f29075ed445458426e5cf8855
analysis_artifacts/canonical_run/folds/fold_02/inner/level2/C11/seed_42/inner_02/preprocessing/fit_indices.npy,4352,a626a979612c1deb83535d4708cebc04d0ee3c4e6e31a0e63b0a4e41c2dc230f
analysis_artifacts/canonical_run/folds/fold_02/inner/level2/C11/seed_42/inner_02/preprocessing/preprocessing_manifest.json,839,de412d76580b8e0dc909d283d61df1af32de7e68a72f10731792254a6f18fbb0
analysis_artifacts/canonical_run/folds/fold_02/inner/level2/C11/seed_42/inner_02/preprocessing/selected_full_edge_indices.npy,39928,1dbb238676ae17186731e8f7509abc4321fa6c421f7985cae87cf92e2d0ee6fa
analysis_artifacts/canonical_run/folds/fold_02/inner/level2/C11/seed_42/inner_02/result.json,757,4679357ededb633182f3d1acdef7e124da183d00a0ebbcb064a1934c875f4252
analysis_artifacts/canonical_run/folds/fold_02/inner/level2/C11/seed_42/inner_oof_evaluation.json,626,0a7390c36b37dde4e71a32fcb926c4a5023c026256ca1a47a590da8fed4b422e
analysis_artifacts/canonical_run/folds/fold_02/inner/level2/C11/seed_43/inner_00/preprocessing/evaluation_indices.npy,2240,c3d42fc0f04c68151ead9b1b6decd9071c338f3c9c72e12bf574393ca4d77f6a
analysis_artifacts/canonical_run/folds/fold_02/inner/level2/C11/seed_43/inner_00/preprocessing/fit_indices.npy,4344,13f8fdee45fba1b35b7186e481e5a4d0f0ded476f2b7cbe15e7232bc234d1e50
analysis_artifacts/canonical_run/folds/fold_02/inner/level2/C11/seed_43/inner_00/preprocessing/preprocessing_manifest.json,839,dddd9019aa200f8575d3cd2001c8f228336fe168be15b88481bf914004bf3e80
analysis_artifacts/canonical_run/folds/fold_02/inner/level2/C11/seed_43/inner_00/preprocessing/selected_full_edge_indices.npy,39928,1fef97de4f9f3cc9a8703a9a024e6ce5e0481dfc301851877b249f6bd9a13814
analysis_artifacts/canonical_run/folds/fold_02/inner/level2/C11/seed_43/inner_00/result.json,757,223502ce8dadfb5bbcd88e2f3d3e434df84370be5c1a33ffa7b344fb75e21119
analysis_artifacts/canonical_run/folds/fold_02/inner/level2/C11/seed_43/inner_01/preprocessing/evaluation_indices.npy,2240,0805ca514ac600a100a67f33390586bcba2b98840861a94ae65c30545134b53e
analysis_artifacts/canonical_run/folds/fold_02/inner/level2/C11/seed_43/inner_01/preprocessing/fit_indices.npy,4344,8329dcba83ff8e3780bea368eb01051ce96d6f1d2d2f03194c0e5bd496537047
analysis_artifacts/canonical_run/folds/fold_02/inner/level2/C11/seed_43/inner_01/preprocessing/preprocessing_manifest.json,839,64445348f31f47e17619241233849fa3d1a5ee6ba5662b5e66c9b4bc0ece6e5c
analysis_artifacts/canonical_run/folds/fold_02/inner/level2/C11/seed_43/inner_01/preprocessing/selected_full_edge_indices.npy,39928,6681dec0770f611ead18f77e2c71705c9ea4d27b5bedbb4d0dfd4d40cc2f246b
analysis_artifacts/canonical_run/folds/fold_02/inner/level2/C11/seed_43/inner_01/result.json,757,4a31547cdabc0becb765f0229e9a97783bb4401a3195e6b59c9e121888c936af
analysis_artifacts/canonical_run/folds/fold_02/inner/level2/C11/seed_43/inner_02/preprocessing/evaluation_indices.npy,2232,59b3dc10fde52d96304e6556eb68bd7a3076b09f29075ed445458426e5cf8855
analysis_artifacts/canonical_run/folds/fold_02/inner/level2/C11/seed_43/inner_02/preprocessing/fit_indices.npy,4352,a626a979612c1deb83535d4708cebc04d0ee3c4e6e31a0e63b0a4e41c2dc230f
analysis_artifacts/canonical_run/folds/fold_02/inner/level2/C11/seed_43/inner_02/preprocessing/preprocessing_manifest.json,839,2946fc71a657a186a6f78f8222364e5996a3ee9401c03871d4b33e9f1b34e605
analysis_artifacts/canonical_run/folds/fold_02/inner/level2/C11/seed_43/inner_02/preprocessing/selected_full_edge_indices.npy,39928,1dbb238676ae17186731e8f7509abc4321fa6c421f7985cae87cf92e2d0ee6fa
analysis_artifacts/canonical_run/folds/fold_02/inner/level2/C11/seed_43/inner_02/result.json,756,5e52958f2da38a356e7adeb6ff7e3a03063390794ed3493abd4211d953c45289
analysis_artifacts/canonical_run/folds/fold_02/inner/level2/C11/seed_43/inner_oof_evaluation.json,625,428ac829ae7cd16c05b9635c374bc12d42e94d7b6c4ceda37d6201f9570745cd
analysis_artifacts/canonical_run/folds/fold_02/inner/level2/C11/seed_44/inner_00/preprocessing/evaluation_indices.npy,2240,c3d42fc0f04c68151ead9b1b6decd9071c338f3c9c72e12bf574393ca4d77f6a
analysis_artifacts/canonical_run/folds/fold_02/inner/level2/C11/seed_44/inner_00/preprocessing/fit_indices.npy,4344,13f8fdee45fba1b35b7186e481e5a4d0f0ded476f2b7cbe15e7232bc234d1e50
analysis_artifacts/canonical_run/folds/fold_02/inner/level2/C11/seed_44/inner_00/preprocessing/preprocessing_manifest.json,839,f32d744ab1216ca998de050020999c8e26cac9af5198b9cf3a6a26349744df95
analysis_artifacts/canonical_run/folds/fold_02/inner/level2/C11/seed_44/inner_00/preprocessing/selected_full_edge_indices.npy,39928,1fef97de4f9f3cc9a8703a9a024e6ce5e0481dfc301851877b249f6bd9a13814
analysis_artifacts/canonical_run/folds/fold_02/inner/level2/C11/seed_44/inner_00/result.json,756,02401cacf9c7d8652c674cc0370cb2f0b677c361b3e6001b50b07f058c6df1a1
analysis_artifacts/canonical_run/folds/fold_02/inner/level2/C11/seed_44/inner_01/preprocessing/evaluation_indices.npy,2240,0805ca514ac600a100a67f33390586bcba2b98840861a94ae65c30545134b53e
analysis_artifacts/canonical_run/folds/fold_02/inner/level2/C11/seed_44/inner_01/preprocessing/fit_indices.npy,4344,8329dcba83ff8e3780bea368eb01051ce96d6f1d2d2f03194c0e5bd496537047
analysis_artifacts/canonical_run/folds/fold_02/inner/level2/C11/seed_44/inner_01/preprocessing/preprocessing_manifest.json,839,eb7b91b91f987bf8f71ab2b368daacdec36af26d7f82c7b15ce26e63323de8b7
analysis_artifacts/canonical_run/folds/fold_02/inner/level2/C11/seed_44/inner_01/preprocessing/selected_full_edge_indices.npy,39928,6681dec0770f611ead18f77e2c71705c9ea4d27b5bedbb4d0dfd4d40cc2f246b
analysis_artifacts/canonical_run/folds/fold_02/inner/level2/C11/seed_44/inner_01/result.json,757,87da8ec06f8afec8a3cf163d0612811b4cc4013c61118a7e9285d60ba89989d8
analysis_artifacts/canonical_run/folds/fold_02/inner/level2/C11/seed_44/inner_02/preprocessing/evaluation_indices.npy,2232,59b3dc10fde52d96304e6556eb68bd7a3076b09f29075ed445458426e5cf8855
analysis_artifacts/canonical_run/folds/fold_02/inner/level2/C11/seed_44/inner_02/preprocessing/fit_indices.npy,4352,a626a979612c1deb83535d4708cebc04d0ee3c4e6e31a0e63b0a4e41c2dc230f
analysis_artifacts/canonical_run/folds/fold_02/inner/level2/C11/seed_44/inner_02/preprocessing/preprocessing_manifest.json,839,a2cabb2c95084df625f8df018ede7767c7ebd9f0949d61948caf5af5cd9607e7
analysis_artifacts/canonical_run/folds/fold_02/inner/level2/C11/seed_44/inner_02/preprocessing/selected_full_edge_indices.npy,39928,1dbb238676ae17186731e8f7509abc4321fa6c421f7985cae87cf92e2d0ee6fa
analysis_artifacts/canonical_run/folds/fold_02/inner/level2/C11/seed_44/inner_02/result.json,758,9c5887e29d74e4c533fff57965b045aa2a041ba2d114d63b5ad21fd2247178f4
analysis_artifacts/canonical_run/folds/fold_02/inner/level2/C11/seed_44/inner_oof_evaluation.json,626,edf9a9e1a70e32ae77ae9faa50324f95c40d2e416f4722c494b64aeeb442fd6d
analysis_artifacts/canonical_run/folds/fold_02/inner/level2_final_selection.json,5581,167788765daf282779ea014dd942b57af147673ab24a21f6c7672672d1103422
analysis_artifacts/canonical_run/folds/fold_02/outer_final/seed_42/checkpoint_manifest.json,9796,f9815e8ab13b956b96c57ccdeaa1d447dc90c46324949f71eff6cb4150ce3a94
analysis_artifacts/canonical_run/folds/fold_02/outer_final/seed_42/fit_manifest.json,533,a6a004a8c24876728611c1c7b50e718ae9cf9100fe7eee8d5ac1c9960bd5d814
analysis_artifacts/canonical_run/folds/fold_02/outer_final/seed_42/model_checkpoint.pt,6888054,ee55b4f6686c12d9acd4a9facb2dd6bd53b1a8e87fa32b4a0ee5aa4f79e10666
analysis_artifacts/canonical_run/folds/fold_02/outer_final/seed_42/preprocessing/evaluation_indices.npy,832,cfded535a06105802e122be3f12d7f04b20373ec6370d50e571a3e50e7b87613
analysis_artifacts/canonical_run/folds/fold_02/outer_final/seed_42/preprocessing/fit_indices.npy,6456,971d70f4ff6ed97a83da5b43f3f762b68865ea3421143fb8cb20e4ef9c7bc61a
analysis_artifacts/canonical_run/folds/fold_02/outer_final/seed_42/preprocessing/preprocessing_manifest.json,835,72e0bed66fb85ea596ad31a8b4015ea3dbb27d632b300a5628b0e0b80496e8fc
analysis_artifacts/canonical_run/folds/fold_02/outer_final/seed_42/preprocessing/selected_full_edge_indices.npy,39928,37cc5d8860babcc4d58c374fcce05afd9749744de79f8d77c155a788c227955c
analysis_artifacts/canonical_run/folds/fold_02/outer_final/seed_42/preprocessing_state.npz,285576,7a0004b1a78c14afa217cf9ed8b974d8578e147c1421d4bba1387ed545876243
analysis_artifacts/canonical_run/folds/fold_02/outer_final/seed_42/preprocessing_state_manifest.json,2617,1928cf69b4acd1bb45666d2be70ec8a035655a2f5fec608210c144a1b435488e
analysis_artifacts/canonical_run/folds/fold_02/outer_final/seed_42/reload_audit.json,3394,fdaa09a25bed2131792c6caf35213b28a917e48ccbd85f1bb21dd093788c9ed5
analysis_artifacts/canonical_run/folds/fold_02/outer_final/seed_42/test_indices.npy,832,cfded535a06105802e122be3f12d7f04b20373ec6370d50e571a3e50e7b87613
analysis_artifacts/canonical_run/folds/fold_02/outer_final/seed_42/test_outputs.npz,2367,47ee4a75b712d2016c84df80b62e9f97a2cb7ad73e50ec2f27cb8a3c613b70b5
analysis_artifacts/canonical_run/folds/fold_02/outer_final/seed_42/test_subject_ids.npy,832,1283722c7528904e5308ad51886e4a94b73bba3d347674d40d7b3af91836d8b3
analysis_artifacts/canonical_run/folds/fold_02/outer_final/seed_42/train_indices.npy,6456,971d70f4ff6ed97a83da5b43f3f762b68865ea3421143fb8cb20e4ef9c7bc61a
analysis_artifacts/canonical_run/folds/fold_02/outer_final/seed_42/train_subject_ids.npy,6456,26178ae1d38d6fb898da2cc5bb8523ebc9ae551768836a762bc63a4ade40cfde
analysis_artifacts/canonical_run/folds/fold_02/outer_final/seed_43/checkpoint_manifest.json,9798,b9153834caae771ac4287847bdf151a9f83c0b28ee40e8ea383746615effeb6d
analysis_artifacts/canonical_run/folds/fold_02/outer_final/seed_43/fit_manifest.json,534,2e0c17cc4aecfaa5f5b2bd64b6cde1e78762aa81b31024491fb9563424619410
analysis_artifacts/canonical_run/folds/fold_02/outer_final/seed_43/model_checkpoint.pt,6888054,331138cd4ebf1dd0d758f395a4d9fa9d34d7b88b5e1f727147e49ac23074bc59
analysis_artifacts/canonical_run/folds/fold_02/outer_final/seed_43/preprocessing/evaluation_indices.npy,832,cfded535a06105802e122be3f12d7f04b20373ec6370d50e571a3e50e7b87613
analysis_artifacts/canonical_run/folds/fold_02/outer_final/seed_43/preprocessing/fit_indices.npy,6456,971d70f4ff6ed97a83da5b43f3f762b68865ea3421143fb8cb20e4ef9c7bc61a
analysis_artifacts/canonical_run/folds/fold_02/outer_final/seed_43/preprocessing/preprocessing_manifest.json,835,40d025cf1ac5c7ee4165162ca62a497672ad188d433c7b518366cc334eb6fb82
analysis_artifacts/canonical_run/folds/fold_02/outer_final/seed_43/preprocessing/selected_full_edge_indices.npy,39928,37cc5d8860babcc4d58c374fcce05afd9749744de79f8d77c155a788c227955c
analysis_artifacts/canonical_run/folds/fold_02/outer_final/seed_43/preprocessing_state.npz,285576,7a0004b1a78c14afa217cf9ed8b974d8578e147c1421d4bba1387ed545876243
analysis_artifacts/canonical_run/folds/fold_02/outer_final/seed_43/preprocessing_state_manifest.json,2617,f74b34dc55c8d3c3e8b00bca3649db6866d82b83696ebae82f4dc4db5f72fc7f
analysis_artifacts/canonical_run/folds/fold_02/outer_final/seed_43/reload_audit.json,3395,66e2481051b2774ff89735da5522009ba20043e5db5e0eff6339761966655628
analysis_artifacts/canonical_run/folds/fold_02/outer_final/seed_43/test_indices.npy,832,cfded535a06105802e122be3f12d7f04b20373ec6370d50e571a3e50e7b87613
analysis_artifacts/canonical_run/folds/fold_02/outer_final/seed_43/test_outputs.npz,2395,3e995a4121d2bc1a8f8908d2646989000a9a01dc274e864ae2cc28ccffa76854
analysis_artifacts/canonical_run/folds/fold_02/outer_final/seed_43/test_subject_ids.npy,832,1283722c7528904e5308ad51886e4a94b73bba3d347674d40d7b3af91836d8b3
analysis_artifacts/canonical_run/folds/fold_02/outer_final/seed_43/train_indices.npy,6456,971d70f4ff6ed97a83da5b43f3f762b68865ea3421143fb8cb20e4ef9c7bc61a
analysis_artifacts/canonical_run/folds/fold_02/outer_final/seed_43/train_subject_ids.npy,6456,26178ae1d38d6fb898da2cc5bb8523ebc9ae551768836a762bc63a4ade40cfde
analysis_artifacts/canonical_run/folds/fold_02/outer_final/seed_44/checkpoint_manifest.json,9798,2829d5059dfc228e6cde6a79898c9831128e739c320aa8b93a22a4318faef4ce
analysis_artifacts/canonical_run/folds/fold_02/outer_final/seed_44/fit_manifest.json,534,2aa3d4e0baa1569f9cce31eb4fb6d0063a81baed94bf35ba0b2f4b25c0f43355
analysis_artifacts/canonical_run/folds/fold_02/outer_final/seed_44/model_checkpoint.pt,6888054,fe1f50f30d3f91caa6a9a5bbf94c4794c58e05682f7a0888530de5bfbf1d9564
analysis_artifacts/canonical_run/folds/fold_02/outer_final/seed_44/preprocessing/evaluation_indices.npy,832,cfded535a06105802e122be3f12d7f04b20373ec6370d50e571a3e50e7b87613
analysis_artifacts/canonical_run/folds/fold_02/outer_final/seed_44/preprocessing/fit_indices.npy,6456,971d70f4ff6ed97a83da5b43f3f762b68865ea3421143fb8cb20e4ef9c7bc61a
analysis_artifacts/canonical_run/folds/fold_02/outer_final/seed_44/preprocessing/preprocessing_manifest.json,835,b987dcd5fbf47e187b4f71188475621d44a34b3fb28718b298ac1e6b6c77e442
analysis_artifacts/canonical_run/folds/fold_02/outer_final/seed_44/preprocessing/selected_full_edge_indices.npy,39928,37cc5d8860babcc4d58c374fcce05afd9749744de79f8d77c155a788c227955c
analysis_artifacts/canonical_run/folds/fold_02/outer_final/seed_44/preprocessing_state.npz,285576,7a0004b1a78c14afa217cf9ed8b974d8578e147c1421d4bba1387ed545876243
analysis_artifacts/canonical_run/folds/fold_02/outer_final/seed_44/preprocessing_state_manifest.json,2617,1427f28d6892f5165a02ec1fbc64f381d986745c12d73309a5c7d4e3f7a00c60
analysis_artifacts/canonical_run/folds/fold_02/outer_final/seed_44/reload_audit.json,3395,09bd3b47bd467ffd444d6c319a560c91248986b0d630c2bda3659474371e6c58
analysis_artifacts/canonical_run/folds/fold_02/outer_final/seed_44/test_indices.npy,832,cfded535a06105802e122be3f12d7f04b20373ec6370d50e571a3e50e7b87613
analysis_artifacts/canonical_run/folds/fold_02/outer_final/seed_44/test_outputs.npz,2387,c277c1607c6262c04c768269f32c8cea01de56bc0ef0d39abe250a2c60837819
analysis_artifacts/canonical_run/folds/fold_02/outer_final/seed_44/test_subject_ids.npy,832,1283722c7528904e5308ad51886e4a94b73bba3d347674d40d7b3af91836d8b3
analysis_artifacts/canonical_run/folds/fold_02/outer_final/seed_44/train_indices.npy,6456,971d70f4ff6ed97a83da5b43f3f762b68865ea3421143fb8cb20e4ef9c7bc61a
analysis_artifacts/canonical_run/folds/fold_02/outer_final/seed_44/train_subject_ids.npy,6456,26178ae1d38d6fb898da2cc5bb8523ebc9ae551768836a762bc63a4ade40cfde
analysis_artifacts/canonical_run/folds/fold_02/outer_final/seed_predictions.npz,4630,8eefd1d03bb813711f9943e92631392a5c17256e65e682c6a08538054bb5c62b
analysis_artifacts/canonical_run/folds/fold_02/stage_a_summary.json,3063,dab51f59ef3fceb0eb09e10ad80d3ce899887b8a3b9ee7aee943682c938d16a3
analysis_artifacts/canonical_run/folds/fold_02/stage_b_outer_metrics.json,1500,e1bcd5816101b53c807a0a56f5b71b4de80c720803b58e4342451c3bc272271b
analysis_artifacts/canonical_run/folds/fold_03/canonical_fold_completion.json,1866,6d7d95fb8d96272d2a7c4ec340abfec9baa83c8885009f25be077fddb1a6347b
analysis_artifacts/canonical_run/folds/fold_03/frozen_outer_test_predictions.npz,4146,f44e9ee6bd69efe3d1a151a915b7416052f86be9a13d389105139db65a09888e
analysis_artifacts/canonical_run/folds/fold_03/frozen_prediction_manifest.json,1822,981015e36037778c596f83d46b13894b35b183dbeddc71e405b8ec6eb1f3acd4
analysis_artifacts/canonical_run/folds/fold_03/inner/calibration.json,626,5b0ca7db492d84e4640127ebb2e4f2415cdc6e457f64c380981e6cc7dadf6e03
analysis_artifacts/canonical_run/folds/fold_03/inner/level1/C01/seed_42/inner_00/preprocessing/evaluation_indices.npy,2240,07b25ca334bd0498695e8588f6f0b98b78b0cd215599ba2be4a1161df56088ce
analysis_artifacts/canonical_run/folds/fold_03/inner/level1/C01/seed_42/inner_00/preprocessing/fit_indices.npy,4344,553122feff3ab21d73f8e8ff3936ca51297123feee3e0a759b80d1564bc7581c
analysis_artifacts/canonical_run/folds/fold_03/inner/level1/C01/seed_42/inner_00/preprocessing/preprocessing_manifest.json,800,e7f4ec28ab7bf04e5ff6c933817cd1c8c7d20ce4c499799717cac752a36beec9
analysis_artifacts/canonical_run/folds/fold_03/inner/level1/C01/seed_42/inner_00/preprocessing/selected_full_edge_indices.npy,8128,9bdfd76d7d2248af0fc4effed4c82e5229f2a9370998d0b92139579dee09def3
analysis_artifacts/canonical_run/folds/fold_03/inner/level1/C01/seed_42/inner_00/rung1_result.json,756,99a55bb63d94e9cec22e2b049cdd541332d808b1211ab0b505fd9f25f453fc75
analysis_artifacts/canonical_run/folds/fold_03/inner/level1/C01/seed_42/inner_01/preprocessing/evaluation_indices.npy,2240,a40056ccb04d3ca7318c7fb8438b4710ecfa78b29a4f3d61bbab36c1ce2c85ef
analysis_artifacts/canonical_run/folds/fold_03/inner/level1/C01/seed_42/inner_01/preprocessing/fit_indices.npy,4344,6c674b0d2dac985798abc9168194517c7c05c1c88e402bb7a2c5ae8bd318e95c
analysis_artifacts/canonical_run/folds/fold_03/inner/level1/C01/seed_42/inner_01/preprocessing/preprocessing_manifest.json,800,cd9226752b2d0f28515ee35b80d11a035b23bc89ae0abddc0a0598d53ce69c93
analysis_artifacts/canonical_run/folds/fold_03/inner/level1/C01/seed_42/inner_01/preprocessing/selected_full_edge_indices.npy,8128,63746d4443fe2af61576c6dcc35cd74d7e0fc78e3dcf8f43a36adb6ed1634c15
analysis_artifacts/canonical_run/folds/fold_03/inner/level1/C01/seed_42/inner_01/rung1_result.json,756,d0714141a784c96cb9133ba872bdf61886cf4da0ebf9d570c4a6b2ce525a6218
analysis_artifacts/canonical_run/folds/fold_03/inner/level1/C01/seed_42/inner_02/preprocessing/evaluation_indices.npy,2232,620731b60b9663f1d5b3682765af011b6e6cc5bfd69902586b08610e0a752fb8
analysis_artifacts/canonical_run/folds/fold_03/inner/level1/C01/seed_42/inner_02/preprocessing/fit_indices.npy,4352,ba22a4716cc16a2f9c77b4efcd094a587ea44d0ac6b54eff7f4068c0ea238c02
analysis_artifacts/canonical_run/folds/fold_03/inner/level1/C01/seed_42/inner_02/preprocessing/preprocessing_manifest.json,800,7d397b25f7fe7a544d6483429153a3b3c47a8258674b3d6b6d21eff5917b45fd
analysis_artifacts/canonical_run/folds/fold_03/inner/level1/C01/seed_42/inner_02/preprocessing/selected_full_edge_indices.npy,8128,4a1d59a732c4d6bdf370bf0228158cff4dc13dd3323be12f01a769ddcf23616b
analysis_artifacts/canonical_run/folds/fold_03/inner/level1/C01/seed_42/inner_02/rung1_result.json,756,d540579715c1ca6ba634707ea1fee2533cec0ec03872a9458ad42a92f063aab2
analysis_artifacts/canonical_run/folds/fold_03/inner/level1/C02/seed_42/inner_00/preprocessing/evaluation_indices.npy,2240,07b25ca334bd0498695e8588f6f0b98b78b0cd215599ba2be4a1161df56088ce
analysis_artifacts/canonical_run/folds/fold_03/inner/level1/C02/seed_42/inner_00/preprocessing/fit_indices.npy,4344,553122feff3ab21d73f8e8ff3936ca51297123feee3e0a759b80d1564bc7581c
analysis_artifacts/canonical_run/folds/fold_03/inner/level1/C02/seed_42/inner_00/preprocessing/preprocessing_manifest.json,800,cb5304d532e620e697631e0efc26f9fe1bd25295baa7d983de1a81d039ff88e2
analysis_artifacts/canonical_run/folds/fold_03/inner/level1/C02/seed_42/inner_00/preprocessing/selected_full_edge_indices.npy,8128,9bdfd76d7d2248af0fc4effed4c82e5229f2a9370998d0b92139579dee09def3
analysis_artifacts/canonical_run/folds/fold_03/inner/level1/C02/seed_42/inner_00/rung1_result.json,755,8508147885d84b77328a1652d2f38df7d104b30f88b40adc8f1d7781d58a925e
analysis_artifacts/canonical_run/folds/fold_03/inner/level1/C02/seed_42/inner_00/rung2_result.json,756,f579586a474b62006f7f13a4b386181a466e9177d692f794af646d7a35b8f8d7
analysis_artifacts/canonical_run/folds/fold_03/inner/level1/C02/seed_42/inner_01/preprocessing/evaluation_indices.npy,2240,a40056ccb04d3ca7318c7fb8438b4710ecfa78b29a4f3d61bbab36c1ce2c85ef
analysis_artifacts/canonical_run/folds/fold_03/inner/level1/C02/seed_42/inner_01/preprocessing/fit_indices.npy,4344,6c674b0d2dac985798abc9168194517c7c05c1c88e402bb7a2c5ae8bd318e95c
analysis_artifacts/canonical_run/folds/fold_03/inner/level1/C02/seed_42/inner_01/preprocessing/preprocessing_manifest.json,800,e28dc7b0b8fcfca9d7ec42bb6f13afa94d66b985c69fac5bfd8a634b2d627aab
analysis_artifacts/canonical_run/folds/fold_03/inner/level1/C02/seed_42/inner_01/preprocessing/selected_full_edge_indices.npy,8128,63746d4443fe2af61576c6dcc35cd74d7e0fc78e3dcf8f43a36adb6ed1634c15
analysis_artifacts/canonical_run/folds/fold_03/inner/level1/C02/seed_42/inner_01/rung1_result.json,755,2df890d424bfe0679b5540673b800c7979bb84c3cac1d38e057f3874c479c08c
analysis_artifacts/canonical_run/folds/fold_03/inner/level1/C02/seed_42/inner_01/rung2_result.json,756,21c5756b155b280fe68e0206a7ea224bea233456de2d6dc053e0e97b2b145301
analysis_artifacts/canonical_run/folds/fold_03/inner/level1/C02/seed_42/inner_02/preprocessing/evaluation_indices.npy,2232,620731b60b9663f1d5b3682765af011b6e6cc5bfd69902586b08610e0a752fb8
analysis_artifacts/canonical_run/folds/fold_03/inner/level1/C02/seed_42/inner_02/preprocessing/fit_indices.npy,4352,ba22a4716cc16a2f9c77b4efcd094a587ea44d0ac6b54eff7f4068c0ea238c02
analysis_artifacts/canonical_run/folds/fold_03/inner/level1/C02/seed_42/inner_02/preprocessing/preprocessing_manifest.json,800,5f34395200093af39c382b14cf8cefb50501a2337a6030333567523ebbe4e367
analysis_artifacts/canonical_run/folds/fold_03/inner/level1/C02/seed_42/inner_02/preprocessing/selected_full_edge_indices.npy,8128,4a1d59a732c4d6bdf370bf0228158cff4dc13dd3323be12f01a769ddcf23616b
analysis_artifacts/canonical_run/folds/fold_03/inner/level1/C02/seed_42/inner_02/rung1_result.json,755,490535301dacf8e09dcdbf110f3ada87ca1e322fa707142d12139a496d4322a6
analysis_artifacts/canonical_run/folds/fold_03/inner/level1/C02/seed_42/inner_02/rung2_result.json,756,b17c839ebee3a4f5513b3b2a2d6e2adb8ea15edfdf5d4f7b67eb4bd648dc1b9b
analysis_artifacts/canonical_run/folds/fold_03/inner/level1/C03/seed_42/inner_00/preprocessing/evaluation_indices.npy,2240,07b25ca334bd0498695e8588f6f0b98b78b0cd215599ba2be4a1161df56088ce
analysis_artifacts/canonical_run/folds/fold_03/inner/level1/C03/seed_42/inner_00/preprocessing/fit_indices.npy,4344,553122feff3ab21d73f8e8ff3936ca51297123feee3e0a759b80d1564bc7581c
analysis_artifacts/canonical_run/folds/fold_03/inner/level1/C03/seed_42/inner_00/preprocessing/preprocessing_manifest.json,800,b8f05036fb39d180eb213ba85bbfc9af99fce983dfb54b48122f133f18350e8a
analysis_artifacts/canonical_run/folds/fold_03/inner/level1/C03/seed_42/inner_00/preprocessing/selected_full_edge_indices.npy,20128,e33778057f1c2d496cab598629f48fc7f6a11a54ce86cbbb6917ca569860e550
analysis_artifacts/canonical_run/folds/fold_03/inner/level1/C03/seed_42/inner_00/rung1_result.json,756,ea6ccc2122fa7103659848af1b037fc0bf9c3b885623b3a76e121a58cd9c0a46
analysis_artifacts/canonical_run/folds/fold_03/inner/level1/C03/seed_42/inner_01/preprocessing/evaluation_indices.npy,2240,a40056ccb04d3ca7318c7fb8438b4710ecfa78b29a4f3d61bbab36c1ce2c85ef
analysis_artifacts/canonical_run/folds/fold_03/inner/level1/C03/seed_42/inner_01/preprocessing/fit_indices.npy,4344,6c674b0d2dac985798abc9168194517c7c05c1c88e402bb7a2c5ae8bd318e95c
analysis_artifacts/canonical_run/folds/fold_03/inner/level1/C03/seed_42/inner_01/preprocessing/preprocessing_manifest.json,800,2a60137173d169529de23442623f1a5662844e3b2c06d56b6cea5ccad8723be2
analysis_artifacts/canonical_run/folds/fold_03/inner/level1/C03/seed_42/inner_01/preprocessing/selected_full_edge_indices.npy,20128,8e0d503568cb410d61a1e9f9a9ad7d864b886d7b29654bd89136f8d37dc95789
analysis_artifacts/canonical_run/folds/fold_03/inner/level1/C03/seed_42/inner_01/rung1_result.json,756,80aa3b63cad5964d8e084e5b4f00b0be8d4577ad669ff98d43fda034dd7d8fb5
analysis_artifacts/canonical_run/folds/fold_03/inner/level1/C03/seed_42/inner_02/preprocessing/evaluation_indices.npy,2232,620731b60b9663f1d5b3682765af011b6e6cc5bfd69902586b08610e0a752fb8
analysis_artifacts/canonical_run/folds/fold_03/inner/level1/C03/seed_42/inner_02/preprocessing/fit_indices.npy,4352,ba22a4716cc16a2f9c77b4efcd094a587ea44d0ac6b54eff7f4068c0ea238c02
analysis_artifacts/canonical_run/folds/fold_03/inner/level1/C03/seed_42/inner_02/preprocessing/preprocessing_manifest.json,800,3044f801828eb098715cddb24344666c4a2fe312389072793ac0a53a151f9703
analysis_artifacts/canonical_run/folds/fold_03/inner/level1/C03/seed_42/inner_02/preprocessing/selected_full_edge_indices.npy,20128,bbeb3be0423d58e4cf2a90b10c6e75314eff3e1f16087437799f858ea7b96fd9
analysis_artifacts/canonical_run/folds/fold_03/inner/level1/C03/seed_42/inner_02/rung1_result.json,756,044461e7935cf8c53ac8d2ad3ca89598ca38771304d8dcea264852a43813c510
analysis_artifacts/canonical_run/folds/fold_03/inner/level1/C04/seed_42/inner_00/preprocessing/evaluation_indices.npy,2240,07b25ca334bd0498695e8588f6f0b98b78b0cd215599ba2be4a1161df56088ce
analysis_artifacts/canonical_run/folds/fold_03/inner/level1/C04/seed_42/inner_00/preprocessing/fit_indices.npy,4344,553122feff3ab21d73f8e8ff3936ca51297123feee3e0a759b80d1564bc7581c
analysis_artifacts/canonical_run/folds/fold_03/inner/level1/C04/seed_42/inner_00/preprocessing/preprocessing_manifest.json,800,539ef6c776bc78faedff59918df2c8c80537781c9ca745ee6771a6cf02ac06fc
analysis_artifacts/canonical_run/folds/fold_03/inner/level1/C04/seed_42/inner_00/preprocessing/selected_full_edge_indices.npy,20128,e33778057f1c2d496cab598629f48fc7f6a11a54ce86cbbb6917ca569860e550
analysis_artifacts/canonical_run/folds/fold_03/inner/level1/C04/seed_42/inner_00/rung1_result.json,756,c16a47777f641abafe6c985ecfdde38e2ed93c4121da7adb21d5400fc829388f
analysis_artifacts/canonical_run/folds/fold_03/inner/level1/C04/seed_42/inner_01/preprocessing/evaluation_indices.npy,2240,a40056ccb04d3ca7318c7fb8438b4710ecfa78b29a4f3d61bbab36c1ce2c85ef
analysis_artifacts/canonical_run/folds/fold_03/inner/level1/C04/seed_42/inner_01/preprocessing/fit_indices.npy,4344,6c674b0d2dac985798abc9168194517c7c05c1c88e402bb7a2c5ae8bd318e95c
analysis_artifacts/canonical_run/folds/fold_03/inner/level1/C04/seed_42/inner_01/preprocessing/preprocessing_manifest.json,800,8453e8027a9d524300a42658178b2ec372c837c98bf15b4a7e7f5cc7bd9a3695
analysis_artifacts/canonical_run/folds/fold_03/inner/level1/C04/seed_42/inner_01/preprocessing/selected_full_edge_indices.npy,20128,8e0d503568cb410d61a1e9f9a9ad7d864b886d7b29654bd89136f8d37dc95789
analysis_artifacts/canonical_run/folds/fold_03/inner/level1/C04/seed_42/inner_01/rung1_result.json,756,ba3285ea6f95e0cd1025c75562ea63bcc94693320a2e7d9b22535c7ae008e500
analysis_artifacts/canonical_run/folds/fold_03/inner/level1/C04/seed_42/inner_02/preprocessing/evaluation_indices.npy,2232,620731b60b9663f1d5b3682765af011b6e6cc5bfd69902586b08610e0a752fb8
analysis_artifacts/canonical_run/folds/fold_03/inner/level1/C04/seed_42/inner_02/preprocessing/fit_indices.npy,4352,ba22a4716cc16a2f9c77b4efcd094a587ea44d0ac6b54eff7f4068c0ea238c02
analysis_artifacts/canonical_run/folds/fold_03/inner/level1/C04/seed_42/inner_02/preprocessing/preprocessing_manifest.json,800,3eb169b0ddc1aff9b64532fe12698e33cd9a6fa995489bc7f1f1db8622d5262d
analysis_artifacts/canonical_run/folds/fold_03/inner/level1/C04/seed_42/inner_02/preprocessing/selected_full_edge_indices.npy,20128,bbeb3be0423d58e4cf2a90b10c6e75314eff3e1f16087437799f858ea7b96fd9
analysis_artifacts/canonical_run/folds/fold_03/inner/level1/C04/seed_42/inner_02/rung1_result.json,756,69911030b5e030ac7a0cdffba3c6092f27baa074a0aa8d86adac9c386448ad09
analysis_artifacts/canonical_run/folds/fold_03/inner/level1/C05/seed_42/inner_00/preprocessing/evaluation_indices.npy,2240,07b25ca334bd0498695e8588f6f0b98b78b0cd215599ba2be4a1161df56088ce
analysis_artifacts/canonical_run/folds/fold_03/inner/level1/C05/seed_42/inner_00/preprocessing/fit_indices.npy,4344,553122feff3ab21d73f8e8ff3936ca51297123feee3e0a759b80d1564bc7581c
analysis_artifacts/canonical_run/folds/fold_03/inner/level1/C05/seed_42/inner_00/preprocessing/preprocessing_manifest.json,800,010276d02753259e8821ff4041041c0830648ade8f37f7e0fcd0013f3e7e5cf9
analysis_artifacts/canonical_run/folds/fold_03/inner/level1/C05/seed_42/inner_00/preprocessing/selected_full_edge_indices.npy,39928,a74af87fc3338f791da0d7067a32b1b0b23d5e1ac8aae2d04c66a16648bccd86
analysis_artifacts/canonical_run/folds/fold_03/inner/level1/C05/seed_42/inner_00/rung1_result.json,756,dfa63c9fd4a356f29da512939deac8af7ab9d782e621c0527e66c2a8cf82e38c
analysis_artifacts/canonical_run/folds/fold_03/inner/level1/C05/seed_42/inner_00/rung2_result.json,757,96462e7d7d3702dbfe7e68c3f064e88690366271af40e58b240babee3916c7ed
analysis_artifacts/canonical_run/folds/fold_03/inner/level1/C05/seed_42/inner_01/preprocessing/evaluation_indices.npy,2240,a40056ccb04d3ca7318c7fb8438b4710ecfa78b29a4f3d61bbab36c1ce2c85ef
analysis_artifacts/canonical_run/folds/fold_03/inner/level1/C05/seed_42/inner_01/preprocessing/fit_indices.npy,4344,6c674b0d2dac985798abc9168194517c7c05c1c88e402bb7a2c5ae8bd318e95c
analysis_artifacts/canonical_run/folds/fold_03/inner/level1/C05/seed_42/inner_01/preprocessing/preprocessing_manifest.json,800,4c1f059d3481d6ec56347f058720832dd65e2c12146025a5a5988147a2c72480
analysis_artifacts/canonical_run/folds/fold_03/inner/level1/C05/seed_42/inner_01/preprocessing/selected_full_edge_indices.npy,39928,6702775749860cc3f2fee5182fe0465effa4ea4252f0740f94039de391a8e099
analysis_artifacts/canonical_run/folds/fold_03/inner/level1/C05/seed_42/inner_01/rung1_result.json,755,06b49a5033100c15ef33b986967c418e109c3d305da2d086243bb7a397a7bb08
analysis_artifacts/canonical_run/folds/fold_03/inner/level1/C05/seed_42/inner_01/rung2_result.json,756,8fc05d139702f95f7dc2f08df0fe0397984186557ffb209cb3b91fe6cddf62a2
analysis_artifacts/canonical_run/folds/fold_03/inner/level1/C05/seed_42/inner_02/preprocessing/evaluation_indices.npy,2232,620731b60b9663f1d5b3682765af011b6e6cc5bfd69902586b08610e0a752fb8
analysis_artifacts/canonical_run/folds/fold_03/inner/level1/C05/seed_42/inner_02/preprocessing/fit_indices.npy,4352,ba22a4716cc16a2f9c77b4efcd094a587ea44d0ac6b54eff7f4068c0ea238c02
analysis_artifacts/canonical_run/folds/fold_03/inner/level1/C05/seed_42/inner_02/preprocessing/preprocessing_manifest.json,800,267005a1254f3a2458b77f865d096d2eaeceb8957860bf1b77ebf805c665a44c
analysis_artifacts/canonical_run/folds/fold_03/inner/level1/C05/seed_42/inner_02/preprocessing/selected_full_edge_indices.npy,39928,90d22a0922c7a4cabdec7e6aa15eb5fa0b46a56644a66ec1976b14e12f518bb9
analysis_artifacts/canonical_run/folds/fold_03/inner/level1/C05/seed_42/inner_02/rung1_result.json,755,5caa018b00588148ac2681dc2b832371df079f3adcb9b8fd046c25f898f44b76
analysis_artifacts/canonical_run/folds/fold_03/inner/level1/C05/seed_42/inner_02/rung2_result.json,756,0e06a4ee3f37b7fdf16b8535ed747fd30689f7d858024aa3a70f61beab860779
analysis_artifacts/canonical_run/folds/fold_03/inner/level1/C06/seed_42/inner_00/preprocessing/evaluation_indices.npy,2240,07b25ca334bd0498695e8588f6f0b98b78b0cd215599ba2be4a1161df56088ce
analysis_artifacts/canonical_run/folds/fold_03/inner/level1/C06/seed_42/inner_00/preprocessing/fit_indices.npy,4344,553122feff3ab21d73f8e8ff3936ca51297123feee3e0a759b80d1564bc7581c
analysis_artifacts/canonical_run/folds/fold_03/inner/level1/C06/seed_42/inner_00/preprocessing/preprocessing_manifest.json,800,6450270db4fb224c19732cc0105f8771d5e02919bdcd97c08236909e0d01eee8
analysis_artifacts/canonical_run/folds/fold_03/inner/level1/C06/seed_42/inner_00/preprocessing/selected_full_edge_indices.npy,39928,a74af87fc3338f791da0d7067a32b1b0b23d5e1ac8aae2d04c66a16648bccd86
analysis_artifacts/canonical_run/folds/fold_03/inner/level1/C06/seed_42/inner_00/rung1_result.json,756,6cb0d273cd27da33749b3140d54fad394ef032fa9b00084c53cafc25806cbf63
analysis_artifacts/canonical_run/folds/fold_03/inner/level1/C06/seed_42/inner_01/preprocessing/evaluation_indices.npy,2240,a40056ccb04d3ca7318c7fb8438b4710ecfa78b29a4f3d61bbab36c1ce2c85ef
analysis_artifacts/canonical_run/folds/fold_03/inner/level1/C06/seed_42/inner_01/preprocessing/fit_indices.npy,4344,6c674b0d2dac985798abc9168194517c7c05c1c88e402bb7a2c5ae8bd318e95c
analysis_artifacts/canonical_run/folds/fold_03/inner/level1/C06/seed_42/inner_01/preprocessing/preprocessing_manifest.json,800,0f176d97fe3868d2fff8acf2b7514f24db4e56ec2bdfbbda3a30723b07f836f9
analysis_artifacts/canonical_run/folds/fold_03/inner/level1/C06/seed_42/inner_01/preprocessing/selected_full_edge_indices.npy,39928,6702775749860cc3f2fee5182fe0465effa4ea4252f0740f94039de391a8e099
analysis_artifacts/canonical_run/folds/fold_03/inner/level1/C06/seed_42/inner_01/rung1_result.json,756,b943e89f121a12ce53aeb8ad894c27edb0dedc44c5eb4a68808e313f2b6eaadf
analysis_artifacts/canonical_run/folds/fold_03/inner/level1/C06/seed_42/inner_02/preprocessing/evaluation_indices.npy,2232,620731b60b9663f1d5b3682765af011b6e6cc5bfd69902586b08610e0a752fb8
analysis_artifacts/canonical_run/folds/fold_03/inner/level1/C06/seed_42/inner_02/preprocessing/fit_indices.npy,4352,ba22a4716cc16a2f9c77b4efcd094a587ea44d0ac6b54eff7f4068c0ea238c02
analysis_artifacts/canonical_run/folds/fold_03/inner/level1/C06/seed_42/inner_02/preprocessing/preprocessing_manifest.json,800,39d65115342a371a26d8dbacfb2c09e89ac61c893df1c291d177fbd1cb3c859b
analysis_artifacts/canonical_run/folds/fold_03/inner/level1/C06/seed_42/inner_02/preprocessing/selected_full_edge_indices.npy,39928,90d22a0922c7a4cabdec7e6aa15eb5fa0b46a56644a66ec1976b14e12f518bb9
analysis_artifacts/canonical_run/folds/fold_03/inner/level1/C06/seed_42/inner_02/rung1_result.json,755,6dc08439a86bb919ac48e83bed48e899ce4671c4bb1d7d263a58af280141e4ca
analysis_artifacts/canonical_run/folds/fold_03/inner/level1/C07/seed_42/inner_00/preprocessing/evaluation_indices.npy,2240,07b25ca334bd0498695e8588f6f0b98b78b0cd215599ba2be4a1161df56088ce
analysis_artifacts/canonical_run/folds/fold_03/inner/level1/C07/seed_42/inner_00/preprocessing/fit_indices.npy,4344,553122feff3ab21d73f8e8ff3936ca51297123feee3e0a759b80d1564bc7581c
analysis_artifacts/canonical_run/folds/fold_03/inner/level1/C07/seed_42/inner_00/preprocessing/preprocessing_manifest.json,802,065d3394b3596cd8f9d563ce2d51a5a8cd268d59c2149b1c61fbf48e326c8106
analysis_artifacts/canonical_run/folds/fold_03/inner/level1/C07/seed_42/inner_00/preprocessing/selected_full_edge_indices.npy,39928,a74af87fc3338f791da0d7067a32b1b0b23d5e1ac8aae2d04c66a16648bccd86
analysis_artifacts/canonical_run/folds/fold_03/inner/level1/C07/seed_42/inner_00/rung1_result.json,756,8e02c52815689bad367975e43f6040099d3a60270ddab402a9a999d5146c63d0
analysis_artifacts/canonical_run/folds/fold_03/inner/level1/C07/seed_42/inner_01/preprocessing/evaluation_indices.npy,2240,a40056ccb04d3ca7318c7fb8438b4710ecfa78b29a4f3d61bbab36c1ce2c85ef
analysis_artifacts/canonical_run/folds/fold_03/inner/level1/C07/seed_42/inner_01/preprocessing/fit_indices.npy,4344,6c674b0d2dac985798abc9168194517c7c05c1c88e402bb7a2c5ae8bd318e95c
analysis_artifacts/canonical_run/folds/fold_03/inner/level1/C07/seed_42/inner_01/preprocessing/preprocessing_manifest.json,802,4f5cb88481e8a289e9e652a50ecf5b3d9f5c619956e70788f5b91e2426c038b4
analysis_artifacts/canonical_run/folds/fold_03/inner/level1/C07/seed_42/inner_01/preprocessing/selected_full_edge_indices.npy,39928,6702775749860cc3f2fee5182fe0465effa4ea4252f0740f94039de391a8e099
analysis_artifacts/canonical_run/folds/fold_03/inner/level1/C07/seed_42/inner_01/rung1_result.json,756,fe0e5e39377c8875c928bca114110c65f835fade4d1f30fa6b0b4453a24833d0
analysis_artifacts/canonical_run/folds/fold_03/inner/level1/C07/seed_42/inner_02/preprocessing/evaluation_indices.npy,2232,620731b60b9663f1d5b3682765af011b6e6cc5bfd69902586b08610e0a752fb8
analysis_artifacts/canonical_run/folds/fold_03/inner/level1/C07/seed_42/inner_02/preprocessing/fit_indices.npy,4352,ba22a4716cc16a2f9c77b4efcd094a587ea44d0ac6b54eff7f4068c0ea238c02
analysis_artifacts/canonical_run/folds/fold_03/inner/level1/C07/seed_42/inner_02/preprocessing/preprocessing_manifest.json,802,988baac55164c8faf5d216d1313641658ecac1aff51973c190cb86dffe8c8681
analysis_artifacts/canonical_run/folds/fold_03/inner/level1/C07/seed_42/inner_02/preprocessing/selected_full_edge_indices.npy,39928,90d22a0922c7a4cabdec7e6aa15eb5fa0b46a56644a66ec1976b14e12f518bb9
analysis_artifacts/canonical_run/folds/fold_03/inner/level1/C07/seed_42/inner_02/rung1_result.json,756,bb14cb437a113378d7fd4c670a762fb72214f7a8322755207c332cebda4d89b4
analysis_artifacts/canonical_run/folds/fold_03/inner/level1/C08/seed_42/inner_00/preprocessing/evaluation_indices.npy,2240,07b25ca334bd0498695e8588f6f0b98b78b0cd215599ba2be4a1161df56088ce
analysis_artifacts/canonical_run/folds/fold_03/inner/level1/C08/seed_42/inner_00/preprocessing/fit_indices.npy,4344,553122feff3ab21d73f8e8ff3936ca51297123feee3e0a759b80d1564bc7581c
analysis_artifacts/canonical_run/folds/fold_03/inner/level1/C08/seed_42/inner_00/preprocessing/preprocessing_manifest.json,802,a75244297c416d6fd31f9edbed95a840c8d0a213bae98522f65fb8edd019bc40
analysis_artifacts/canonical_run/folds/fold_03/inner/level1/C08/seed_42/inner_00/preprocessing/selected_full_edge_indices.npy,39928,a74af87fc3338f791da0d7067a32b1b0b23d5e1ac8aae2d04c66a16648bccd86
analysis_artifacts/canonical_run/folds/fold_03/inner/level1/C08/seed_42/inner_00/rung1_result.json,756,42cfddcca95d899dc082d1e047597ddd86d4493da3ca5db5a7645a50d9833359
analysis_artifacts/canonical_run/folds/fold_03/inner/level1/C08/seed_42/inner_00/rung2_result.json,757,c1383d529c23114ba1001d4a7d71819f1b6a1988e615394dbb053a85258940ac
analysis_artifacts/canonical_run/folds/fold_03/inner/level1/C08/seed_42/inner_01/preprocessing/evaluation_indices.npy,2240,a40056ccb04d3ca7318c7fb8438b4710ecfa78b29a4f3d61bbab36c1ce2c85ef
analysis_artifacts/canonical_run/folds/fold_03/inner/level1/C08/seed_42/inner_01/preprocessing/fit_indices.npy,4344,6c674b0d2dac985798abc9168194517c7c05c1c88e402bb7a2c5ae8bd318e95c
analysis_artifacts/canonical_run/folds/fold_03/inner/level1/C08/seed_42/inner_01/preprocessing/preprocessing_manifest.json,802,e8f9d84edcc7cf9cd37e3c318d060ef010aa46ad36ef232ef36795419c80b6cd
analysis_artifacts/canonical_run/folds/fold_03/inner/level1/C08/seed_42/inner_01/preprocessing/selected_full_edge_indices.npy,39928,6702775749860cc3f2fee5182fe0465effa4ea4252f0740f94039de391a8e099
analysis_artifacts/canonical_run/folds/fold_03/inner/level1/C08/seed_42/inner_01/rung1_result.json,756,e0f978126e8e584cb0af3e464bda4ad149d4a2eff664d4a3636498d4e5474b7e
analysis_artifacts/canonical_run/folds/fold_03/inner/level1/C08/seed_42/inner_01/rung2_result.json,757,fb001942385f1b52b52018b93ee6b8d5a63420fdfab0c254d5ab3df3f6ea72dd
analysis_artifacts/canonical_run/folds/fold_03/inner/level1/C08/seed_42/inner_02/preprocessing/evaluation_indices.npy,2232,620731b60b9663f1d5b3682765af011b6e6cc5bfd69902586b08610e0a752fb8
analysis_artifacts/canonical_run/folds/fold_03/inner/level1/C08/seed_42/inner_02/preprocessing/fit_indices.npy,4352,ba22a4716cc16a2f9c77b4efcd094a587ea44d0ac6b54eff7f4068c0ea238c02
analysis_artifacts/canonical_run/folds/fold_03/inner/level1/C08/seed_42/inner_02/preprocessing/preprocessing_manifest.json,802,68cba9ab2ab745c1896a8e10d8bf7687fb3058260a24408849598cda6a558c53
analysis_artifacts/canonical_run/folds/fold_03/inner/level1/C08/seed_42/inner_02/preprocessing/selected_full_edge_indices.npy,39928,90d22a0922c7a4cabdec7e6aa15eb5fa0b46a56644a66ec1976b14e12f518bb9
analysis_artifacts/canonical_run/folds/fold_03/inner/level1/C08/seed_42/inner_02/rung1_result.json,756,5199d052605c37d3d687a5c6a8cd92e174665ad5b8808112539c039e44ea710d
analysis_artifacts/canonical_run/folds/fold_03/inner/level1/C08/seed_42/inner_02/rung2_result.json,758,6130714e9b2e87b8b6726e03cd7369c46807a414e4b5fb788339ccd105beeee5
analysis_artifacts/canonical_run/folds/fold_03/inner/level1/C09/seed_42/inner_00/preprocessing/evaluation_indices.npy,2240,07b25ca334bd0498695e8588f6f0b98b78b0cd215599ba2be4a1161df56088ce
analysis_artifacts/canonical_run/folds/fold_03/inner/level1/C09/seed_42/inner_00/preprocessing/fit_indices.npy,4344,553122feff3ab21d73f8e8ff3936ca51297123feee3e0a759b80d1564bc7581c
analysis_artifacts/canonical_run/folds/fold_03/inner/level1/C09/seed_42/inner_00/preprocessing/preprocessing_manifest.json,839,87e365e9efcbf480488f21eb7b9bcb1f2d9ffd06945c3042119e5944a8539c47
analysis_artifacts/canonical_run/folds/fold_03/inner/level1/C09/seed_42/inner_00/preprocessing/selected_full_edge_indices.npy,39928,a74af87fc3338f791da0d7067a32b1b0b23d5e1ac8aae2d04c66a16648bccd86
analysis_artifacts/canonical_run/folds/fold_03/inner/level1/C09/seed_42/inner_00/rung1_result.json,756,535639da1051ab3ee3f2373ee312d4e2bd6f0f7b9e24ef5f027adbec139bdc28
analysis_artifacts/canonical_run/folds/fold_03/inner/level1/C09/seed_42/inner_01/preprocessing/evaluation_indices.npy,2240,a40056ccb04d3ca7318c7fb8438b4710ecfa78b29a4f3d61bbab36c1ce2c85ef
analysis_artifacts/canonical_run/folds/fold_03/inner/level1/C09/seed_42/inner_01/preprocessing/fit_indices.npy,4344,6c674b0d2dac985798abc9168194517c7c05c1c88e402bb7a2c5ae8bd318e95c
analysis_artifacts/canonical_run/folds/fold_03/inner/level1/C09/seed_42/inner_01/preprocessing/preprocessing_manifest.json,839,5492e01436e53a111900cbc6b1180e52432007e4965d378975d1c98beeb71880
analysis_artifacts/canonical_run/folds/fold_03/inner/level1/C09/seed_42/inner_01/preprocessing/selected_full_edge_indices.npy,39928,6702775749860cc3f2fee5182fe0465effa4ea4252f0740f94039de391a8e099
analysis_artifacts/canonical_run/folds/fold_03/inner/level1/C09/seed_42/inner_01/rung1_result.json,756,e5581fe0f6ad33bfe7b6ced789a2a6b0724d4ef93c7135e908d7af1387efe958
analysis_artifacts/canonical_run/folds/fold_03/inner/level1/C09/seed_42/inner_02/preprocessing/evaluation_indices.npy,2232,620731b60b9663f1d5b3682765af011b6e6cc5bfd69902586b08610e0a752fb8
analysis_artifacts/canonical_run/folds/fold_03/inner/level1/C09/seed_42/inner_02/preprocessing/fit_indices.npy,4352,ba22a4716cc16a2f9c77b4efcd094a587ea44d0ac6b54eff7f4068c0ea238c02
analysis_artifacts/canonical_run/folds/fold_03/inner/level1/C09/seed_42/inner_02/preprocessing/preprocessing_manifest.json,839,525d98fa688c06b8caf9ef3f739e67d82fd0eeafbd1fb67f77c6f9885dec8f12
analysis_artifacts/canonical_run/folds/fold_03/inner/level1/C09/seed_42/inner_02/preprocessing/selected_full_edge_indices.npy,39928,90d22a0922c7a4cabdec7e6aa15eb5fa0b46a56644a66ec1976b14e12f518bb9
analysis_artifacts/canonical_run/folds/fold_03/inner/level1/C09/seed_42/inner_02/rung1_result.json,756,5044ebadd7f819f1e58bd4ef9dc771d33d8518cff156fd5200ad39615e925299
analysis_artifacts/canonical_run/folds/fold_03/inner/level1/C10/seed_42/inner_00/preprocessing/evaluation_indices.npy,2240,07b25ca334bd0498695e8588f6f0b98b78b0cd215599ba2be4a1161df56088ce
analysis_artifacts/canonical_run/folds/fold_03/inner/level1/C10/seed_42/inner_00/preprocessing/fit_indices.npy,4344,553122feff3ab21d73f8e8ff3936ca51297123feee3e0a759b80d1564bc7581c
analysis_artifacts/canonical_run/folds/fold_03/inner/level1/C10/seed_42/inner_00/preprocessing/preprocessing_manifest.json,839,1e74e8f7c2b50637698f6927c01eccdca3111dead4d661f19195eb8d82062612
analysis_artifacts/canonical_run/folds/fold_03/inner/level1/C10/seed_42/inner_00/preprocessing/selected_full_edge_indices.npy,39928,a74af87fc3338f791da0d7067a32b1b0b23d5e1ac8aae2d04c66a16648bccd86
analysis_artifacts/canonical_run/folds/fold_03/inner/level1/C10/seed_42/inner_00/rung1_result.json,756,208e7dda677e58c296d9fdb227aac7b5c2c652cc1b3007bb65c22aeed1dec068
analysis_artifacts/canonical_run/folds/fold_03/inner/level1/C10/seed_42/inner_00/rung2_result.json,757,f42c9d7fe71797b924dfbad435b62e17e93b4005e34bf89362023c68b10aeec6
analysis_artifacts/canonical_run/folds/fold_03/inner/level1/C10/seed_42/inner_01/preprocessing/evaluation_indices.npy,2240,a40056ccb04d3ca7318c7fb8438b4710ecfa78b29a4f3d61bbab36c1ce2c85ef
analysis_artifacts/canonical_run/folds/fold_03/inner/level1/C10/seed_42/inner_01/preprocessing/fit_indices.npy,4344,6c674b0d2dac985798abc9168194517c7c05c1c88e402bb7a2c5ae8bd318e95c
analysis_artifacts/canonical_run/folds/fold_03/inner/level1/C10/seed_42/inner_01/preprocessing/preprocessing_manifest.json,839,d3316f599d4b11cb49ef6113102ad0f001890136c6716c2ae4368200156bf7d4
analysis_artifacts/canonical_run/folds/fold_03/inner/level1/C10/seed_42/inner_01/preprocessing/selected_full_edge_indices.npy,39928,6702775749860cc3f2fee5182fe0465effa4ea4252f0740f94039de391a8e099
analysis_artifacts/canonical_run/folds/fold_03/inner/level1/C10/seed_42/inner_01/rung1_result.json,756,741eca0614789ef80192373136b9ba6679f75db8741f30b45a8a60dd5b248615
analysis_artifacts/canonical_run/folds/fold_03/inner/level1/C10/seed_42/inner_01/rung2_result.json,756,d7f7baa2c52977265ebf313e89b587c26d179d21f6f17f6b7e38abd8541a1032
analysis_artifacts/canonical_run/folds/fold_03/inner/level1/C10/seed_42/inner_02/preprocessing/evaluation_indices.npy,2232,620731b60b9663f1d5b3682765af011b6e6cc5bfd69902586b08610e0a752fb8
analysis_artifacts/canonical_run/folds/fold_03/inner/level1/C10/seed_42/inner_02/preprocessing/fit_indices.npy,4352,ba22a4716cc16a2f9c77b4efcd094a587ea44d0ac6b54eff7f4068c0ea238c02
analysis_artifacts/canonical_run/folds/fold_03/inner/level1/C10/seed_42/inner_02/preprocessing/preprocessing_manifest.json,839,6657f9fa7ed1228371f38907d649a938eba9a90f284b0fd4d9a15f67ac6263a9
analysis_artifacts/canonical_run/folds/fold_03/inner/level1/C10/seed_42/inner_02/preprocessing/selected_full_edge_indices.npy,39928,90d22a0922c7a4cabdec7e6aa15eb5fa0b46a56644a66ec1976b14e12f518bb9
analysis_artifacts/canonical_run/folds/fold_03/inner/level1/C10/seed_42/inner_02/rung1_result.json,756,915c810d3a284af73a301a86e3cc4c9ad43de201165bdaca3ea504b74c6a8128
analysis_artifacts/canonical_run/folds/fold_03/inner/level1/C10/seed_42/inner_02/rung2_result.json,757,31fb4e3fd47993a74b2948e03285cfab35951ee08ec41b75d0c479d6493ef42b
analysis_artifacts/canonical_run/folds/fold_03/inner/level1/C11/seed_42/inner_00/preprocessing/evaluation_indices.npy,2240,07b25ca334bd0498695e8588f6f0b98b78b0cd215599ba2be4a1161df56088ce
analysis_artifacts/canonical_run/folds/fold_03/inner/level1/C11/seed_42/inner_00/preprocessing/fit_indices.npy,4344,553122feff3ab21d73f8e8ff3936ca51297123feee3e0a759b80d1564bc7581c
analysis_artifacts/canonical_run/folds/fold_03/inner/level1/C11/seed_42/inner_00/preprocessing/preprocessing_manifest.json,839,9aaaf1809718481ec517bfe2e95c03138b8b96411e91498fbc0548cb498ec11d
analysis_artifacts/canonical_run/folds/fold_03/inner/level1/C11/seed_42/inner_00/preprocessing/selected_full_edge_indices.npy,39928,a74af87fc3338f791da0d7067a32b1b0b23d5e1ac8aae2d04c66a16648bccd86
analysis_artifacts/canonical_run/folds/fold_03/inner/level1/C11/seed_42/inner_00/rung1_result.json,756,d7aa900aeae3115b552188037a74ba2a002343c5abec5d89b905e8b616657fe3
analysis_artifacts/canonical_run/folds/fold_03/inner/level1/C11/seed_42/inner_00/rung2_result.json,757,cd4c6fe7a1cd3205ee7bb8bacb2d23d8400380969311c8c2a959f277fe0226ba
analysis_artifacts/canonical_run/folds/fold_03/inner/level1/C11/seed_42/inner_01/preprocessing/evaluation_indices.npy,2240,a40056ccb04d3ca7318c7fb8438b4710ecfa78b29a4f3d61bbab36c1ce2c85ef
analysis_artifacts/canonical_run/folds/fold_03/inner/level1/C11/seed_42/inner_01/preprocessing/fit_indices.npy,4344,6c674b0d2dac985798abc9168194517c7c05c1c88e402bb7a2c5ae8bd318e95c
analysis_artifacts/canonical_run/folds/fold_03/inner/level1/C11/seed_42/inner_01/preprocessing/preprocessing_manifest.json,839,16bf7a33bbd00206521d0843f0a83a259d2fbbd1fea073ba2e2362074cea6400
analysis_artifacts/canonical_run/folds/fold_03/inner/level1/C11/seed_42/inner_01/preprocessing/selected_full_edge_indices.npy,39928,6702775749860cc3f2fee5182fe0465effa4ea4252f0740f94039de391a8e099
analysis_artifacts/canonical_run/folds/fold_03/inner/level1/C11/seed_42/inner_01/rung1_result.json,756,ab0c137540a5328c890efe7994f07fb5263353d67dd189c6eee7160bafed3eed
analysis_artifacts/canonical_run/folds/fold_03/inner/level1/C11/seed_42/inner_01/rung2_result.json,757,6b844553aed5d4580c3cb24b9df0b84e24c0599955915b70bfe03d41e747b47c
analysis_artifacts/canonical_run/folds/fold_03/inner/level1/C11/seed_42/inner_02/preprocessing/evaluation_indices.npy,2232,620731b60b9663f1d5b3682765af011b6e6cc5bfd69902586b08610e0a752fb8
analysis_artifacts/canonical_run/folds/fold_03/inner/level1/C11/seed_42/inner_02/preprocessing/fit_indices.npy,4352,ba22a4716cc16a2f9c77b4efcd094a587ea44d0ac6b54eff7f4068c0ea238c02
analysis_artifacts/canonical_run/folds/fold_03/inner/level1/C11/seed_42/inner_02/preprocessing/preprocessing_manifest.json,839,4966901f814e634e66c09d70beaa3b5608c78676214cb7404e3fe10601cb8044
analysis_artifacts/canonical_run/folds/fold_03/inner/level1/C11/seed_42/inner_02/preprocessing/selected_full_edge_indices.npy,39928,90d22a0922c7a4cabdec7e6aa15eb5fa0b46a56644a66ec1976b14e12f518bb9
analysis_artifacts/canonical_run/folds/fold_03/inner/level1/C11/seed_42/inner_02/rung1_result.json,756,25ff6fefb9d406b33c6c3c5a31f4dfb2d73d1f17ed4964e0997c5ffa1382ca6b
analysis_artifacts/canonical_run/folds/fold_03/inner/level1/C11/seed_42/inner_02/rung2_result.json,757,c6e017471e65a2bc65b5dd580767e911fced3e20494a0d32a5e87ddbfb6c903c
analysis_artifacts/canonical_run/folds/fold_03/inner/level1/C12/seed_42/inner_00/preprocessing/evaluation_indices.npy,2240,07b25ca334bd0498695e8588f6f0b98b78b0cd215599ba2be4a1161df56088ce
analysis_artifacts/canonical_run/folds/fold_03/inner/level1/C12/seed_42/inner_00/preprocessing/fit_indices.npy,4344,553122feff3ab21d73f8e8ff3936ca51297123feee3e0a759b80d1564bc7581c
analysis_artifacts/canonical_run/folds/fold_03/inner/level1/C12/seed_42/inner_00/preprocessing/preprocessing_manifest.json,839,bf5bc0c431ab384021cc7df8b7d13fab6819de2aea7d75f41d30b0bf2421d095
analysis_artifacts/canonical_run/folds/fold_03/inner/level1/C12/seed_42/inner_00/preprocessing/selected_full_edge_indices.npy,39928,a74af87fc3338f791da0d7067a32b1b0b23d5e1ac8aae2d04c66a16648bccd86
analysis_artifacts/canonical_run/folds/fold_03/inner/level1/C12/seed_42/inner_00/rung1_result.json,756,298fa33269bcd0b59832b044058e3108d4f883019779be1c44135905e0fbb4d1
analysis_artifacts/canonical_run/folds/fold_03/inner/level1/C12/seed_42/inner_00/rung2_result.json,757,ad2dda109d7d8fc79de2ed94c3a36ad04104a2bc989a2b0d93abe8b48a047b21
analysis_artifacts/canonical_run/folds/fold_03/inner/level1/C12/seed_42/inner_01/preprocessing/evaluation_indices.npy,2240,a40056ccb04d3ca7318c7fb8438b4710ecfa78b29a4f3d61bbab36c1ce2c85ef
analysis_artifacts/canonical_run/folds/fold_03/inner/level1/C12/seed_42/inner_01/preprocessing/fit_indices.npy,4344,6c674b0d2dac985798abc9168194517c7c05c1c88e402bb7a2c5ae8bd318e95c
analysis_artifacts/canonical_run/folds/fold_03/inner/level1/C12/seed_42/inner_01/preprocessing/preprocessing_manifest.json,839,aad3e1a57b339b42079519618fa4f83f4e51e17cfc5619328c9cd8084af5bc6a
analysis_artifacts/canonical_run/folds/fold_03/inner/level1/C12/seed_42/inner_01/preprocessing/selected_full_edge_indices.npy,39928,6702775749860cc3f2fee5182fe0465effa4ea4252f0740f94039de391a8e099
analysis_artifacts/canonical_run/folds/fold_03/inner/level1/C12/seed_42/inner_01/rung1_result.json,755,3f7ac6d0620009fc09d8e96442975ffc04c6c46157b787b34c7b7c8694ad3c1d
analysis_artifacts/canonical_run/folds/fold_03/inner/level1/C12/seed_42/inner_01/rung2_result.json,756,af773e3b52ebccfa03cbeca03ef69bb3daaf0ab1a4c1a3b24862829c4fd034ed
analysis_artifacts/canonical_run/folds/fold_03/inner/level1/C12/seed_42/inner_02/preprocessing/evaluation_indices.npy,2232,620731b60b9663f1d5b3682765af011b6e6cc5bfd69902586b08610e0a752fb8
analysis_artifacts/canonical_run/folds/fold_03/inner/level1/C12/seed_42/inner_02/preprocessing/fit_indices.npy,4352,ba22a4716cc16a2f9c77b4efcd094a587ea44d0ac6b54eff7f4068c0ea238c02
analysis_artifacts/canonical_run/folds/fold_03/inner/level1/C12/seed_42/inner_02/preprocessing/preprocessing_manifest.json,839,fe1ce3673da0e6bd10b25bc52093e93a74e5a3f0a222d4c2f7a87a440aa925f5
analysis_artifacts/canonical_run/folds/fold_03/inner/level1/C12/seed_42/inner_02/preprocessing/selected_full_edge_indices.npy,39928,90d22a0922c7a4cabdec7e6aa15eb5fa0b46a56644a66ec1976b14e12f518bb9
analysis_artifacts/canonical_run/folds/fold_03/inner/level1/C12/seed_42/inner_02/rung1_result.json,756,3fbad18c3b41f65f37005e0d4eb43413a713e005f4e6097322dc874e3d2f8faf
analysis_artifacts/canonical_run/folds/fold_03/inner/level1/C12/seed_42/inner_02/rung2_result.json,757,6056b7556839d211f96427545d49cdea7e6bfb611898f8d491dbcb9e469d1d03
analysis_artifacts/canonical_run/folds/fold_03/inner/level1_final_selection.json,1102,1be641efb858dd27ea2522353e7c353223d214a5478c6886c91b5908b2b465da
analysis_artifacts/canonical_run/folds/fold_03/inner/level1_rung1_selection.json,2077,50e2b009463c5990f5c189112acb0382ad5ee5d02063e88b12395666c6a746e2
analysis_artifacts/canonical_run/folds/fold_03/inner/level2/C10/seed_42/inner_00/preprocessing/evaluation_indices.npy,2240,07b25ca334bd0498695e8588f6f0b98b78b0cd215599ba2be4a1161df56088ce
analysis_artifacts/canonical_run/folds/fold_03/inner/level2/C10/seed_42/inner_00/preprocessing/fit_indices.npy,4344,553122feff3ab21d73f8e8ff3936ca51297123feee3e0a759b80d1564bc7581c
analysis_artifacts/canonical_run/folds/fold_03/inner/level2/C10/seed_42/inner_00/preprocessing/preprocessing_manifest.json,839,819eb5666dea21ebb9fbffc3239f532667355f985f76b24a2ab9c3e070f8dd6c
analysis_artifacts/canonical_run/folds/fold_03/inner/level2/C10/seed_42/inner_00/preprocessing/selected_full_edge_indices.npy,39928,a74af87fc3338f791da0d7067a32b1b0b23d5e1ac8aae2d04c66a16648bccd86
analysis_artifacts/canonical_run/folds/fold_03/inner/level2/C10/seed_42/inner_00/result.json,758,537c22aa2a07eced5b8b9d5bd97b2800eb209060f4eba9fae863ba4dc0c010b6
analysis_artifacts/canonical_run/folds/fold_03/inner/level2/C10/seed_42/inner_01/preprocessing/evaluation_indices.npy,2240,a40056ccb04d3ca7318c7fb8438b4710ecfa78b29a4f3d61bbab36c1ce2c85ef
analysis_artifacts/canonical_run/folds/fold_03/inner/level2/C10/seed_42/inner_01/preprocessing/fit_indices.npy,4344,6c674b0d2dac985798abc9168194517c7c05c1c88e402bb7a2c5ae8bd318e95c
analysis_artifacts/canonical_run/folds/fold_03/inner/level2/C10/seed_42/inner_01/preprocessing/preprocessing_manifest.json,839,973b62ced72274b318fd951817a6a117dc4b1c55c88ce130344394d906a95423
analysis_artifacts/canonical_run/folds/fold_03/inner/level2/C10/seed_42/inner_01/preprocessing/selected_full_edge_indices.npy,39928,6702775749860cc3f2fee5182fe0465effa4ea4252f0740f94039de391a8e099
analysis_artifacts/canonical_run/folds/fold_03/inner/level2/C10/seed_42/inner_01/result.json,755,abf053cfc5dfa3a23b4b3d5635dc1b2402bfd3145fd719b23688e623649bba67
analysis_artifacts/canonical_run/folds/fold_03/inner/level2/C10/seed_42/inner_02/preprocessing/evaluation_indices.npy,2232,620731b60b9663f1d5b3682765af011b6e6cc5bfd69902586b08610e0a752fb8
analysis_artifacts/canonical_run/folds/fold_03/inner/level2/C10/seed_42/inner_02/preprocessing/fit_indices.npy,4352,ba22a4716cc16a2f9c77b4efcd094a587ea44d0ac6b54eff7f4068c0ea238c02
analysis_artifacts/canonical_run/folds/fold_03/inner/level2/C10/seed_42/inner_02/preprocessing/preprocessing_manifest.json,839,311602dccdd7c358c276b1fafbbd5260706ac29973224a615258099945213049
analysis_artifacts/canonical_run/folds/fold_03/inner/level2/C10/seed_42/inner_02/preprocessing/selected_full_edge_indices.npy,39928,90d22a0922c7a4cabdec7e6aa15eb5fa0b46a56644a66ec1976b14e12f518bb9
analysis_artifacts/canonical_run/folds/fold_03/inner/level2/C10/seed_42/inner_02/result.json,756,b817f59a87582b5fae91b7a93d90e471de86d331fe5c92fe9ae3e599a4caab13
analysis_artifacts/canonical_run/folds/fold_03/inner/level2/C10/seed_42/inner_oof_evaluation.json,626,d65891b1821cd3461149e0557b069e94438dedd650e2b69d3d475664d193ba64
analysis_artifacts/canonical_run/folds/fold_03/inner/level2/C10/seed_43/inner_00/preprocessing/evaluation_indices.npy,2240,07b25ca334bd0498695e8588f6f0b98b78b0cd215599ba2be4a1161df56088ce
analysis_artifacts/canonical_run/folds/fold_03/inner/level2/C10/seed_43/inner_00/preprocessing/fit_indices.npy,4344,553122feff3ab21d73f8e8ff3936ca51297123feee3e0a759b80d1564bc7581c
analysis_artifacts/canonical_run/folds/fold_03/inner/level2/C10/seed_43/inner_00/preprocessing/preprocessing_manifest.json,839,8f567c8f86e26c44f46c858eb3ac2aa0228e189ff59f221bc018d078286a25e9
analysis_artifacts/canonical_run/folds/fold_03/inner/level2/C10/seed_43/inner_00/preprocessing/selected_full_edge_indices.npy,39928,a74af87fc3338f791da0d7067a32b1b0b23d5e1ac8aae2d04c66a16648bccd86
analysis_artifacts/canonical_run/folds/fold_03/inner/level2/C10/seed_43/inner_00/result.json,758,522a61db6ed9a00c71332f7c1d74ddfb92fdc8670c4ad889fb4e1771a5aa43aa
analysis_artifacts/canonical_run/folds/fold_03/inner/level2/C10/seed_43/inner_01/preprocessing/evaluation_indices.npy,2240,a40056ccb04d3ca7318c7fb8438b4710ecfa78b29a4f3d61bbab36c1ce2c85ef
analysis_artifacts/canonical_run/folds/fold_03/inner/level2/C10/seed_43/inner_01/preprocessing/fit_indices.npy,4344,6c674b0d2dac985798abc9168194517c7c05c1c88e402bb7a2c5ae8bd318e95c
analysis_artifacts/canonical_run/folds/fold_03/inner/level2/C10/seed_43/inner_01/preprocessing/preprocessing_manifest.json,839,bd9839ea1946dfb1557652f724245141c1eece9d9f54870b2ffa22d84634e99f
analysis_artifacts/canonical_run/folds/fold_03/inner/level2/C10/seed_43/inner_01/preprocessing/selected_full_edge_indices.npy,39928,6702775749860cc3f2fee5182fe0465effa4ea4252f0740f94039de391a8e099
analysis_artifacts/canonical_run/folds/fold_03/inner/level2/C10/seed_43/inner_01/result.json,756,c45c13e9978f212a1e0019f0992c4e855cdd885f44a241b7a55a475437c7b2e4
analysis_artifacts/canonical_run/folds/fold_03/inner/level2/C10/seed_43/inner_02/preprocessing/evaluation_indices.npy,2232,620731b60b9663f1d5b3682765af011b6e6cc5bfd69902586b08610e0a752fb8
analysis_artifacts/canonical_run/folds/fold_03/inner/level2/C10/seed_43/inner_02/preprocessing/fit_indices.npy,4352,ba22a4716cc16a2f9c77b4efcd094a587ea44d0ac6b54eff7f4068c0ea238c02
analysis_artifacts/canonical_run/folds/fold_03/inner/level2/C10/seed_43/inner_02/preprocessing/preprocessing_manifest.json,839,0a77d0c7f673f7a412df7b05f71a423dc776234776531a595bff505b2dbddb66
analysis_artifacts/canonical_run/folds/fold_03/inner/level2/C10/seed_43/inner_02/preprocessing/selected_full_edge_indices.npy,39928,90d22a0922c7a4cabdec7e6aa15eb5fa0b46a56644a66ec1976b14e12f518bb9
analysis_artifacts/canonical_run/folds/fold_03/inner/level2/C10/seed_43/inner_02/result.json,757,ed1e57245ae305e8f2396a5b05cce2e100217496940cbe1328d840ca2d355b8a
analysis_artifacts/canonical_run/folds/fold_03/inner/level2/C10/seed_43/inner_oof_evaluation.json,626,0e16008f2b3ef03bbe4af5fb642dbac583dab1b011f844646fd87e76ad4d1e6e
analysis_artifacts/canonical_run/folds/fold_03/inner/level2/C10/seed_44/inner_00/preprocessing/evaluation_indices.npy,2240,07b25ca334bd0498695e8588f6f0b98b78b0cd215599ba2be4a1161df56088ce
analysis_artifacts/canonical_run/folds/fold_03/inner/level2/C10/seed_44/inner_00/preprocessing/fit_indices.npy,4344,553122feff3ab21d73f8e8ff3936ca51297123feee3e0a759b80d1564bc7581c
analysis_artifacts/canonical_run/folds/fold_03/inner/level2/C10/seed_44/inner_00/preprocessing/preprocessing_manifest.json,839,f81c3e6a0cb18c7748940945e65b18b873faca6dfb949575aadb97618dbcdaed
analysis_artifacts/canonical_run/folds/fold_03/inner/level2/C10/seed_44/inner_00/preprocessing/selected_full_edge_indices.npy,39928,a74af87fc3338f791da0d7067a32b1b0b23d5e1ac8aae2d04c66a16648bccd86
analysis_artifacts/canonical_run/folds/fold_03/inner/level2/C10/seed_44/inner_00/result.json,757,3dcccbb3bcd903a6ee5ddbbecae2f4ea597b3b26815776d0a2ac8a8a500f1de0
analysis_artifacts/canonical_run/folds/fold_03/inner/level2/C10/seed_44/inner_01/preprocessing/evaluation_indices.npy,2240,a40056ccb04d3ca7318c7fb8438b4710ecfa78b29a4f3d61bbab36c1ce2c85ef
analysis_artifacts/canonical_run/folds/fold_03/inner/level2/C10/seed_44/inner_01/preprocessing/fit_indices.npy,4344,6c674b0d2dac985798abc9168194517c7c05c1c88e402bb7a2c5ae8bd318e95c
analysis_artifacts/canonical_run/folds/fold_03/inner/level2/C10/seed_44/inner_01/preprocessing/preprocessing_manifest.json,839,4d6d7aae8fc09f6c1c079e2a61fe46063d2e05b886e42b1fed2f660430301b6e
analysis_artifacts/canonical_run/folds/fold_03/inner/level2/C10/seed_44/inner_01/preprocessing/selected_full_edge_indices.npy,39928,6702775749860cc3f2fee5182fe0465effa4ea4252f0740f94039de391a8e099
analysis_artifacts/canonical_run/folds/fold_03/inner/level2/C10/seed_44/inner_01/result.json,757,18619cb953352e9ea7bd97a09c59658b1fad6e8610b9a46bac5458be1f7d29d2
analysis_artifacts/canonical_run/folds/fold_03/inner/level2/C10/seed_44/inner_02/preprocessing/evaluation_indices.npy,2232,620731b60b9663f1d5b3682765af011b6e6cc5bfd69902586b08610e0a752fb8
analysis_artifacts/canonical_run/folds/fold_03/inner/level2/C10/seed_44/inner_02/preprocessing/fit_indices.npy,4352,ba22a4716cc16a2f9c77b4efcd094a587ea44d0ac6b54eff7f4068c0ea238c02
analysis_artifacts/canonical_run/folds/fold_03/inner/level2/C10/seed_44/inner_02/preprocessing/preprocessing_manifest.json,839,1b921d04f61b6608f3a166e684bfa692171e7bc47f2cd82f8a1d6b2d7021aeaf
analysis_artifacts/canonical_run/folds/fold_03/inner/level2/C10/seed_44/inner_02/preprocessing/selected_full_edge_indices.npy,39928,90d22a0922c7a4cabdec7e6aa15eb5fa0b46a56644a66ec1976b14e12f518bb9
analysis_artifacts/canonical_run/folds/fold_03/inner/level2/C10/seed_44/inner_02/result.json,757,32783715b6ba9ad02b2a2aa1e53d44d8a4a01d101cb22b6789656765aa64aab7
analysis_artifacts/canonical_run/folds/fold_03/inner/level2/C10/seed_44/inner_oof_evaluation.json,625,6fd9f57f6ad8ed428453c264e57b33decde1bb5874590cda51794e2b853ffaee
analysis_artifacts/canonical_run/folds/fold_03/inner/level2/C12/seed_42/inner_00/preprocessing/evaluation_indices.npy,2240,07b25ca334bd0498695e8588f6f0b98b78b0cd215599ba2be4a1161df56088ce
analysis_artifacts/canonical_run/folds/fold_03/inner/level2/C12/seed_42/inner_00/preprocessing/fit_indices.npy,4344,553122feff3ab21d73f8e8ff3936ca51297123feee3e0a759b80d1564bc7581c
analysis_artifacts/canonical_run/folds/fold_03/inner/level2/C12/seed_42/inner_00/preprocessing/preprocessing_manifest.json,839,86e0a7532e26fecdf0df0e59aeded7a2e8195092913245092fa1e1cb50291ee2
analysis_artifacts/canonical_run/folds/fold_03/inner/level2/C12/seed_42/inner_00/preprocessing/selected_full_edge_indices.npy,39928,a74af87fc3338f791da0d7067a32b1b0b23d5e1ac8aae2d04c66a16648bccd86
analysis_artifacts/canonical_run/folds/fold_03/inner/level2/C12/seed_42/inner_00/result.json,757,53b5063ff6fa5f405b5b2de85128c036784588c8b8a2dd184eaee5b7f0e09049
analysis_artifacts/canonical_run/folds/fold_03/inner/level2/C12/seed_42/inner_01/preprocessing/evaluation_indices.npy,2240,a40056ccb04d3ca7318c7fb8438b4710ecfa78b29a4f3d61bbab36c1ce2c85ef
analysis_artifacts/canonical_run/folds/fold_03/inner/level2/C12/seed_42/inner_01/preprocessing/fit_indices.npy,4344,6c674b0d2dac985798abc9168194517c7c05c1c88e402bb7a2c5ae8bd318e95c
analysis_artifacts/canonical_run/folds/fold_03/inner/level2/C12/seed_42/inner_01/preprocessing/preprocessing_manifest.json,839,c1b2ef028eb4a4a138cae5387a046d6097cb4b96cd1776ae8b5e19cd2756db0c
analysis_artifacts/canonical_run/folds/fold_03/inner/level2/C12/seed_42/inner_01/preprocessing/selected_full_edge_indices.npy,39928,6702775749860cc3f2fee5182fe0465effa4ea4252f0740f94039de391a8e099
analysis_artifacts/canonical_run/folds/fold_03/inner/level2/C12/seed_42/inner_01/result.json,757,ca3b70a5fc512c8e81b8974442dce83506891eb999758567ed5685f7668c7efa
analysis_artifacts/canonical_run/folds/fold_03/inner/level2/C12/seed_42/inner_02/preprocessing/evaluation_indices.npy,2232,620731b60b9663f1d5b3682765af011b6e6cc5bfd69902586b08610e0a752fb8
analysis_artifacts/canonical_run/folds/fold_03/inner/level2/C12/seed_42/inner_02/preprocessing/fit_indices.npy,4352,ba22a4716cc16a2f9c77b4efcd094a587ea44d0ac6b54eff7f4068c0ea238c02
analysis_artifacts/canonical_run/folds/fold_03/inner/level2/C12/seed_42/inner_02/preprocessing/preprocessing_manifest.json,839,782c5daf0303bda9f92a099c90ab6654e7627601ddecae2fed151cd65f024226
analysis_artifacts/canonical_run/folds/fold_03/inner/level2/C12/seed_42/inner_02/preprocessing/selected_full_edge_indices.npy,39928,90d22a0922c7a4cabdec7e6aa15eb5fa0b46a56644a66ec1976b14e12f518bb9
analysis_artifacts/canonical_run/folds/fold_03/inner/level2/C12/seed_42/inner_02/result.json,757,e4257afc37b2e87e3635ba641c0b82bca49e95072754de39e79169a400aa27f6
analysis_artifacts/canonical_run/folds/fold_03/inner/level2/C12/seed_42/inner_oof_evaluation.json,626,5c8ceef0fdf7ac5165e562527e87ccfd9786a04da89d25e297111561694e7dfc
analysis_artifacts/canonical_run/folds/fold_03/inner/level2/C12/seed_43/inner_00/preprocessing/evaluation_indices.npy,2240,07b25ca334bd0498695e8588f6f0b98b78b0cd215599ba2be4a1161df56088ce
analysis_artifacts/canonical_run/folds/fold_03/inner/level2/C12/seed_43/inner_00/preprocessing/fit_indices.npy,4344,553122feff3ab21d73f8e8ff3936ca51297123feee3e0a759b80d1564bc7581c
analysis_artifacts/canonical_run/folds/fold_03/inner/level2/C12/seed_43/inner_00/preprocessing/preprocessing_manifest.json,839,493dae4b6cb4ba1fba5777565d2ee863782ad17b8d7064c554672163ada6672a
analysis_artifacts/canonical_run/folds/fold_03/inner/level2/C12/seed_43/inner_00/preprocessing/selected_full_edge_indices.npy,39928,a74af87fc3338f791da0d7067a32b1b0b23d5e1ac8aae2d04c66a16648bccd86
analysis_artifacts/canonical_run/folds/fold_03/inner/level2/C12/seed_43/inner_00/result.json,757,55f4b37ba7485a1a9f11b3688676980b025a70b1a44cf39e435aaa701d3a50b8
analysis_artifacts/canonical_run/folds/fold_03/inner/level2/C12/seed_43/inner_01/preprocessing/evaluation_indices.npy,2240,a40056ccb04d3ca7318c7fb8438b4710ecfa78b29a4f3d61bbab36c1ce2c85ef
analysis_artifacts/canonical_run/folds/fold_03/inner/level2/C12/seed_43/inner_01/preprocessing/fit_indices.npy,4344,6c674b0d2dac985798abc9168194517c7c05c1c88e402bb7a2c5ae8bd318e95c
analysis_artifacts/canonical_run/folds/fold_03/inner/level2/C12/seed_43/inner_01/preprocessing/preprocessing_manifest.json,839,57e29ff9e4c8559f28e7e3f1b3f34200fea1239fdc34865e178bf8affb379a5c
analysis_artifacts/canonical_run/folds/fold_03/inner/level2/C12/seed_43/inner_01/preprocessing/selected_full_edge_indices.npy,39928,6702775749860cc3f2fee5182fe0465effa4ea4252f0740f94039de391a8e099
analysis_artifacts/canonical_run/folds/fold_03/inner/level2/C12/seed_43/inner_01/result.json,757,a97ed6f7ddcb758d38c6431b9b9a5ca22026eefd4f6e50bb2b4a5b1ff127158a
analysis_artifacts/canonical_run/folds/fold_03/inner/level2/C12/seed_43/inner_02/preprocessing/evaluation_indices.npy,2232,620731b60b9663f1d5b3682765af011b6e6cc5bfd69902586b08610e0a752fb8
analysis_artifacts/canonical_run/folds/fold_03/inner/level2/C12/seed_43/inner_02/preprocessing/fit_indices.npy,4352,ba22a4716cc16a2f9c77b4efcd094a587ea44d0ac6b54eff7f4068c0ea238c02
analysis_artifacts/canonical_run/folds/fold_03/inner/level2/C12/seed_43/inner_02/preprocessing/preprocessing_manifest.json,839,3b190d1663642a993beab982305fb900e856652458f77bd194c827af4ab1edb1
analysis_artifacts/canonical_run/folds/fold_03/inner/level2/C12/seed_43/inner_02/preprocessing/selected_full_edge_indices.npy,39928,90d22a0922c7a4cabdec7e6aa15eb5fa0b46a56644a66ec1976b14e12f518bb9
analysis_artifacts/canonical_run/folds/fold_03/inner/level2/C12/seed_43/inner_02/result.json,756,92e95b27a701750b15029800475709e2f3d7e4f768f05cf861cefd1dc5cb2146
analysis_artifacts/canonical_run/folds/fold_03/inner/level2/C12/seed_43/inner_oof_evaluation.json,624,737492878b3c77fad259f0970aab2fd0c24c796178a6ea185eeca3a6089f0b61
analysis_artifacts/canonical_run/folds/fold_03/inner/level2/C12/seed_44/inner_00/preprocessing/evaluation_indices.npy,2240,07b25ca334bd0498695e8588f6f0b98b78b0cd215599ba2be4a1161df56088ce
analysis_artifacts/canonical_run/folds/fold_03/inner/level2/C12/seed_44/inner_00/preprocessing/fit_indices.npy,4344,553122feff3ab21d73f8e8ff3936ca51297123feee3e0a759b80d1564bc7581c
analysis_artifacts/canonical_run/folds/fold_03/inner/level2/C12/seed_44/inner_00/preprocessing/preprocessing_manifest.json,839,f399fca2bd00531aaf64b806b13a58c064c18e664259dc0a195b39c6dd36295e
analysis_artifacts/canonical_run/folds/fold_03/inner/level2/C12/seed_44/inner_00/preprocessing/selected_full_edge_indices.npy,39928,a74af87fc3338f791da0d7067a32b1b0b23d5e1ac8aae2d04c66a16648bccd86
analysis_artifacts/canonical_run/folds/fold_03/inner/level2/C12/seed_44/inner_00/result.json,758,78939ca0c512b4c8f3f287700769f53f1a43ceeccf12789eec04627963134e0a
analysis_artifacts/canonical_run/folds/fold_03/inner/level2/C12/seed_44/inner_01/preprocessing/evaluation_indices.npy,2240,a40056ccb04d3ca7318c7fb8438b4710ecfa78b29a4f3d61bbab36c1ce2c85ef
analysis_artifacts/canonical_run/folds/fold_03/inner/level2/C12/seed_44/inner_01/preprocessing/fit_indices.npy,4344,6c674b0d2dac985798abc9168194517c7c05c1c88e402bb7a2c5ae8bd318e95c
analysis_artifacts/canonical_run/folds/fold_03/inner/level2/C12/seed_44/inner_01/preprocessing/preprocessing_manifest.json,839,d22222603962203fa1adff2f6d9f1eda100dcf28ecb4bceb845a2a0b7b117c84
analysis_artifacts/canonical_run/folds/fold_03/inner/level2/C12/seed_44/inner_01/preprocessing/selected_full_edge_indices.npy,39928,6702775749860cc3f2fee5182fe0465effa4ea4252f0740f94039de391a8e099
analysis_artifacts/canonical_run/folds/fold_03/inner/level2/C12/seed_44/inner_01/result.json,757,276d22ed51be90b331ceebcc735776d4d3ffbfc7cbb2127ab1b7ef97a644c165
analysis_artifacts/canonical_run/folds/fold_03/inner/level2/C12/seed_44/inner_02/preprocessing/evaluation_indices.npy,2232,620731b60b9663f1d5b3682765af011b6e6cc5bfd69902586b08610e0a752fb8
analysis_artifacts/canonical_run/folds/fold_03/inner/level2/C12/seed_44/inner_02/preprocessing/fit_indices.npy,4352,ba22a4716cc16a2f9c77b4efcd094a587ea44d0ac6b54eff7f4068c0ea238c02
analysis_artifacts/canonical_run/folds/fold_03/inner/level2/C12/seed_44/inner_02/preprocessing/preprocessing_manifest.json,839,69096a900de5a3e19a2c462ae0c156de3535d742c1b22a260ff65e1a293d688f
analysis_artifacts/canonical_run/folds/fold_03/inner/level2/C12/seed_44/inner_02/preprocessing/selected_full_edge_indices.npy,39928,90d22a0922c7a4cabdec7e6aa15eb5fa0b46a56644a66ec1976b14e12f518bb9
analysis_artifacts/canonical_run/folds/fold_03/inner/level2/C12/seed_44/inner_02/result.json,758,79db32cafbc28fc9c96e57374cfedd867cf0712570f6e491d85520c5cadb2877
analysis_artifacts/canonical_run/folds/fold_03/inner/level2/C12/seed_44/inner_oof_evaluation.json,626,1c880755f301b462ff5d320ed41b5071f22feafdedc40f8d44fd3d078161278c
analysis_artifacts/canonical_run/folds/fold_03/inner/level2_final_selection.json,5569,7668ed21262854a37d0816d5aae496655ffd76bf528e0f5e62b542f78601b09f
analysis_artifacts/canonical_run/folds/fold_03/outer_final/seed_42/checkpoint_manifest.json,9789,916eea90a96de0c7d956f420a420ee597132d029b94dda4df84a891541c6c338
analysis_artifacts/canonical_run/folds/fold_03/outer_final/seed_42/fit_manifest.json,533,4c561eb95b5f5e683867f5bc7fe928fd6cea1fdf81aea35a6d0a42b9394e6fbe
analysis_artifacts/canonical_run/folds/fold_03/outer_final/seed_42/model_checkpoint.pt,6888054,0bbef3023ee595aa4e47c85a42754981e9d5c563d8b29c30a1f47ce9f9f0ceea
analysis_artifacts/canonical_run/folds/fold_03/outer_final/seed_42/preprocessing/evaluation_indices.npy,832,2f6aa311197326e289d0c9a1628ed01c837ae691e1e60490b3629c8e39c4c022
analysis_artifacts/canonical_run/folds/fold_03/outer_final/seed_42/preprocessing/fit_indices.npy,6456,4e805bd8dadfb7f47a0d3e948d67792be5dd99753fe0648e06188eb8fbaa3bb0
analysis_artifacts/canonical_run/folds/fold_03/outer_final/seed_42/preprocessing/preprocessing_manifest.json,835,b4ea849a4a739bca2c335999f5fb3b1b6b4b53a3172bbc96f7b31a355d76ff8b
analysis_artifacts/canonical_run/folds/fold_03/outer_final/seed_42/preprocessing/selected_full_edge_indices.npy,39928,0ef924f0e6033b2607c11551c4b76f1862dfbf1b96ab52af02099ce771454d89
analysis_artifacts/canonical_run/folds/fold_03/outer_final/seed_42/preprocessing_state.npz,285669,7bf113e3cc76b9b9b320122de9df79e5626f6fdba475697ad419e5f592c94dbe
analysis_artifacts/canonical_run/folds/fold_03/outer_final/seed_42/preprocessing_state_manifest.json,2617,6e8a1474ec81f7d440ca78bab0f2e02eca39743db1f9dbc7f5ee600f078d8229
analysis_artifacts/canonical_run/folds/fold_03/outer_final/seed_42/reload_audit.json,3394,a05bb66e93e1c64ca6895dd49789c6a4a3950ceabfe815b5c364e4cf6e5d41f4
analysis_artifacts/canonical_run/folds/fold_03/outer_final/seed_42/test_indices.npy,832,2f6aa311197326e289d0c9a1628ed01c837ae691e1e60490b3629c8e39c4c022
analysis_artifacts/canonical_run/folds/fold_03/outer_final/seed_42/test_outputs.npz,2398,a0a61589ab6deabe0cebbd96caaeaea8536402eea92ec4a884f69b57da60b2f8
analysis_artifacts/canonical_run/folds/fold_03/outer_final/seed_42/test_subject_ids.npy,832,d9b3146f6cffb9e9bad3bad0072a46fe10bf1f813f24f43ebf59127063a43b71
analysis_artifacts/canonical_run/folds/fold_03/outer_final/seed_42/train_indices.npy,6456,4e805bd8dadfb7f47a0d3e948d67792be5dd99753fe0648e06188eb8fbaa3bb0
analysis_artifacts/canonical_run/folds/fold_03/outer_final/seed_42/train_subject_ids.npy,6456,2e1c855cfafbe7fc418e50825a209df0d0522cabb5e57a54f52f4d760c50aa5d
analysis_artifacts/canonical_run/folds/fold_03/outer_final/seed_43/checkpoint_manifest.json,9789,59314bc1dde111e97a5ea2afc412cc4dd7f4bcdc4c346638757f1e3bc980991a
analysis_artifacts/canonical_run/folds/fold_03/outer_final/seed_43/fit_manifest.json,533,f409e29ef311ede25da5b3ff4d151eb3a5109bac1bbc5e45fb7e60b1ffb67675
analysis_artifacts/canonical_run/folds/fold_03/outer_final/seed_43/model_checkpoint.pt,6888054,4d0c17f03c1cb9cf9e573a4fddba5a2955861919d3a6b1b36e557fc08f7f02a9
analysis_artifacts/canonical_run/folds/fold_03/outer_final/seed_43/preprocessing/evaluation_indices.npy,832,2f6aa311197326e289d0c9a1628ed01c837ae691e1e60490b3629c8e39c4c022
analysis_artifacts/canonical_run/folds/fold_03/outer_final/seed_43/preprocessing/fit_indices.npy,6456,4e805bd8dadfb7f47a0d3e948d67792be5dd99753fe0648e06188eb8fbaa3bb0
analysis_artifacts/canonical_run/folds/fold_03/outer_final/seed_43/preprocessing/preprocessing_manifest.json,835,9680d753f8360132bd5e2c69eb884746e52ff30a519618ef930662120d37adbb
analysis_artifacts/canonical_run/folds/fold_03/outer_final/seed_43/preprocessing/selected_full_edge_indices.npy,39928,0ef924f0e6033b2607c11551c4b76f1862dfbf1b96ab52af02099ce771454d89
analysis_artifacts/canonical_run/folds/fold_03/outer_final/seed_43/preprocessing_state.npz,285669,7bf113e3cc76b9b9b320122de9df79e5626f6fdba475697ad419e5f592c94dbe
analysis_artifacts/canonical_run/folds/fold_03/outer_final/seed_43/preprocessing_state_manifest.json,2617,3945bd43dc4ba4a02b97998a79d407fe1d71455d87596fb38414a9328097d2cc
analysis_artifacts/canonical_run/folds/fold_03/outer_final/seed_43/reload_audit.json,3394,96c12f623d04b268340a8bb0513e95b71f4d05014618f5c2954b1ac93def57f6
analysis_artifacts/canonical_run/folds/fold_03/outer_final/seed_43/test_indices.npy,832,2f6aa311197326e289d0c9a1628ed01c837ae691e1e60490b3629c8e39c4c022
analysis_artifacts/canonical_run/folds/fold_03/outer_final/seed_43/test_outputs.npz,2394,ba35f7b89521ddd33316c695831527c2ceec5d969c2dc80b461bda868301e879
analysis_artifacts/canonical_run/folds/fold_03/outer_final/seed_43/test_subject_ids.npy,832,d9b3146f6cffb9e9bad3bad0072a46fe10bf1f813f24f43ebf59127063a43b71
analysis_artifacts/canonical_run/folds/fold_03/outer_final/seed_43/train_indices.npy,6456,4e805bd8dadfb7f47a0d3e948d67792be5dd99753fe0648e06188eb8fbaa3bb0
analysis_artifacts/canonical_run/folds/fold_03/outer_final/seed_43/train_subject_ids.npy,6456,2e1c855cfafbe7fc418e50825a209df0d0522cabb5e57a54f52f4d760c50aa5d
analysis_artifacts/canonical_run/folds/fold_03/outer_final/seed_44/checkpoint_manifest.json,9791,594276504e017f9d42e6c6d7bc7c0f439be5bd3ad9c5b7f3b504b6749c9bda0b
analysis_artifacts/canonical_run/folds/fold_03/outer_final/seed_44/fit_manifest.json,534,edca6a3ab2affc5bc2c10955c37ed6a5c4f3417dfafaf8a244e890abc37aa722
analysis_artifacts/canonical_run/folds/fold_03/outer_final/seed_44/model_checkpoint.pt,6888054,1672b06ce28aa1081c6a66bc9469acb25a20a19c2fd27d9beaf880159efe192a
analysis_artifacts/canonical_run/folds/fold_03/outer_final/seed_44/preprocessing/evaluation_indices.npy,832,2f6aa311197326e289d0c9a1628ed01c837ae691e1e60490b3629c8e39c4c022
analysis_artifacts/canonical_run/folds/fold_03/outer_final/seed_44/preprocessing/fit_indices.npy,6456,4e805bd8dadfb7f47a0d3e948d67792be5dd99753fe0648e06188eb8fbaa3bb0
analysis_artifacts/canonical_run/folds/fold_03/outer_final/seed_44/preprocessing/preprocessing_manifest.json,835,25feb07c4116a2177bf0919e05b25b00e675c6dea2d391a430efbef986d0e601
analysis_artifacts/canonical_run/folds/fold_03/outer_final/seed_44/preprocessing/selected_full_edge_indices.npy,39928,0ef924f0e6033b2607c11551c4b76f1862dfbf1b96ab52af02099ce771454d89
analysis_artifacts/canonical_run/folds/fold_03/outer_final/seed_44/preprocessing_state.npz,285669,7bf113e3cc76b9b9b320122de9df79e5626f6fdba475697ad419e5f592c94dbe
analysis_artifacts/canonical_run/folds/fold_03/outer_final/seed_44/preprocessing_state_manifest.json,2617,859781f0a23b157a7ef620ed15e0abb9f218b27e3d2fea9e095eccbe776a4aa0
analysis_artifacts/canonical_run/folds/fold_03/outer_final/seed_44/reload_audit.json,3395,e2e8f11dad2ce509e1c5e8672fe0ec6f677205c14a45bccbf9c50cd82dee314d
analysis_artifacts/canonical_run/folds/fold_03/outer_final/seed_44/test_indices.npy,832,2f6aa311197326e289d0c9a1628ed01c837ae691e1e60490b3629c8e39c4c022
analysis_artifacts/canonical_run/folds/fold_03/outer_final/seed_44/test_outputs.npz,2396,6c5bf9446940a8d06d1b3a62bbf7db8ac76f0791bd9ad705a07d0b4b0b5734c4
analysis_artifacts/canonical_run/folds/fold_03/outer_final/seed_44/test_subject_ids.npy,832,d9b3146f6cffb9e9bad3bad0072a46fe10bf1f813f24f43ebf59127063a43b71
analysis_artifacts/canonical_run/folds/fold_03/outer_final/seed_44/train_indices.npy,6456,4e805bd8dadfb7f47a0d3e948d67792be5dd99753fe0648e06188eb8fbaa3bb0
analysis_artifacts/canonical_run/folds/fold_03/outer_final/seed_44/train_subject_ids.npy,6456,2e1c855cfafbe7fc418e50825a209df0d0522cabb5e57a54f52f4d760c50aa5d
analysis_artifacts/canonical_run/folds/fold_03/outer_final/seed_predictions.npz,4630,f6f08bee7cbb06d23e0009f7fc203ad09d29854a975cd94e519370e1ef7e8528
analysis_artifacts/canonical_run/folds/fold_03/stage_a_summary.json,3060,361c65b988676e61c537cf8a4405a6bdd746ed5cecff469b2fc93639bbd01e74
analysis_artifacts/canonical_run/folds/fold_03/stage_b_outer_metrics.json,1500,f51346a65946d6eabc92d4319841ef26a8ffd7a9da733e321135f349d763d59f
analysis_artifacts/canonical_run/folds/fold_04/canonical_fold_completion.json,1749,ec9a8817d7195554b95e9d51312fe6e76180b5221331b8da96c7fdfc51dff0ba
analysis_artifacts/canonical_run/folds/fold_04/frozen_outer_test_predictions.npz,4146,cee472f426a29f22b3922ff7ef26b7374dde156402fc258ac5e428b4d253c278
analysis_artifacts/canonical_run/folds/fold_04/frozen_prediction_manifest.json,1822,8916ebf162afb4b4bc30df536a3fe33ad55bd026989a2ecf73ada151684732ca
analysis_artifacts/canonical_run/folds/fold_04/inner/calibration.json,626,ef6132cdc78e76b683b6dac2329e6a398b4f22de7844dfcb752adce745a8fddb
analysis_artifacts/canonical_run/folds/fold_04/inner/level1/C01/seed_42/inner_00/preprocessing/evaluation_indices.npy,2240,eee8a0de78e712d1b96dca67d8499326b7451dcd218251f8658e20143e309166
analysis_artifacts/canonical_run/folds/fold_04/inner/level1/C01/seed_42/inner_00/preprocessing/fit_indices.npy,4344,1d1a2da0740b9c334be8f80573ff8ce65c691f37f0900bab48fadd8b4d8ee5f4
analysis_artifacts/canonical_run/folds/fold_04/inner/level1/C01/seed_42/inner_00/preprocessing/preprocessing_manifest.json,800,45184a54571a86192a227199d009a5e0935cef3e2c0e3b0fb7fe4d2929f09250
analysis_artifacts/canonical_run/folds/fold_04/inner/level1/C01/seed_42/inner_00/preprocessing/selected_full_edge_indices.npy,8128,03e4eb34175a6f7446971f2e73322eaf244a83bf25393ba1c29fc250b73a3b78
analysis_artifacts/canonical_run/folds/fold_04/inner/level1/C01/seed_42/inner_00/rung1_result.json,756,7f613fcf487dac65d91ec9db43c5d6346f6ce4aa295269597be6502625e895a0
analysis_artifacts/canonical_run/folds/fold_04/inner/level1/C01/seed_42/inner_01/preprocessing/evaluation_indices.npy,2240,8a4d8c3590f6c40ce57efe1b298cb04423ac6cb1a70ec233400d050c52e795ae
analysis_artifacts/canonical_run/folds/fold_04/inner/level1/C01/seed_42/inner_01/preprocessing/fit_indices.npy,4344,d2d922c366750fc39cac682239097262ea47487add496af9fe8ddff5d8234c1c
analysis_artifacts/canonical_run/folds/fold_04/inner/level1/C01/seed_42/inner_01/preprocessing/preprocessing_manifest.json,800,8b6307bcb5d5744642e97b6a0ed38977e2ae28e9ae2d19bbca63322659d52989
analysis_artifacts/canonical_run/folds/fold_04/inner/level1/C01/seed_42/inner_01/preprocessing/selected_full_edge_indices.npy,8128,0187f01d7710fdada207bc07626882c1de50fbd9fb31207428c713831ae8a760
analysis_artifacts/canonical_run/folds/fold_04/inner/level1/C01/seed_42/inner_01/rung1_result.json,756,e5ce5bba2e5e5ac6e189e0517086c6eab462074a78f39bf27fc4a7084ff4d263
analysis_artifacts/canonical_run/folds/fold_04/inner/level1/C01/seed_42/inner_02/preprocessing/evaluation_indices.npy,2232,1308e602d7ff261a4710d45d3fd9e0bfa053d1d365a995987251857e089d9738
analysis_artifacts/canonical_run/folds/fold_04/inner/level1/C01/seed_42/inner_02/preprocessing/fit_indices.npy,4352,95ce750345e7a2f98e7fd407a593574586bf0a3f2700c8bf158075285ad7459e
analysis_artifacts/canonical_run/folds/fold_04/inner/level1/C01/seed_42/inner_02/preprocessing/preprocessing_manifest.json,800,0a37330b177703a77a4659b2d40fec770fcb6ccb8f5153370af7ac0310b92eaf
analysis_artifacts/canonical_run/folds/fold_04/inner/level1/C01/seed_42/inner_02/preprocessing/selected_full_edge_indices.npy,8128,ac9cca065b96fe81b882b694c53059fba792ee7d8b12845c41171b70e76d38ea
analysis_artifacts/canonical_run/folds/fold_04/inner/level1/C01/seed_42/inner_02/rung1_result.json,756,808ba1e3bb806598d588e20434d4bd2ff79112c68dad2d9584f3f171a6b0ee6c
analysis_artifacts/canonical_run/folds/fold_04/inner/level1/C02/seed_42/inner_00/preprocessing/evaluation_indices.npy,2240,eee8a0de78e712d1b96dca67d8499326b7451dcd218251f8658e20143e309166
analysis_artifacts/canonical_run/folds/fold_04/inner/level1/C02/seed_42/inner_00/preprocessing/fit_indices.npy,4344,1d1a2da0740b9c334be8f80573ff8ce65c691f37f0900bab48fadd8b4d8ee5f4
analysis_artifacts/canonical_run/folds/fold_04/inner/level1/C02/seed_42/inner_00/preprocessing/preprocessing_manifest.json,800,0d3d2f9c3f3c9819f5853ab7d9473e4c203efebf7854ed6141dbbeb9fd97a66d
analysis_artifacts/canonical_run/folds/fold_04/inner/level1/C02/seed_42/inner_00/preprocessing/selected_full_edge_indices.npy,8128,03e4eb34175a6f7446971f2e73322eaf244a83bf25393ba1c29fc250b73a3b78
analysis_artifacts/canonical_run/folds/fold_04/inner/level1/C02/seed_42/inner_00/rung1_result.json,756,e9d7dfc2d5562c95159ed78d45e31ef110007aa45ffd771a84861330d067ddd9
analysis_artifacts/canonical_run/folds/fold_04/inner/level1/C02/seed_42/inner_00/rung2_result.json,757,002320b3dca64edfae53f932bda02826ad375f64bb99297f294faba1794cabfd
analysis_artifacts/canonical_run/folds/fold_04/inner/level1/C02/seed_42/inner_01/preprocessing/evaluation_indices.npy,2240,8a4d8c3590f6c40ce57efe1b298cb04423ac6cb1a70ec233400d050c52e795ae
analysis_artifacts/canonical_run/folds/fold_04/inner/level1/C02/seed_42/inner_01/preprocessing/fit_indices.npy,4344,d2d922c366750fc39cac682239097262ea47487add496af9fe8ddff5d8234c1c
analysis_artifacts/canonical_run/folds/fold_04/inner/level1/C02/seed_42/inner_01/preprocessing/preprocessing_manifest.json,800,129702eb4b19053354b83a864ce74381f0007e8966ed54f174c12adfc34a12f6
analysis_artifacts/canonical_run/folds/fold_04/inner/level1/C02/seed_42/inner_01/preprocessing/selected_full_edge_indices.npy,8128,0187f01d7710fdada207bc07626882c1de50fbd9fb31207428c713831ae8a760
analysis_artifacts/canonical_run/folds/fold_04/inner/level1/C02/seed_42/inner_01/rung1_result.json,755,88db212faf19c23df40dd6326b3acdc19fe807b7b828c90ad4b7f133cdc54ef4
analysis_artifacts/canonical_run/folds/fold_04/inner/level1/C02/seed_42/inner_01/rung2_result.json,758,6cac1c7dffe7d16bdf9b8d6484f62daae2b4cb8a3fb9703b32cfa437ca89181a
analysis_artifacts/canonical_run/folds/fold_04/inner/level1/C02/seed_42/inner_02/preprocessing/evaluation_indices.npy,2232,1308e602d7ff261a4710d45d3fd9e0bfa053d1d365a995987251857e089d9738
analysis_artifacts/canonical_run/folds/fold_04/inner/level1/C02/seed_42/inner_02/preprocessing/fit_indices.npy,4352,95ce750345e7a2f98e7fd407a593574586bf0a3f2700c8bf158075285ad7459e
analysis_artifacts/canonical_run/folds/fold_04/inner/level1/C02/seed_42/inner_02/preprocessing/preprocessing_manifest.json,800,6cce9dc35a0ab594d4acc3bcd9fc1e22b81cb8946b128ed2c2007909aa10affa
analysis_artifacts/canonical_run/folds/fold_04/inner/level1/C02/seed_42/inner_02/preprocessing/selected_full_edge_indices.npy,8128,ac9cca065b96fe81b882b694c53059fba792ee7d8b12845c41171b70e76d38ea
analysis_artifacts/canonical_run/folds/fold_04/inner/level1/C02/seed_42/inner_02/rung1_result.json,755,0be39c8a6223e91ede92e4e38a977c8ed9cc47d01f22da989c1acae84fa3dbac
analysis_artifacts/canonical_run/folds/fold_04/inner/level1/C02/seed_42/inner_02/rung2_result.json,756,95978a6a776db47e0192fa98b064da39e36e5873d98b609845d19ee465faf89d
analysis_artifacts/canonical_run/folds/fold_04/inner/level1/C03/seed_42/inner_00/preprocessing/evaluation_indices.npy,2240,eee8a0de78e712d1b96dca67d8499326b7451dcd218251f8658e20143e309166
analysis_artifacts/canonical_run/folds/fold_04/inner/level1/C03/seed_42/inner_00/preprocessing/fit_indices.npy,4344,1d1a2da0740b9c334be8f80573ff8ce65c691f37f0900bab48fadd8b4d8ee5f4
analysis_artifacts/canonical_run/folds/fold_04/inner/level1/C03/seed_42/inner_00/preprocessing/preprocessing_manifest.json,800,7bdb57f0101bd3fcdce58a4c36fbf3d3906099147e27bf025022aceaaa290494
analysis_artifacts/canonical_run/folds/fold_04/inner/level1/C03/seed_42/inner_00/preprocessing/selected_full_edge_indices.npy,20128,5217a51c3fdb47efb7b4374d40c55e97f6b10115c7190bc5c8169b3f7dace152
analysis_artifacts/canonical_run/folds/fold_04/inner/level1/C03/seed_42/inner_00/rung1_result.json,756,11285087722add49d041dfc9ea38d19c30d5393b059b6b60e07ad99727904bed
analysis_artifacts/canonical_run/folds/fold_04/inner/level1/C03/seed_42/inner_01/preprocessing/evaluation_indices.npy,2240,8a4d8c3590f6c40ce57efe1b298cb04423ac6cb1a70ec233400d050c52e795ae
analysis_artifacts/canonical_run/folds/fold_04/inner/level1/C03/seed_42/inner_01/preprocessing/fit_indices.npy,4344,d2d922c366750fc39cac682239097262ea47487add496af9fe8ddff5d8234c1c
analysis_artifacts/canonical_run/folds/fold_04/inner/level1/C03/seed_42/inner_01/preprocessing/preprocessing_manifest.json,800,d73d8944c3a102f0b8c78c448b9d94ca4774bb30cd883ee78455a19160c10a54
analysis_artifacts/canonical_run/folds/fold_04/inner/level1/C03/seed_42/inner_01/preprocessing/selected_full_edge_indices.npy,20128,cc6f2e3b158c4240f17f089b03a48402a2ea983be3338bdb5b9b45583f70d97b
analysis_artifacts/canonical_run/folds/fold_04/inner/level1/C03/seed_42/inner_01/rung1_result.json,756,72e437e8007c2a9142183aa50fe5f240a0527e43b850a04c69d5ecc8aa4868de
analysis_artifacts/canonical_run/folds/fold_04/inner/level1/C03/seed_42/inner_02/preprocessing/evaluation_indices.npy,2232,1308e602d7ff261a4710d45d3fd9e0bfa053d1d365a995987251857e089d9738
analysis_artifacts/canonical_run/folds/fold_04/inner/level1/C03/seed_42/inner_02/preprocessing/fit_indices.npy,4352,95ce750345e7a2f98e7fd407a593574586bf0a3f2700c8bf158075285ad7459e
analysis_artifacts/canonical_run/folds/fold_04/inner/level1/C03/seed_42/inner_02/preprocessing/preprocessing_manifest.json,800,191d9124ffe8752e4bc473ca9b7b003ff5e2b4c29dadc3919655fb6d03530eb5
analysis_artifacts/canonical_run/folds/fold_04/inner/level1/C03/seed_42/inner_02/preprocessing/selected_full_edge_indices.npy,20128,71e8a49db0666d4dbd05dd89e0c1b07fda632c35911e2081d3acb80c0988fb4e
analysis_artifacts/canonical_run/folds/fold_04/inner/level1/C03/seed_42/inner_02/rung1_result.json,756,d30cfef43e6a2017036b18fe1ae2ac8cd28fc9a6513fa63bc4807fb3769b93d6
analysis_artifacts/canonical_run/folds/fold_04/inner/level1/C04/seed_42/inner_00/preprocessing/evaluation_indices.npy,2240,eee8a0de78e712d1b96dca67d8499326b7451dcd218251f8658e20143e309166
analysis_artifacts/canonical_run/folds/fold_04/inner/level1/C04/seed_42/inner_00/preprocessing/fit_indices.npy,4344,1d1a2da0740b9c334be8f80573ff8ce65c691f37f0900bab48fadd8b4d8ee5f4
analysis_artifacts/canonical_run/folds/fold_04/inner/level1/C04/seed_42/inner_00/preprocessing/preprocessing_manifest.json,800,18570f9e9226d94ccf127d6f68cea2568a1c9e1bf80e6f7c133eaa7eeecd4129
analysis_artifacts/canonical_run/folds/fold_04/inner/level1/C04/seed_42/inner_00/preprocessing/selected_full_edge_indices.npy,20128,5217a51c3fdb47efb7b4374d40c55e97f6b10115c7190bc5c8169b3f7dace152
analysis_artifacts/canonical_run/folds/fold_04/inner/level1/C04/seed_42/inner_00/rung1_result.json,756,8133cb874fdcdd26bfd7ed5c41abe835d8bb3d4af121bfec1073a253dddee2db
analysis_artifacts/canonical_run/folds/fold_04/inner/level1/C04/seed_42/inner_01/preprocessing/evaluation_indices.npy,2240,8a4d8c3590f6c40ce57efe1b298cb04423ac6cb1a70ec233400d050c52e795ae
analysis_artifacts/canonical_run/folds/fold_04/inner/level1/C04/seed_42/inner_01/preprocessing/fit_indices.npy,4344,d2d922c366750fc39cac682239097262ea47487add496af9fe8ddff5d8234c1c
analysis_artifacts/canonical_run/folds/fold_04/inner/level1/C04/seed_42/inner_01/preprocessing/preprocessing_manifest.json,800,f51c0284aac90c5eda16eb9369128ebce51ae496ba2132cbb2b95264ca8b1966
analysis_artifacts/canonical_run/folds/fold_04/inner/level1/C04/seed_42/inner_01/preprocessing/selected_full_edge_indices.npy,20128,cc6f2e3b158c4240f17f089b03a48402a2ea983be3338bdb5b9b45583f70d97b
analysis_artifacts/canonical_run/folds/fold_04/inner/level1/C04/seed_42/inner_01/rung1_result.json,756,0f8e8445b004704412a2136cd6d8f381724da1ca0fcde095c97cb01b1bd615a5
analysis_artifacts/canonical_run/folds/fold_04/inner/level1/C04/seed_42/inner_02/preprocessing/evaluation_indices.npy,2232,1308e602d7ff261a4710d45d3fd9e0bfa053d1d365a995987251857e089d9738
analysis_artifacts/canonical_run/folds/fold_04/inner/level1/C04/seed_42/inner_02/preprocessing/fit_indices.npy,4352,95ce750345e7a2f98e7fd407a593574586bf0a3f2700c8bf158075285ad7459e
analysis_artifacts/canonical_run/folds/fold_04/inner/level1/C04/seed_42/inner_02/preprocessing/preprocessing_manifest.json,800,83985da69a0710bf9014f8ff2e99e54aa373de4040dc34317e6e9feae67c9ecd
analysis_artifacts/canonical_run/folds/fold_04/inner/level1/C04/seed_42/inner_02/preprocessing/selected_full_edge_indices.npy,20128,71e8a49db0666d4dbd05dd89e0c1b07fda632c35911e2081d3acb80c0988fb4e
analysis_artifacts/canonical_run/folds/fold_04/inner/level1/C04/seed_42/inner_02/rung1_result.json,756,4d5b81fe4d6907d3bd4b35626422741df79b974920040b783ad557e817a4ebbc
analysis_artifacts/canonical_run/folds/fold_04/inner/level1/C05/seed_42/inner_00/preprocessing/evaluation_indices.npy,2240,eee8a0de78e712d1b96dca67d8499326b7451dcd218251f8658e20143e309166
analysis_artifacts/canonical_run/folds/fold_04/inner/level1/C05/seed_42/inner_00/preprocessing/fit_indices.npy,4344,1d1a2da0740b9c334be8f80573ff8ce65c691f37f0900bab48fadd8b4d8ee5f4
analysis_artifacts/canonical_run/folds/fold_04/inner/level1/C05/seed_42/inner_00/preprocessing/preprocessing_manifest.json,800,ed98329b556a9a23d329392fe610992aee45d9de9c73c0bec03410630f7f51eb
analysis_artifacts/canonical_run/folds/fold_04/inner/level1/C05/seed_42/inner_00/preprocessing/selected_full_edge_indices.npy,39928,0a8f7942fd0e57788e5e4759d28014a7d75769ba685651d6c7a5e14b7b54ec1f
analysis_artifacts/canonical_run/folds/fold_04/inner/level1/C05/seed_42/inner_00/rung1_result.json,756,391bb5be35770e4436ee18e740dbb3454862e4a52bfd0cd8deafdb08638ee320
analysis_artifacts/canonical_run/folds/fold_04/inner/level1/C05/seed_42/inner_00/rung2_result.json,757,50f26d096b14db56c18bf02fa019bfd38fc6858e353d3596111ba1f70be0d968
analysis_artifacts/canonical_run/folds/fold_04/inner/level1/C05/seed_42/inner_01/preprocessing/evaluation_indices.npy,2240,8a4d8c3590f6c40ce57efe1b298cb04423ac6cb1a70ec233400d050c52e795ae
analysis_artifacts/canonical_run/folds/fold_04/inner/level1/C05/seed_42/inner_01/preprocessing/fit_indices.npy,4344,d2d922c366750fc39cac682239097262ea47487add496af9fe8ddff5d8234c1c
analysis_artifacts/canonical_run/folds/fold_04/inner/level1/C05/seed_42/inner_01/preprocessing/preprocessing_manifest.json,800,158775bda773a08d43779adca0d520a2faf92759b428e8c032b276d6bd786854
analysis_artifacts/canonical_run/folds/fold_04/inner/level1/C05/seed_42/inner_01/preprocessing/selected_full_edge_indices.npy,39928,86721f760c079c8ae0a353df889fb2faf74a4d5d437d8790bc1aca0c6d3f447b
analysis_artifacts/canonical_run/folds/fold_04/inner/level1/C05/seed_42/inner_01/rung1_result.json,755,d8783734c5c8b557da125630bfedb76a73a45259cd5e5a832be26ac05007318d
analysis_artifacts/canonical_run/folds/fold_04/inner/level1/C05/seed_42/inner_01/rung2_result.json,756,c9527f2f42b5469490193df2eeb69a58a13580d1304ae070efde05f72f9e47d6
analysis_artifacts/canonical_run/folds/fold_04/inner/level1/C05/seed_42/inner_02/preprocessing/evaluation_indices.npy,2232,1308e602d7ff261a4710d45d3fd9e0bfa053d1d365a995987251857e089d9738
analysis_artifacts/canonical_run/folds/fold_04/inner/level1/C05/seed_42/inner_02/preprocessing/fit_indices.npy,4352,95ce750345e7a2f98e7fd407a593574586bf0a3f2700c8bf158075285ad7459e
analysis_artifacts/canonical_run/folds/fold_04/inner/level1/C05/seed_42/inner_02/preprocessing/preprocessing_manifest.json,800,5627f28cd91b4f9d347ae1f385b698d7644df96d029dab92b01c6e965eb2f435
analysis_artifacts/canonical_run/folds/fold_04/inner/level1/C05/seed_42/inner_02/preprocessing/selected_full_edge_indices.npy,39928,8e8921d17410bead37611ec02f3858e9be192e62f29bff2c5253d8a791cccc2f
analysis_artifacts/canonical_run/folds/fold_04/inner/level1/C05/seed_42/inner_02/rung1_result.json,756,c90d1a4106477c0a1c983824860c07ff5fa05ad571784d94950fa1b45c89c7f7
analysis_artifacts/canonical_run/folds/fold_04/inner/level1/C05/seed_42/inner_02/rung2_result.json,758,f226943f3c6a08201a6585cea00772628b712a633afba1261dfce4256c2b8ec7
analysis_artifacts/canonical_run/folds/fold_04/inner/level1/C06/seed_42/inner_00/preprocessing/evaluation_indices.npy,2240,eee8a0de78e712d1b96dca67d8499326b7451dcd218251f8658e20143e309166
analysis_artifacts/canonical_run/folds/fold_04/inner/level1/C06/seed_42/inner_00/preprocessing/fit_indices.npy,4344,1d1a2da0740b9c334be8f80573ff8ce65c691f37f0900bab48fadd8b4d8ee5f4
analysis_artifacts/canonical_run/folds/fold_04/inner/level1/C06/seed_42/inner_00/preprocessing/preprocessing_manifest.json,800,754e8a7c22577a3d3f5d00b077e06dea53b018491cdc884090b893d94a7b1166
analysis_artifacts/canonical_run/folds/fold_04/inner/level1/C06/seed_42/inner_00/preprocessing/selected_full_edge_indices.npy,39928,0a8f7942fd0e57788e5e4759d28014a7d75769ba685651d6c7a5e14b7b54ec1f
analysis_artifacts/canonical_run/folds/fold_04/inner/level1/C06/seed_42/inner_00/rung1_result.json,756,df38eb17eda402774bf8cb5b8f208b8b5bff04fb0b3a7b42162793980583ca2d
analysis_artifacts/canonical_run/folds/fold_04/inner/level1/C06/seed_42/inner_01/preprocessing/evaluation_indices.npy,2240,8a4d8c3590f6c40ce57efe1b298cb04423ac6cb1a70ec233400d050c52e795ae
analysis_artifacts/canonical_run/folds/fold_04/inner/level1/C06/seed_42/inner_01/preprocessing/fit_indices.npy,4344,d2d922c366750fc39cac682239097262ea47487add496af9fe8ddff5d8234c1c
analysis_artifacts/canonical_run/folds/fold_04/inner/level1/C06/seed_42/inner_01/preprocessing/preprocessing_manifest.json,800,c4a83022ec35e8cf46c1edfcd9a6c4b5d2b5a009f7004cc4c695c341bed6774c
analysis_artifacts/canonical_run/folds/fold_04/inner/level1/C06/seed_42/inner_01/preprocessing/selected_full_edge_indices.npy,39928,86721f760c079c8ae0a353df889fb2faf74a4d5d437d8790bc1aca0c6d3f447b
analysis_artifacts/canonical_run/folds/fold_04/inner/level1/C06/seed_42/inner_01/rung1_result.json,756,745207fce23fc26de811c9fd5b4171e2c211ada9671e0750820fa009b053c33e
analysis_artifacts/canonical_run/folds/fold_04/inner/level1/C06/seed_42/inner_02/preprocessing/evaluation_indices.npy,2232,1308e602d7ff261a4710d45d3fd9e0bfa053d1d365a995987251857e089d9738
analysis_artifacts/canonical_run/folds/fold_04/inner/level1/C06/seed_42/inner_02/preprocessing/fit_indices.npy,4352,95ce750345e7a2f98e7fd407a593574586bf0a3f2700c8bf158075285ad7459e
analysis_artifacts/canonical_run/folds/fold_04/inner/level1/C06/seed_42/inner_02/preprocessing/preprocessing_manifest.json,800,d4c04832ef9cc35f8e87343e60fd352ce528f5adc8dcb7e4051f8bfdb098c4d3
analysis_artifacts/canonical_run/folds/fold_04/inner/level1/C06/seed_42/inner_02/preprocessing/selected_full_edge_indices.npy,39928,8e8921d17410bead37611ec02f3858e9be192e62f29bff2c5253d8a791cccc2f
analysis_artifacts/canonical_run/folds/fold_04/inner/level1/C06/seed_42/inner_02/rung1_result.json,756,8b8532e844c8dc6bb85a2983edf27dcb89cb22b4e2b0a675bb258bfd22b8d25d
analysis_artifacts/canonical_run/folds/fold_04/inner/level1/C07/seed_42/inner_00/preprocessing/evaluation_indices.npy,2240,eee8a0de78e712d1b96dca67d8499326b7451dcd218251f8658e20143e309166
analysis_artifacts/canonical_run/folds/fold_04/inner/level1/C07/seed_42/inner_00/preprocessing/fit_indices.npy,4344,1d1a2da0740b9c334be8f80573ff8ce65c691f37f0900bab48fadd8b4d8ee5f4
analysis_artifacts/canonical_run/folds/fold_04/inner/level1/C07/seed_42/inner_00/preprocessing/preprocessing_manifest.json,802,1cc0f971418513c9bd283bacfe7aa90bdd3b6726b4d84eb5c94ba902f9025406
analysis_artifacts/canonical_run/folds/fold_04/inner/level1/C07/seed_42/inner_00/preprocessing/selected_full_edge_indices.npy,39928,0a8f7942fd0e57788e5e4759d28014a7d75769ba685651d6c7a5e14b7b54ec1f
analysis_artifacts/canonical_run/folds/fold_04/inner/level1/C07/seed_42/inner_00/rung1_result.json,756,4b03e72f4fe044d5ae91faee8c98e44bb8c23b8a837b13e8627c427d1331eb7e
analysis_artifacts/canonical_run/folds/fold_04/inner/level1/C07/seed_42/inner_00/rung2_result.json,757,51171e0d057caf3a2738b7b3db25538813bd0ac4cfc8eb13338ac573504af448
analysis_artifacts/canonical_run/folds/fold_04/inner/level1/C07/seed_42/inner_01/preprocessing/evaluation_indices.npy,2240,8a4d8c3590f6c40ce57efe1b298cb04423ac6cb1a70ec233400d050c52e795ae
analysis_artifacts/canonical_run/folds/fold_04/inner/level1/C07/seed_42/inner_01/preprocessing/fit_indices.npy,4344,d2d922c366750fc39cac682239097262ea47487add496af9fe8ddff5d8234c1c
analysis_artifacts/canonical_run/folds/fold_04/inner/level1/C07/seed_42/inner_01/preprocessing/preprocessing_manifest.json,802,0c121c98df8b89164140b1a29db8d9b3c48ebf09b0d3c5ac385e97dd2f16dca5
analysis_artifacts/canonical_run/folds/fold_04/inner/level1/C07/seed_42/inner_01/preprocessing/selected_full_edge_indices.npy,39928,86721f760c079c8ae0a353df889fb2faf74a4d5d437d8790bc1aca0c6d3f447b
analysis_artifacts/canonical_run/folds/fold_04/inner/level1/C07/seed_42/inner_01/rung1_result.json,756,9d8eff0a9a21885277be0abfbe2a3453c6a120a2f19ccd8d69733724a3f795d5
analysis_artifacts/canonical_run/folds/fold_04/inner/level1/C07/seed_42/inner_01/rung2_result.json,757,06505f680d8ba7c4fa835d010fdeac8929522cf5f8e495b4432fde7967b59290
analysis_artifacts/canonical_run/folds/fold_04/inner/level1/C07/seed_42/inner_02/preprocessing/evaluation_indices.npy,2232,1308e602d7ff261a4710d45d3fd9e0bfa053d1d365a995987251857e089d9738
analysis_artifacts/canonical_run/folds/fold_04/inner/level1/C07/seed_42/inner_02/preprocessing/fit_indices.npy,4352,95ce750345e7a2f98e7fd407a593574586bf0a3f2700c8bf158075285ad7459e
analysis_artifacts/canonical_run/folds/fold_04/inner/level1/C07/seed_42/inner_02/preprocessing/preprocessing_manifest.json,802,3a0ee561e4c3be594642f90a8c42ca45aeb4fa5baf7479577a34ba23ceae0317
analysis_artifacts/canonical_run/folds/fold_04/inner/level1/C07/seed_42/inner_02/preprocessing/selected_full_edge_indices.npy,39928,8e8921d17410bead37611ec02f3858e9be192e62f29bff2c5253d8a791cccc2f
analysis_artifacts/canonical_run/folds/fold_04/inner/level1/C07/seed_42/inner_02/rung1_result.json,756,359fa1070ef8d3c00a1adb90f6c42b829977386fe549314d3e4574fa17d1ad09
analysis_artifacts/canonical_run/folds/fold_04/inner/level1/C07/seed_42/inner_02/rung2_result.json,757,89381d9de1fa60f196df766bfb43db96b742db8ee28538e526d7893c14ba2146
analysis_artifacts/canonical_run/folds/fold_04/inner/level1/C08/seed_42/inner_00/preprocessing/evaluation_indices.npy,2240,eee8a0de78e712d1b96dca67d8499326b7451dcd218251f8658e20143e309166
analysis_artifacts/canonical_run/folds/fold_04/inner/level1/C08/seed_42/inner_00/preprocessing/fit_indices.npy,4344,1d1a2da0740b9c334be8f80573ff8ce65c691f37f0900bab48fadd8b4d8ee5f4
analysis_artifacts/canonical_run/folds/fold_04/inner/level1/C08/seed_42/inner_00/preprocessing/preprocessing_manifest.json,802,d30f2f27c284cd8adeba0cf36306b57a64df2b3d6a7698400bc7cd6497f2ff6c
analysis_artifacts/canonical_run/folds/fold_04/inner/level1/C08/seed_42/inner_00/preprocessing/selected_full_edge_indices.npy,39928,0a8f7942fd0e57788e5e4759d28014a7d75769ba685651d6c7a5e14b7b54ec1f
analysis_artifacts/canonical_run/folds/fold_04/inner/level1/C08/seed_42/inner_00/rung1_result.json,756,53efaa84e2f2baeb5aad80d1cf4cff2b0ae872bedda58c49a33e9942b386dfb7
analysis_artifacts/canonical_run/folds/fold_04/inner/level1/C08/seed_42/inner_01/preprocessing/evaluation_indices.npy,2240,8a4d8c3590f6c40ce57efe1b298cb04423ac6cb1a70ec233400d050c52e795ae
analysis_artifacts/canonical_run/folds/fold_04/inner/level1/C08/seed_42/inner_01/preprocessing/fit_indices.npy,4344,d2d922c366750fc39cac682239097262ea47487add496af9fe8ddff5d8234c1c
analysis_artifacts/canonical_run/folds/fold_04/inner/level1/C08/seed_42/inner_01/preprocessing/preprocessing_manifest.json,802,db009c7f73d663d661d61ad239b4aad9b22340fcf9f63ffeeafb4a0565a5a3ae
analysis_artifacts/canonical_run/folds/fold_04/inner/level1/C08/seed_42/inner_01/preprocessing/selected_full_edge_indices.npy,39928,86721f760c079c8ae0a353df889fb2faf74a4d5d437d8790bc1aca0c6d3f447b
analysis_artifacts/canonical_run/folds/fold_04/inner/level1/C08/seed_42/inner_01/rung1_result.json,756,a73517768541faafbcb63438d37fbf4ba52083f5dfcee8733f3f7a95a1bddb99
analysis_artifacts/canonical_run/folds/fold_04/inner/level1/C08/seed_42/inner_02/preprocessing/evaluation_indices.npy,2232,1308e602d7ff261a4710d45d3fd9e0bfa053d1d365a995987251857e089d9738
analysis_artifacts/canonical_run/folds/fold_04/inner/level1/C08/seed_42/inner_02/preprocessing/fit_indices.npy,4352,95ce750345e7a2f98e7fd407a593574586bf0a3f2700c8bf158075285ad7459e
analysis_artifacts/canonical_run/folds/fold_04/inner/level1/C08/seed_42/inner_02/preprocessing/preprocessing_manifest.json,802,818826a18a3655e04e4d107300571e3560c6e3c4e221792c077bc0af8b442e59
analysis_artifacts/canonical_run/folds/fold_04/inner/level1/C08/seed_42/inner_02/preprocessing/selected_full_edge_indices.npy,39928,8e8921d17410bead37611ec02f3858e9be192e62f29bff2c5253d8a791cccc2f
analysis_artifacts/canonical_run/folds/fold_04/inner/level1/C08/seed_42/inner_02/rung1_result.json,755,e2afacc3fe95e83437101f9ed287218914423595dbbb4ce1faa935eec7aa4ae0
analysis_artifacts/canonical_run/folds/fold_04/inner/level1/C09/seed_42/inner_00/preprocessing/evaluation_indices.npy,2240,eee8a0de78e712d1b96dca67d8499326b7451dcd218251f8658e20143e309166
analysis_artifacts/canonical_run/folds/fold_04/inner/level1/C09/seed_42/inner_00/preprocessing/fit_indices.npy,4344,1d1a2da0740b9c334be8f80573ff8ce65c691f37f0900bab48fadd8b4d8ee5f4
analysis_artifacts/canonical_run/folds/fold_04/inner/level1/C09/seed_42/inner_00/preprocessing/preprocessing_manifest.json,839,11094104d399488e0d585635fa708266dcbdcc5c6ae46321fb9e9d0f11cae9ff
analysis_artifacts/canonical_run/folds/fold_04/inner/level1/C09/seed_42/inner_00/preprocessing/selected_full_edge_indices.npy,39928,0a8f7942fd0e57788e5e4759d28014a7d75769ba685651d6c7a5e14b7b54ec1f
analysis_artifacts/canonical_run/folds/fold_04/inner/level1/C09/seed_42/inner_00/rung1_result.json,756,034cbda7933ab79b0fe9f14107d2379bf77eb80b665576675015613040184238
analysis_artifacts/canonical_run/folds/fold_04/inner/level1/C09/seed_42/inner_01/preprocessing/evaluation_indices.npy,2240,8a4d8c3590f6c40ce57efe1b298cb04423ac6cb1a70ec233400d050c52e795ae
analysis_artifacts/canonical_run/folds/fold_04/inner/level1/C09/seed_42/inner_01/preprocessing/fit_indices.npy,4344,d2d922c366750fc39cac682239097262ea47487add496af9fe8ddff5d8234c1c
analysis_artifacts/canonical_run/folds/fold_04/inner/level1/C09/seed_42/inner_01/preprocessing/preprocessing_manifest.json,839,4c38b74e4f4b33daed8eaf9fa09ee25cf5333aa04cf29d4ae547e4bfff02486e
analysis_artifacts/canonical_run/folds/fold_04/inner/level1/C09/seed_42/inner_01/preprocessing/selected_full_edge_indices.npy,39928,86721f760c079c8ae0a353df889fb2faf74a4d5d437d8790bc1aca0c6d3f447b
analysis_artifacts/canonical_run/folds/fold_04/inner/level1/C09/seed_42/inner_01/rung1_result.json,756,fbb19b89ae1fce0fd62c5f6f2d5ea1e1a566f3c6eb02a3898140cd629a9c24b5
analysis_artifacts/canonical_run/folds/fold_04/inner/level1/C09/seed_42/inner_02/preprocessing/evaluation_indices.npy,2232,1308e602d7ff261a4710d45d3fd9e0bfa053d1d365a995987251857e089d9738
analysis_artifacts/canonical_run/folds/fold_04/inner/level1/C09/seed_42/inner_02/preprocessing/fit_indices.npy,4352,95ce750345e7a2f98e7fd407a593574586bf0a3f2700c8bf158075285ad7459e
analysis_artifacts/canonical_run/folds/fold_04/inner/level1/C09/seed_42/inner_02/preprocessing/preprocessing_manifest.json,839,8b1226a6ca34c8184598e52d30bdb0ad9109befed0ec82051cee2d41964d195e
analysis_artifacts/canonical_run/folds/fold_04/inner/level1/C09/seed_42/inner_02/preprocessing/selected_full_edge_indices.npy,39928,8e8921d17410bead37611ec02f3858e9be192e62f29bff2c5253d8a791cccc2f
analysis_artifacts/canonical_run/folds/fold_04/inner/level1/C09/seed_42/inner_02/rung1_result.json,756,0b9ebf9f1e5b142b296fcc1ad89db2bd2f62f60634a7f6f01e363735f75dd399
analysis_artifacts/canonical_run/folds/fold_04/inner/level1/C10/seed_42/inner_00/preprocessing/evaluation_indices.npy,2240,eee8a0de78e712d1b96dca67d8499326b7451dcd218251f8658e20143e309166
analysis_artifacts/canonical_run/folds/fold_04/inner/level1/C10/seed_42/inner_00/preprocessing/fit_indices.npy,4344,1d1a2da0740b9c334be8f80573ff8ce65c691f37f0900bab48fadd8b4d8ee5f4
analysis_artifacts/canonical_run/folds/fold_04/inner/level1/C10/seed_42/inner_00/preprocessing/preprocessing_manifest.json,839,d0cb6fa1a0e5a76f3c0ca4e3c94a5c5c7c120af2b3fcf54a41e3edcd15d3a387
analysis_artifacts/canonical_run/folds/fold_04/inner/level1/C10/seed_42/inner_00/preprocessing/selected_full_edge_indices.npy,39928,0a8f7942fd0e57788e5e4759d28014a7d75769ba685651d6c7a5e14b7b54ec1f
analysis_artifacts/canonical_run/folds/fold_04/inner/level1/C10/seed_42/inner_00/rung1_result.json,756,dd4f3b692cf7f7d916eed704a8f7d4ee82b10df2aee440527b973a292ce3819d
analysis_artifacts/canonical_run/folds/fold_04/inner/level1/C10/seed_42/inner_00/rung2_result.json,757,4bb148b72cdb0626ffb9ca1e684c9b3e9f538e559bdc1ed367156eea794ad5de
analysis_artifacts/canonical_run/folds/fold_04/inner/level1/C10/seed_42/inner_01/preprocessing/evaluation_indices.npy,2240,8a4d8c3590f6c40ce57efe1b298cb04423ac6cb1a70ec233400d050c52e795ae
analysis_artifacts/canonical_run/folds/fold_04/inner/level1/C10/seed_42/inner_01/preprocessing/fit_indices.npy,4344,d2d922c366750fc39cac682239097262ea47487add496af9fe8ddff5d8234c1c
analysis_artifacts/canonical_run/folds/fold_04/inner/level1/C10/seed_42/inner_01/preprocessing/preprocessing_manifest.json,839,4f1ec811b064c03056e1f9c1757491181c3a22fdf90b1178f1f26a9df5902a15
analysis_artifacts/canonical_run/folds/fold_04/inner/level1/C10/seed_42/inner_01/preprocessing/selected_full_edge_indices.npy,39928,86721f760c079c8ae0a353df889fb2faf74a4d5d437d8790bc1aca0c6d3f447b
analysis_artifacts/canonical_run/folds/fold_04/inner/level1/C10/seed_42/inner_01/rung1_result.json,756,8583e43b2023cc83c33a51dae9c5f07f88173a5556375691d02d567dff7f84de
analysis_artifacts/canonical_run/folds/fold_04/inner/level1/C10/seed_42/inner_01/rung2_result.json,757,02da435f58130c45284173f9734f05471c825e9de5fbc51ffd5267dcaa801f66
analysis_artifacts/canonical_run/folds/fold_04/inner/level1/C10/seed_42/inner_02/preprocessing/evaluation_indices.npy,2232,1308e602d7ff261a4710d45d3fd9e0bfa053d1d365a995987251857e089d9738
analysis_artifacts/canonical_run/folds/fold_04/inner/level1/C10/seed_42/inner_02/preprocessing/fit_indices.npy,4352,95ce750345e7a2f98e7fd407a593574586bf0a3f2700c8bf158075285ad7459e
analysis_artifacts/canonical_run/folds/fold_04/inner/level1/C10/seed_42/inner_02/preprocessing/preprocessing_manifest.json,839,8c143c5adaf046849bb79573b81be3f5b423255080e70a0c66aec7f4bfb0ca56
analysis_artifacts/canonical_run/folds/fold_04/inner/level1/C10/seed_42/inner_02/preprocessing/selected_full_edge_indices.npy,39928,8e8921d17410bead37611ec02f3858e9be192e62f29bff2c5253d8a791cccc2f
analysis_artifacts/canonical_run/folds/fold_04/inner/level1/C10/seed_42/inner_02/rung1_result.json,756,fbbd3e3078ef3ee474a53d12113370bd4eff3134fa1b688c51ad25381df817a0
analysis_artifacts/canonical_run/folds/fold_04/inner/level1/C10/seed_42/inner_02/rung2_result.json,757,a3f7c6b69268a14993a37a0d5ac3fc5a5c6e7a4fc6d422e18999652a1f3e02c7
analysis_artifacts/canonical_run/folds/fold_04/inner/level1/C11/seed_42/inner_00/preprocessing/evaluation_indices.npy,2240,eee8a0de78e712d1b96dca67d8499326b7451dcd218251f8658e20143e309166
analysis_artifacts/canonical_run/folds/fold_04/inner/level1/C11/seed_42/inner_00/preprocessing/fit_indices.npy,4344,1d1a2da0740b9c334be8f80573ff8ce65c691f37f0900bab48fadd8b4d8ee5f4
analysis_artifacts/canonical_run/folds/fold_04/inner/level1/C11/seed_42/inner_00/preprocessing/preprocessing_manifest.json,839,8662b254f277c3f23ebd839c3e810201814daf8a38f37cd2e23c0cd02e2bbf5c
analysis_artifacts/canonical_run/folds/fold_04/inner/level1/C11/seed_42/inner_00/preprocessing/selected_full_edge_indices.npy,39928,0a8f7942fd0e57788e5e4759d28014a7d75769ba685651d6c7a5e14b7b54ec1f
analysis_artifacts/canonical_run/folds/fold_04/inner/level1/C11/seed_42/inner_00/rung1_result.json,755,eabad5caafb4a6c1ec21a51727019b30450c8fcf2699c892f499b270d5473ee5
analysis_artifacts/canonical_run/folds/fold_04/inner/level1/C11/seed_42/inner_00/rung2_result.json,756,37d168775407791fbcd5a7c912d6f39dd3115636a4478a7237294b8ca8932e8f
analysis_artifacts/canonical_run/folds/fold_04/inner/level1/C11/seed_42/inner_01/preprocessing/evaluation_indices.npy,2240,8a4d8c3590f6c40ce57efe1b298cb04423ac6cb1a70ec233400d050c52e795ae
analysis_artifacts/canonical_run/folds/fold_04/inner/level1/C11/seed_42/inner_01/preprocessing/fit_indices.npy,4344,d2d922c366750fc39cac682239097262ea47487add496af9fe8ddff5d8234c1c
analysis_artifacts/canonical_run/folds/fold_04/inner/level1/C11/seed_42/inner_01/preprocessing/preprocessing_manifest.json,839,b2e48e8c30bad0a604b93c78a01b2c60091c57eadc0c7400fdfd331e72d104ac
analysis_artifacts/canonical_run/folds/fold_04/inner/level1/C11/seed_42/inner_01/preprocessing/selected_full_edge_indices.npy,39928,86721f760c079c8ae0a353df889fb2faf74a4d5d437d8790bc1aca0c6d3f447b
analysis_artifacts/canonical_run/folds/fold_04/inner/level1/C11/seed_42/inner_01/rung1_result.json,753,2d8d3c895fb3c8706a26f840114b1e0000c483b9f89bc6c33844e1273a396329
analysis_artifacts/canonical_run/folds/fold_04/inner/level1/C11/seed_42/inner_01/rung2_result.json,754,bc974a2595dc798b4fb5eed9c8a32a85013ff56ae430cd3d7bbe0502d42efdf9
analysis_artifacts/canonical_run/folds/fold_04/inner/level1/C11/seed_42/inner_02/preprocessing/evaluation_indices.npy,2232,1308e602d7ff261a4710d45d3fd9e0bfa053d1d365a995987251857e089d9738
analysis_artifacts/canonical_run/folds/fold_04/inner/level1/C11/seed_42/inner_02/preprocessing/fit_indices.npy,4352,95ce750345e7a2f98e7fd407a593574586bf0a3f2700c8bf158075285ad7459e
analysis_artifacts/canonical_run/folds/fold_04/inner/level1/C11/seed_42/inner_02/preprocessing/preprocessing_manifest.json,839,2e27cbecb2ebbc2094af16e48a1a1652af5a71980c5a214fb375d957256cf08f
analysis_artifacts/canonical_run/folds/fold_04/inner/level1/C11/seed_42/inner_02/preprocessing/selected_full_edge_indices.npy,39928,8e8921d17410bead37611ec02f3858e9be192e62f29bff2c5253d8a791cccc2f
analysis_artifacts/canonical_run/folds/fold_04/inner/level1/C11/seed_42/inner_02/rung1_result.json,756,d182e1f00c0fabf5c336efb326a19c4e1f9da56b7c5c81336f43e00d662c431f
analysis_artifacts/canonical_run/folds/fold_04/inner/level1/C11/seed_42/inner_02/rung2_result.json,758,4fd10621b089d756e7aa4a4484cd7d47488e87795762deb84f3cb5ec5153f34f
analysis_artifacts/canonical_run/folds/fold_04/inner/level1/C12/seed_42/inner_00/preprocessing/evaluation_indices.npy,2240,eee8a0de78e712d1b96dca67d8499326b7451dcd218251f8658e20143e309166
analysis_artifacts/canonical_run/folds/fold_04/inner/level1/C12/seed_42/inner_00/preprocessing/fit_indices.npy,4344,1d1a2da0740b9c334be8f80573ff8ce65c691f37f0900bab48fadd8b4d8ee5f4
analysis_artifacts/canonical_run/folds/fold_04/inner/level1/C12/seed_42/inner_00/preprocessing/preprocessing_manifest.json,839,855ed91fc99fe916ab736c362207072af28cd3a3d48e4dc41ca1943ba609503f
analysis_artifacts/canonical_run/folds/fold_04/inner/level1/C12/seed_42/inner_00/preprocessing/selected_full_edge_indices.npy,39928,0a8f7942fd0e57788e5e4759d28014a7d75769ba685651d6c7a5e14b7b54ec1f
analysis_artifacts/canonical_run/folds/fold_04/inner/level1/C12/seed_42/inner_00/rung1_result.json,756,f9d3ee4ea65ae3dd78dfe86ecc104a6919dae8d33ff284dd44b31742e8721af5
analysis_artifacts/canonical_run/folds/fold_04/inner/level1/C12/seed_42/inner_00/rung2_result.json,758,b8be52455ff35db276685c420a6f557fbdf41c99e1218da46b34e17c44bd67e7
analysis_artifacts/canonical_run/folds/fold_04/inner/level1/C12/seed_42/inner_01/preprocessing/evaluation_indices.npy,2240,8a4d8c3590f6c40ce57efe1b298cb04423ac6cb1a70ec233400d050c52e795ae
analysis_artifacts/canonical_run/folds/fold_04/inner/level1/C12/seed_42/inner_01/preprocessing/fit_indices.npy,4344,d2d922c366750fc39cac682239097262ea47487add496af9fe8ddff5d8234c1c
analysis_artifacts/canonical_run/folds/fold_04/inner/level1/C12/seed_42/inner_01/preprocessing/preprocessing_manifest.json,839,80bdc0358d98d33700ee798e955aa78809bc85e7ac8e123514da33c2a3ab7d8f
analysis_artifacts/canonical_run/folds/fold_04/inner/level1/C12/seed_42/inner_01/preprocessing/selected_full_edge_indices.npy,39928,86721f760c079c8ae0a353df889fb2faf74a4d5d437d8790bc1aca0c6d3f447b
analysis_artifacts/canonical_run/folds/fold_04/inner/level1/C12/seed_42/inner_01/rung1_result.json,756,f9c6a193a9c1958f9262a6f26b389d8594da12c724a45cf66a34115458064d6f
analysis_artifacts/canonical_run/folds/fold_04/inner/level1/C12/seed_42/inner_01/rung2_result.json,757,8f2a67338c026568f3bc555f236e996aafb3561b003725946e1c7decc75fe720
analysis_artifacts/canonical_run/folds/fold_04/inner/level1/C12/seed_42/inner_02/preprocessing/evaluation_indices.npy,2232,1308e602d7ff261a4710d45d3fd9e0bfa053d1d365a995987251857e089d9738
analysis_artifacts/canonical_run/folds/fold_04/inner/level1/C12/seed_42/inner_02/preprocessing/fit_indices.npy,4352,95ce750345e7a2f98e7fd407a593574586bf0a3f2700c8bf158075285ad7459e
analysis_artifacts/canonical_run/folds/fold_04/inner/level1/C12/seed_42/inner_02/preprocessing/preprocessing_manifest.json,839,f86166844c36002c4d4527b96badb429d65b354da1a4d48ffc2f6247163e9af1
analysis_artifacts/canonical_run/folds/fold_04/inner/level1/C12/seed_42/inner_02/preprocessing/selected_full_edge_indices.npy,39928,8e8921d17410bead37611ec02f3858e9be192e62f29bff2c5253d8a791cccc2f
analysis_artifacts/canonical_run/folds/fold_04/inner/level1/C12/seed_42/inner_02/rung1_result.json,756,99eefd1e02654b8bea8f39bd3150e268b36757fa415b37a60111cea6f803ca04
analysis_artifacts/canonical_run/folds/fold_04/inner/level1/C12/seed_42/inner_02/rung2_result.json,757,6a99e7289e0898178e6fd07da46b742d7b7487843ba21d197bfe799dfabbaf26
analysis_artifacts/canonical_run/folds/fold_04/inner/level1_final_selection.json,1102,e8601d3ff7ff653fcf6b293592cb5b3819104f468b8a8d6723d642d5dfdb1a80
analysis_artifacts/canonical_run/folds/fold_04/inner/level1_rung1_selection.json,2079,104dcb0ba7fc59a3b338be19bc804e7a647faee94909683e15c3a948bc310d0e
analysis_artifacts/canonical_run/folds/fold_04/inner/level2/C10/seed_42/inner_00/preprocessing/evaluation_indices.npy,2240,eee8a0de78e712d1b96dca67d8499326b7451dcd218251f8658e20143e309166
analysis_artifacts/canonical_run/folds/fold_04/inner/level2/C10/seed_42/inner_00/preprocessing/fit_indices.npy,4344,1d1a2da0740b9c334be8f80573ff8ce65c691f37f0900bab48fadd8b4d8ee5f4
analysis_artifacts/canonical_run/folds/fold_04/inner/level2/C10/seed_42/inner_00/preprocessing/preprocessing_manifest.json,839,73b1e624ada98f6f2c766d157eb2fcbe3aae93bc605a1408696fc542c55c70bf
analysis_artifacts/canonical_run/folds/fold_04/inner/level2/C10/seed_42/inner_00/preprocessing/selected_full_edge_indices.npy,39928,0a8f7942fd0e57788e5e4759d28014a7d75769ba685651d6c7a5e14b7b54ec1f
analysis_artifacts/canonical_run/folds/fold_04/inner/level2/C10/seed_42/inner_00/result.json,757,4f5c5503dd014d7b049800d04029e2bd29f2645aa773ad76418386a20923ee93
analysis_artifacts/canonical_run/folds/fold_04/inner/level2/C10/seed_42/inner_01/preprocessing/evaluation_indices.npy,2240,8a4d8c3590f6c40ce57efe1b298cb04423ac6cb1a70ec233400d050c52e795ae
analysis_artifacts/canonical_run/folds/fold_04/inner/level2/C10/seed_42/inner_01/preprocessing/fit_indices.npy,4344,d2d922c366750fc39cac682239097262ea47487add496af9fe8ddff5d8234c1c
analysis_artifacts/canonical_run/folds/fold_04/inner/level2/C10/seed_42/inner_01/preprocessing/preprocessing_manifest.json,839,6d48f2c1c4b5f183a3cb53cabc855262e603f7406c3e73e0447d24be4391fa3f
analysis_artifacts/canonical_run/folds/fold_04/inner/level2/C10/seed_42/inner_01/preprocessing/selected_full_edge_indices.npy,39928,86721f760c079c8ae0a353df889fb2faf74a4d5d437d8790bc1aca0c6d3f447b
analysis_artifacts/canonical_run/folds/fold_04/inner/level2/C10/seed_42/inner_01/result.json,758,58d4a5c6e7ee153206c809f3534a9e9d235351d26829844b7a40d1a18c780c41
analysis_artifacts/canonical_run/folds/fold_04/inner/level2/C10/seed_42/inner_02/preprocessing/evaluation_indices.npy,2232,1308e602d7ff261a4710d45d3fd9e0bfa053d1d365a995987251857e089d9738
analysis_artifacts/canonical_run/folds/fold_04/inner/level2/C10/seed_42/inner_02/preprocessing/fit_indices.npy,4352,95ce750345e7a2f98e7fd407a593574586bf0a3f2700c8bf158075285ad7459e
analysis_artifacts/canonical_run/folds/fold_04/inner/level2/C10/seed_42/inner_02/preprocessing/preprocessing_manifest.json,839,924c5c5dad1684dc42ae8e01a0b87f78048e580edb868a3f1b022cb456718b44
analysis_artifacts/canonical_run/folds/fold_04/inner/level2/C10/seed_42/inner_02/preprocessing/selected_full_edge_indices.npy,39928,8e8921d17410bead37611ec02f3858e9be192e62f29bff2c5253d8a791cccc2f
analysis_artifacts/canonical_run/folds/fold_04/inner/level2/C10/seed_42/inner_02/result.json,757,dc5c5a8ac4e7d4cfea016596cfd2f0f0f845c75e164a19c681aac45a6bf0e540
analysis_artifacts/canonical_run/folds/fold_04/inner/level2/C10/seed_42/inner_oof_evaluation.json,627,500d250711dc9aaf4684c5cfe525fd6d8285cd1db798f33bafe63d76b9f58c71
analysis_artifacts/canonical_run/folds/fold_04/inner/level2/C10/seed_43/inner_00/preprocessing/evaluation_indices.npy,2240,eee8a0de78e712d1b96dca67d8499326b7451dcd218251f8658e20143e309166
analysis_artifacts/canonical_run/folds/fold_04/inner/level2/C10/seed_43/inner_00/preprocessing/fit_indices.npy,4344,1d1a2da0740b9c334be8f80573ff8ce65c691f37f0900bab48fadd8b4d8ee5f4
analysis_artifacts/canonical_run/folds/fold_04/inner/level2/C10/seed_43/inner_00/preprocessing/preprocessing_manifest.json,839,a15b6da8ffa5cae0488172f49fa5b7e54cab4621309048b65c2e018dc1132161
analysis_artifacts/canonical_run/folds/fold_04/inner/level2/C10/seed_43/inner_00/preprocessing/selected_full_edge_indices.npy,39928,0a8f7942fd0e57788e5e4759d28014a7d75769ba685651d6c7a5e14b7b54ec1f
analysis_artifacts/canonical_run/folds/fold_04/inner/level2/C10/seed_43/inner_00/result.json,757,e0f1c914a4e46573da8b540b1c4d02e3019534d4bb08e3d95f3c47023b0a9345
analysis_artifacts/canonical_run/folds/fold_04/inner/level2/C10/seed_43/inner_01/preprocessing/evaluation_indices.npy,2240,8a4d8c3590f6c40ce57efe1b298cb04423ac6cb1a70ec233400d050c52e795ae
analysis_artifacts/canonical_run/folds/fold_04/inner/level2/C10/seed_43/inner_01/preprocessing/fit_indices.npy,4344,d2d922c366750fc39cac682239097262ea47487add496af9fe8ddff5d8234c1c
analysis_artifacts/canonical_run/folds/fold_04/inner/level2/C10/seed_43/inner_01/preprocessing/preprocessing_manifest.json,839,19efe31105b0aaaf65c07754c40af5590b7ca55b8e29df67f7da4b2a80a18000
analysis_artifacts/canonical_run/folds/fold_04/inner/level2/C10/seed_43/inner_01/preprocessing/selected_full_edge_indices.npy,39928,86721f760c079c8ae0a353df889fb2faf74a4d5d437d8790bc1aca0c6d3f447b
analysis_artifacts/canonical_run/folds/fold_04/inner/level2/C10/seed_43/inner_01/result.json,757,903599c5ecfe9df6ad3d32390330e3c2ec4d7d7d80be387aeaa6444679ebf09f
analysis_artifacts/canonical_run/folds/fold_04/inner/level2/C10/seed_43/inner_02/preprocessing/evaluation_indices.npy,2232,1308e602d7ff261a4710d45d3fd9e0bfa053d1d365a995987251857e089d9738
analysis_artifacts/canonical_run/folds/fold_04/inner/level2/C10/seed_43/inner_02/preprocessing/fit_indices.npy,4352,95ce750345e7a2f98e7fd407a593574586bf0a3f2700c8bf158075285ad7459e
analysis_artifacts/canonical_run/folds/fold_04/inner/level2/C10/seed_43/inner_02/preprocessing/preprocessing_manifest.json,839,2b9e1bed3646f6303f3676a6f3571a61b03264a79db5d9c7ab67afffe2dfbaf5
analysis_artifacts/canonical_run/folds/fold_04/inner/level2/C10/seed_43/inner_02/preprocessing/selected_full_edge_indices.npy,39928,8e8921d17410bead37611ec02f3858e9be192e62f29bff2c5253d8a791cccc2f
analysis_artifacts/canonical_run/folds/fold_04/inner/level2/C10/seed_43/inner_02/result.json,757,e1fcdc3035b7a6d775699ca4e5a7b729463ad97b0695632f6c382028f8b5b5be
analysis_artifacts/canonical_run/folds/fold_04/inner/level2/C10/seed_43/inner_oof_evaluation.json,623,eb0c2a16744104dcc7556ab5eca7c0512824d9e24927cc590bd03fde82d95f1c
analysis_artifacts/canonical_run/folds/fold_04/inner/level2/C10/seed_44/inner_00/preprocessing/evaluation_indices.npy,2240,eee8a0de78e712d1b96dca67d8499326b7451dcd218251f8658e20143e309166
analysis_artifacts/canonical_run/folds/fold_04/inner/level2/C10/seed_44/inner_00/preprocessing/fit_indices.npy,4344,1d1a2da0740b9c334be8f80573ff8ce65c691f37f0900bab48fadd8b4d8ee5f4
analysis_artifacts/canonical_run/folds/fold_04/inner/level2/C10/seed_44/inner_00/preprocessing/preprocessing_manifest.json,839,6cdf3ec6e04a84d0ab496ca54c57a900c0df97ba1df64dcc3ace867ffebd3af4
analysis_artifacts/canonical_run/folds/fold_04/inner/level2/C10/seed_44/inner_00/preprocessing/selected_full_edge_indices.npy,39928,0a8f7942fd0e57788e5e4759d28014a7d75769ba685651d6c7a5e14b7b54ec1f
analysis_artifacts/canonical_run/folds/fold_04/inner/level2/C10/seed_44/inner_00/result.json,758,f3be3fd7a8a27e2cb63905a4053905fe8401ceb412ddb25e1ee84cdc09761af1
analysis_artifacts/canonical_run/folds/fold_04/inner/level2/C10/seed_44/inner_01/preprocessing/evaluation_indices.npy,2240,8a4d8c3590f6c40ce57efe1b298cb04423ac6cb1a70ec233400d050c52e795ae
analysis_artifacts/canonical_run/folds/fold_04/inner/level2/C10/seed_44/inner_01/preprocessing/fit_indices.npy,4344,d2d922c366750fc39cac682239097262ea47487add496af9fe8ddff5d8234c1c
analysis_artifacts/canonical_run/folds/fold_04/inner/level2/C10/seed_44/inner_01/preprocessing/preprocessing_manifest.json,839,8e1feb600144583a535925d5b064f3fd20e97ebf47dc948b7f5391a232d28c01
analysis_artifacts/canonical_run/folds/fold_04/inner/level2/C10/seed_44/inner_01/preprocessing/selected_full_edge_indices.npy,39928,86721f760c079c8ae0a353df889fb2faf74a4d5d437d8790bc1aca0c6d3f447b
analysis_artifacts/canonical_run/folds/fold_04/inner/level2/C10/seed_44/inner_01/result.json,757,0b9ed977088b0d87ef920c2bacb163ddb8092107b54b8f09a4e9f121e117c90a
analysis_artifacts/canonical_run/folds/fold_04/inner/level2/C10/seed_44/inner_02/preprocessing/evaluation_indices.npy,2232,1308e602d7ff261a4710d45d3fd9e0bfa053d1d365a995987251857e089d9738
analysis_artifacts/canonical_run/folds/fold_04/inner/level2/C10/seed_44/inner_02/preprocessing/fit_indices.npy,4352,95ce750345e7a2f98e7fd407a593574586bf0a3f2700c8bf158075285ad7459e
analysis_artifacts/canonical_run/folds/fold_04/inner/level2/C10/seed_44/inner_02/preprocessing/preprocessing_manifest.json,839,39ff13882c38a34c5638f8be833bd831522510657c3a709ca1963da4f2014dd5
analysis_artifacts/canonical_run/folds/fold_04/inner/level2/C10/seed_44/inner_02/preprocessing/selected_full_edge_indices.npy,39928,8e8921d17410bead37611ec02f3858e9be192e62f29bff2c5253d8a791cccc2f
analysis_artifacts/canonical_run/folds/fold_04/inner/level2/C10/seed_44/inner_02/result.json,758,8d249272c062538bee4d6f2c598d61059f9950a30d7a73059cc010215c3ba475
analysis_artifacts/canonical_run/folds/fold_04/inner/level2/C10/seed_44/inner_oof_evaluation.json,628,d8e45bbb806c1b52915fcdee2f1de39f8eb66395963edc3b90def59105731cbc
analysis_artifacts/canonical_run/folds/fold_04/inner/level2/C11/seed_42/inner_00/preprocessing/evaluation_indices.npy,2240,eee8a0de78e712d1b96dca67d8499326b7451dcd218251f8658e20143e309166
analysis_artifacts/canonical_run/folds/fold_04/inner/level2/C11/seed_42/inner_00/preprocessing/fit_indices.npy,4344,1d1a2da0740b9c334be8f80573ff8ce65c691f37f0900bab48fadd8b4d8ee5f4
analysis_artifacts/canonical_run/folds/fold_04/inner/level2/C11/seed_42/inner_00/preprocessing/preprocessing_manifest.json,839,d5b44e9392a2959df422128cc8ba4c7e56d23b8f4f5df502613d3b5f8be270da
analysis_artifacts/canonical_run/folds/fold_04/inner/level2/C11/seed_42/inner_00/preprocessing/selected_full_edge_indices.npy,39928,0a8f7942fd0e57788e5e4759d28014a7d75769ba685651d6c7a5e14b7b54ec1f
analysis_artifacts/canonical_run/folds/fold_04/inner/level2/C11/seed_42/inner_00/result.json,756,a2a6821c7f0eeaaa042f10c32c1f4469a9af8a58516415df26ee5e82cc4ed9b2
analysis_artifacts/canonical_run/folds/fold_04/inner/level2/C11/seed_42/inner_01/preprocessing/evaluation_indices.npy,2240,8a4d8c3590f6c40ce57efe1b298cb04423ac6cb1a70ec233400d050c52e795ae
analysis_artifacts/canonical_run/folds/fold_04/inner/level2/C11/seed_42/inner_01/preprocessing/fit_indices.npy,4344,d2d922c366750fc39cac682239097262ea47487add496af9fe8ddff5d8234c1c
analysis_artifacts/canonical_run/folds/fold_04/inner/level2/C11/seed_42/inner_01/preprocessing/preprocessing_manifest.json,839,eddbc45655469681c5a2be599e39be891a43e3c1e743f3f3324a0aa8cc9a5485
analysis_artifacts/canonical_run/folds/fold_04/inner/level2/C11/seed_42/inner_01/preprocessing/selected_full_edge_indices.npy,39928,86721f760c079c8ae0a353df889fb2faf74a4d5d437d8790bc1aca0c6d3f447b
analysis_artifacts/canonical_run/folds/fold_04/inner/level2/C11/seed_42/inner_01/result.json,754,0ed9caacd21ccbd7590560ac4d5895ca6bcbe29a7faf7f87f0dd14e332f6352e
analysis_artifacts/canonical_run/folds/fold_04/inner/level2/C11/seed_42/inner_02/preprocessing/evaluation_indices.npy,2232,1308e602d7ff261a4710d45d3fd9e0bfa053d1d365a995987251857e089d9738
analysis_artifacts/canonical_run/folds/fold_04/inner/level2/C11/seed_42/inner_02/preprocessing/fit_indices.npy,4352,95ce750345e7a2f98e7fd407a593574586bf0a3f2700c8bf158075285ad7459e
analysis_artifacts/canonical_run/folds/fold_04/inner/level2/C11/seed_42/inner_02/preprocessing/preprocessing_manifest.json,839,96adfa97245ec9ee8dc55011982999a44b3a63da884b370ec74956c86ff841a9
analysis_artifacts/canonical_run/folds/fold_04/inner/level2/C11/seed_42/inner_02/preprocessing/selected_full_edge_indices.npy,39928,8e8921d17410bead37611ec02f3858e9be192e62f29bff2c5253d8a791cccc2f
analysis_artifacts/canonical_run/folds/fold_04/inner/level2/C11/seed_42/inner_02/result.json,758,33823504b7bb005f409e5990a452abc675db1f195ae68b36373907f2f7411bab
analysis_artifacts/canonical_run/folds/fold_04/inner/level2/C11/seed_42/inner_oof_evaluation.json,625,cb241972431d5af9f99691ea00959f0433d5af5487aaa274e4fc828188ceb82a
analysis_artifacts/canonical_run/folds/fold_04/inner/level2/C11/seed_43/inner_00/preprocessing/evaluation_indices.npy,2240,eee8a0de78e712d1b96dca67d8499326b7451dcd218251f8658e20143e309166
analysis_artifacts/canonical_run/folds/fold_04/inner/level2/C11/seed_43/inner_00/preprocessing/fit_indices.npy,4344,1d1a2da0740b9c334be8f80573ff8ce65c691f37f0900bab48fadd8b4d8ee5f4
analysis_artifacts/canonical_run/folds/fold_04/inner/level2/C11/seed_43/inner_00/preprocessing/preprocessing_manifest.json,839,07675bd54f4f8ca3dd6117bafe684acb619638db53e5617b333a08c19e4a0561
analysis_artifacts/canonical_run/folds/fold_04/inner/level2/C11/seed_43/inner_00/preprocessing/selected_full_edge_indices.npy,39928,0a8f7942fd0e57788e5e4759d28014a7d75769ba685651d6c7a5e14b7b54ec1f
analysis_artifacts/canonical_run/folds/fold_04/inner/level2/C11/seed_43/inner_00/result.json,757,f240831541db1bb9e7dd11a516f3a37ac4170712d6567221385d38949dba7297
analysis_artifacts/canonical_run/folds/fold_04/inner/level2/C11/seed_43/inner_01/preprocessing/evaluation_indices.npy,2240,8a4d8c3590f6c40ce57efe1b298cb04423ac6cb1a70ec233400d050c52e795ae
analysis_artifacts/canonical_run/folds/fold_04/inner/level2/C11/seed_43/inner_01/preprocessing/fit_indices.npy,4344,d2d922c366750fc39cac682239097262ea47487add496af9fe8ddff5d8234c1c
analysis_artifacts/canonical_run/folds/fold_04/inner/level2/C11/seed_43/inner_01/preprocessing/preprocessing_manifest.json,839,d4ea933b93cb09a8e0d8e7ebac85df918671d1385ec4317e0a2b3213f850d481
analysis_artifacts/canonical_run/folds/fold_04/inner/level2/C11/seed_43/inner_01/preprocessing/selected_full_edge_indices.npy,39928,86721f760c079c8ae0a353df889fb2faf74a4d5d437d8790bc1aca0c6d3f447b
analysis_artifacts/canonical_run/folds/fold_04/inner/level2/C11/seed_43/inner_01/result.json,756,4b8e2cf79f423abbe704723dae8f417f9719551634f9642a818d2f544313ce46
analysis_artifacts/canonical_run/folds/fold_04/inner/level2/C11/seed_43/inner_02/preprocessing/evaluation_indices.npy,2232,1308e602d7ff261a4710d45d3fd9e0bfa053d1d365a995987251857e089d9738
analysis_artifacts/canonical_run/folds/fold_04/inner/level2/C11/seed_43/inner_02/preprocessing/fit_indices.npy,4352,95ce750345e7a2f98e7fd407a593574586bf0a3f2700c8bf158075285ad7459e
analysis_artifacts/canonical_run/folds/fold_04/inner/level2/C11/seed_43/inner_02/preprocessing/preprocessing_manifest.json,839,1ae8a95e1e85e3ee005e98dc3d9395458e96d29ed682dfc956747b5becc49f5b
analysis_artifacts/canonical_run/folds/fold_04/inner/level2/C11/seed_43/inner_02/preprocessing/selected_full_edge_indices.npy,39928,8e8921d17410bead37611ec02f3858e9be192e62f29bff2c5253d8a791cccc2f
analysis_artifacts/canonical_run/folds/fold_04/inner/level2/C11/seed_43/inner_02/result.json,758,9c0ded1857254ba7cd08755ee8d6cc6ed24bca137fa14d8bc5566e6bff855a12
analysis_artifacts/canonical_run/folds/fold_04/inner/level2/C11/seed_43/inner_oof_evaluation.json,626,472dcf9794f9cef98db7008c4c2b9f2940754a3c944c825852fc839c775794e7
analysis_artifacts/canonical_run/folds/fold_04/inner/level2/C11/seed_44/inner_00/preprocessing/evaluation_indices.npy,2240,eee8a0de78e712d1b96dca67d8499326b7451dcd218251f8658e20143e309166
analysis_artifacts/canonical_run/folds/fold_04/inner/level2/C11/seed_44/inner_00/preprocessing/fit_indices.npy,4344,1d1a2da0740b9c334be8f80573ff8ce65c691f37f0900bab48fadd8b4d8ee5f4
analysis_artifacts/canonical_run/folds/fold_04/inner/level2/C11/seed_44/inner_00/preprocessing/preprocessing_manifest.json,839,2e9dddee481e1943626a1afde20f826536f3757fd159a8a6410b62b310ff33f6
analysis_artifacts/canonical_run/folds/fold_04/inner/level2/C11/seed_44/inner_00/preprocessing/selected_full_edge_indices.npy,39928,0a8f7942fd0e57788e5e4759d28014a7d75769ba685651d6c7a5e14b7b54ec1f
analysis_artifacts/canonical_run/folds/fold_04/inner/level2/C11/seed_44/inner_00/result.json,758,0ba3194861a1f2e38142b51c47f379348e0c618305fd26873f62f739f0c771c4
analysis_artifacts/canonical_run/folds/fold_04/inner/level2/C11/seed_44/inner_01/preprocessing/evaluation_indices.npy,2240,8a4d8c3590f6c40ce57efe1b298cb04423ac6cb1a70ec233400d050c52e795ae
analysis_artifacts/canonical_run/folds/fold_04/inner/level2/C11/seed_44/inner_01/preprocessing/fit_indices.npy,4344,d2d922c366750fc39cac682239097262ea47487add496af9fe8ddff5d8234c1c
analysis_artifacts/canonical_run/folds/fold_04/inner/level2/C11/seed_44/inner_01/preprocessing/preprocessing_manifest.json,839,887354b82d5534d090300be6fad70e86f7a0a943759d90309bf7b8ceb5e59da0
analysis_artifacts/canonical_run/folds/fold_04/inner/level2/C11/seed_44/inner_01/preprocessing/selected_full_edge_indices.npy,39928,86721f760c079c8ae0a353df889fb2faf74a4d5d437d8790bc1aca0c6d3f447b
analysis_artifacts/canonical_run/folds/fold_04/inner/level2/C11/seed_44/inner_01/result.json,756,26d47c0d285ba437dbcfc5c93c9d62a63d4cdd1780722aa9653c7722806f8d69
analysis_artifacts/canonical_run/folds/fold_04/inner/level2/C11/seed_44/inner_02/preprocessing/evaluation_indices.npy,2232,1308e602d7ff261a4710d45d3fd9e0bfa053d1d365a995987251857e089d9738
analysis_artifacts/canonical_run/folds/fold_04/inner/level2/C11/seed_44/inner_02/preprocessing/fit_indices.npy,4352,95ce750345e7a2f98e7fd407a593574586bf0a3f2700c8bf158075285ad7459e
analysis_artifacts/canonical_run/folds/fold_04/inner/level2/C11/seed_44/inner_02/preprocessing/preprocessing_manifest.json,839,a87aa20a53fc9f827b78b9efa02ba5cdeef3981513c2a57f5bd4b190b4fb08c8
analysis_artifacts/canonical_run/folds/fold_04/inner/level2/C11/seed_44/inner_02/preprocessing/selected_full_edge_indices.npy,39928,8e8921d17410bead37611ec02f3858e9be192e62f29bff2c5253d8a791cccc2f
analysis_artifacts/canonical_run/folds/fold_04/inner/level2/C11/seed_44/inner_02/result.json,757,f23a799cdc05577aba431f549e8da7dc38f33c03cf1d8a0acaade5ce6f06f9a2
analysis_artifacts/canonical_run/folds/fold_04/inner/level2/C11/seed_44/inner_oof_evaluation.json,625,20bb69523b7f09a07874c89ee3b541debc46f19c9dd1c94cc1a5fba098ca4f7a
analysis_artifacts/canonical_run/folds/fold_04/inner/level2_final_selection.json,5576,8a119d0b2d0d5cfe3c12d1c1e9b90d6deffc87144431de2d80cdb5573bedff9a
analysis_artifacts/canonical_run/folds/fold_04/outer_final/seed_42/checkpoint_manifest.json,9786,9fd461890e084a921ec6efe5c40348367768a883e5349662bfba6cee9a379ddc
analysis_artifacts/canonical_run/folds/fold_04/outer_final/seed_42/fit_manifest.json,532,1f14e8ab8f24f1ae525bb961e46df5335842a7fc204e1c22b9f58142131a1283
analysis_artifacts/canonical_run/folds/fold_04/outer_final/seed_42/model_checkpoint.pt,6888054,38af9e7df5b4a50832232b05c7d319917f44ccf22323adfc1a805c5f8a613ac7
analysis_artifacts/canonical_run/folds/fold_04/outer_final/seed_42/preprocessing/evaluation_indices.npy,832,4d31e516883915c4e6df497c27ecb64b380f86c8b8569b1deb4796de91337b16
analysis_artifacts/canonical_run/folds/fold_04/outer_final/seed_42/preprocessing/fit_indices.npy,6456,85b403dca2fcb8da44c2daf67a8a236c763c1da4823d9d12290313d117909c35
analysis_artifacts/canonical_run/folds/fold_04/outer_final/seed_42/preprocessing/preprocessing_manifest.json,835,0e9017568d3f1b35c6d80903b6fff7d1309ceeea066edb9f9e34b2c1d3450eb9
analysis_artifacts/canonical_run/folds/fold_04/outer_final/seed_42/preprocessing/selected_full_edge_indices.npy,39928,330f40070c9174bbb00b294249232a7534e2f64c9608c5a389c32f274de1e1dd
analysis_artifacts/canonical_run/folds/fold_04/outer_final/seed_42/preprocessing_state.npz,285709,d65e076e3b499d669d49b8cf12cf81749333d74c9f89a25d02769d5f80bb995b
analysis_artifacts/canonical_run/folds/fold_04/outer_final/seed_42/preprocessing_state_manifest.json,2617,6c12f4cf33f463a6198a3afbdc36a45b3ce968573c986eb8d433799d1cc7903b
analysis_artifacts/canonical_run/folds/fold_04/outer_final/seed_42/reload_audit.json,3393,846cc9a2080ad4eaca3b8276b5d4270241247eb0c6cd3c52cd8ce27ab953bdf5
analysis_artifacts/canonical_run/folds/fold_04/outer_final/seed_42/test_indices.npy,832,4d31e516883915c4e6df497c27ecb64b380f86c8b8569b1deb4796de91337b16
analysis_artifacts/canonical_run/folds/fold_04/outer_final/seed_42/test_outputs.npz,2400,40258a2aa6adcfa23e5de252d022ad63e75111a6578d79dff3be6eb400c2c160
analysis_artifacts/canonical_run/folds/fold_04/outer_final/seed_42/test_subject_ids.npy,832,016b59d0a658a2d140ff25497ec056224d5379c69cddaed86d9f47e0a7d4b8f2
analysis_artifacts/canonical_run/folds/fold_04/outer_final/seed_42/train_indices.npy,6456,85b403dca2fcb8da44c2daf67a8a236c763c1da4823d9d12290313d117909c35
analysis_artifacts/canonical_run/folds/fold_04/outer_final/seed_42/train_subject_ids.npy,6456,025fbd074769e38ebcdaaff8cf6b069f17f683e24c912f31391ac07bf28cf24f
analysis_artifacts/canonical_run/folds/fold_04/outer_final/seed_43/checkpoint_manifest.json,9788,cffe0d4f4879d185be7f4f4f3432b36e654a47dd9cdf9e1101ac6d2e945fd555
analysis_artifacts/canonical_run/folds/fold_04/outer_final/seed_43/fit_manifest.json,533,032ba1dbc6da74a4ccd76569b760b226cfd8284a0c795f82d7f6535b05bfb5e4
analysis_artifacts/canonical_run/folds/fold_04/outer_final/seed_43/model_checkpoint.pt,6888054,13d17e27e11dcf9bacb6c0363a26e5cd7cc95faece4f5ff7c4b13c410724a9d5
analysis_artifacts/canonical_run/folds/fold_04/outer_final/seed_43/preprocessing/evaluation_indices.npy,832,4d31e516883915c4e6df497c27ecb64b380f86c8b8569b1deb4796de91337b16
analysis_artifacts/canonical_run/folds/fold_04/outer_final/seed_43/preprocessing/fit_indices.npy,6456,85b403dca2fcb8da44c2daf67a8a236c763c1da4823d9d12290313d117909c35
analysis_artifacts/canonical_run/folds/fold_04/outer_final/seed_43/preprocessing/preprocessing_manifest.json,835,5c3b393689f37223d6233348da15f7bf65f595a8b6c5730f0ee0a0e45e481cb7
analysis_artifacts/canonical_run/folds/fold_04/outer_final/seed_43/preprocessing/selected_full_edge_indices.npy,39928,330f40070c9174bbb00b294249232a7534e2f64c9608c5a389c32f274de1e1dd
analysis_artifacts/canonical_run/folds/fold_04/outer_final/seed_43/preprocessing_state.npz,285709,d65e076e3b499d669d49b8cf12cf81749333d74c9f89a25d02769d5f80bb995b
analysis_artifacts/canonical_run/folds/fold_04/outer_final/seed_43/preprocessing_state_manifest.json,2617,57fe705130dd04f31b53b5c24bcbb9c8cc07a2bd26d1011f03003ce15a4f08ed
analysis_artifacts/canonical_run/folds/fold_04/outer_final/seed_43/reload_audit.json,3394,891dd08018c4095360f117d3f72797d6f4c47781ad9dab47053dddd965785b55
analysis_artifacts/canonical_run/folds/fold_04/outer_final/seed_43/test_indices.npy,832,4d31e516883915c4e6df497c27ecb64b380f86c8b8569b1deb4796de91337b16
analysis_artifacts/canonical_run/folds/fold_04/outer_final/seed_43/test_outputs.npz,2384,25935bad3418d4de6c276a91ee8d7dc3d61cc4dc8b18c344a5853d197975dd8d
analysis_artifacts/canonical_run/folds/fold_04/outer_final/seed_43/test_subject_ids.npy,832,016b59d0a658a2d140ff25497ec056224d5379c69cddaed86d9f47e0a7d4b8f2
analysis_artifacts/canonical_run/folds/fold_04/outer_final/seed_43/train_indices.npy,6456,85b403dca2fcb8da44c2daf67a8a236c763c1da4823d9d12290313d117909c35
analysis_artifacts/canonical_run/folds/fold_04/outer_final/seed_43/train_subject_ids.npy,6456,025fbd074769e38ebcdaaff8cf6b069f17f683e24c912f31391ac07bf28cf24f
analysis_artifacts/canonical_run/folds/fold_04/outer_final/seed_44/checkpoint_manifest.json,9788,1ce099ba0765952c0a6d6ce47cdcb16c25ae34bf09361fcc08c15e8d6a0477ef
analysis_artifacts/canonical_run/folds/fold_04/outer_final/seed_44/fit_manifest.json,533,fb3b89676b31fcf477c3f5294de2fb33f96c2c6819b0f27575ec06795ff66eba
analysis_artifacts/canonical_run/folds/fold_04/outer_final/seed_44/model_checkpoint.pt,6888054,9dacea0ba8f28d0aca4b07baea756fbb1262c2e52819ffb6550ea176510956ea
analysis_artifacts/canonical_run/folds/fold_04/outer_final/seed_44/preprocessing/evaluation_indices.npy,832,4d31e516883915c4e6df497c27ecb64b380f86c8b8569b1deb4796de91337b16
analysis_artifacts/canonical_run/folds/fold_04/outer_final/seed_44/preprocessing/fit_indices.npy,6456,85b403dca2fcb8da44c2daf67a8a236c763c1da4823d9d12290313d117909c35
analysis_artifacts/canonical_run/folds/fold_04/outer_final/seed_44/preprocessing/preprocessing_manifest.json,835,f2413a21b6534bf4d438a4769d2cddca324ea41dd3c7f6c6cad40638af4064f7
analysis_artifacts/canonical_run/folds/fold_04/outer_final/seed_44/preprocessing/selected_full_edge_indices.npy,39928,330f40070c9174bbb00b294249232a7534e2f64c9608c5a389c32f274de1e1dd
analysis_artifacts/canonical_run/folds/fold_04/outer_final/seed_44/preprocessing_state.npz,285709,d65e076e3b499d669d49b8cf12cf81749333d74c9f89a25d02769d5f80bb995b
analysis_artifacts/canonical_run/folds/fold_04/outer_final/seed_44/preprocessing_state_manifest.json,2617,622ab09b4066e1c4f293178bbbb3cc18da67ab25799a30348ed0217b82e27b8c
analysis_artifacts/canonical_run/folds/fold_04/outer_final/seed_44/reload_audit.json,3394,53b9cf1a1c465fac06e5f7ba1ab2de1fe3232a8b95d6136f89da83c5d2364d3f
analysis_artifacts/canonical_run/folds/fold_04/outer_final/seed_44/test_indices.npy,832,4d31e516883915c4e6df497c27ecb64b380f86c8b8569b1deb4796de91337b16
analysis_artifacts/canonical_run/folds/fold_04/outer_final/seed_44/test_outputs.npz,2400,5d0c12cb0fb3e05ecb58ee1b37f72b29648e9ac5be295c5a667828cf9c392859
analysis_artifacts/canonical_run/folds/fold_04/outer_final/seed_44/test_subject_ids.npy,832,016b59d0a658a2d140ff25497ec056224d5379c69cddaed86d9f47e0a7d4b8f2
analysis_artifacts/canonical_run/folds/fold_04/outer_final/seed_44/train_indices.npy,6456,85b403dca2fcb8da44c2daf67a8a236c763c1da4823d9d12290313d117909c35
analysis_artifacts/canonical_run/folds/fold_04/outer_final/seed_44/train_subject_ids.npy,6456,025fbd074769e38ebcdaaff8cf6b069f17f683e24c912f31391ac07bf28cf24f
analysis_artifacts/canonical_run/folds/fold_04/outer_final/seed_predictions.npz,4630,3cf2fef3a4ee6709fc4afc0ce8ff1f7a3931903c3256e9f335e3f0fa50afa541
analysis_artifacts/canonical_run/folds/fold_04/stage_a_summary.json,3058,ef9c266eed1770c4fbeb34f80c5903360110d25423eff54f98058e430a44a8e1
analysis_artifacts/canonical_run/folds/fold_04/stage_b_outer_metrics.json,1385,3f40ed322adc01187d2e6235e9e9ca445cb44bb314b4a682ed9dc45677f51c31
analysis_artifacts/canonical_run/folds/fold_05/canonical_fold_completion.json,1808,daa2e60d1327f2c0eb6cd979584e079573782370995e2e31ea3b0e9c2003202e
analysis_artifacts/canonical_run/folds/fold_05/frozen_outer_test_predictions.npz,4146,65b11700b94398cc12dcc5998ac9401471c4bab4118c0e81444f75375724e2b4
analysis_artifacts/canonical_run/folds/fold_05/frozen_prediction_manifest.json,1822,75543bae44db367c6347ac2b06b8c07d01a4ebdd847eaea37a033ffac5760310
analysis_artifacts/canonical_run/folds/fold_05/inner/calibration.json,626,ba0173e182ae351acae9eee953245a77c0611e546594f5e774f12151da3123b0
analysis_artifacts/canonical_run/folds/fold_05/inner/level1/C01/seed_42/inner_00/preprocessing/evaluation_indices.npy,2240,5331706f28bd0419cf41514b3e4063c2c84fd388106ea79a86aa2509453b951e
analysis_artifacts/canonical_run/folds/fold_05/inner/level1/C01/seed_42/inner_00/preprocessing/fit_indices.npy,4344,c04865aca54f7af99e2aae76d0f090b76bf64654eb0682c9e410dda530586559
analysis_artifacts/canonical_run/folds/fold_05/inner/level1/C01/seed_42/inner_00/preprocessing/preprocessing_manifest.json,800,5a48460807feb30e3da08fe0f75d3fcb32467548571b545c27446fd5816753df
analysis_artifacts/canonical_run/folds/fold_05/inner/level1/C01/seed_42/inner_00/preprocessing/selected_full_edge_indices.npy,8128,cacc8977ea8d6f4aba782e93bd8aac2cce804e50650838dda6ecdae8e684bd3d
analysis_artifacts/canonical_run/folds/fold_05/inner/level1/C01/seed_42/inner_00/rung1_result.json,756,32050df9ab1d0494784ce3577df3d18a4959d46cfdac722b63d1787af161d220
analysis_artifacts/canonical_run/folds/fold_05/inner/level1/C01/seed_42/inner_01/preprocessing/evaluation_indices.npy,2240,4256ae640461e28701cccb12b421e9366402b104ffe9d84ed8592819c864b80b
analysis_artifacts/canonical_run/folds/fold_05/inner/level1/C01/seed_42/inner_01/preprocessing/fit_indices.npy,4344,f2e403620db9bfe3fccfd0734faac4971f4278012c945ba9377b496c90e82003
analysis_artifacts/canonical_run/folds/fold_05/inner/level1/C01/seed_42/inner_01/preprocessing/preprocessing_manifest.json,800,1faf74a3db0313553ac92563534e1508731f6ec35c1c80ac1b5316aaafc57686
analysis_artifacts/canonical_run/folds/fold_05/inner/level1/C01/seed_42/inner_01/preprocessing/selected_full_edge_indices.npy,8128,0a4d5b431db418374471f897fda905da6233a367eebe0cec65750f13a7e7e044
analysis_artifacts/canonical_run/folds/fold_05/inner/level1/C01/seed_42/inner_01/rung1_result.json,755,be27f742cb14f5d717b9573c393a34b368c5f2b8633df8da240c97d929b762ee
analysis_artifacts/canonical_run/folds/fold_05/inner/level1/C01/seed_42/inner_02/preprocessing/evaluation_indices.npy,2232,b754c00c7a8533f59a11a9ce27bfb3af566f065c7c88597a591df8c6e83dd9b5
analysis_artifacts/canonical_run/folds/fold_05/inner/level1/C01/seed_42/inner_02/preprocessing/fit_indices.npy,4352,a42671a0e6490729df8caaadebb82c2c74836d33dc668d07870dd263dbdec45f
analysis_artifacts/canonical_run/folds/fold_05/inner/level1/C01/seed_42/inner_02/preprocessing/preprocessing_manifest.json,800,d71b1b263e48fc393825172edac679a84f75de476f5af5d4f199a11eaea88f18
analysis_artifacts/canonical_run/folds/fold_05/inner/level1/C01/seed_42/inner_02/preprocessing/selected_full_edge_indices.npy,8128,b4b703987a72219df918e7f030e0617b0498b51b3df1aa51eae929a281b22961
analysis_artifacts/canonical_run/folds/fold_05/inner/level1/C01/seed_42/inner_02/rung1_result.json,756,a65bec002cf7edfd5baa4b0a22adf5410397ca1041aaa451927383f2b24fafe3
analysis_artifacts/canonical_run/folds/fold_05/inner/level1/C02/seed_42/inner_00/preprocessing/evaluation_indices.npy,2240,5331706f28bd0419cf41514b3e4063c2c84fd388106ea79a86aa2509453b951e
analysis_artifacts/canonical_run/folds/fold_05/inner/level1/C02/seed_42/inner_00/preprocessing/fit_indices.npy,4344,c04865aca54f7af99e2aae76d0f090b76bf64654eb0682c9e410dda530586559
analysis_artifacts/canonical_run/folds/fold_05/inner/level1/C02/seed_42/inner_00/preprocessing/preprocessing_manifest.json,800,538a6e70c626fb20c483803fc87934d3b4320be4031addd1ff53b2d607b99cd3
analysis_artifacts/canonical_run/folds/fold_05/inner/level1/C02/seed_42/inner_00/preprocessing/selected_full_edge_indices.npy,8128,cacc8977ea8d6f4aba782e93bd8aac2cce804e50650838dda6ecdae8e684bd3d
analysis_artifacts/canonical_run/folds/fold_05/inner/level1/C02/seed_42/inner_00/rung1_result.json,756,184bb6667c84c5c7529cccf7a995d5445c3b692e45f56362c511c75fcdeefb8a
analysis_artifacts/canonical_run/folds/fold_05/inner/level1/C02/seed_42/inner_01/preprocessing/evaluation_indices.npy,2240,4256ae640461e28701cccb12b421e9366402b104ffe9d84ed8592819c864b80b
analysis_artifacts/canonical_run/folds/fold_05/inner/level1/C02/seed_42/inner_01/preprocessing/fit_indices.npy,4344,f2e403620db9bfe3fccfd0734faac4971f4278012c945ba9377b496c90e82003
analysis_artifacts/canonical_run/folds/fold_05/inner/level1/C02/seed_42/inner_01/preprocessing/preprocessing_manifest.json,800,fa773d14a9cd47c4ab8f379e495f5dbf7a0f59f3d5ec6e21ca8d456b1c88e8ab
analysis_artifacts/canonical_run/folds/fold_05/inner/level1/C02/seed_42/inner_01/preprocessing/selected_full_edge_indices.npy,8128,0a4d5b431db418374471f897fda905da6233a367eebe0cec65750f13a7e7e044
analysis_artifacts/canonical_run/folds/fold_05/inner/level1/C02/seed_42/inner_01/rung1_result.json,755,0aadaa8a9927c76f0b1864a359efb77358b4e9d6c20f18cdf99fef5f60e9db0a
analysis_artifacts/canonical_run/folds/fold_05/inner/level1/C02/seed_42/inner_02/preprocessing/evaluation_indices.npy,2232,b754c00c7a8533f59a11a9ce27bfb3af566f065c7c88597a591df8c6e83dd9b5
analysis_artifacts/canonical_run/folds/fold_05/inner/level1/C02/seed_42/inner_02/preprocessing/fit_indices.npy,4352,a42671a0e6490729df8caaadebb82c2c74836d33dc668d07870dd263dbdec45f
analysis_artifacts/canonical_run/folds/fold_05/inner/level1/C02/seed_42/inner_02/preprocessing/preprocessing_manifest.json,800,88049061b2c154f1b2dd8856f1054fccff8e5bce627a01f27214e602208ee044
analysis_artifacts/canonical_run/folds/fold_05/inner/level1/C02/seed_42/inner_02/preprocessing/selected_full_edge_indices.npy,8128,b4b703987a72219df918e7f030e0617b0498b51b3df1aa51eae929a281b22961
analysis_artifacts/canonical_run/folds/fold_05/inner/level1/C02/seed_42/inner_02/rung1_result.json,756,6f7f53e62001a845aa6a80441e60073a73175fdfe9776082106f4a21aa1bf75b
analysis_artifacts/canonical_run/folds/fold_05/inner/level1/C03/seed_42/inner_00/preprocessing/evaluation_indices.npy,2240,5331706f28bd0419cf41514b3e4063c2c84fd388106ea79a86aa2509453b951e
analysis_artifacts/canonical_run/folds/fold_05/inner/level1/C03/seed_42/inner_00/preprocessing/fit_indices.npy,4344,c04865aca54f7af99e2aae76d0f090b76bf64654eb0682c9e410dda530586559
analysis_artifacts/canonical_run/folds/fold_05/inner/level1/C03/seed_42/inner_00/preprocessing/preprocessing_manifest.json,800,ce6c6fcf2cc17a2357a20164df0abf1b93598d35fa8e7c3a30f59e1f75b5eadd
analysis_artifacts/canonical_run/folds/fold_05/inner/level1/C03/seed_42/inner_00/preprocessing/selected_full_edge_indices.npy,20128,377da4a5a3f1c43ab617bd337e6daaa8f834e60b030c2c33065a6a295e1d5070
analysis_artifacts/canonical_run/folds/fold_05/inner/level1/C03/seed_42/inner_00/rung1_result.json,756,deda8b794696db89b99b6c5c40c3e272c939c19227c37ec0afb0ee0d4095c7a5
analysis_artifacts/canonical_run/folds/fold_05/inner/level1/C03/seed_42/inner_01/preprocessing/evaluation_indices.npy,2240,4256ae640461e28701cccb12b421e9366402b104ffe9d84ed8592819c864b80b
analysis_artifacts/canonical_run/folds/fold_05/inner/level1/C03/seed_42/inner_01/preprocessing/fit_indices.npy,4344,f2e403620db9bfe3fccfd0734faac4971f4278012c945ba9377b496c90e82003
analysis_artifacts/canonical_run/folds/fold_05/inner/level1/C03/seed_42/inner_01/preprocessing/preprocessing_manifest.json,800,fc14360f4df8d62c4958b2dd2b96f2c1de030db7a3945d4c5e1a6713081922c7
analysis_artifacts/canonical_run/folds/fold_05/inner/level1/C03/seed_42/inner_01/preprocessing/selected_full_edge_indices.npy,20128,6b1cadbd8f36702ef8e56157f927327de9ec027d1cdcd4731d0266cdc368b7ef
analysis_artifacts/canonical_run/folds/fold_05/inner/level1/C03/seed_42/inner_01/rung1_result.json,755,ba2a6e5e109fca1ba2b16621db25c290f053df8be97d5aa78e3efc5661aa80cf
analysis_artifacts/canonical_run/folds/fold_05/inner/level1/C03/seed_42/inner_02/preprocessing/evaluation_indices.npy,2232,b754c00c7a8533f59a11a9ce27bfb3af566f065c7c88597a591df8c6e83dd9b5
analysis_artifacts/canonical_run/folds/fold_05/inner/level1/C03/seed_42/inner_02/preprocessing/fit_indices.npy,4352,a42671a0e6490729df8caaadebb82c2c74836d33dc668d07870dd263dbdec45f
analysis_artifacts/canonical_run/folds/fold_05/inner/level1/C03/seed_42/inner_02/preprocessing/preprocessing_manifest.json,800,8d6dce709bc4780099983970a868faaa24243494c530e0d627f1b49dc59d882d
analysis_artifacts/canonical_run/folds/fold_05/inner/level1/C03/seed_42/inner_02/preprocessing/selected_full_edge_indices.npy,20128,0546158dece6e8dbb9769ae85cc6c8920024943b478bcff77a7e1299a80999c1
analysis_artifacts/canonical_run/folds/fold_05/inner/level1/C03/seed_42/inner_02/rung1_result.json,756,060c5268bef2a8bc49c4012b605662480d4e99ce3987f9e15d721d65c0c0fa89
analysis_artifacts/canonical_run/folds/fold_05/inner/level1/C04/seed_42/inner_00/preprocessing/evaluation_indices.npy,2240,5331706f28bd0419cf41514b3e4063c2c84fd388106ea79a86aa2509453b951e
analysis_artifacts/canonical_run/folds/fold_05/inner/level1/C04/seed_42/inner_00/preprocessing/fit_indices.npy,4344,c04865aca54f7af99e2aae76d0f090b76bf64654eb0682c9e410dda530586559
analysis_artifacts/canonical_run/folds/fold_05/inner/level1/C04/seed_42/inner_00/preprocessing/preprocessing_manifest.json,800,964a1d7c716a3e1ba4baefcf46ef470fe5a5bfcbbb65dac889d5e0f44dffc5cc
analysis_artifacts/canonical_run/folds/fold_05/inner/level1/C04/seed_42/inner_00/preprocessing/selected_full_edge_indices.npy,20128,377da4a5a3f1c43ab617bd337e6daaa8f834e60b030c2c33065a6a295e1d5070
analysis_artifacts/canonical_run/folds/fold_05/inner/level1/C04/seed_42/inner_00/rung1_result.json,756,198bcc8555d32b98234216b260e10080077af8ad6bec8e8f6c9f31834daa856c
analysis_artifacts/canonical_run/folds/fold_05/inner/level1/C04/seed_42/inner_01/preprocessing/evaluation_indices.npy,2240,4256ae640461e28701cccb12b421e9366402b104ffe9d84ed8592819c864b80b
analysis_artifacts/canonical_run/folds/fold_05/inner/level1/C04/seed_42/inner_01/preprocessing/fit_indices.npy,4344,f2e403620db9bfe3fccfd0734faac4971f4278012c945ba9377b496c90e82003
analysis_artifacts/canonical_run/folds/fold_05/inner/level1/C04/seed_42/inner_01/preprocessing/preprocessing_manifest.json,800,74bdf965bf2c19d8496cc7f6825b5130b371d4abd21748b3e12da60cee1218f8
analysis_artifacts/canonical_run/folds/fold_05/inner/level1/C04/seed_42/inner_01/preprocessing/selected_full_edge_indices.npy,20128,6b1cadbd8f36702ef8e56157f927327de9ec027d1cdcd4731d0266cdc368b7ef
analysis_artifacts/canonical_run/folds/fold_05/inner/level1/C04/seed_42/inner_01/rung1_result.json,756,a93692fd3de62ec43ba3d4fa96c922af8870b2f272e51d33374dfd0dbd053217
analysis_artifacts/canonical_run/folds/fold_05/inner/level1/C04/seed_42/inner_02/preprocessing/evaluation_indices.npy,2232,b754c00c7a8533f59a11a9ce27bfb3af566f065c7c88597a591df8c6e83dd9b5
analysis_artifacts/canonical_run/folds/fold_05/inner/level1/C04/seed_42/inner_02/preprocessing/fit_indices.npy,4352,a42671a0e6490729df8caaadebb82c2c74836d33dc668d07870dd263dbdec45f
analysis_artifacts/canonical_run/folds/fold_05/inner/level1/C04/seed_42/inner_02/preprocessing/preprocessing_manifest.json,800,284e0e632c48d4a47b1b8a674e8c5d4dbce24c3f555932a6b9fd88d2ce025b43
analysis_artifacts/canonical_run/folds/fold_05/inner/level1/C04/seed_42/inner_02/preprocessing/selected_full_edge_indices.npy,20128,0546158dece6e8dbb9769ae85cc6c8920024943b478bcff77a7e1299a80999c1
analysis_artifacts/canonical_run/folds/fold_05/inner/level1/C04/seed_42/inner_02/rung1_result.json,756,7f8b31d30b912aff3d964d281ce55161be16a973ff9e3245434be7d1cc385e37
analysis_artifacts/canonical_run/folds/fold_05/inner/level1/C05/seed_42/inner_00/preprocessing/evaluation_indices.npy,2240,5331706f28bd0419cf41514b3e4063c2c84fd388106ea79a86aa2509453b951e
analysis_artifacts/canonical_run/folds/fold_05/inner/level1/C05/seed_42/inner_00/preprocessing/fit_indices.npy,4344,c04865aca54f7af99e2aae76d0f090b76bf64654eb0682c9e410dda530586559
analysis_artifacts/canonical_run/folds/fold_05/inner/level1/C05/seed_42/inner_00/preprocessing/preprocessing_manifest.json,800,dc1b2a08ee4d8f3d7772b93f7b9463e21057c8c1e9aed8b4c3b082a5076c26ea
analysis_artifacts/canonical_run/folds/fold_05/inner/level1/C05/seed_42/inner_00/preprocessing/selected_full_edge_indices.npy,39928,44d2512bacb1370ce04d014c7749d3011b02af1fa4b2090ae36a0f0f4d95cfea
analysis_artifacts/canonical_run/folds/fold_05/inner/level1/C05/seed_42/inner_00/rung1_result.json,755,583e99509fcb9d22b31215f221f9ef448cbc886d7af708db9d0f294b8e00df4d
analysis_artifacts/canonical_run/folds/fold_05/inner/level1/C05/seed_42/inner_00/rung2_result.json,756,d411850ffa301e97eb01f229dc4278a200f177c978151cb8d343c547c5d9d804
analysis_artifacts/canonical_run/folds/fold_05/inner/level1/C05/seed_42/inner_01/preprocessing/evaluation_indices.npy,2240,4256ae640461e28701cccb12b421e9366402b104ffe9d84ed8592819c864b80b
analysis_artifacts/canonical_run/folds/fold_05/inner/level1/C05/seed_42/inner_01/preprocessing/fit_indices.npy,4344,f2e403620db9bfe3fccfd0734faac4971f4278012c945ba9377b496c90e82003
analysis_artifacts/canonical_run/folds/fold_05/inner/level1/C05/seed_42/inner_01/preprocessing/preprocessing_manifest.json,800,869c78dac19cb388b82fa7dbc3ce2ac0a59eba297f77a112ff0ee5bc45b9d8ed
analysis_artifacts/canonical_run/folds/fold_05/inner/level1/C05/seed_42/inner_01/preprocessing/selected_full_edge_indices.npy,39928,a3cfbd957e57aa6bd21b262e9250bc0c0ab17473556f2d6a488a34cde1f40826
analysis_artifacts/canonical_run/folds/fold_05/inner/level1/C05/seed_42/inner_01/rung1_result.json,756,f17dadc007f2ae77f4b828696420a0da56dfe9a1e77971938255e9248e8c67bc
analysis_artifacts/canonical_run/folds/fold_05/inner/level1/C05/seed_42/inner_01/rung2_result.json,757,bd3ab810c9e3bcc48eec321a8ee492f41efbe2138a9504dd26f5e12c7ef33b29
analysis_artifacts/canonical_run/folds/fold_05/inner/level1/C05/seed_42/inner_02/preprocessing/evaluation_indices.npy,2232,b754c00c7a8533f59a11a9ce27bfb3af566f065c7c88597a591df8c6e83dd9b5
analysis_artifacts/canonical_run/folds/fold_05/inner/level1/C05/seed_42/inner_02/preprocessing/fit_indices.npy,4352,a42671a0e6490729df8caaadebb82c2c74836d33dc668d07870dd263dbdec45f
analysis_artifacts/canonical_run/folds/fold_05/inner/level1/C05/seed_42/inner_02/preprocessing/preprocessing_manifest.json,800,4012e9c970b80ae7476aede010622ab1d8a95f5ffa2ef6ec171157fb2c5b5547
analysis_artifacts/canonical_run/folds/fold_05/inner/level1/C05/seed_42/inner_02/preprocessing/selected_full_edge_indices.npy,39928,7a00fc2d660f084ed969a09b5847ef3405508a8bad45fce18f5d24fa157b0e0c
analysis_artifacts/canonical_run/folds/fold_05/inner/level1/C05/seed_42/inner_02/rung1_result.json,756,e36e754c5fecae22615bb24a06111acb48a48be32a4ba670ccf6e15afc692927
analysis_artifacts/canonical_run/folds/fold_05/inner/level1/C05/seed_42/inner_02/rung2_result.json,757,fe645d32088d5a6835dfdd3cf5604a92e9dca009fe88828386bebcb38c8ba2f9
analysis_artifacts/canonical_run/folds/fold_05/inner/level1/C06/seed_42/inner_00/preprocessing/evaluation_indices.npy,2240,5331706f28bd0419cf41514b3e4063c2c84fd388106ea79a86aa2509453b951e
analysis_artifacts/canonical_run/folds/fold_05/inner/level1/C06/seed_42/inner_00/preprocessing/fit_indices.npy,4344,c04865aca54f7af99e2aae76d0f090b76bf64654eb0682c9e410dda530586559
analysis_artifacts/canonical_run/folds/fold_05/inner/level1/C06/seed_42/inner_00/preprocessing/preprocessing_manifest.json,800,0ddfcc830dae8f8e7bda00ebb2c475ba034b51ed9b89fd45697fa2bfed2e9ed3
analysis_artifacts/canonical_run/folds/fold_05/inner/level1/C06/seed_42/inner_00/preprocessing/selected_full_edge_indices.npy,39928,44d2512bacb1370ce04d014c7749d3011b02af1fa4b2090ae36a0f0f4d95cfea
analysis_artifacts/canonical_run/folds/fold_05/inner/level1/C06/seed_42/inner_00/rung1_result.json,756,97d018f379aa04eb3df110c8fbffd8c9a789ff48165dd8465b60779db010ac70
analysis_artifacts/canonical_run/folds/fold_05/inner/level1/C06/seed_42/inner_01/preprocessing/evaluation_indices.npy,2240,4256ae640461e28701cccb12b421e9366402b104ffe9d84ed8592819c864b80b
analysis_artifacts/canonical_run/folds/fold_05/inner/level1/C06/seed_42/inner_01/preprocessing/fit_indices.npy,4344,f2e403620db9bfe3fccfd0734faac4971f4278012c945ba9377b496c90e82003
analysis_artifacts/canonical_run/folds/fold_05/inner/level1/C06/seed_42/inner_01/preprocessing/preprocessing_manifest.json,800,2093902eb29f9cd0a794143026366c87cdff25aaa3dd26cf844ddd82de92efd1
analysis_artifacts/canonical_run/folds/fold_05/inner/level1/C06/seed_42/inner_01/preprocessing/selected_full_edge_indices.npy,39928,a3cfbd957e57aa6bd21b262e9250bc0c0ab17473556f2d6a488a34cde1f40826
analysis_artifacts/canonical_run/folds/fold_05/inner/level1/C06/seed_42/inner_01/rung1_result.json,756,fa26d4fd8c077d47edc46a7be924f58abb81ca2ca77eb811a12f99b9aa8ce359
analysis_artifacts/canonical_run/folds/fold_05/inner/level1/C06/seed_42/inner_02/preprocessing/evaluation_indices.npy,2232,b754c00c7a8533f59a11a9ce27bfb3af566f065c7c88597a591df8c6e83dd9b5
analysis_artifacts/canonical_run/folds/fold_05/inner/level1/C06/seed_42/inner_02/preprocessing/fit_indices.npy,4352,a42671a0e6490729df8caaadebb82c2c74836d33dc668d07870dd263dbdec45f
analysis_artifacts/canonical_run/folds/fold_05/inner/level1/C06/seed_42/inner_02/preprocessing/preprocessing_manifest.json,800,9a479e6d9dfcd39150e9e6868487d9cd519afb88176fb65ccabca620e4ffdbcd
analysis_artifacts/canonical_run/folds/fold_05/inner/level1/C06/seed_42/inner_02/preprocessing/selected_full_edge_indices.npy,39928,7a00fc2d660f084ed969a09b5847ef3405508a8bad45fce18f5d24fa157b0e0c
analysis_artifacts/canonical_run/folds/fold_05/inner/level1/C06/seed_42/inner_02/rung1_result.json,756,72b519437f4eb7d5f51eb9b2c9650399417d3fcee75993670ff8724303d0d2c9
analysis_artifacts/canonical_run/folds/fold_05/inner/level1/C07/seed_42/inner_00/preprocessing/evaluation_indices.npy,2240,5331706f28bd0419cf41514b3e4063c2c84fd388106ea79a86aa2509453b951e
analysis_artifacts/canonical_run/folds/fold_05/inner/level1/C07/seed_42/inner_00/preprocessing/fit_indices.npy,4344,c04865aca54f7af99e2aae76d0f090b76bf64654eb0682c9e410dda530586559
analysis_artifacts/canonical_run/folds/fold_05/inner/level1/C07/seed_42/inner_00/preprocessing/preprocessing_manifest.json,802,f39446b1ec5f77c92a6a7756ad6b9f6da0faea0928d63c8d7aaa179737b36947
analysis_artifacts/canonical_run/folds/fold_05/inner/level1/C07/seed_42/inner_00/preprocessing/selected_full_edge_indices.npy,39928,44d2512bacb1370ce04d014c7749d3011b02af1fa4b2090ae36a0f0f4d95cfea
analysis_artifacts/canonical_run/folds/fold_05/inner/level1/C07/seed_42/inner_00/rung1_result.json,756,97d8f279131cebc2492f89cd2170d73443a89ce4eae658570a44dc1bf64cd1c5
analysis_artifacts/canonical_run/folds/fold_05/inner/level1/C07/seed_42/inner_00/rung2_result.json,757,8418e3612c6a600aee61cd45d612734dff0a7c9d737fad536da735f97eb11acf
analysis_artifacts/canonical_run/folds/fold_05/inner/level1/C07/seed_42/inner_01/preprocessing/evaluation_indices.npy,2240,4256ae640461e28701cccb12b421e9366402b104ffe9d84ed8592819c864b80b
analysis_artifacts/canonical_run/folds/fold_05/inner/level1/C07/seed_42/inner_01/preprocessing/fit_indices.npy,4344,f2e403620db9bfe3fccfd0734faac4971f4278012c945ba9377b496c90e82003
analysis_artifacts/canonical_run/folds/fold_05/inner/level1/C07/seed_42/inner_01/preprocessing/preprocessing_manifest.json,802,18e0f00ef889582a6afa35052cea7ccb13fea7a29caec10cb859a2b33f6dca0f
analysis_artifacts/canonical_run/folds/fold_05/inner/level1/C07/seed_42/inner_01/preprocessing/selected_full_edge_indices.npy,39928,a3cfbd957e57aa6bd21b262e9250bc0c0ab17473556f2d6a488a34cde1f40826
analysis_artifacts/canonical_run/folds/fold_05/inner/level1/C07/seed_42/inner_01/rung1_result.json,756,70a0c4aae716117201863ab15730132d3867b72978af0bcb6b13e58ed37f2490
analysis_artifacts/canonical_run/folds/fold_05/inner/level1/C07/seed_42/inner_01/rung2_result.json,757,8d5deea95df2caaadda79543114a8f9a404d83d22a67d80bd13c4f9c0826a793
analysis_artifacts/canonical_run/folds/fold_05/inner/level1/C07/seed_42/inner_02/preprocessing/evaluation_indices.npy,2232,b754c00c7a8533f59a11a9ce27bfb3af566f065c7c88597a591df8c6e83dd9b5
analysis_artifacts/canonical_run/folds/fold_05/inner/level1/C07/seed_42/inner_02/preprocessing/fit_indices.npy,4352,a42671a0e6490729df8caaadebb82c2c74836d33dc668d07870dd263dbdec45f
analysis_artifacts/canonical_run/folds/fold_05/inner/level1/C07/seed_42/inner_02/preprocessing/preprocessing_manifest.json,802,7d646001e300a701f323ca1467f4c83bcfdf13e8295a6e7e2f337c0241318c87
analysis_artifacts/canonical_run/folds/fold_05/inner/level1/C07/seed_42/inner_02/preprocessing/selected_full_edge_indices.npy,39928,7a00fc2d660f084ed969a09b5847ef3405508a8bad45fce18f5d24fa157b0e0c
analysis_artifacts/canonical_run/folds/fold_05/inner/level1/C07/seed_42/inner_02/rung1_result.json,754,cc6885af9d82aa83b0028f852c4f81584b877576ad56c3c1cce4193369cda04a
analysis_artifacts/canonical_run/folds/fold_05/inner/level1/C07/seed_42/inner_02/rung2_result.json,755,6ea08d84e35fba240a5191159eaba74fab04e9ed5b3a5237cbbb539e3f834d02
analysis_artifacts/canonical_run/folds/fold_05/inner/level1/C08/seed_42/inner_00/preprocessing/evaluation_indices.npy,2240,5331706f28bd0419cf41514b3e4063c2c84fd388106ea79a86aa2509453b951e
analysis_artifacts/canonical_run/folds/fold_05/inner/level1/C08/seed_42/inner_00/preprocessing/fit_indices.npy,4344,c04865aca54f7af99e2aae76d0f090b76bf64654eb0682c9e410dda530586559
analysis_artifacts/canonical_run/folds/fold_05/inner/level1/C08/seed_42/inner_00/preprocessing/preprocessing_manifest.json,802,6f8fc05d0dbb71feb40005357874009cd87751a38f0ccebb5e3d583cbd562cf4
analysis_artifacts/canonical_run/folds/fold_05/inner/level1/C08/seed_42/inner_00/preprocessing/selected_full_edge_indices.npy,39928,44d2512bacb1370ce04d014c7749d3011b02af1fa4b2090ae36a0f0f4d95cfea
analysis_artifacts/canonical_run/folds/fold_05/inner/level1/C08/seed_42/inner_00/rung1_result.json,756,e67a80242014737516d09241e68e57366a443b589a57df96d07cc881966d9fb4
analysis_artifacts/canonical_run/folds/fold_05/inner/level1/C08/seed_42/inner_00/rung2_result.json,757,03403f1459e8552d48430d3a299276c76016b4902bb7732843ae68fb6fe794d9
analysis_artifacts/canonical_run/folds/fold_05/inner/level1/C08/seed_42/inner_01/preprocessing/evaluation_indices.npy,2240,4256ae640461e28701cccb12b421e9366402b104ffe9d84ed8592819c864b80b
analysis_artifacts/canonical_run/folds/fold_05/inner/level1/C08/seed_42/inner_01/preprocessing/fit_indices.npy,4344,f2e403620db9bfe3fccfd0734faac4971f4278012c945ba9377b496c90e82003
analysis_artifacts/canonical_run/folds/fold_05/inner/level1/C08/seed_42/inner_01/preprocessing/preprocessing_manifest.json,802,e0cbe53a8e1ae21c6c704da9ae9adf67440dbb932fde24eed537e267b0dad51d
analysis_artifacts/canonical_run/folds/fold_05/inner/level1/C08/seed_42/inner_01/preprocessing/selected_full_edge_indices.npy,39928,a3cfbd957e57aa6bd21b262e9250bc0c0ab17473556f2d6a488a34cde1f40826
analysis_artifacts/canonical_run/folds/fold_05/inner/level1/C08/seed_42/inner_01/rung1_result.json,756,4e12c3b33cae5ff8a98343ab50d01a14526194b85fd9630d10869aaeab7e479c
analysis_artifacts/canonical_run/folds/fold_05/inner/level1/C08/seed_42/inner_01/rung2_result.json,757,b5b364f64ca5967c78836d4ada5f6d85ab175f94c2d497dfd4eff734defc3710
analysis_artifacts/canonical_run/folds/fold_05/inner/level1/C08/seed_42/inner_02/preprocessing/evaluation_indices.npy,2232,b754c00c7a8533f59a11a9ce27bfb3af566f065c7c88597a591df8c6e83dd9b5
analysis_artifacts/canonical_run/folds/fold_05/inner/level1/C08/seed_42/inner_02/preprocessing/fit_indices.npy,4352,a42671a0e6490729df8caaadebb82c2c74836d33dc668d07870dd263dbdec45f
analysis_artifacts/canonical_run/folds/fold_05/inner/level1/C08/seed_42/inner_02/preprocessing/preprocessing_manifest.json,802,ee05a20efd1dcd591921dcf242e30e46b6c06a4580c19308732c40ce1a8a9772
analysis_artifacts/canonical_run/folds/fold_05/inner/level1/C08/seed_42/inner_02/preprocessing/selected_full_edge_indices.npy,39928,7a00fc2d660f084ed969a09b5847ef3405508a8bad45fce18f5d24fa157b0e0c
analysis_artifacts/canonical_run/folds/fold_05/inner/level1/C08/seed_42/inner_02/rung1_result.json,756,fd04b06c64e021c79b231563f8dba847665a327736bc50c23496baab1d15f73f
analysis_artifacts/canonical_run/folds/fold_05/inner/level1/C08/seed_42/inner_02/rung2_result.json,757,83502482188c304ecd3ee01901a137923eba10259941ed81f65b02d963d315e2
analysis_artifacts/canonical_run/folds/fold_05/inner/level1/C09/seed_42/inner_00/preprocessing/evaluation_indices.npy,2240,5331706f28bd0419cf41514b3e4063c2c84fd388106ea79a86aa2509453b951e
analysis_artifacts/canonical_run/folds/fold_05/inner/level1/C09/seed_42/inner_00/preprocessing/fit_indices.npy,4344,c04865aca54f7af99e2aae76d0f090b76bf64654eb0682c9e410dda530586559
analysis_artifacts/canonical_run/folds/fold_05/inner/level1/C09/seed_42/inner_00/preprocessing/preprocessing_manifest.json,839,6aa4d0ab82312e4f89aa94634af9801e1289072fcfda16fb86d70ee7666d6da0
analysis_artifacts/canonical_run/folds/fold_05/inner/level1/C09/seed_42/inner_00/preprocessing/selected_full_edge_indices.npy,39928,44d2512bacb1370ce04d014c7749d3011b02af1fa4b2090ae36a0f0f4d95cfea
analysis_artifacts/canonical_run/folds/fold_05/inner/level1/C09/seed_42/inner_00/rung1_result.json,754,1963a7651bdcf9fed742f554df90111e388c5e9a6566f728e5488ca0e24a8461
analysis_artifacts/canonical_run/folds/fold_05/inner/level1/C09/seed_42/inner_00/rung2_result.json,758,e9915c313a843bee94d9c791bc58718af77f90eef19d3f12122908f44db08afb
analysis_artifacts/canonical_run/folds/fold_05/inner/level1/C09/seed_42/inner_01/preprocessing/evaluation_indices.npy,2240,4256ae640461e28701cccb12b421e9366402b104ffe9d84ed8592819c864b80b
analysis_artifacts/canonical_run/folds/fold_05/inner/level1/C09/seed_42/inner_01/preprocessing/fit_indices.npy,4344,f2e403620db9bfe3fccfd0734faac4971f4278012c945ba9377b496c90e82003
analysis_artifacts/canonical_run/folds/fold_05/inner/level1/C09/seed_42/inner_01/preprocessing/preprocessing_manifest.json,839,92b5ae80c80558ccab2d6a6516d72ff05189a635ac53db7166952ac62cb5b48d
analysis_artifacts/canonical_run/folds/fold_05/inner/level1/C09/seed_42/inner_01/preprocessing/selected_full_edge_indices.npy,39928,a3cfbd957e57aa6bd21b262e9250bc0c0ab17473556f2d6a488a34cde1f40826
analysis_artifacts/canonical_run/folds/fold_05/inner/level1/C09/seed_42/inner_01/rung1_result.json,754,b446c9340fd8f47e27c4f32a29656ed5ae4c7c97d972963c69f5f320d9ec87d2
analysis_artifacts/canonical_run/folds/fold_05/inner/level1/C09/seed_42/inner_01/rung2_result.json,755,08502af4a9f97cd0020ec546a0496dac419b3bc21d34eead60bdf35ccfb0243c
analysis_artifacts/canonical_run/folds/fold_05/inner/level1/C09/seed_42/inner_02/preprocessing/evaluation_indices.npy,2232,b754c00c7a8533f59a11a9ce27bfb3af566f065c7c88597a591df8c6e83dd9b5
analysis_artifacts/canonical_run/folds/fold_05/inner/level1/C09/seed_42/inner_02/preprocessing/fit_indices.npy,4352,a42671a0e6490729df8caaadebb82c2c74836d33dc668d07870dd263dbdec45f
analysis_artifacts/canonical_run/folds/fold_05/inner/level1/C09/seed_42/inner_02/preprocessing/preprocessing_manifest.json,839,ca7af439f85d2898694b0ea2396ff7dbba48bb062023ca1a6ba0c39b8264e70f
analysis_artifacts/canonical_run/folds/fold_05/inner/level1/C09/seed_42/inner_02/preprocessing/selected_full_edge_indices.npy,39928,7a00fc2d660f084ed969a09b5847ef3405508a8bad45fce18f5d24fa157b0e0c
analysis_artifacts/canonical_run/folds/fold_05/inner/level1/C09/seed_42/inner_02/rung1_result.json,755,47d3ea94354b42c8486d0c5fa22c1ebb045607247ffc5c79d919e446c1fb51cd
analysis_artifacts/canonical_run/folds/fold_05/inner/level1/C09/seed_42/inner_02/rung2_result.json,756,220d7d3433d894d853a14ea9dac33d135d255f41ca05b525c02e7e2495b4bb2f
analysis_artifacts/canonical_run/folds/fold_05/inner/level1/C10/seed_42/inner_00/preprocessing/evaluation_indices.npy,2240,5331706f28bd0419cf41514b3e4063c2c84fd388106ea79a86aa2509453b951e
analysis_artifacts/canonical_run/folds/fold_05/inner/level1/C10/seed_42/inner_00/preprocessing/fit_indices.npy,4344,c04865aca54f7af99e2aae76d0f090b76bf64654eb0682c9e410dda530586559
analysis_artifacts/canonical_run/folds/fold_05/inner/level1/C10/seed_42/inner_00/preprocessing/preprocessing_manifest.json,839,389cf7b2068f8433007a60e483a30e5363ea8509fd965782a19a85dcbf389e30
analysis_artifacts/canonical_run/folds/fold_05/inner/level1/C10/seed_42/inner_00/preprocessing/selected_full_edge_indices.npy,39928,44d2512bacb1370ce04d014c7749d3011b02af1fa4b2090ae36a0f0f4d95cfea
analysis_artifacts/canonical_run/folds/fold_05/inner/level1/C10/seed_42/inner_00/rung1_result.json,756,77ab2e9083fac8c304bd32c3f2ec76134a1f8ad6730df3bdff130f6c1560ce11
analysis_artifacts/canonical_run/folds/fold_05/inner/level1/C10/seed_42/inner_00/rung2_result.json,758,2f27b492fffdedd38acf5d27bc65f81077da74b8718fa65872ab03bdbd03b5ca
analysis_artifacts/canonical_run/folds/fold_05/inner/level1/C10/seed_42/inner_01/preprocessing/evaluation_indices.npy,2240,4256ae640461e28701cccb12b421e9366402b104ffe9d84ed8592819c864b80b
analysis_artifacts/canonical_run/folds/fold_05/inner/level1/C10/seed_42/inner_01/preprocessing/fit_indices.npy,4344,f2e403620db9bfe3fccfd0734faac4971f4278012c945ba9377b496c90e82003
analysis_artifacts/canonical_run/folds/fold_05/inner/level1/C10/seed_42/inner_01/preprocessing/preprocessing_manifest.json,839,b7daf04ceb19660b81f0ce8177269a1826e9956ff4c15922ae84e4d7f0b6d8ce
analysis_artifacts/canonical_run/folds/fold_05/inner/level1/C10/seed_42/inner_01/preprocessing/selected_full_edge_indices.npy,39928,a3cfbd957e57aa6bd21b262e9250bc0c0ab17473556f2d6a488a34cde1f40826
analysis_artifacts/canonical_run/folds/fold_05/inner/level1/C10/seed_42/inner_01/rung1_result.json,752,c2e0ed5dad7b70d2b56d946f08d9f6e9a57eca38f0f99dbfdaf0f645e5dd5dbf
analysis_artifacts/canonical_run/folds/fold_05/inner/level1/C10/seed_42/inner_01/rung2_result.json,753,7ceed49a3ad29bc5756b9c729c96516f4a441815510b86bc4512ef603c7c7016
analysis_artifacts/canonical_run/folds/fold_05/inner/level1/C10/seed_42/inner_02/preprocessing/evaluation_indices.npy,2232,b754c00c7a8533f59a11a9ce27bfb3af566f065c7c88597a591df8c6e83dd9b5
analysis_artifacts/canonical_run/folds/fold_05/inner/level1/C10/seed_42/inner_02/preprocessing/fit_indices.npy,4352,a42671a0e6490729df8caaadebb82c2c74836d33dc668d07870dd263dbdec45f
analysis_artifacts/canonical_run/folds/fold_05/inner/level1/C10/seed_42/inner_02/preprocessing/preprocessing_manifest.json,839,4884b71a91833a7f3a82e8067ad20066c4277e97b1ee1acbd5447b66977562f1
analysis_artifacts/canonical_run/folds/fold_05/inner/level1/C10/seed_42/inner_02/preprocessing/selected_full_edge_indices.npy,39928,7a00fc2d660f084ed969a09b5847ef3405508a8bad45fce18f5d24fa157b0e0c
analysis_artifacts/canonical_run/folds/fold_05/inner/level1/C10/seed_42/inner_02/rung1_result.json,755,d18ad1545dba347fbc4dd2f1f5c963001bbc906b8c7b6ea89dcdc938ef1359d4
analysis_artifacts/canonical_run/folds/fold_05/inner/level1/C10/seed_42/inner_02/rung2_result.json,756,d36c121d39acdc0031e9704095d1f42b141e0cbbede2ea3b78fb5b86e89f3f4a
analysis_artifacts/canonical_run/folds/fold_05/inner/level1/C11/seed_42/inner_00/preprocessing/evaluation_indices.npy,2240,5331706f28bd0419cf41514b3e4063c2c84fd388106ea79a86aa2509453b951e
analysis_artifacts/canonical_run/folds/fold_05/inner/level1/C11/seed_42/inner_00/preprocessing/fit_indices.npy,4344,c04865aca54f7af99e2aae76d0f090b76bf64654eb0682c9e410dda530586559
analysis_artifacts/canonical_run/folds/fold_05/inner/level1/C11/seed_42/inner_00/preprocessing/preprocessing_manifest.json,839,4508f395a33b8e4c34ad58de2423359457e13b87316a4a6e4085b649ab299405
analysis_artifacts/canonical_run/folds/fold_05/inner/level1/C11/seed_42/inner_00/preprocessing/selected_full_edge_indices.npy,39928,44d2512bacb1370ce04d014c7749d3011b02af1fa4b2090ae36a0f0f4d95cfea
analysis_artifacts/canonical_run/folds/fold_05/inner/level1/C11/seed_42/inner_00/rung1_result.json,756,858be71738a78b51beab4e6b7cf263f98819d444c7b24d40b4acba192b0c9ac4
analysis_artifacts/canonical_run/folds/fold_05/inner/level1/C11/seed_42/inner_01/preprocessing/evaluation_indices.npy,2240,4256ae640461e28701cccb12b421e9366402b104ffe9d84ed8592819c864b80b
analysis_artifacts/canonical_run/folds/fold_05/inner/level1/C11/seed_42/inner_01/preprocessing/fit_indices.npy,4344,f2e403620db9bfe3fccfd0734faac4971f4278012c945ba9377b496c90e82003
analysis_artifacts/canonical_run/folds/fold_05/inner/level1/C11/seed_42/inner_01/preprocessing/preprocessing_manifest.json,839,9507fb4532b5d14866abcb4d8b3455b39dfea0a093acbd782123d72a13cb25bc
analysis_artifacts/canonical_run/folds/fold_05/inner/level1/C11/seed_42/inner_01/preprocessing/selected_full_edge_indices.npy,39928,a3cfbd957e57aa6bd21b262e9250bc0c0ab17473556f2d6a488a34cde1f40826
analysis_artifacts/canonical_run/folds/fold_05/inner/level1/C11/seed_42/inner_01/rung1_result.json,756,7fea293442d9c801d385e79f41784271a283ccbe5a864eaf0cb6e9feae8b27f4
analysis_artifacts/canonical_run/folds/fold_05/inner/level1/C11/seed_42/inner_02/preprocessing/evaluation_indices.npy,2232,b754c00c7a8533f59a11a9ce27bfb3af566f065c7c88597a591df8c6e83dd9b5
analysis_artifacts/canonical_run/folds/fold_05/inner/level1/C11/seed_42/inner_02/preprocessing/fit_indices.npy,4352,a42671a0e6490729df8caaadebb82c2c74836d33dc668d07870dd263dbdec45f
analysis_artifacts/canonical_run/folds/fold_05/inner/level1/C11/seed_42/inner_02/preprocessing/preprocessing_manifest.json,839,dfe83e945704686dc63b882981043fdad5c076e83f0f4c47efa17ec6a50df624
analysis_artifacts/canonical_run/folds/fold_05/inner/level1/C11/seed_42/inner_02/preprocessing/selected_full_edge_indices.npy,39928,7a00fc2d660f084ed969a09b5847ef3405508a8bad45fce18f5d24fa157b0e0c
analysis_artifacts/canonical_run/folds/fold_05/inner/level1/C11/seed_42/inner_02/rung1_result.json,756,50de3e28303806ef4215532958e86fcdb960d8b67af7529099f5de3251ce9dc9
analysis_artifacts/canonical_run/folds/fold_05/inner/level1/C12/seed_42/inner_00/preprocessing/evaluation_indices.npy,2240,5331706f28bd0419cf41514b3e4063c2c84fd388106ea79a86aa2509453b951e
analysis_artifacts/canonical_run/folds/fold_05/inner/level1/C12/seed_42/inner_00/preprocessing/fit_indices.npy,4344,c04865aca54f7af99e2aae76d0f090b76bf64654eb0682c9e410dda530586559
analysis_artifacts/canonical_run/folds/fold_05/inner/level1/C12/seed_42/inner_00/preprocessing/preprocessing_manifest.json,839,c57f39ec3f7d8ebbd42853bec118f3914d0b1a01c08400211d1f5edb377d0ddc
analysis_artifacts/canonical_run/folds/fold_05/inner/level1/C12/seed_42/inner_00/preprocessing/selected_full_edge_indices.npy,39928,44d2512bacb1370ce04d014c7749d3011b02af1fa4b2090ae36a0f0f4d95cfea
analysis_artifacts/canonical_run/folds/fold_05/inner/level1/C12/seed_42/inner_00/rung1_result.json,756,87f9585743f5d2051fc3ad28f93f4d65710a056adb88df638797e902055419b4
analysis_artifacts/canonical_run/folds/fold_05/inner/level1/C12/seed_42/inner_00/rung2_result.json,758,4cf8a276f4cb1add7bb4a24a763f2f7c86366c945a7ae4c02e1fb453149cc1f3
analysis_artifacts/canonical_run/folds/fold_05/inner/level1/C12/seed_42/inner_01/preprocessing/evaluation_indices.npy,2240,4256ae640461e28701cccb12b421e9366402b104ffe9d84ed8592819c864b80b
analysis_artifacts/canonical_run/folds/fold_05/inner/level1/C12/seed_42/inner_01/preprocessing/fit_indices.npy,4344,f2e403620db9bfe3fccfd0734faac4971f4278012c945ba9377b496c90e82003
analysis_artifacts/canonical_run/folds/fold_05/inner/level1/C12/seed_42/inner_01/preprocessing/preprocessing_manifest.json,839,fc0080a28dff707ad66d0ba4525865c886af8d818028acbe4bab7ac34ce387a8
analysis_artifacts/canonical_run/folds/fold_05/inner/level1/C12/seed_42/inner_01/preprocessing/selected_full_edge_indices.npy,39928,a3cfbd957e57aa6bd21b262e9250bc0c0ab17473556f2d6a488a34cde1f40826
analysis_artifacts/canonical_run/folds/fold_05/inner/level1/C12/seed_42/inner_01/rung1_result.json,756,7362b519451b0b7e7d037817e02ab8e92903ca1188a683fc204cc974811b941a
analysis_artifacts/canonical_run/folds/fold_05/inner/level1/C12/seed_42/inner_01/rung2_result.json,757,f2807b7e81645c691873dc6e62595c50545311181189ce14fe6bbb6a80298bd3
analysis_artifacts/canonical_run/folds/fold_05/inner/level1/C12/seed_42/inner_02/preprocessing/evaluation_indices.npy,2232,b754c00c7a8533f59a11a9ce27bfb3af566f065c7c88597a591df8c6e83dd9b5
analysis_artifacts/canonical_run/folds/fold_05/inner/level1/C12/seed_42/inner_02/preprocessing/fit_indices.npy,4352,a42671a0e6490729df8caaadebb82c2c74836d33dc668d07870dd263dbdec45f
analysis_artifacts/canonical_run/folds/fold_05/inner/level1/C12/seed_42/inner_02/preprocessing/preprocessing_manifest.json,839,2f77b615f733c81b64ec435c29fa43cbaf7d740aa8febab4676f0c81a50647a5
analysis_artifacts/canonical_run/folds/fold_05/inner/level1/C12/seed_42/inner_02/preprocessing/selected_full_edge_indices.npy,39928,7a00fc2d660f084ed969a09b5847ef3405508a8bad45fce18f5d24fa157b0e0c
analysis_artifacts/canonical_run/folds/fold_05/inner/level1/C12/seed_42/inner_02/rung1_result.json,756,523cf7fa7035c51dec22e318507b7149fee6ca6831b0b61fe29a1c2fd89a95e1
analysis_artifacts/canonical_run/folds/fold_05/inner/level1/C12/seed_42/inner_02/rung2_result.json,757,ea744b17dabe4eccd3f28984a6389299f25a2dc9c1d17e7c95639e72177d366f
analysis_artifacts/canonical_run/folds/fold_05/inner/level1_final_selection.json,1103,be4aa9376a512223083c8f894736b5572a454947782aff231fb22d7450b1eee6
analysis_artifacts/canonical_run/folds/fold_05/inner/level1_rung1_selection.json,2079,a260ca22d4a345d976de5c1d33c2728a8ec58b4c5d575006776e80bbb6a3389d
analysis_artifacts/canonical_run/folds/fold_05/inner/level2/C05/seed_42/inner_00/preprocessing/evaluation_indices.npy,2240,5331706f28bd0419cf41514b3e4063c2c84fd388106ea79a86aa2509453b951e
analysis_artifacts/canonical_run/folds/fold_05/inner/level2/C05/seed_42/inner_00/preprocessing/fit_indices.npy,4344,c04865aca54f7af99e2aae76d0f090b76bf64654eb0682c9e410dda530586559
analysis_artifacts/canonical_run/folds/fold_05/inner/level2/C05/seed_42/inner_00/preprocessing/preprocessing_manifest.json,800,12e6e4ee17c1d409cb0b9ef5f0018928fc307c16c4fda246f76e27529f3e731c
analysis_artifacts/canonical_run/folds/fold_05/inner/level2/C05/seed_42/inner_00/preprocessing/selected_full_edge_indices.npy,39928,44d2512bacb1370ce04d014c7749d3011b02af1fa4b2090ae36a0f0f4d95cfea
analysis_artifacts/canonical_run/folds/fold_05/inner/level2/C05/seed_42/inner_00/result.json,757,e60918e162e9b59b3df4e5fc5c1b14db2a0b4a64d312ab949fecfbd5b94e3752
analysis_artifacts/canonical_run/folds/fold_05/inner/level2/C05/seed_42/inner_01/preprocessing/evaluation_indices.npy,2240,4256ae640461e28701cccb12b421e9366402b104ffe9d84ed8592819c864b80b
analysis_artifacts/canonical_run/folds/fold_05/inner/level2/C05/seed_42/inner_01/preprocessing/fit_indices.npy,4344,f2e403620db9bfe3fccfd0734faac4971f4278012c945ba9377b496c90e82003
analysis_artifacts/canonical_run/folds/fold_05/inner/level2/C05/seed_42/inner_01/preprocessing/preprocessing_manifest.json,800,ec80078cd3caa13f3ec612cbcbfed8d5df61618b5d19634656ecebfc6bb5069f
analysis_artifacts/canonical_run/folds/fold_05/inner/level2/C05/seed_42/inner_01/preprocessing/selected_full_edge_indices.npy,39928,a3cfbd957e57aa6bd21b262e9250bc0c0ab17473556f2d6a488a34cde1f40826
analysis_artifacts/canonical_run/folds/fold_05/inner/level2/C05/seed_42/inner_01/result.json,757,ff93a5e3b421c71c4752f7249b5233616b5229abede0c992d78c31a1e5e7311d
analysis_artifacts/canonical_run/folds/fold_05/inner/level2/C05/seed_42/inner_02/preprocessing/evaluation_indices.npy,2232,b754c00c7a8533f59a11a9ce27bfb3af566f065c7c88597a591df8c6e83dd9b5
analysis_artifacts/canonical_run/folds/fold_05/inner/level2/C05/seed_42/inner_02/preprocessing/fit_indices.npy,4352,a42671a0e6490729df8caaadebb82c2c74836d33dc668d07870dd263dbdec45f
analysis_artifacts/canonical_run/folds/fold_05/inner/level2/C05/seed_42/inner_02/preprocessing/preprocessing_manifest.json,800,899fdaae389fa67e6e03e97da4620e0d00460b56456f05a32732681cc53bf5f4
analysis_artifacts/canonical_run/folds/fold_05/inner/level2/C05/seed_42/inner_02/preprocessing/selected_full_edge_indices.npy,39928,7a00fc2d660f084ed969a09b5847ef3405508a8bad45fce18f5d24fa157b0e0c
analysis_artifacts/canonical_run/folds/fold_05/inner/level2/C05/seed_42/inner_02/result.json,757,4d3e1a8150985e4f47ee83fc3b2b38714d6094d10da4f0028a1df13b21fa0aaa
analysis_artifacts/canonical_run/folds/fold_05/inner/level2/C05/seed_42/inner_oof_evaluation.json,626,e99c99368131cb9008dc6082ac6b05b6926eb0308a8d06a26c29c40fc405b165
analysis_artifacts/canonical_run/folds/fold_05/inner/level2/C05/seed_43/inner_00/preprocessing/evaluation_indices.npy,2240,5331706f28bd0419cf41514b3e4063c2c84fd388106ea79a86aa2509453b951e
analysis_artifacts/canonical_run/folds/fold_05/inner/level2/C05/seed_43/inner_00/preprocessing/fit_indices.npy,4344,c04865aca54f7af99e2aae76d0f090b76bf64654eb0682c9e410dda530586559
analysis_artifacts/canonical_run/folds/fold_05/inner/level2/C05/seed_43/inner_00/preprocessing/preprocessing_manifest.json,800,259043b46167829c611dff4c95007aab1f1fc06e5ec691b75a7abd20edc93358
analysis_artifacts/canonical_run/folds/fold_05/inner/level2/C05/seed_43/inner_00/preprocessing/selected_full_edge_indices.npy,39928,44d2512bacb1370ce04d014c7749d3011b02af1fa4b2090ae36a0f0f4d95cfea
analysis_artifacts/canonical_run/folds/fold_05/inner/level2/C05/seed_43/inner_00/result.json,757,8d94aec058e988cfda59929c684282c73b4b5839e86667d00f984d63b0dc86d3
analysis_artifacts/canonical_run/folds/fold_05/inner/level2/C05/seed_43/inner_01/preprocessing/evaluation_indices.npy,2240,4256ae640461e28701cccb12b421e9366402b104ffe9d84ed8592819c864b80b
analysis_artifacts/canonical_run/folds/fold_05/inner/level2/C05/seed_43/inner_01/preprocessing/fit_indices.npy,4344,f2e403620db9bfe3fccfd0734faac4971f4278012c945ba9377b496c90e82003
analysis_artifacts/canonical_run/folds/fold_05/inner/level2/C05/seed_43/inner_01/preprocessing/preprocessing_manifest.json,800,bacafd486bf2bf685777fa97d09fba00358da3d2812ad7bdd388718957bb7401
analysis_artifacts/canonical_run/folds/fold_05/inner/level2/C05/seed_43/inner_01/preprocessing/selected_full_edge_indices.npy,39928,a3cfbd957e57aa6bd21b262e9250bc0c0ab17473556f2d6a488a34cde1f40826
analysis_artifacts/canonical_run/folds/fold_05/inner/level2/C05/seed_43/inner_01/result.json,757,53222c5101137ce97f73f5b1a2036c4fceee38386406c202a49a1b8e189edfeb
analysis_artifacts/canonical_run/folds/fold_05/inner/level2/C05/seed_43/inner_02/preprocessing/evaluation_indices.npy,2232,b754c00c7a8533f59a11a9ce27bfb3af566f065c7c88597a591df8c6e83dd9b5
analysis_artifacts/canonical_run/folds/fold_05/inner/level2/C05/seed_43/inner_02/preprocessing/fit_indices.npy,4352,a42671a0e6490729df8caaadebb82c2c74836d33dc668d07870dd263dbdec45f
analysis_artifacts/canonical_run/folds/fold_05/inner/level2/C05/seed_43/inner_02/preprocessing/preprocessing_manifest.json,800,825ff0b57a47cf1e3fee9b652d738f3e7565805eaed34e711ff5e5535b06b00e
analysis_artifacts/canonical_run/folds/fold_05/inner/level2/C05/seed_43/inner_02/preprocessing/selected_full_edge_indices.npy,39928,7a00fc2d660f084ed969a09b5847ef3405508a8bad45fce18f5d24fa157b0e0c
analysis_artifacts/canonical_run/folds/fold_05/inner/level2/C05/seed_43/inner_02/result.json,757,64c59f29516340c4d9f11a5ad9b3cf003f408a26d2472c4dc43ff54fbdfff3cc
analysis_artifacts/canonical_run/folds/fold_05/inner/level2/C05/seed_43/inner_oof_evaluation.json,626,11272f8cb2eb1926a10977223db73bf6cc31314005d195f661f65e2294a2d015
analysis_artifacts/canonical_run/folds/fold_05/inner/level2/C05/seed_44/inner_00/preprocessing/evaluation_indices.npy,2240,5331706f28bd0419cf41514b3e4063c2c84fd388106ea79a86aa2509453b951e
analysis_artifacts/canonical_run/folds/fold_05/inner/level2/C05/seed_44/inner_00/preprocessing/fit_indices.npy,4344,c04865aca54f7af99e2aae76d0f090b76bf64654eb0682c9e410dda530586559
analysis_artifacts/canonical_run/folds/fold_05/inner/level2/C05/seed_44/inner_00/preprocessing/preprocessing_manifest.json,800,36326eacb25e9c334043de33b45b7e7700b42934d17ab3412ca21848f8f5b4a0
analysis_artifacts/canonical_run/folds/fold_05/inner/level2/C05/seed_44/inner_00/preprocessing/selected_full_edge_indices.npy,39928,44d2512bacb1370ce04d014c7749d3011b02af1fa4b2090ae36a0f0f4d95cfea
analysis_artifacts/canonical_run/folds/fold_05/inner/level2/C05/seed_44/inner_00/result.json,756,b22819590ae409e1158c971256745d5785d9046027644282bbf215b7b0644007
analysis_artifacts/canonical_run/folds/fold_05/inner/level2/C05/seed_44/inner_01/preprocessing/evaluation_indices.npy,2240,4256ae640461e28701cccb12b421e9366402b104ffe9d84ed8592819c864b80b
analysis_artifacts/canonical_run/folds/fold_05/inner/level2/C05/seed_44/inner_01/preprocessing/fit_indices.npy,4344,f2e403620db9bfe3fccfd0734faac4971f4278012c945ba9377b496c90e82003
analysis_artifacts/canonical_run/folds/fold_05/inner/level2/C05/seed_44/inner_01/preprocessing/preprocessing_manifest.json,800,0d6910fddb71e262d9738156c7857ed2dff162833c62cdfb65bb593e21f0b23b
analysis_artifacts/canonical_run/folds/fold_05/inner/level2/C05/seed_44/inner_01/preprocessing/selected_full_edge_indices.npy,39928,a3cfbd957e57aa6bd21b262e9250bc0c0ab17473556f2d6a488a34cde1f40826
analysis_artifacts/canonical_run/folds/fold_05/inner/level2/C05/seed_44/inner_01/result.json,757,2a78c0cb5404fc02f903e33b8b51c6114ceff09982184a68e2cf0d623705438f
analysis_artifacts/canonical_run/folds/fold_05/inner/level2/C05/seed_44/inner_02/preprocessing/evaluation_indices.npy,2232,b754c00c7a8533f59a11a9ce27bfb3af566f065c7c88597a591df8c6e83dd9b5
analysis_artifacts/canonical_run/folds/fold_05/inner/level2/C05/seed_44/inner_02/preprocessing/fit_indices.npy,4352,a42671a0e6490729df8caaadebb82c2c74836d33dc668d07870dd263dbdec45f
analysis_artifacts/canonical_run/folds/fold_05/inner/level2/C05/seed_44/inner_02/preprocessing/preprocessing_manifest.json,800,c19e0f016d5a4e1cf4c3a37663f6f90f7374a812243ac77db4a422071733ed60
analysis_artifacts/canonical_run/folds/fold_05/inner/level2/C05/seed_44/inner_02/preprocessing/selected_full_edge_indices.npy,39928,7a00fc2d660f084ed969a09b5847ef3405508a8bad45fce18f5d24fa157b0e0c
analysis_artifacts/canonical_run/folds/fold_05/inner/level2/C05/seed_44/inner_02/result.json,757,0863a967b1168e96e4e83084a165f6959a9cadfa978ed49dac421a98ef0ab20c
analysis_artifacts/canonical_run/folds/fold_05/inner/level2/C05/seed_44/inner_oof_evaluation.json,625,ffeb01291fbb5241801ff3bbfc10a1dc8cb44e3974ad6259e54179fd9b6fc48a
analysis_artifacts/canonical_run/folds/fold_05/inner/level2/C09/seed_42/inner_00/preprocessing/evaluation_indices.npy,2240,5331706f28bd0419cf41514b3e4063c2c84fd388106ea79a86aa2509453b951e
analysis_artifacts/canonical_run/folds/fold_05/inner/level2/C09/seed_42/inner_00/preprocessing/fit_indices.npy,4344,c04865aca54f7af99e2aae76d0f090b76bf64654eb0682c9e410dda530586559
analysis_artifacts/canonical_run/folds/fold_05/inner/level2/C09/seed_42/inner_00/preprocessing/preprocessing_manifest.json,839,755115589a9e183cbdc050d0778f009fa053673abcfa4336642c4bfee4f18406
analysis_artifacts/canonical_run/folds/fold_05/inner/level2/C09/seed_42/inner_00/preprocessing/selected_full_edge_indices.npy,39928,44d2512bacb1370ce04d014c7749d3011b02af1fa4b2090ae36a0f0f4d95cfea
analysis_artifacts/canonical_run/folds/fold_05/inner/level2/C09/seed_42/inner_00/result.json,757,3354777b3c74db714baa3e200e6b05c7e25a2ce7c4aeddb2f8a046a214e151e9
analysis_artifacts/canonical_run/folds/fold_05/inner/level2/C09/seed_42/inner_01/preprocessing/evaluation_indices.npy,2240,4256ae640461e28701cccb12b421e9366402b104ffe9d84ed8592819c864b80b
analysis_artifacts/canonical_run/folds/fold_05/inner/level2/C09/seed_42/inner_01/preprocessing/fit_indices.npy,4344,f2e403620db9bfe3fccfd0734faac4971f4278012c945ba9377b496c90e82003
analysis_artifacts/canonical_run/folds/fold_05/inner/level2/C09/seed_42/inner_01/preprocessing/preprocessing_manifest.json,839,17332cc1b79c41b881cf31af49d59425365a0bdd670dcae37c609e0926fbd6bf
analysis_artifacts/canonical_run/folds/fold_05/inner/level2/C09/seed_42/inner_01/preprocessing/selected_full_edge_indices.npy,39928,a3cfbd957e57aa6bd21b262e9250bc0c0ab17473556f2d6a488a34cde1f40826
analysis_artifacts/canonical_run/folds/fold_05/inner/level2/C09/seed_42/inner_01/result.json,758,ff3053254b864f2a5024369bb1fa84ade82575bc8ffe67cf4f300392ffa3d1cf
analysis_artifacts/canonical_run/folds/fold_05/inner/level2/C09/seed_42/inner_02/preprocessing/evaluation_indices.npy,2232,b754c00c7a8533f59a11a9ce27bfb3af566f065c7c88597a591df8c6e83dd9b5
analysis_artifacts/canonical_run/folds/fold_05/inner/level2/C09/seed_42/inner_02/preprocessing/fit_indices.npy,4352,a42671a0e6490729df8caaadebb82c2c74836d33dc668d07870dd263dbdec45f
analysis_artifacts/canonical_run/folds/fold_05/inner/level2/C09/seed_42/inner_02/preprocessing/preprocessing_manifest.json,839,194ed70d18c986988f4025d01ed01cc9c4e1226817fb165fdb52021d22f7c439
analysis_artifacts/canonical_run/folds/fold_05/inner/level2/C09/seed_42/inner_02/preprocessing/selected_full_edge_indices.npy,39928,7a00fc2d660f084ed969a09b5847ef3405508a8bad45fce18f5d24fa157b0e0c
analysis_artifacts/canonical_run/folds/fold_05/inner/level2/C09/seed_42/inner_02/result.json,757,f752e5723e174f7d09efc4ef71b192c873d94917d90e18b1831591c0679b03eb
analysis_artifacts/canonical_run/folds/fold_05/inner/level2/C09/seed_42/inner_oof_evaluation.json,627,0e6b27c2507bb0bbf8e9b89907aaeefc024e2d7ede2650a1a507cb598e1c65a6
analysis_artifacts/canonical_run/folds/fold_05/inner/level2/C09/seed_43/inner_00/preprocessing/evaluation_indices.npy,2240,5331706f28bd0419cf41514b3e4063c2c84fd388106ea79a86aa2509453b951e
analysis_artifacts/canonical_run/folds/fold_05/inner/level2/C09/seed_43/inner_00/preprocessing/fit_indices.npy,4344,c04865aca54f7af99e2aae76d0f090b76bf64654eb0682c9e410dda530586559
analysis_artifacts/canonical_run/folds/fold_05/inner/level2/C09/seed_43/inner_00/preprocessing/preprocessing_manifest.json,839,a0fa68463a6e75f0f579e0e2323fdd63e1468a6fb075b5b9c9412236118785f6
analysis_artifacts/canonical_run/folds/fold_05/inner/level2/C09/seed_43/inner_00/preprocessing/selected_full_edge_indices.npy,39928,44d2512bacb1370ce04d014c7749d3011b02af1fa4b2090ae36a0f0f4d95cfea
analysis_artifacts/canonical_run/folds/fold_05/inner/level2/C09/seed_43/inner_00/result.json,757,ba73d11c48c0d537e394d64da54f7ef78837ce79f5801d837e6ee35d3701a964
analysis_artifacts/canonical_run/folds/fold_05/inner/level2/C09/seed_43/inner_01/preprocessing/evaluation_indices.npy,2240,4256ae640461e28701cccb12b421e9366402b104ffe9d84ed8592819c864b80b
analysis_artifacts/canonical_run/folds/fold_05/inner/level2/C09/seed_43/inner_01/preprocessing/fit_indices.npy,4344,f2e403620db9bfe3fccfd0734faac4971f4278012c945ba9377b496c90e82003
analysis_artifacts/canonical_run/folds/fold_05/inner/level2/C09/seed_43/inner_01/preprocessing/preprocessing_manifest.json,839,ed86a80d829884ff15fbec4dbdfcce2078d4e696bad38c55fa3ce7d00271a83f
analysis_artifacts/canonical_run/folds/fold_05/inner/level2/C09/seed_43/inner_01/preprocessing/selected_full_edge_indices.npy,39928,a3cfbd957e57aa6bd21b262e9250bc0c0ab17473556f2d6a488a34cde1f40826
analysis_artifacts/canonical_run/folds/fold_05/inner/level2/C09/seed_43/inner_01/result.json,756,b29407dba8fc6f460110592c1de62d0211638451ba054c99bb05d0c70bb46f6c
analysis_artifacts/canonical_run/folds/fold_05/inner/level2/C09/seed_43/inner_02/preprocessing/evaluation_indices.npy,2232,b754c00c7a8533f59a11a9ce27bfb3af566f065c7c88597a591df8c6e83dd9b5
analysis_artifacts/canonical_run/folds/fold_05/inner/level2/C09/seed_43/inner_02/preprocessing/fit_indices.npy,4352,a42671a0e6490729df8caaadebb82c2c74836d33dc668d07870dd263dbdec45f
analysis_artifacts/canonical_run/folds/fold_05/inner/level2/C09/seed_43/inner_02/preprocessing/preprocessing_manifest.json,839,c635e817eb73e7d9386a41c9b383202b3fdf098ddf89c5426892148be9c0d672
analysis_artifacts/canonical_run/folds/fold_05/inner/level2/C09/seed_43/inner_02/preprocessing/selected_full_edge_indices.npy,39928,7a00fc2d660f084ed969a09b5847ef3405508a8bad45fce18f5d24fa157b0e0c
analysis_artifacts/canonical_run/folds/fold_05/inner/level2/C09/seed_43/inner_02/result.json,757,50fe194e60ae32d7fba4429653f72663a5313ae1a6a153880054bcd5b6b4b10a
analysis_artifacts/canonical_run/folds/fold_05/inner/level2/C09/seed_43/inner_oof_evaluation.json,625,6d0e120950d0ac44dd5b3cd2c9a0721564d4f7a024432f8f490b356a9d2e57cf
analysis_artifacts/canonical_run/folds/fold_05/inner/level2/C09/seed_44/inner_00/preprocessing/evaluation_indices.npy,2240,5331706f28bd0419cf41514b3e4063c2c84fd388106ea79a86aa2509453b951e
analysis_artifacts/canonical_run/folds/fold_05/inner/level2/C09/seed_44/inner_00/preprocessing/fit_indices.npy,4344,c04865aca54f7af99e2aae76d0f090b76bf64654eb0682c9e410dda530586559
analysis_artifacts/canonical_run/folds/fold_05/inner/level2/C09/seed_44/inner_00/preprocessing/preprocessing_manifest.json,839,9214078208fe27fc906f328bb2692e1edbdb7954d3185ffd6d645c03919a8bb4
analysis_artifacts/canonical_run/folds/fold_05/inner/level2/C09/seed_44/inner_00/preprocessing/selected_full_edge_indices.npy,39928,44d2512bacb1370ce04d014c7749d3011b02af1fa4b2090ae36a0f0f4d95cfea
analysis_artifacts/canonical_run/folds/fold_05/inner/level2/C09/seed_44/inner_00/result.json,758,b11a1b8e8d6df248d2e2e9e41a4f529a2a6d61597cb91384adc41062a0fff49a
analysis_artifacts/canonical_run/folds/fold_05/inner/level2/C09/seed_44/inner_01/preprocessing/evaluation_indices.npy,2240,4256ae640461e28701cccb12b421e9366402b104ffe9d84ed8592819c864b80b
analysis_artifacts/canonical_run/folds/fold_05/inner/level2/C09/seed_44/inner_01/preprocessing/fit_indices.npy,4344,f2e403620db9bfe3fccfd0734faac4971f4278012c945ba9377b496c90e82003
analysis_artifacts/canonical_run/folds/fold_05/inner/level2/C09/seed_44/inner_01/preprocessing/preprocessing_manifest.json,839,f1d0e6735314ab40ea6ae3fc443fcb86c14cf7ca9e492ce2c3d47af98e45c5aa
analysis_artifacts/canonical_run/folds/fold_05/inner/level2/C09/seed_44/inner_01/preprocessing/selected_full_edge_indices.npy,39928,a3cfbd957e57aa6bd21b262e9250bc0c0ab17473556f2d6a488a34cde1f40826
analysis_artifacts/canonical_run/folds/fold_05/inner/level2/C09/seed_44/inner_01/result.json,757,bd8a40f38fb9275050e10958dadeada21d94118324fc1f5b32907af1ffc53c80
analysis_artifacts/canonical_run/folds/fold_05/inner/level2/C09/seed_44/inner_02/preprocessing/evaluation_indices.npy,2232,b754c00c7a8533f59a11a9ce27bfb3af566f065c7c88597a591df8c6e83dd9b5
analysis_artifacts/canonical_run/folds/fold_05/inner/level2/C09/seed_44/inner_02/preprocessing/fit_indices.npy,4352,a42671a0e6490729df8caaadebb82c2c74836d33dc668d07870dd263dbdec45f
analysis_artifacts/canonical_run/folds/fold_05/inner/level2/C09/seed_44/inner_02/preprocessing/preprocessing_manifest.json,839,22eef10b3d3cebf69f676f154f4af207ffe9a4bea54d1f7541a4cac0932aa92d
analysis_artifacts/canonical_run/folds/fold_05/inner/level2/C09/seed_44/inner_02/preprocessing/selected_full_edge_indices.npy,39928,7a00fc2d660f084ed969a09b5847ef3405508a8bad45fce18f5d24fa157b0e0c
analysis_artifacts/canonical_run/folds/fold_05/inner/level2/C09/seed_44/inner_02/result.json,757,953271ed0d6a62c9884ee8ac5aae5cbd40f58bf047ef4e84f3550d55c676de1b
analysis_artifacts/canonical_run/folds/fold_05/inner/level2/C09/seed_44/inner_oof_evaluation.json,626,85e34d962b1ab2b88675261cdb7080804ff032e0799286e6dce680ab9653adb9
analysis_artifacts/canonical_run/folds/fold_05/inner/level2_final_selection.json,5577,cc052c3be758992d5f69a2732cd7ee3fdd7fb6e4280f382d2deb7bbcde7a06b0
analysis_artifacts/canonical_run/folds/fold_05/outer_final/seed_42/checkpoint_manifest.json,9795,d3f72fe4c98b02fa4d4910666f56721262985790c2578a0733e66e2ab79d62fc
analysis_artifacts/canonical_run/folds/fold_05/outer_final/seed_42/fit_manifest.json,533,cff92ec609c82039786f82aec69ed94a2bf138922bce643a2f8d492d8b7ba825
analysis_artifacts/canonical_run/folds/fold_05/outer_final/seed_42/model_checkpoint.pt,6888054,50a49aa4878b83e2a09c31a7ab4b90f4ea2bc056e2701eec5351644622e25085
analysis_artifacts/canonical_run/folds/fold_05/outer_final/seed_42/preprocessing/evaluation_indices.npy,832,b510abe8d8b7e1e0fd18da9e1e4d6ce46f060c5e9aa07a60d7ad956e144505c3
analysis_artifacts/canonical_run/folds/fold_05/outer_final/seed_42/preprocessing/fit_indices.npy,6456,56fe5a7f7468b4ef58d6bcb2470e6d09d8ff00d801a652cc3a39d674cc8f358b
analysis_artifacts/canonical_run/folds/fold_05/outer_final/seed_42/preprocessing/preprocessing_manifest.json,835,0d384bf98d861f5b627c822c8a07cfd58560f5b719e45c09e50da8a1a8c82976
analysis_artifacts/canonical_run/folds/fold_05/outer_final/seed_42/preprocessing/selected_full_edge_indices.npy,39928,e8f896258e2fbb74502f44ed34f9395250993b219af02cf23545362705656414
analysis_artifacts/canonical_run/folds/fold_05/outer_final/seed_42/preprocessing_state.npz,285592,d1becca4b0e705d6e055e99238044afcab35fd2acfab870430c145708c2ab17a
analysis_artifacts/canonical_run/folds/fold_05/outer_final/seed_42/preprocessing_state_manifest.json,2617,8e8f00e4ca404a9824ee9d9da9e39732580415e73512f09ca3256444333a1cfb
analysis_artifacts/canonical_run/folds/fold_05/outer_final/seed_42/reload_audit.json,3394,08572be84a2fcb9957f848540de46e6720dc14611e556ac65af6d4f90bad7b9e
analysis_artifacts/canonical_run/folds/fold_05/outer_final/seed_42/test_indices.npy,832,b510abe8d8b7e1e0fd18da9e1e4d6ce46f060c5e9aa07a60d7ad956e144505c3
analysis_artifacts/canonical_run/folds/fold_05/outer_final/seed_42/test_outputs.npz,2396,f710e7ae17c110f32b4bf96d25dfb80a1cbe4870520fb30cf9caa5746ef67e14
analysis_artifacts/canonical_run/folds/fold_05/outer_final/seed_42/test_subject_ids.npy,832,9dc0532bc3f637b5ba08f8bf9eba5e98f7698ddcf6d2017a5dd8584a115dd10e
analysis_artifacts/canonical_run/folds/fold_05/outer_final/seed_42/train_indices.npy,6456,56fe5a7f7468b4ef58d6bcb2470e6d09d8ff00d801a652cc3a39d674cc8f358b
analysis_artifacts/canonical_run/folds/fold_05/outer_final/seed_42/train_subject_ids.npy,6456,09515db6f1de95744fb097b67c1fae57bef1549a523d92fb5e324d7c5ac3357a
analysis_artifacts/canonical_run/folds/fold_05/outer_final/seed_43/checkpoint_manifest.json,9795,f949f6c22234eb1ef3b232cd4db0668736075c38e78c866495664118cbd6b548
analysis_artifacts/canonical_run/folds/fold_05/outer_final/seed_43/fit_manifest.json,533,3161d95e9123af87081400882a521a5c187cae1657b50be70ab7583dfd7d0b4d
analysis_artifacts/canonical_run/folds/fold_05/outer_final/seed_43/model_checkpoint.pt,6888054,a0932561636770b05e3880c8befe5e5096d9acacf8496525571c03727c86139b
analysis_artifacts/canonical_run/folds/fold_05/outer_final/seed_43/preprocessing/evaluation_indices.npy,832,b510abe8d8b7e1e0fd18da9e1e4d6ce46f060c5e9aa07a60d7ad956e144505c3
analysis_artifacts/canonical_run/folds/fold_05/outer_final/seed_43/preprocessing/fit_indices.npy,6456,56fe5a7f7468b4ef58d6bcb2470e6d09d8ff00d801a652cc3a39d674cc8f358b
analysis_artifacts/canonical_run/folds/fold_05/outer_final/seed_43/preprocessing/preprocessing_manifest.json,835,5ec020782601892aea6f1e9bca41330bf77cdda45baef586148797bd4372649e
analysis_artifacts/canonical_run/folds/fold_05/outer_final/seed_43/preprocessing/selected_full_edge_indices.npy,39928,e8f896258e2fbb74502f44ed34f9395250993b219af02cf23545362705656414
analysis_artifacts/canonical_run/folds/fold_05/outer_final/seed_43/preprocessing_state.npz,285592,d1becca4b0e705d6e055e99238044afcab35fd2acfab870430c145708c2ab17a
analysis_artifacts/canonical_run/folds/fold_05/outer_final/seed_43/preprocessing_state_manifest.json,2617,b29023e5e6adf35add328de230b27ed3ad068743fcc27bcc2faa93c0299635f4
analysis_artifacts/canonical_run/folds/fold_05/outer_final/seed_43/reload_audit.json,3394,937ec0259d55033108418d8b05e29f9e4d3d8673219931c914a9a21db2fb036f
analysis_artifacts/canonical_run/folds/fold_05/outer_final/seed_43/test_indices.npy,832,b510abe8d8b7e1e0fd18da9e1e4d6ce46f060c5e9aa07a60d7ad956e144505c3
analysis_artifacts/canonical_run/folds/fold_05/outer_final/seed_43/test_outputs.npz,2348,eafafd348d474697fcee0f1e1f40d70ec84b757a1c8ab9fff190d9adb6e979a3
analysis_artifacts/canonical_run/folds/fold_05/outer_final/seed_43/test_subject_ids.npy,832,9dc0532bc3f637b5ba08f8bf9eba5e98f7698ddcf6d2017a5dd8584a115dd10e
analysis_artifacts/canonical_run/folds/fold_05/outer_final/seed_43/train_indices.npy,6456,56fe5a7f7468b4ef58d6bcb2470e6d09d8ff00d801a652cc3a39d674cc8f358b
analysis_artifacts/canonical_run/folds/fold_05/outer_final/seed_43/train_subject_ids.npy,6456,09515db6f1de95744fb097b67c1fae57bef1549a523d92fb5e324d7c5ac3357a
analysis_artifacts/canonical_run/folds/fold_05/outer_final/seed_44/checkpoint_manifest.json,9795,7fb51ebc8cc3db3daca045e36494a7e848ae9b2ebce286580368ac500bbfeca3
analysis_artifacts/canonical_run/folds/fold_05/outer_final/seed_44/fit_manifest.json,533,5d5893b3b19b84f4591a47e5872b78c9b0306e352ae467b0110939d82474f82d
analysis_artifacts/canonical_run/folds/fold_05/outer_final/seed_44/model_checkpoint.pt,6888054,1f272d0d421037bde3ba1f9f6267539e94659da209548fc70ac47d1587f2db7b
analysis_artifacts/canonical_run/folds/fold_05/outer_final/seed_44/preprocessing/evaluation_indices.npy,832,b510abe8d8b7e1e0fd18da9e1e4d6ce46f060c5e9aa07a60d7ad956e144505c3
analysis_artifacts/canonical_run/folds/fold_05/outer_final/seed_44/preprocessing/fit_indices.npy,6456,56fe5a7f7468b4ef58d6bcb2470e6d09d8ff00d801a652cc3a39d674cc8f358b
analysis_artifacts/canonical_run/folds/fold_05/outer_final/seed_44/preprocessing/preprocessing_manifest.json,835,14bbc88aad63af1ab7c813bec6b7a37a6de3dae63fa3ae628175e18f02151339
analysis_artifacts/canonical_run/folds/fold_05/outer_final/seed_44/preprocessing/selected_full_edge_indices.npy,39928,e8f896258e2fbb74502f44ed34f9395250993b219af02cf23545362705656414
analysis_artifacts/canonical_run/folds/fold_05/outer_final/seed_44/preprocessing_state.npz,285592,d1becca4b0e705d6e055e99238044afcab35fd2acfab870430c145708c2ab17a
analysis_artifacts/canonical_run/folds/fold_05/outer_final/seed_44/preprocessing_state_manifest.json,2617,66e689bddd7fdb73e33f5d535b924c6d074b675955a1f8d8ae5df53a275f570d
analysis_artifacts/canonical_run/folds/fold_05/outer_final/seed_44/reload_audit.json,3394,84f97ba563df2457ecb2ac1dc8b0e9c42bf6f9422246c16a60d33df9231b216c
analysis_artifacts/canonical_run/folds/fold_05/outer_final/seed_44/test_indices.npy,832,b510abe8d8b7e1e0fd18da9e1e4d6ce46f060c5e9aa07a60d7ad956e144505c3
analysis_artifacts/canonical_run/folds/fold_05/outer_final/seed_44/test_outputs.npz,2358,321292e1938172527c5736dbdc879eea36ecc244a68854b90e8cab20c17086dd
analysis_artifacts/canonical_run/folds/fold_05/outer_final/seed_44/test_subject_ids.npy,832,9dc0532bc3f637b5ba08f8bf9eba5e98f7698ddcf6d2017a5dd8584a115dd10e
analysis_artifacts/canonical_run/folds/fold_05/outer_final/seed_44/train_indices.npy,6456,56fe5a7f7468b4ef58d6bcb2470e6d09d8ff00d801a652cc3a39d674cc8f358b
analysis_artifacts/canonical_run/folds/fold_05/outer_final/seed_44/train_subject_ids.npy,6456,09515db6f1de95744fb097b67c1fae57bef1549a523d92fb5e324d7c5ac3357a
analysis_artifacts/canonical_run/folds/fold_05/outer_final/seed_predictions.npz,4630,0c070a68ce785bb42476a077c43ad31afb71d41a090851909569c3793cd1af62
analysis_artifacts/canonical_run/folds/fold_05/stage_a_summary.json,3059,dd13caf2e923051d80163a1363bafc7e1e97eaa1b8836c7142e74e0bc0b2ead3
analysis_artifacts/canonical_run/folds/fold_05/stage_b_outer_metrics.json,1443,3795a42e02be0411fb72e9c6c53a9728475be558afbb637f1825b699da9be1ee
analysis_artifacts/canonical_run/folds/fold_06/canonical_fold_completion.json,1785,63e845dab5431997e800f2c449166466722d4817f890f549627c93cb38672fa8
analysis_artifacts/canonical_run/folds/fold_06/frozen_outer_test_predictions.npz,4146,91009a098beb82c7e4df16250a800175641a26f68f3e0914b358366614f99be7
analysis_artifacts/canonical_run/folds/fold_06/frozen_prediction_manifest.json,1821,f770cd77a1a449341a3b84f01b4133bcc33823a6655f018c0d9cc8f0cfacfbb6
analysis_artifacts/canonical_run/folds/fold_06/inner/calibration.json,625,9ffaeb107c539d56bc9375e53e9fc3e7d27d8ced57c3f88c55b3f4551eb089f1
analysis_artifacts/canonical_run/folds/fold_06/inner/level1/C01/seed_42/inner_00/preprocessing/evaluation_indices.npy,2240,91c7bb5c21cd25e3727a8cd18230d30dbaf8599d7d48f5605feb4d8b4cad0d3e
analysis_artifacts/canonical_run/folds/fold_06/inner/level1/C01/seed_42/inner_00/preprocessing/fit_indices.npy,4344,5be0ce6ba222935c0a22c0e849449d94bcd82b193997b08a28e517c558db7624
analysis_artifacts/canonical_run/folds/fold_06/inner/level1/C01/seed_42/inner_00/preprocessing/preprocessing_manifest.json,800,cd2675a9705c0661a02d853d67efe30197dbd2ec41ab4df9557212755a02acfe
analysis_artifacts/canonical_run/folds/fold_06/inner/level1/C01/seed_42/inner_00/preprocessing/selected_full_edge_indices.npy,8128,c4048c6958d9394dc899776f5c750acdb22c6d4ff2a0d469cc3fe1e4f5f90b65
analysis_artifacts/canonical_run/folds/fold_06/inner/level1/C01/seed_42/inner_00/rung1_result.json,755,da2052200c12c2ccb5834bbd52feda5d2f20026c374d2e6558de3d4ee34466ee
analysis_artifacts/canonical_run/folds/fold_06/inner/level1/C01/seed_42/inner_01/preprocessing/evaluation_indices.npy,2240,81958fd727db9888fde38fb4ec52b4b7b448d533c876b8517507c00a0025e449
analysis_artifacts/canonical_run/folds/fold_06/inner/level1/C01/seed_42/inner_01/preprocessing/fit_indices.npy,4344,01420d69b2f7338f22b74973afc324d34b626720c279f9f1b69b110be605e3cb
analysis_artifacts/canonical_run/folds/fold_06/inner/level1/C01/seed_42/inner_01/preprocessing/preprocessing_manifest.json,800,3ddc5d051e03dd3dc92ba25a6c2bab7be933cbc8e72c3de1542c5b22f0778525
analysis_artifacts/canonical_run/folds/fold_06/inner/level1/C01/seed_42/inner_01/preprocessing/selected_full_edge_indices.npy,8128,975ac71eb1105b22b86b01fe0e3ed5e2020456465e5b12de1d2ee3b1c9d1fcff
analysis_artifacts/canonical_run/folds/fold_06/inner/level1/C01/seed_42/inner_01/rung1_result.json,755,bd63e239419fd8350fb7601ee56779cabb7213731d278ffe51ff4692d5d505cd
analysis_artifacts/canonical_run/folds/fold_06/inner/level1/C01/seed_42/inner_02/preprocessing/evaluation_indices.npy,2232,872c981c1b297d0272cd9ea5c20b63839e8ef4793bbb91390ac50a3ec7e779be
analysis_artifacts/canonical_run/folds/fold_06/inner/level1/C01/seed_42/inner_02/preprocessing/fit_indices.npy,4352,29415ab103f374ace93873a37b68252764e74754c72753600c335074cc3ec057
analysis_artifacts/canonical_run/folds/fold_06/inner/level1/C01/seed_42/inner_02/preprocessing/preprocessing_manifest.json,800,e09e15bf6b55053e66ff3192a3045a5618eb9a016379fcbee295a63ff15c2722
analysis_artifacts/canonical_run/folds/fold_06/inner/level1/C01/seed_42/inner_02/preprocessing/selected_full_edge_indices.npy,8128,39844ae58ca7ca75d526844c40047060fc62014ad7d183529a05281056fa0e30
analysis_artifacts/canonical_run/folds/fold_06/inner/level1/C01/seed_42/inner_02/rung1_result.json,756,898121ec1a7a531a650fc08ff13eadb31653e4c7681abd73b2d3394304fc0a88
analysis_artifacts/canonical_run/folds/fold_06/inner/level1/C02/seed_42/inner_00/preprocessing/evaluation_indices.npy,2240,91c7bb5c21cd25e3727a8cd18230d30dbaf8599d7d48f5605feb4d8b4cad0d3e
analysis_artifacts/canonical_run/folds/fold_06/inner/level1/C02/seed_42/inner_00/preprocessing/fit_indices.npy,4344,5be0ce6ba222935c0a22c0e849449d94bcd82b193997b08a28e517c558db7624
analysis_artifacts/canonical_run/folds/fold_06/inner/level1/C02/seed_42/inner_00/preprocessing/preprocessing_manifest.json,800,9f2dd73da86880bdefb8210533dd350ebd62a3f588a67ca2ab1b60fd0603206c
analysis_artifacts/canonical_run/folds/fold_06/inner/level1/C02/seed_42/inner_00/preprocessing/selected_full_edge_indices.npy,8128,c4048c6958d9394dc899776f5c750acdb22c6d4ff2a0d469cc3fe1e4f5f90b65
analysis_artifacts/canonical_run/folds/fold_06/inner/level1/C02/seed_42/inner_00/rung1_result.json,755,98f0611e8cc1060bec26917d9f291c8ce2e12161604fcb59a528d1145a6b2ce5
analysis_artifacts/canonical_run/folds/fold_06/inner/level1/C02/seed_42/inner_00/rung2_result.json,756,eb93e52b4e65702a2080a9eaa678e93b563e079cdd936d30e2531d0df9812ee7
analysis_artifacts/canonical_run/folds/fold_06/inner/level1/C02/seed_42/inner_01/preprocessing/evaluation_indices.npy,2240,81958fd727db9888fde38fb4ec52b4b7b448d533c876b8517507c00a0025e449
analysis_artifacts/canonical_run/folds/fold_06/inner/level1/C02/seed_42/inner_01/preprocessing/fit_indices.npy,4344,01420d69b2f7338f22b74973afc324d34b626720c279f9f1b69b110be605e3cb
analysis_artifacts/canonical_run/folds/fold_06/inner/level1/C02/seed_42/inner_01/preprocessing/preprocessing_manifest.json,800,a4b1baf6d5beefdba57f38251ffd9f790f44fba1d48e9e604a59e27a52771944
analysis_artifacts/canonical_run/folds/fold_06/inner/level1/C02/seed_42/inner_01/preprocessing/selected_full_edge_indices.npy,8128,975ac71eb1105b22b86b01fe0e3ed5e2020456465e5b12de1d2ee3b1c9d1fcff
analysis_artifacts/canonical_run/folds/fold_06/inner/level1/C02/seed_42/inner_01/rung1_result.json,755,19d7ed6c32385265960bc324d4a484a2d92cadfca7a3868326ee177f938f4240
analysis_artifacts/canonical_run/folds/fold_06/inner/level1/C02/seed_42/inner_01/rung2_result.json,756,d33db6f0a72cabbde397aa5c791f77c739be2da33f4087b421a05f63e4011c6c
analysis_artifacts/canonical_run/folds/fold_06/inner/level1/C02/seed_42/inner_02/preprocessing/evaluation_indices.npy,2232,872c981c1b297d0272cd9ea5c20b63839e8ef4793bbb91390ac50a3ec7e779be
analysis_artifacts/canonical_run/folds/fold_06/inner/level1/C02/seed_42/inner_02/preprocessing/fit_indices.npy,4352,29415ab103f374ace93873a37b68252764e74754c72753600c335074cc3ec057
analysis_artifacts/canonical_run/folds/fold_06/inner/level1/C02/seed_42/inner_02/preprocessing/preprocessing_manifest.json,800,4bdf958a41148a99725bac1d6828ca06e97d0955fb2e50b2f5f52b533b3137a1
analysis_artifacts/canonical_run/folds/fold_06/inner/level1/C02/seed_42/inner_02/preprocessing/selected_full_edge_indices.npy,8128,39844ae58ca7ca75d526844c40047060fc62014ad7d183529a05281056fa0e30
analysis_artifacts/canonical_run/folds/fold_06/inner/level1/C02/seed_42/inner_02/rung1_result.json,756,98740365abe4dbafd7864c42a0a2462624c31873f578def8cef1e2e303170545
analysis_artifacts/canonical_run/folds/fold_06/inner/level1/C02/seed_42/inner_02/rung2_result.json,757,194d59160587c118bd70c5901b65d3359954d98c875ba0040bbf7744dcbf8e4c
analysis_artifacts/canonical_run/folds/fold_06/inner/level1/C03/seed_42/inner_00/preprocessing/evaluation_indices.npy,2240,91c7bb5c21cd25e3727a8cd18230d30dbaf8599d7d48f5605feb4d8b4cad0d3e
analysis_artifacts/canonical_run/folds/fold_06/inner/level1/C03/seed_42/inner_00/preprocessing/fit_indices.npy,4344,5be0ce6ba222935c0a22c0e849449d94bcd82b193997b08a28e517c558db7624
analysis_artifacts/canonical_run/folds/fold_06/inner/level1/C03/seed_42/inner_00/preprocessing/preprocessing_manifest.json,800,05a4f31ee5a3c15d8c1d21818c8ab10c39e2e7b1b25a7caa8b7545f710bf1ea9
analysis_artifacts/canonical_run/folds/fold_06/inner/level1/C03/seed_42/inner_00/preprocessing/selected_full_edge_indices.npy,20128,86318ee402a75b009e04a8ea1c596a379a842244d86d972a9f053ccef7af886a
analysis_artifacts/canonical_run/folds/fold_06/inner/level1/C03/seed_42/inner_00/rung1_result.json,756,7679f3306d7829587a4d23aa62a05da064ca274451872debcdbb12f87cea9a4d
analysis_artifacts/canonical_run/folds/fold_06/inner/level1/C03/seed_42/inner_01/preprocessing/evaluation_indices.npy,2240,81958fd727db9888fde38fb4ec52b4b7b448d533c876b8517507c00a0025e449
analysis_artifacts/canonical_run/folds/fold_06/inner/level1/C03/seed_42/inner_01/preprocessing/fit_indices.npy,4344,01420d69b2f7338f22b74973afc324d34b626720c279f9f1b69b110be605e3cb
analysis_artifacts/canonical_run/folds/fold_06/inner/level1/C03/seed_42/inner_01/preprocessing/preprocessing_manifest.json,800,acdd1782c1b1175c7d1129b61cfd83069b8164f0e4f2d0d91730e35faeb0c553
analysis_artifacts/canonical_run/folds/fold_06/inner/level1/C03/seed_42/inner_01/preprocessing/selected_full_edge_indices.npy,20128,9d644340a5b0a362966bbd742d294ef05484f4a7b3e2c80f3c86368d50ce05fb
analysis_artifacts/canonical_run/folds/fold_06/inner/level1/C03/seed_42/inner_01/rung1_result.json,755,1b02f3989b9c1e7fd21e5f0a2162f471f82c551b9d312efaf9d7407f446922c6
analysis_artifacts/canonical_run/folds/fold_06/inner/level1/C03/seed_42/inner_02/preprocessing/evaluation_indices.npy,2232,872c981c1b297d0272cd9ea5c20b63839e8ef4793bbb91390ac50a3ec7e779be
analysis_artifacts/canonical_run/folds/fold_06/inner/level1/C03/seed_42/inner_02/preprocessing/fit_indices.npy,4352,29415ab103f374ace93873a37b68252764e74754c72753600c335074cc3ec057
analysis_artifacts/canonical_run/folds/fold_06/inner/level1/C03/seed_42/inner_02/preprocessing/preprocessing_manifest.json,800,8abbd405c56ebcaa3329f21884e68f84aabeeb3e36d63b48042ae6330fafedc7
analysis_artifacts/canonical_run/folds/fold_06/inner/level1/C03/seed_42/inner_02/preprocessing/selected_full_edge_indices.npy,20128,7ce45d865ee12316ae711a843e6d7aa0a2dcd2223618e06a1ef6cc8b9de20a85
analysis_artifacts/canonical_run/folds/fold_06/inner/level1/C03/seed_42/inner_02/rung1_result.json,756,5ab0792ad4744451886ae4c84f6069fe7a0952a2ef96776bea6ea20399ae47a8
analysis_artifacts/canonical_run/folds/fold_06/inner/level1/C04/seed_42/inner_00/preprocessing/evaluation_indices.npy,2240,91c7bb5c21cd25e3727a8cd18230d30dbaf8599d7d48f5605feb4d8b4cad0d3e
analysis_artifacts/canonical_run/folds/fold_06/inner/level1/C04/seed_42/inner_00/preprocessing/fit_indices.npy,4344,5be0ce6ba222935c0a22c0e849449d94bcd82b193997b08a28e517c558db7624
analysis_artifacts/canonical_run/folds/fold_06/inner/level1/C04/seed_42/inner_00/preprocessing/preprocessing_manifest.json,800,fccb35f0ef4750c8b9a19c5f0e5f6787774099e42e22a59760c71ec2e1ed2a8c
analysis_artifacts/canonical_run/folds/fold_06/inner/level1/C04/seed_42/inner_00/preprocessing/selected_full_edge_indices.npy,20128,86318ee402a75b009e04a8ea1c596a379a842244d86d972a9f053ccef7af886a
analysis_artifacts/canonical_run/folds/fold_06/inner/level1/C04/seed_42/inner_00/rung1_result.json,754,59b6bda23d48141e97fa3ff15670a4ac0911b054f7bda85673d4d40053cd8045
analysis_artifacts/canonical_run/folds/fold_06/inner/level1/C04/seed_42/inner_00/rung2_result.json,755,84f4d4b29ab0475a93c5df378b7db245d06c960f287b64ee01f10b60b14efbe7
analysis_artifacts/canonical_run/folds/fold_06/inner/level1/C04/seed_42/inner_01/preprocessing/evaluation_indices.npy,2240,81958fd727db9888fde38fb4ec52b4b7b448d533c876b8517507c00a0025e449
analysis_artifacts/canonical_run/folds/fold_06/inner/level1/C04/seed_42/inner_01/preprocessing/fit_indices.npy,4344,01420d69b2f7338f22b74973afc324d34b626720c279f9f1b69b110be605e3cb
analysis_artifacts/canonical_run/folds/fold_06/inner/level1/C04/seed_42/inner_01/preprocessing/preprocessing_manifest.json,800,b41218e3ad7e97822432617f7380dbdbceed856696c4c39325bb768f5b5bb80c
analysis_artifacts/canonical_run/folds/fold_06/inner/level1/C04/seed_42/inner_01/preprocessing/selected_full_edge_indices.npy,20128,9d644340a5b0a362966bbd742d294ef05484f4a7b3e2c80f3c86368d50ce05fb
analysis_artifacts/canonical_run/folds/fold_06/inner/level1/C04/seed_42/inner_01/rung1_result.json,756,8f6781b2dcaf017e8dd7d3e2a6319d13566bb91d7b918cf595930c663c163602
analysis_artifacts/canonical_run/folds/fold_06/inner/level1/C04/seed_42/inner_01/rung2_result.json,757,1165b5f64fe85524bdd32ef5e2f1ad47bd7198b37785b01dbd0150ab46caf66d
analysis_artifacts/canonical_run/folds/fold_06/inner/level1/C04/seed_42/inner_02/preprocessing/evaluation_indices.npy,2232,872c981c1b297d0272cd9ea5c20b63839e8ef4793bbb91390ac50a3ec7e779be
analysis_artifacts/canonical_run/folds/fold_06/inner/level1/C04/seed_42/inner_02/preprocessing/fit_indices.npy,4352,29415ab103f374ace93873a37b68252764e74754c72753600c335074cc3ec057
analysis_artifacts/canonical_run/folds/fold_06/inner/level1/C04/seed_42/inner_02/preprocessing/preprocessing_manifest.json,800,41596e754cc526cdee6305eb338e790979a13ca8dcd223245a8ff10288ad98dc
analysis_artifacts/canonical_run/folds/fold_06/inner/level1/C04/seed_42/inner_02/preprocessing/selected_full_edge_indices.npy,20128,7ce45d865ee12316ae711a843e6d7aa0a2dcd2223618e06a1ef6cc8b9de20a85
analysis_artifacts/canonical_run/folds/fold_06/inner/level1/C04/seed_42/inner_02/rung1_result.json,756,2c2f20234bee3a19bfc959120d542fbf8f47ec3b2602a81f7b4dd97e2b80a7fa
analysis_artifacts/canonical_run/folds/fold_06/inner/level1/C04/seed_42/inner_02/rung2_result.json,757,7b84b55d9eeb2e420f40e908e6b877acdfdc74d6741e84dca230b943daf88f98
analysis_artifacts/canonical_run/folds/fold_06/inner/level1/C05/seed_42/inner_00/preprocessing/evaluation_indices.npy,2240,91c7bb5c21cd25e3727a8cd18230d30dbaf8599d7d48f5605feb4d8b4cad0d3e
analysis_artifacts/canonical_run/folds/fold_06/inner/level1/C05/seed_42/inner_00/preprocessing/fit_indices.npy,4344,5be0ce6ba222935c0a22c0e849449d94bcd82b193997b08a28e517c558db7624
analysis_artifacts/canonical_run/folds/fold_06/inner/level1/C05/seed_42/inner_00/preprocessing/preprocessing_manifest.json,800,d0ad500cb1fd7dce86f94d95aa19dc24a1a6b4156407ffd10d5e73faa714c4b3
analysis_artifacts/canonical_run/folds/fold_06/inner/level1/C05/seed_42/inner_00/preprocessing/selected_full_edge_indices.npy,39928,465ed97b1b50d191fc993778f124ab832e2a8de34ae06e2793bf57e1334827cb
analysis_artifacts/canonical_run/folds/fold_06/inner/level1/C05/seed_42/inner_00/rung1_result.json,755,859686dc46700b9219ccc094a153448d70d72b91be3d9a430fef2831a6bd1731
analysis_artifacts/canonical_run/folds/fold_06/inner/level1/C05/seed_42/inner_01/preprocessing/evaluation_indices.npy,2240,81958fd727db9888fde38fb4ec52b4b7b448d533c876b8517507c00a0025e449
analysis_artifacts/canonical_run/folds/fold_06/inner/level1/C05/seed_42/inner_01/preprocessing/fit_indices.npy,4344,01420d69b2f7338f22b74973afc324d34b626720c279f9f1b69b110be605e3cb
analysis_artifacts/canonical_run/folds/fold_06/inner/level1/C05/seed_42/inner_01/preprocessing/preprocessing_manifest.json,800,c4a8bdfa8386ea8c8660a8f790f61ff9dc69dce8e500f368f21f7619f111b194
analysis_artifacts/canonical_run/folds/fold_06/inner/level1/C05/seed_42/inner_01/preprocessing/selected_full_edge_indices.npy,39928,ff3c4551b64303dda8abb0ec7be9232978dde77a8f8b73385e2377298f0c0e89
analysis_artifacts/canonical_run/folds/fold_06/inner/level1/C05/seed_42/inner_01/rung1_result.json,756,bf5c5672fe04b301204472da1b4f59fc15426429ce85c431c924960cece8cb6a
analysis_artifacts/canonical_run/folds/fold_06/inner/level1/C05/seed_42/inner_02/preprocessing/evaluation_indices.npy,2232,872c981c1b297d0272cd9ea5c20b63839e8ef4793bbb91390ac50a3ec7e779be
analysis_artifacts/canonical_run/folds/fold_06/inner/level1/C05/seed_42/inner_02/preprocessing/fit_indices.npy,4352,29415ab103f374ace93873a37b68252764e74754c72753600c335074cc3ec057
analysis_artifacts/canonical_run/folds/fold_06/inner/level1/C05/seed_42/inner_02/preprocessing/preprocessing_manifest.json,800,e01cd256c4fba57fc150c5277f8df03a7730a003721758f5f4c43b402309a115
analysis_artifacts/canonical_run/folds/fold_06/inner/level1/C05/seed_42/inner_02/preprocessing/selected_full_edge_indices.npy,39928,7cc85ca722bba67967e04a20b0f3fd736882a73e9823f875233646eee380517f
analysis_artifacts/canonical_run/folds/fold_06/inner/level1/C05/seed_42/inner_02/rung1_result.json,756,3586d12613493c1d02219a7e5345e54ba81399c6d0ef812edbf4b8bda6ce3de1
analysis_artifacts/canonical_run/folds/fold_06/inner/level1/C06/seed_42/inner_00/preprocessing/evaluation_indices.npy,2240,91c7bb5c21cd25e3727a8cd18230d30dbaf8599d7d48f5605feb4d8b4cad0d3e
analysis_artifacts/canonical_run/folds/fold_06/inner/level1/C06/seed_42/inner_00/preprocessing/fit_indices.npy,4344,5be0ce6ba222935c0a22c0e849449d94bcd82b193997b08a28e517c558db7624
analysis_artifacts/canonical_run/folds/fold_06/inner/level1/C06/seed_42/inner_00/preprocessing/preprocessing_manifest.json,800,2304504430f8fbcf14e642fe85a70664c2e54950acab1c301371f24e3dea2570
analysis_artifacts/canonical_run/folds/fold_06/inner/level1/C06/seed_42/inner_00/preprocessing/selected_full_edge_indices.npy,39928,465ed97b1b50d191fc993778f124ab832e2a8de34ae06e2793bf57e1334827cb
analysis_artifacts/canonical_run/folds/fold_06/inner/level1/C06/seed_42/inner_00/rung1_result.json,756,9c8dc8a0ba26ecc154bb0d65200dc9310d0ccdb44ccf6cb60a2ca84c25a360de
analysis_artifacts/canonical_run/folds/fold_06/inner/level1/C06/seed_42/inner_01/preprocessing/evaluation_indices.npy,2240,81958fd727db9888fde38fb4ec52b4b7b448d533c876b8517507c00a0025e449
analysis_artifacts/canonical_run/folds/fold_06/inner/level1/C06/seed_42/inner_01/preprocessing/fit_indices.npy,4344,01420d69b2f7338f22b74973afc324d34b626720c279f9f1b69b110be605e3cb
analysis_artifacts/canonical_run/folds/fold_06/inner/level1/C06/seed_42/inner_01/preprocessing/preprocessing_manifest.json,800,33e400012f38398be5835479f8975829cc53a2cb29e43e4f7e1982ed0a9c5419
analysis_artifacts/canonical_run/folds/fold_06/inner/level1/C06/seed_42/inner_01/preprocessing/selected_full_edge_indices.npy,39928,ff3c4551b64303dda8abb0ec7be9232978dde77a8f8b73385e2377298f0c0e89
analysis_artifacts/canonical_run/folds/fold_06/inner/level1/C06/seed_42/inner_01/rung1_result.json,755,ad4000ff4f19beded8334a111a67b50b9b2c84149646752386eb99c3fce51ee8
analysis_artifacts/canonical_run/folds/fold_06/inner/level1/C06/seed_42/inner_02/preprocessing/evaluation_indices.npy,2232,872c981c1b297d0272cd9ea5c20b63839e8ef4793bbb91390ac50a3ec7e779be
analysis_artifacts/canonical_run/folds/fold_06/inner/level1/C06/seed_42/inner_02/preprocessing/fit_indices.npy,4352,29415ab103f374ace93873a37b68252764e74754c72753600c335074cc3ec057
analysis_artifacts/canonical_run/folds/fold_06/inner/level1/C06/seed_42/inner_02/preprocessing/preprocessing_manifest.json,800,1f8e03c09931dfc44ee16b3cd1ed03b9d4be5953ce7063b0b22b3bffaab265e3
analysis_artifacts/canonical_run/folds/fold_06/inner/level1/C06/seed_42/inner_02/preprocessing/selected_full_edge_indices.npy,39928,7cc85ca722bba67967e04a20b0f3fd736882a73e9823f875233646eee380517f
analysis_artifacts/canonical_run/folds/fold_06/inner/level1/C06/seed_42/inner_02/rung1_result.json,755,6d99bee9b90b8067d0391f5203cdaa480d22d076db57b8b4d73a52e33d27b275
analysis_artifacts/canonical_run/folds/fold_06/inner/level1/C07/seed_42/inner_00/preprocessing/evaluation_indices.npy,2240,91c7bb5c21cd25e3727a8cd18230d30dbaf8599d7d48f5605feb4d8b4cad0d3e
analysis_artifacts/canonical_run/folds/fold_06/inner/level1/C07/seed_42/inner_00/preprocessing/fit_indices.npy,4344,5be0ce6ba222935c0a22c0e849449d94bcd82b193997b08a28e517c558db7624
analysis_artifacts/canonical_run/folds/fold_06/inner/level1/C07/seed_42/inner_00/preprocessing/preprocessing_manifest.json,802,4c4614133a1cefd5e0e97e6db834282ca2ea4193a8f5fbe27442b4934f9ae773
analysis_artifacts/canonical_run/folds/fold_06/inner/level1/C07/seed_42/inner_00/preprocessing/selected_full_edge_indices.npy,39928,465ed97b1b50d191fc993778f124ab832e2a8de34ae06e2793bf57e1334827cb
analysis_artifacts/canonical_run/folds/fold_06/inner/level1/C07/seed_42/inner_00/rung1_result.json,756,9ba922a0d9ee76f274ab24ff5d25218f7b43ee88e537b420ea3fd3ee769cc9c1
analysis_artifacts/canonical_run/folds/fold_06/inner/level1/C07/seed_42/inner_01/preprocessing/evaluation_indices.npy,2240,81958fd727db9888fde38fb4ec52b4b7b448d533c876b8517507c00a0025e449
analysis_artifacts/canonical_run/folds/fold_06/inner/level1/C07/seed_42/inner_01/preprocessing/fit_indices.npy,4344,01420d69b2f7338f22b74973afc324d34b626720c279f9f1b69b110be605e3cb
analysis_artifacts/canonical_run/folds/fold_06/inner/level1/C07/seed_42/inner_01/preprocessing/preprocessing_manifest.json,802,374ec5372380010000fbe05189d66052ba5758dbeb92fab7a42952e352a9b61b
analysis_artifacts/canonical_run/folds/fold_06/inner/level1/C07/seed_42/inner_01/preprocessing/selected_full_edge_indices.npy,39928,ff3c4551b64303dda8abb0ec7be9232978dde77a8f8b73385e2377298f0c0e89
analysis_artifacts/canonical_run/folds/fold_06/inner/level1/C07/seed_42/inner_01/rung1_result.json,756,627fd20069538fdc2e3fdf03f6dd854504660729969e682b328559e223fe4f0d
analysis_artifacts/canonical_run/folds/fold_06/inner/level1/C07/seed_42/inner_02/preprocessing/evaluation_indices.npy,2232,872c981c1b297d0272cd9ea5c20b63839e8ef4793bbb91390ac50a3ec7e779be
analysis_artifacts/canonical_run/folds/fold_06/inner/level1/C07/seed_42/inner_02/preprocessing/fit_indices.npy,4352,29415ab103f374ace93873a37b68252764e74754c72753600c335074cc3ec057
analysis_artifacts/canonical_run/folds/fold_06/inner/level1/C07/seed_42/inner_02/preprocessing/preprocessing_manifest.json,802,49924c8955a4e952f064761c11062398abc8213144fb1d72febf4db0aeb47b74
analysis_artifacts/canonical_run/folds/fold_06/inner/level1/C07/seed_42/inner_02/preprocessing/selected_full_edge_indices.npy,39928,7cc85ca722bba67967e04a20b0f3fd736882a73e9823f875233646eee380517f
analysis_artifacts/canonical_run/folds/fold_06/inner/level1/C07/seed_42/inner_02/rung1_result.json,755,7ba4c773d2ebc03e81b5913686c289981810c320564d0ab93fc457900e495800
analysis_artifacts/canonical_run/folds/fold_06/inner/level1/C08/seed_42/inner_00/preprocessing/evaluation_indices.npy,2240,91c7bb5c21cd25e3727a8cd18230d30dbaf8599d7d48f5605feb4d8b4cad0d3e
analysis_artifacts/canonical_run/folds/fold_06/inner/level1/C08/seed_42/inner_00/preprocessing/fit_indices.npy,4344,5be0ce6ba222935c0a22c0e849449d94bcd82b193997b08a28e517c558db7624
analysis_artifacts/canonical_run/folds/fold_06/inner/level1/C08/seed_42/inner_00/preprocessing/preprocessing_manifest.json,802,8679f33c8e6c68988c1ba4a2164404624016dfc25a5beb49bc34420d87afa159
analysis_artifacts/canonical_run/folds/fold_06/inner/level1/C08/seed_42/inner_00/preprocessing/selected_full_edge_indices.npy,39928,465ed97b1b50d191fc993778f124ab832e2a8de34ae06e2793bf57e1334827cb
analysis_artifacts/canonical_run/folds/fold_06/inner/level1/C08/seed_42/inner_00/rung1_result.json,755,87780d4dd8c9e034f10d13773e417725690160d797768f2878c15602e7b526c9
analysis_artifacts/canonical_run/folds/fold_06/inner/level1/C08/seed_42/inner_01/preprocessing/evaluation_indices.npy,2240,81958fd727db9888fde38fb4ec52b4b7b448d533c876b8517507c00a0025e449
analysis_artifacts/canonical_run/folds/fold_06/inner/level1/C08/seed_42/inner_01/preprocessing/fit_indices.npy,4344,01420d69b2f7338f22b74973afc324d34b626720c279f9f1b69b110be605e3cb
analysis_artifacts/canonical_run/folds/fold_06/inner/level1/C08/seed_42/inner_01/preprocessing/preprocessing_manifest.json,802,56448936e5b4b296ed594c98d2ce599f8fcc9cc220b268d0e25333cac8f1d4c3
analysis_artifacts/canonical_run/folds/fold_06/inner/level1/C08/seed_42/inner_01/preprocessing/selected_full_edge_indices.npy,39928,ff3c4551b64303dda8abb0ec7be9232978dde77a8f8b73385e2377298f0c0e89
analysis_artifacts/canonical_run/folds/fold_06/inner/level1/C08/seed_42/inner_01/rung1_result.json,756,f97d2a8d53016a4670284d79cbee8a8fb837ad25f4f9ebf53e86ef551a38e605
analysis_artifacts/canonical_run/folds/fold_06/inner/level1/C08/seed_42/inner_02/preprocessing/evaluation_indices.npy,2232,872c981c1b297d0272cd9ea5c20b63839e8ef4793bbb91390ac50a3ec7e779be
analysis_artifacts/canonical_run/folds/fold_06/inner/level1/C08/seed_42/inner_02/preprocessing/fit_indices.npy,4352,29415ab103f374ace93873a37b68252764e74754c72753600c335074cc3ec057
analysis_artifacts/canonical_run/folds/fold_06/inner/level1/C08/seed_42/inner_02/preprocessing/preprocessing_manifest.json,802,e483954ef9f833db40debe4eadc121449afa2a535ca9a1f29734a5ae4e312340
analysis_artifacts/canonical_run/folds/fold_06/inner/level1/C08/seed_42/inner_02/preprocessing/selected_full_edge_indices.npy,39928,7cc85ca722bba67967e04a20b0f3fd736882a73e9823f875233646eee380517f
analysis_artifacts/canonical_run/folds/fold_06/inner/level1/C08/seed_42/inner_02/rung1_result.json,755,8c844fd01d95b57b29b603994337b4344ca1971a6af356e29ab2ffefe20eea62
analysis_artifacts/canonical_run/folds/fold_06/inner/level1/C09/seed_42/inner_00/preprocessing/evaluation_indices.npy,2240,91c7bb5c21cd25e3727a8cd18230d30dbaf8599d7d48f5605feb4d8b4cad0d3e
analysis_artifacts/canonical_run/folds/fold_06/inner/level1/C09/seed_42/inner_00/preprocessing/fit_indices.npy,4344,5be0ce6ba222935c0a22c0e849449d94bcd82b193997b08a28e517c558db7624
analysis_artifacts/canonical_run/folds/fold_06/inner/level1/C09/seed_42/inner_00/preprocessing/preprocessing_manifest.json,839,a19f5e8688b9c645800e1eadf52fe686d72fd9e287dce52f5a6f270f5944d3f6
analysis_artifacts/canonical_run/folds/fold_06/inner/level1/C09/seed_42/inner_00/preprocessing/selected_full_edge_indices.npy,39928,465ed97b1b50d191fc993778f124ab832e2a8de34ae06e2793bf57e1334827cb
analysis_artifacts/canonical_run/folds/fold_06/inner/level1/C09/seed_42/inner_00/rung1_result.json,756,bedbd4847e4e48b0016c0431ccdc9c60aa29b65d9cce4b04a5441bf39a70c603
analysis_artifacts/canonical_run/folds/fold_06/inner/level1/C09/seed_42/inner_00/rung2_result.json,757,9e8e51e564e4cf4d195a1dca0b2048b1dba8c78e074095f129b85558823fc792
analysis_artifacts/canonical_run/folds/fold_06/inner/level1/C09/seed_42/inner_01/preprocessing/evaluation_indices.npy,2240,81958fd727db9888fde38fb4ec52b4b7b448d533c876b8517507c00a0025e449
analysis_artifacts/canonical_run/folds/fold_06/inner/level1/C09/seed_42/inner_01/preprocessing/fit_indices.npy,4344,01420d69b2f7338f22b74973afc324d34b626720c279f9f1b69b110be605e3cb
analysis_artifacts/canonical_run/folds/fold_06/inner/level1/C09/seed_42/inner_01/preprocessing/preprocessing_manifest.json,839,b5012d62f6d0de2462ba7d8456a0de574fc841afb2ea857439b0e54025fbba91
analysis_artifacts/canonical_run/folds/fold_06/inner/level1/C09/seed_42/inner_01/preprocessing/selected_full_edge_indices.npy,39928,ff3c4551b64303dda8abb0ec7be9232978dde77a8f8b73385e2377298f0c0e89
analysis_artifacts/canonical_run/folds/fold_06/inner/level1/C09/seed_42/inner_01/rung1_result.json,756,839af8b53f475bfb01bcdb592644bc4b312149d86d0a5ba5dfbc9e6b25128cd7
analysis_artifacts/canonical_run/folds/fold_06/inner/level1/C09/seed_42/inner_01/rung2_result.json,757,5138c45b5752ffa1b8e9593d5c582de198d7c3cedcdf04cea906071c11625809
analysis_artifacts/canonical_run/folds/fold_06/inner/level1/C09/seed_42/inner_02/preprocessing/evaluation_indices.npy,2232,872c981c1b297d0272cd9ea5c20b63839e8ef4793bbb91390ac50a3ec7e779be
analysis_artifacts/canonical_run/folds/fold_06/inner/level1/C09/seed_42/inner_02/preprocessing/fit_indices.npy,4352,29415ab103f374ace93873a37b68252764e74754c72753600c335074cc3ec057
analysis_artifacts/canonical_run/folds/fold_06/inner/level1/C09/seed_42/inner_02/preprocessing/preprocessing_manifest.json,839,0d306d9e61b32e58c823e87273e84fefc74330cd563878f7a59e76a3465643f4
analysis_artifacts/canonical_run/folds/fold_06/inner/level1/C09/seed_42/inner_02/preprocessing/selected_full_edge_indices.npy,39928,7cc85ca722bba67967e04a20b0f3fd736882a73e9823f875233646eee380517f
analysis_artifacts/canonical_run/folds/fold_06/inner/level1/C09/seed_42/inner_02/rung1_result.json,756,8331c2ac7647eb28ac47182274ff03197bc2e0b6c5fb6cd9b8afb14055973eb7
analysis_artifacts/canonical_run/folds/fold_06/inner/level1/C09/seed_42/inner_02/rung2_result.json,757,3dd9c03e3fc59bed9978e770783a66ffedde43d6e2659cbc2eab83c78625acad
analysis_artifacts/canonical_run/folds/fold_06/inner/level1/C10/seed_42/inner_00/preprocessing/evaluation_indices.npy,2240,91c7bb5c21cd25e3727a8cd18230d30dbaf8599d7d48f5605feb4d8b4cad0d3e
analysis_artifacts/canonical_run/folds/fold_06/inner/level1/C10/seed_42/inner_00/preprocessing/fit_indices.npy,4344,5be0ce6ba222935c0a22c0e849449d94bcd82b193997b08a28e517c558db7624
analysis_artifacts/canonical_run/folds/fold_06/inner/level1/C10/seed_42/inner_00/preprocessing/preprocessing_manifest.json,839,210c16d51c5b74e6a55ead91e8c6e6d09da4a4b8ca4f5129ba249a4077a5bee1
analysis_artifacts/canonical_run/folds/fold_06/inner/level1/C10/seed_42/inner_00/preprocessing/selected_full_edge_indices.npy,39928,465ed97b1b50d191fc993778f124ab832e2a8de34ae06e2793bf57e1334827cb
analysis_artifacts/canonical_run/folds/fold_06/inner/level1/C10/seed_42/inner_00/rung1_result.json,755,e0594195635d992db9e87f4cd4e276c17a6f1a5199c7d4f026e8094bb08dc2d1
analysis_artifacts/canonical_run/folds/fold_06/inner/level1/C10/seed_42/inner_00/rung2_result.json,756,32d2e02a3f6442b5f9c9cb3409f31bd49ca2aea4e46615e17f2c4a48a097ae68
analysis_artifacts/canonical_run/folds/fold_06/inner/level1/C10/seed_42/inner_01/preprocessing/evaluation_indices.npy,2240,81958fd727db9888fde38fb4ec52b4b7b448d533c876b8517507c00a0025e449
analysis_artifacts/canonical_run/folds/fold_06/inner/level1/C10/seed_42/inner_01/preprocessing/fit_indices.npy,4344,01420d69b2f7338f22b74973afc324d34b626720c279f9f1b69b110be605e3cb
analysis_artifacts/canonical_run/folds/fold_06/inner/level1/C10/seed_42/inner_01/preprocessing/preprocessing_manifest.json,839,f2db361cb126218c851f37304bbade1a1d3b23c960cc537083554c8326efff2f
analysis_artifacts/canonical_run/folds/fold_06/inner/level1/C10/seed_42/inner_01/preprocessing/selected_full_edge_indices.npy,39928,ff3c4551b64303dda8abb0ec7be9232978dde77a8f8b73385e2377298f0c0e89
analysis_artifacts/canonical_run/folds/fold_06/inner/level1/C10/seed_42/inner_01/rung1_result.json,756,3d3ccb72c7255daccf8da155a97ab4d5c1fc1f946cab0a004265f8533ee480e5
analysis_artifacts/canonical_run/folds/fold_06/inner/level1/C10/seed_42/inner_01/rung2_result.json,757,42abeaa495c78f5919d33f45676ef77403a94923a2dcb027dd7befab26c70ad1
analysis_artifacts/canonical_run/folds/fold_06/inner/level1/C10/seed_42/inner_02/preprocessing/evaluation_indices.npy,2232,872c981c1b297d0272cd9ea5c20b63839e8ef4793bbb91390ac50a3ec7e779be
analysis_artifacts/canonical_run/folds/fold_06/inner/level1/C10/seed_42/inner_02/preprocessing/fit_indices.npy,4352,29415ab103f374ace93873a37b68252764e74754c72753600c335074cc3ec057
analysis_artifacts/canonical_run/folds/fold_06/inner/level1/C10/seed_42/inner_02/preprocessing/preprocessing_manifest.json,839,b88bfc838f66d5045fca4c64f1ba1889e901919b0a959d1c387cd3ce4ee6fab3
analysis_artifacts/canonical_run/folds/fold_06/inner/level1/C10/seed_42/inner_02/preprocessing/selected_full_edge_indices.npy,39928,7cc85ca722bba67967e04a20b0f3fd736882a73e9823f875233646eee380517f
analysis_artifacts/canonical_run/folds/fold_06/inner/level1/C10/seed_42/inner_02/rung1_result.json,755,776f11e1530298bba47bede0f3784a0beec6a4d9778d01a2f8ce82e6474b11ba
analysis_artifacts/canonical_run/folds/fold_06/inner/level1/C10/seed_42/inner_02/rung2_result.json,756,09085cf016cbbb494bf05cffa48ad62c17da832c987ab73b81a374d19b0f67f3
analysis_artifacts/canonical_run/folds/fold_06/inner/level1/C11/seed_42/inner_00/preprocessing/evaluation_indices.npy,2240,91c7bb5c21cd25e3727a8cd18230d30dbaf8599d7d48f5605feb4d8b4cad0d3e
analysis_artifacts/canonical_run/folds/fold_06/inner/level1/C11/seed_42/inner_00/preprocessing/fit_indices.npy,4344,5be0ce6ba222935c0a22c0e849449d94bcd82b193997b08a28e517c558db7624
analysis_artifacts/canonical_run/folds/fold_06/inner/level1/C11/seed_42/inner_00/preprocessing/preprocessing_manifest.json,839,bb15587a39daf7511284de1aff4a872b9c8257ea2ecd8cf408d3b8734da98187
analysis_artifacts/canonical_run/folds/fold_06/inner/level1/C11/seed_42/inner_00/preprocessing/selected_full_edge_indices.npy,39928,465ed97b1b50d191fc993778f124ab832e2a8de34ae06e2793bf57e1334827cb
analysis_artifacts/canonical_run/folds/fold_06/inner/level1/C11/seed_42/inner_00/rung1_result.json,755,69c9a067331e1cd21164392bc07031c97bbc913dbf7095c78795e4a76903dfb1
analysis_artifacts/canonical_run/folds/fold_06/inner/level1/C11/seed_42/inner_00/rung2_result.json,756,92bd1655861379d34895c13a26fd9663980c0129ab4d9fec830fa0837a2660d0
analysis_artifacts/canonical_run/folds/fold_06/inner/level1/C11/seed_42/inner_01/preprocessing/evaluation_indices.npy,2240,81958fd727db9888fde38fb4ec52b4b7b448d533c876b8517507c00a0025e449
analysis_artifacts/canonical_run/folds/fold_06/inner/level1/C11/seed_42/inner_01/preprocessing/fit_indices.npy,4344,01420d69b2f7338f22b74973afc324d34b626720c279f9f1b69b110be605e3cb
analysis_artifacts/canonical_run/folds/fold_06/inner/level1/C11/seed_42/inner_01/preprocessing/preprocessing_manifest.json,839,45c9a42a6a18db8dae5cb361558d423d15952c19f7dc1e92a22235458a831885
analysis_artifacts/canonical_run/folds/fold_06/inner/level1/C11/seed_42/inner_01/preprocessing/selected_full_edge_indices.npy,39928,ff3c4551b64303dda8abb0ec7be9232978dde77a8f8b73385e2377298f0c0e89
analysis_artifacts/canonical_run/folds/fold_06/inner/level1/C11/seed_42/inner_01/rung1_result.json,756,9a5a837ce108cbca8a7d36b8076276257a9a460074cc2e773e294f415b5ca9b6
analysis_artifacts/canonical_run/folds/fold_06/inner/level1/C11/seed_42/inner_01/rung2_result.json,757,44e3650ff307761af2190216f44fbb48d320c7db2934b92c5f42d76144c5d5d8
analysis_artifacts/canonical_run/folds/fold_06/inner/level1/C11/seed_42/inner_02/preprocessing/evaluation_indices.npy,2232,872c981c1b297d0272cd9ea5c20b63839e8ef4793bbb91390ac50a3ec7e779be
analysis_artifacts/canonical_run/folds/fold_06/inner/level1/C11/seed_42/inner_02/preprocessing/fit_indices.npy,4352,29415ab103f374ace93873a37b68252764e74754c72753600c335074cc3ec057
analysis_artifacts/canonical_run/folds/fold_06/inner/level1/C11/seed_42/inner_02/preprocessing/preprocessing_manifest.json,839,93df9621144563b4c81e7f6e730c39d1eacf525885a98ca86de527816e326670
analysis_artifacts/canonical_run/folds/fold_06/inner/level1/C11/seed_42/inner_02/preprocessing/selected_full_edge_indices.npy,39928,7cc85ca722bba67967e04a20b0f3fd736882a73e9823f875233646eee380517f
analysis_artifacts/canonical_run/folds/fold_06/inner/level1/C11/seed_42/inner_02/rung1_result.json,755,75451c4662a8b3b20ae0f486ca89c00e99b80830e08a0cce0aae3de143aaa0e5
analysis_artifacts/canonical_run/folds/fold_06/inner/level1/C11/seed_42/inner_02/rung2_result.json,756,0aeef66614fd6454a6f34220988de7b976a3c2ca38ff42ca5b72108684a1cfbd
analysis_artifacts/canonical_run/folds/fold_06/inner/level1/C12/seed_42/inner_00/preprocessing/evaluation_indices.npy,2240,91c7bb5c21cd25e3727a8cd18230d30dbaf8599d7d48f5605feb4d8b4cad0d3e
analysis_artifacts/canonical_run/folds/fold_06/inner/level1/C12/seed_42/inner_00/preprocessing/fit_indices.npy,4344,5be0ce6ba222935c0a22c0e849449d94bcd82b193997b08a28e517c558db7624
analysis_artifacts/canonical_run/folds/fold_06/inner/level1/C12/seed_42/inner_00/preprocessing/preprocessing_manifest.json,839,bbe511304b043894420f344ceb2ae0e8ca8f21528dd44538fe269e1c507bb643
analysis_artifacts/canonical_run/folds/fold_06/inner/level1/C12/seed_42/inner_00/preprocessing/selected_full_edge_indices.npy,39928,465ed97b1b50d191fc993778f124ab832e2a8de34ae06e2793bf57e1334827cb
analysis_artifacts/canonical_run/folds/fold_06/inner/level1/C12/seed_42/inner_00/rung1_result.json,756,f2e2c29bbcc43b04e1ad3eab2fd153d181eb7ef2d781608c10a4af18f47894b9
analysis_artifacts/canonical_run/folds/fold_06/inner/level1/C12/seed_42/inner_00/rung2_result.json,757,f57a96fec4a2f3d3301e6faa4bb0bd34566a6442f4521fd9ce470f9635f4e44e
analysis_artifacts/canonical_run/folds/fold_06/inner/level1/C12/seed_42/inner_01/preprocessing/evaluation_indices.npy,2240,81958fd727db9888fde38fb4ec52b4b7b448d533c876b8517507c00a0025e449
analysis_artifacts/canonical_run/folds/fold_06/inner/level1/C12/seed_42/inner_01/preprocessing/fit_indices.npy,4344,01420d69b2f7338f22b74973afc324d34b626720c279f9f1b69b110be605e3cb
analysis_artifacts/canonical_run/folds/fold_06/inner/level1/C12/seed_42/inner_01/preprocessing/preprocessing_manifest.json,839,c6270ccead4b8081755f321e2e4143f5da456d67d023273208865872057f37dd
analysis_artifacts/canonical_run/folds/fold_06/inner/level1/C12/seed_42/inner_01/preprocessing/selected_full_edge_indices.npy,39928,ff3c4551b64303dda8abb0ec7be9232978dde77a8f8b73385e2377298f0c0e89
analysis_artifacts/canonical_run/folds/fold_06/inner/level1/C12/seed_42/inner_01/rung1_result.json,756,4048e17bd1ce8693a6db5241a8e9a5a27f3a13c636218148fa34c7021209be27
analysis_artifacts/canonical_run/folds/fold_06/inner/level1/C12/seed_42/inner_01/rung2_result.json,758,909c88e53220978478ec4e94c9b6ad86350dca32646b3fe2281019032b2c23e3
analysis_artifacts/canonical_run/folds/fold_06/inner/level1/C12/seed_42/inner_02/preprocessing/evaluation_indices.npy,2232,872c981c1b297d0272cd9ea5c20b63839e8ef4793bbb91390ac50a3ec7e779be
analysis_artifacts/canonical_run/folds/fold_06/inner/level1/C12/seed_42/inner_02/preprocessing/fit_indices.npy,4352,29415ab103f374ace93873a37b68252764e74754c72753600c335074cc3ec057
analysis_artifacts/canonical_run/folds/fold_06/inner/level1/C12/seed_42/inner_02/preprocessing/preprocessing_manifest.json,839,679085d8a84e552bcc5a028be31b5045d8575c02cc8d38f7d2da27292a5088dc
analysis_artifacts/canonical_run/folds/fold_06/inner/level1/C12/seed_42/inner_02/preprocessing/selected_full_edge_indices.npy,39928,7cc85ca722bba67967e04a20b0f3fd736882a73e9823f875233646eee380517f
analysis_artifacts/canonical_run/folds/fold_06/inner/level1/C12/seed_42/inner_02/rung1_result.json,756,09a2f99b7a9571e50c7d1cdacefc85c9af62577c2d5c67739b5ffa801105aabf
analysis_artifacts/canonical_run/folds/fold_06/inner/level1/C12/seed_42/inner_02/rung2_result.json,757,d7b72f18dd895f063519bb20ac31f5f9e2e5039b3727d8af7615b08d1c95c303
analysis_artifacts/canonical_run/folds/fold_06/inner/level1_final_selection.json,1102,f500ba3d2231d505cae1ee1ea0ed1280b7a78ed4a6eac95de95e55be852ad6b6
analysis_artifacts/canonical_run/folds/fold_06/inner/level1_rung1_selection.json,2080,ee7bd0baa9bd33c919de451f63289eac77cffb7e09177a90f1f7609ed4c4fe42
analysis_artifacts/canonical_run/folds/fold_06/inner/level2/C04/seed_42/inner_00/preprocessing/evaluation_indices.npy,2240,91c7bb5c21cd25e3727a8cd18230d30dbaf8599d7d48f5605feb4d8b4cad0d3e
analysis_artifacts/canonical_run/folds/fold_06/inner/level2/C04/seed_42/inner_00/preprocessing/fit_indices.npy,4344,5be0ce6ba222935c0a22c0e849449d94bcd82b193997b08a28e517c558db7624
analysis_artifacts/canonical_run/folds/fold_06/inner/level2/C04/seed_42/inner_00/preprocessing/preprocessing_manifest.json,800,4f1d1f459d43548157d93c08624dcb5a0fe62bf69ffbd17e4a09f7751ec83873
analysis_artifacts/canonical_run/folds/fold_06/inner/level2/C04/seed_42/inner_00/preprocessing/selected_full_edge_indices.npy,20128,86318ee402a75b009e04a8ea1c596a379a842244d86d972a9f053ccef7af886a
analysis_artifacts/canonical_run/folds/fold_06/inner/level2/C04/seed_42/inner_00/result.json,757,f53d2e4a9dae6d678d88bcf603d59e5820b4d27cb23d218474067f21f15e337f
analysis_artifacts/canonical_run/folds/fold_06/inner/level2/C04/seed_42/inner_01/preprocessing/evaluation_indices.npy,2240,81958fd727db9888fde38fb4ec52b4b7b448d533c876b8517507c00a0025e449
analysis_artifacts/canonical_run/folds/fold_06/inner/level2/C04/seed_42/inner_01/preprocessing/fit_indices.npy,4344,01420d69b2f7338f22b74973afc324d34b626720c279f9f1b69b110be605e3cb
analysis_artifacts/canonical_run/folds/fold_06/inner/level2/C04/seed_42/inner_01/preprocessing/preprocessing_manifest.json,800,829e01002037c62e5c626a02b960a1b6618605bbf9dc104a0cbfe259889ae72f
analysis_artifacts/canonical_run/folds/fold_06/inner/level2/C04/seed_42/inner_01/preprocessing/selected_full_edge_indices.npy,20128,9d644340a5b0a362966bbd742d294ef05484f4a7b3e2c80f3c86368d50ce05fb
analysis_artifacts/canonical_run/folds/fold_06/inner/level2/C04/seed_42/inner_01/result.json,757,2e86f7895f0ad164e03016b64100ed575046ea4068e5d2c36b3392a0bdfab4b6
analysis_artifacts/canonical_run/folds/fold_06/inner/level2/C04/seed_42/inner_02/preprocessing/evaluation_indices.npy,2232,872c981c1b297d0272cd9ea5c20b63839e8ef4793bbb91390ac50a3ec7e779be
analysis_artifacts/canonical_run/folds/fold_06/inner/level2/C04/seed_42/inner_02/preprocessing/fit_indices.npy,4352,29415ab103f374ace93873a37b68252764e74754c72753600c335074cc3ec057
analysis_artifacts/canonical_run/folds/fold_06/inner/level2/C04/seed_42/inner_02/preprocessing/preprocessing_manifest.json,800,23398ce1e649728daf86f52e888a0c194d308f561b802b085fd4b86333f226da
analysis_artifacts/canonical_run/folds/fold_06/inner/level2/C04/seed_42/inner_02/preprocessing/selected_full_edge_indices.npy,20128,7ce45d865ee12316ae711a843e6d7aa0a2dcd2223618e06a1ef6cc8b9de20a85
analysis_artifacts/canonical_run/folds/fold_06/inner/level2/C04/seed_42/inner_02/result.json,757,ab24915a3187cce642734ac49152c9af32aa2d570e11cc81a076c50f661274d5
analysis_artifacts/canonical_run/folds/fold_06/inner/level2/C04/seed_42/inner_oof_evaluation.json,624,3e344dcefc9683e1f92d922131fad29bcf9b8177ebe1e4236f799072d236d262
analysis_artifacts/canonical_run/folds/fold_06/inner/level2/C04/seed_43/inner_00/preprocessing/evaluation_indices.npy,2240,91c7bb5c21cd25e3727a8cd18230d30dbaf8599d7d48f5605feb4d8b4cad0d3e
analysis_artifacts/canonical_run/folds/fold_06/inner/level2/C04/seed_43/inner_00/preprocessing/fit_indices.npy,4344,5be0ce6ba222935c0a22c0e849449d94bcd82b193997b08a28e517c558db7624
analysis_artifacts/canonical_run/folds/fold_06/inner/level2/C04/seed_43/inner_00/preprocessing/preprocessing_manifest.json,800,0550ff5a98f7ebe0597d6b1f27f6c805774b4dc135a010f7db38f6046ef1ea53
analysis_artifacts/canonical_run/folds/fold_06/inner/level2/C04/seed_43/inner_00/preprocessing/selected_full_edge_indices.npy,20128,86318ee402a75b009e04a8ea1c596a379a842244d86d972a9f053ccef7af886a
analysis_artifacts/canonical_run/folds/fold_06/inner/level2/C04/seed_43/inner_00/result.json,758,66ff547240f8aa4528270c30d905435a8477249a45c06e4de2f7508687ac5e8b
analysis_artifacts/canonical_run/folds/fold_06/inner/level2/C04/seed_43/inner_01/preprocessing/evaluation_indices.npy,2240,81958fd727db9888fde38fb4ec52b4b7b448d533c876b8517507c00a0025e449
analysis_artifacts/canonical_run/folds/fold_06/inner/level2/C04/seed_43/inner_01/preprocessing/fit_indices.npy,4344,01420d69b2f7338f22b74973afc324d34b626720c279f9f1b69b110be605e3cb
analysis_artifacts/canonical_run/folds/fold_06/inner/level2/C04/seed_43/inner_01/preprocessing/preprocessing_manifest.json,800,63651d0a6f76f6e83a60966e5b71dd974f2845ad596c49e0e2467ec982a97819
analysis_artifacts/canonical_run/folds/fold_06/inner/level2/C04/seed_43/inner_01/preprocessing/selected_full_edge_indices.npy,20128,9d644340a5b0a362966bbd742d294ef05484f4a7b3e2c80f3c86368d50ce05fb
analysis_artifacts/canonical_run/folds/fold_06/inner/level2/C04/seed_43/inner_01/result.json,755,e9743c3342c4366a1f121a8f1d19954b8676ece45ef6411a17d2e63358ad95b8
analysis_artifacts/canonical_run/folds/fold_06/inner/level2/C04/seed_43/inner_02/preprocessing/evaluation_indices.npy,2232,872c981c1b297d0272cd9ea5c20b63839e8ef4793bbb91390ac50a3ec7e779be
analysis_artifacts/canonical_run/folds/fold_06/inner/level2/C04/seed_43/inner_02/preprocessing/fit_indices.npy,4352,29415ab103f374ace93873a37b68252764e74754c72753600c335074cc3ec057
analysis_artifacts/canonical_run/folds/fold_06/inner/level2/C04/seed_43/inner_02/preprocessing/preprocessing_manifest.json,800,4876d1db67f526552a32ec68254ff0c9b29db04bc2afa5d28d30a29689d7fb88
analysis_artifacts/canonical_run/folds/fold_06/inner/level2/C04/seed_43/inner_02/preprocessing/selected_full_edge_indices.npy,20128,7ce45d865ee12316ae711a843e6d7aa0a2dcd2223618e06a1ef6cc8b9de20a85
analysis_artifacts/canonical_run/folds/fold_06/inner/level2/C04/seed_43/inner_02/result.json,757,4db185595bfd52df404daffc77aa71cb4427453c86828b2723e0f068aca67612
analysis_artifacts/canonical_run/folds/fold_06/inner/level2/C04/seed_43/inner_oof_evaluation.json,627,51d9c4e9e15fd319d697cfb914e93973cc1b4d472ec67e97f1b05a65ae5606c5
analysis_artifacts/canonical_run/folds/fold_06/inner/level2/C04/seed_44/inner_00/preprocessing/evaluation_indices.npy,2240,91c7bb5c21cd25e3727a8cd18230d30dbaf8599d7d48f5605feb4d8b4cad0d3e
analysis_artifacts/canonical_run/folds/fold_06/inner/level2/C04/seed_44/inner_00/preprocessing/fit_indices.npy,4344,5be0ce6ba222935c0a22c0e849449d94bcd82b193997b08a28e517c558db7624
analysis_artifacts/canonical_run/folds/fold_06/inner/level2/C04/seed_44/inner_00/preprocessing/preprocessing_manifest.json,800,57a2f4b462e56e08934ae2f22cea7fa5b2b5e8ea57a2e8b8976bd797e9d74e22
analysis_artifacts/canonical_run/folds/fold_06/inner/level2/C04/seed_44/inner_00/preprocessing/selected_full_edge_indices.npy,20128,86318ee402a75b009e04a8ea1c596a379a842244d86d972a9f053ccef7af886a
analysis_artifacts/canonical_run/folds/fold_06/inner/level2/C04/seed_44/inner_00/result.json,756,288b6b2446f8e3fe20ba9b8aa4435d6bcca5aa1f38f13b92aaf0aa8d38d46ffb
analysis_artifacts/canonical_run/folds/fold_06/inner/level2/C04/seed_44/inner_01/preprocessing/evaluation_indices.npy,2240,81958fd727db9888fde38fb4ec52b4b7b448d533c876b8517507c00a0025e449
analysis_artifacts/canonical_run/folds/fold_06/inner/level2/C04/seed_44/inner_01/preprocessing/fit_indices.npy,4344,01420d69b2f7338f22b74973afc324d34b626720c279f9f1b69b110be605e3cb
analysis_artifacts/canonical_run/folds/fold_06/inner/level2/C04/seed_44/inner_01/preprocessing/preprocessing_manifest.json,800,800e31ad87aaa5dd5a7e4a475d2390dc5a0643c2425df5d28f8926902e7345b7
analysis_artifacts/canonical_run/folds/fold_06/inner/level2/C04/seed_44/inner_01/preprocessing/selected_full_edge_indices.npy,20128,9d644340a5b0a362966bbd742d294ef05484f4a7b3e2c80f3c86368d50ce05fb
analysis_artifacts/canonical_run/folds/fold_06/inner/level2/C04/seed_44/inner_01/result.json,757,a88d3c0ee5823b64a43fd8ffd071e03bd7345473f502e875fed61f37c7152283
analysis_artifacts/canonical_run/folds/fold_06/inner/level2/C04/seed_44/inner_02/preprocessing/evaluation_indices.npy,2232,872c981c1b297d0272cd9ea5c20b63839e8ef4793bbb91390ac50a3ec7e779be
analysis_artifacts/canonical_run/folds/fold_06/inner/level2/C04/seed_44/inner_02/preprocessing/fit_indices.npy,4352,29415ab103f374ace93873a37b68252764e74754c72753600c335074cc3ec057
analysis_artifacts/canonical_run/folds/fold_06/inner/level2/C04/seed_44/inner_02/preprocessing/preprocessing_manifest.json,800,0d553baa8a96bdc349bec397bad9affee20fda78209579c102f0541a4db8a8e3
analysis_artifacts/canonical_run/folds/fold_06/inner/level2/C04/seed_44/inner_02/preprocessing/selected_full_edge_indices.npy,20128,7ce45d865ee12316ae711a843e6d7aa0a2dcd2223618e06a1ef6cc8b9de20a85
analysis_artifacts/canonical_run/folds/fold_06/inner/level2/C04/seed_44/inner_02/result.json,757,499276a65813badcfb907121e453a8ff3745bee515cf9eb05d90db953e49d4d1
analysis_artifacts/canonical_run/folds/fold_06/inner/level2/C04/seed_44/inner_oof_evaluation.json,626,898ea8ca012d2fa650f3477fed32dccd34f99db22f47d8d14f30be527fa24ca7
analysis_artifacts/canonical_run/folds/fold_06/inner/level2/C12/seed_42/inner_00/preprocessing/evaluation_indices.npy,2240,91c7bb5c21cd25e3727a8cd18230d30dbaf8599d7d48f5605feb4d8b4cad0d3e
analysis_artifacts/canonical_run/folds/fold_06/inner/level2/C12/seed_42/inner_00/preprocessing/fit_indices.npy,4344,5be0ce6ba222935c0a22c0e849449d94bcd82b193997b08a28e517c558db7624
analysis_artifacts/canonical_run/folds/fold_06/inner/level2/C12/seed_42/inner_00/preprocessing/preprocessing_manifest.json,839,206d13dd6d3a8599826cf0a8265be5cf079af8d4cfddd2c46fde62153d58e555
analysis_artifacts/canonical_run/folds/fold_06/inner/level2/C12/seed_42/inner_00/preprocessing/selected_full_edge_indices.npy,39928,465ed97b1b50d191fc993778f124ab832e2a8de34ae06e2793bf57e1334827cb
analysis_artifacts/canonical_run/folds/fold_06/inner/level2/C12/seed_42/inner_00/result.json,757,f6a18aa7ecd707b44a2e7fbef549d277ef2eac4050971dafde9631f70b23ab8a
analysis_artifacts/canonical_run/folds/fold_06/inner/level2/C12/seed_42/inner_01/preprocessing/evaluation_indices.npy,2240,81958fd727db9888fde38fb4ec52b4b7b448d533c876b8517507c00a0025e449
analysis_artifacts/canonical_run/folds/fold_06/inner/level2/C12/seed_42/inner_01/preprocessing/fit_indices.npy,4344,01420d69b2f7338f22b74973afc324d34b626720c279f9f1b69b110be605e3cb
analysis_artifacts/canonical_run/folds/fold_06/inner/level2/C12/seed_42/inner_01/preprocessing/preprocessing_manifest.json,839,3b92c93bb35981462ae1bcdb2a84b723d2bd5de2c4dae9ee36289d2a6b7e45e5
analysis_artifacts/canonical_run/folds/fold_06/inner/level2/C12/seed_42/inner_01/preprocessing/selected_full_edge_indices.npy,39928,ff3c4551b64303dda8abb0ec7be9232978dde77a8f8b73385e2377298f0c0e89
analysis_artifacts/canonical_run/folds/fold_06/inner/level2/C12/seed_42/inner_01/result.json,757,63e1d189a9f43bbfd5c89a303df90e99aeb842111b0223311ec274ef293494ee
analysis_artifacts/canonical_run/folds/fold_06/inner/level2/C12/seed_42/inner_02/preprocessing/evaluation_indices.npy,2232,872c981c1b297d0272cd9ea5c20b63839e8ef4793bbb91390ac50a3ec7e779be
analysis_artifacts/canonical_run/folds/fold_06/inner/level2/C12/seed_42/inner_02/preprocessing/fit_indices.npy,4352,29415ab103f374ace93873a37b68252764e74754c72753600c335074cc3ec057
analysis_artifacts/canonical_run/folds/fold_06/inner/level2/C12/seed_42/inner_02/preprocessing/preprocessing_manifest.json,839,aa91c0674abe69305817a350cce6f08052f2125b0848520c4d36d57c6cfb896f
analysis_artifacts/canonical_run/folds/fold_06/inner/level2/C12/seed_42/inner_02/preprocessing/selected_full_edge_indices.npy,39928,7cc85ca722bba67967e04a20b0f3fd736882a73e9823f875233646eee380517f
analysis_artifacts/canonical_run/folds/fold_06/inner/level2/C12/seed_42/inner_02/result.json,757,88be4be3b999b753c0302e24b78e0724203e186a4c64e39391b7f2c4eb7843b2
analysis_artifacts/canonical_run/folds/fold_06/inner/level2/C12/seed_42/inner_oof_evaluation.json,625,49a3d74e1bb96d042d7f1213e7068e3c1942ddf401642205a0a0ac83f8119614
analysis_artifacts/canonical_run/folds/fold_06/inner/level2/C12/seed_43/inner_00/preprocessing/evaluation_indices.npy,2240,91c7bb5c21cd25e3727a8cd18230d30dbaf8599d7d48f5605feb4d8b4cad0d3e
analysis_artifacts/canonical_run/folds/fold_06/inner/level2/C12/seed_43/inner_00/preprocessing/fit_indices.npy,4344,5be0ce6ba222935c0a22c0e849449d94bcd82b193997b08a28e517c558db7624
analysis_artifacts/canonical_run/folds/fold_06/inner/level2/C12/seed_43/inner_00/preprocessing/preprocessing_manifest.json,839,4b1fbc6c4e85f6f2867345ce5df87c0c256e3614334577c478616565afadf3e0
analysis_artifacts/canonical_run/folds/fold_06/inner/level2/C12/seed_43/inner_00/preprocessing/selected_full_edge_indices.npy,39928,465ed97b1b50d191fc993778f124ab832e2a8de34ae06e2793bf57e1334827cb
analysis_artifacts/canonical_run/folds/fold_06/inner/level2/C12/seed_43/inner_00/result.json,758,d48f51f0732e365257ba62757ee2fff704a4eaa5fa66c0720e1d4861cea9b235
analysis_artifacts/canonical_run/folds/fold_06/inner/level2/C12/seed_43/inner_01/preprocessing/evaluation_indices.npy,2240,81958fd727db9888fde38fb4ec52b4b7b448d533c876b8517507c00a0025e449
analysis_artifacts/canonical_run/folds/fold_06/inner/level2/C12/seed_43/inner_01/preprocessing/fit_indices.npy,4344,01420d69b2f7338f22b74973afc324d34b626720c279f9f1b69b110be605e3cb
analysis_artifacts/canonical_run/folds/fold_06/inner/level2/C12/seed_43/inner_01/preprocessing/preprocessing_manifest.json,839,350e95bbe1171af41200b4c5ccad764efff78bcade33f0a921e291674d47a51b
analysis_artifacts/canonical_run/folds/fold_06/inner/level2/C12/seed_43/inner_01/preprocessing/selected_full_edge_indices.npy,39928,ff3c4551b64303dda8abb0ec7be9232978dde77a8f8b73385e2377298f0c0e89
analysis_artifacts/canonical_run/folds/fold_06/inner/level2/C12/seed_43/inner_01/result.json,757,249df9be9226db41d3ab5d68fcfd70db93b17d08f3ff106edaef712d5fa6a4eb
analysis_artifacts/canonical_run/folds/fold_06/inner/level2/C12/seed_43/inner_02/preprocessing/evaluation_indices.npy,2232,872c981c1b297d0272cd9ea5c20b63839e8ef4793bbb91390ac50a3ec7e779be
analysis_artifacts/canonical_run/folds/fold_06/inner/level2/C12/seed_43/inner_02/preprocessing/fit_indices.npy,4352,29415ab103f374ace93873a37b68252764e74754c72753600c335074cc3ec057
analysis_artifacts/canonical_run/folds/fold_06/inner/level2/C12/seed_43/inner_02/preprocessing/preprocessing_manifest.json,839,7cfc2b19f51605fe0dfc4dae155c0aaad4d389313f3e5fda71edf3b6f0dedf36
analysis_artifacts/canonical_run/folds/fold_06/inner/level2/C12/seed_43/inner_02/preprocessing/selected_full_edge_indices.npy,39928,7cc85ca722bba67967e04a20b0f3fd736882a73e9823f875233646eee380517f
analysis_artifacts/canonical_run/folds/fold_06/inner/level2/C12/seed_43/inner_02/result.json,756,2dfe019573269b2e6e1864b4ccf16efccefc96af6b5f4452b90f5adb82c05505
analysis_artifacts/canonical_run/folds/fold_06/inner/level2/C12/seed_43/inner_oof_evaluation.json,625,a858e0960a09e389cccb040fbae5121acaa20d9afc8006caf9eeb99a6ab4932f
analysis_artifacts/canonical_run/folds/fold_06/inner/level2/C12/seed_44/inner_00/preprocessing/evaluation_indices.npy,2240,91c7bb5c21cd25e3727a8cd18230d30dbaf8599d7d48f5605feb4d8b4cad0d3e
analysis_artifacts/canonical_run/folds/fold_06/inner/level2/C12/seed_44/inner_00/preprocessing/fit_indices.npy,4344,5be0ce6ba222935c0a22c0e849449d94bcd82b193997b08a28e517c558db7624
analysis_artifacts/canonical_run/folds/fold_06/inner/level2/C12/seed_44/inner_00/preprocessing/preprocessing_manifest.json,839,bae5c5de21008a73311d07595bc90a6327432e938817866e0e01bd85f5422362
analysis_artifacts/canonical_run/folds/fold_06/inner/level2/C12/seed_44/inner_00/preprocessing/selected_full_edge_indices.npy,39928,465ed97b1b50d191fc993778f124ab832e2a8de34ae06e2793bf57e1334827cb
analysis_artifacts/canonical_run/folds/fold_06/inner/level2/C12/seed_44/inner_00/result.json,758,ecd0b9222e6a445a366aaedc5d61be781b914c6e92b326ad3690b33532728a79
analysis_artifacts/canonical_run/folds/fold_06/inner/level2/C12/seed_44/inner_01/preprocessing/evaluation_indices.npy,2240,81958fd727db9888fde38fb4ec52b4b7b448d533c876b8517507c00a0025e449
analysis_artifacts/canonical_run/folds/fold_06/inner/level2/C12/seed_44/inner_01/preprocessing/fit_indices.npy,4344,01420d69b2f7338f22b74973afc324d34b626720c279f9f1b69b110be605e3cb
analysis_artifacts/canonical_run/folds/fold_06/inner/level2/C12/seed_44/inner_01/preprocessing/preprocessing_manifest.json,839,f9cf914a5007a948ead81a6b7c9068f4d9b9d1f2c122f838c7645c286c9c8ed1
analysis_artifacts/canonical_run/folds/fold_06/inner/level2/C12/seed_44/inner_01/preprocessing/selected_full_edge_indices.npy,39928,ff3c4551b64303dda8abb0ec7be9232978dde77a8f8b73385e2377298f0c0e89
analysis_artifacts/canonical_run/folds/fold_06/inner/level2/C12/seed_44/inner_01/result.json,757,1a16bb211dc4b6d9831597074105438645262b735255a2f7f50a37584d1e89eb
analysis_artifacts/canonical_run/folds/fold_06/inner/level2/C12/seed_44/inner_02/preprocessing/evaluation_indices.npy,2232,872c981c1b297d0272cd9ea5c20b63839e8ef4793bbb91390ac50a3ec7e779be
analysis_artifacts/canonical_run/folds/fold_06/inner/level2/C12/seed_44/inner_02/preprocessing/fit_indices.npy,4352,29415ab103f374ace93873a37b68252764e74754c72753600c335074cc3ec057
analysis_artifacts/canonical_run/folds/fold_06/inner/level2/C12/seed_44/inner_02/preprocessing/preprocessing_manifest.json,839,b2cbc271d5763c902ccb2442d9978a0a264c14c5bb9e685a00875ad7d8824351
analysis_artifacts/canonical_run/folds/fold_06/inner/level2/C12/seed_44/inner_02/preprocessing/selected_full_edge_indices.npy,39928,7cc85ca722bba67967e04a20b0f3fd736882a73e9823f875233646eee380517f
analysis_artifacts/canonical_run/folds/fold_06/inner/level2/C12/seed_44/inner_02/result.json,756,b3b4bf57304f8e1347d1dbc6e5f7fb3fc154b90c89f3787d22567a9444f0a289
analysis_artifacts/canonical_run/folds/fold_06/inner/level2/C12/seed_44/inner_oof_evaluation.json,624,3a14d941fe15b16a6cd0457e35dbcf200f9f2fcb0896e97f715c0fced3a9b637
analysis_artifacts/canonical_run/folds/fold_06/inner/level2_final_selection.json,5564,76cea921f8908656d127dba2f9c6bb0a27fb871bfd13e669e130063287943034
analysis_artifacts/canonical_run/folds/fold_06/outer_final/seed_42/checkpoint_manifest.json,9789,a8947ad2906e568a7e2e2bcc538c2f7e0c22c4da6cbd7987f31f8a894cc0b51f
analysis_artifacts/canonical_run/folds/fold_06/outer_final/seed_42/fit_manifest.json,533,a4f6fa3103c22f948475e12f93c788777df0dd9545a6f4b9b6a772e3827dd0ac
analysis_artifacts/canonical_run/folds/fold_06/outer_final/seed_42/model_checkpoint.pt,6888054,5c5df0dda5e48fdf8614837f053f4302a0230168508b4ec16bb6aacb1442167d
analysis_artifacts/canonical_run/folds/fold_06/outer_final/seed_42/preprocessing/evaluation_indices.npy,832,49f750d0c5af8591ab4c37c1a1b49e7d6d123418f2cefcd3e820a5d1c101a816
analysis_artifacts/canonical_run/folds/fold_06/outer_final/seed_42/preprocessing/fit_indices.npy,6456,4b85e32f4c3222d7e8b96ed845c0bdadf3e54f340c0ed19013945f0dcd596888
analysis_artifacts/canonical_run/folds/fold_06/outer_final/seed_42/preprocessing/preprocessing_manifest.json,835,1e541e4988b2dde91bb8cbfe91c17b078c859bbc7930dc1d1d9aa25d14f9228c
analysis_artifacts/canonical_run/folds/fold_06/outer_final/seed_42/preprocessing/selected_full_edge_indices.npy,39928,36a9ff1031ff01757d80a887b163515987b919b47e290b1c1fc945ddddfeb76a
analysis_artifacts/canonical_run/folds/fold_06/outer_final/seed_42/preprocessing_state.npz,285564,745b1cd4c2a146d371fe184ef0d9153361d9186ea3498e8a9dbfdd901b3cf54b
analysis_artifacts/canonical_run/folds/fold_06/outer_final/seed_42/preprocessing_state_manifest.json,2617,9245a168ed7cc229d8ba44688fb65c7116120fffcbca115713950c76c39002cf
analysis_artifacts/canonical_run/folds/fold_06/outer_final/seed_42/reload_audit.json,3394,2bc17af153d770a02d689462a970f60d3b837eeba88829cb7942f2c2c92d8e0e
analysis_artifacts/canonical_run/folds/fold_06/outer_final/seed_42/test_indices.npy,832,49f750d0c5af8591ab4c37c1a1b49e7d6d123418f2cefcd3e820a5d1c101a816
analysis_artifacts/canonical_run/folds/fold_06/outer_final/seed_42/test_outputs.npz,2331,cdfdaa446858ae0f14ddb7fe3cae938d7e029d189fa99b786bb32d8e42e80b60
analysis_artifacts/canonical_run/folds/fold_06/outer_final/seed_42/test_subject_ids.npy,832,84da57af975c931fdb39e935f08a2922cb8f665dd71bc94fba317bd3dd0fa445
analysis_artifacts/canonical_run/folds/fold_06/outer_final/seed_42/train_indices.npy,6456,4b85e32f4c3222d7e8b96ed845c0bdadf3e54f340c0ed19013945f0dcd596888
analysis_artifacts/canonical_run/folds/fold_06/outer_final/seed_42/train_subject_ids.npy,6456,bead3ab4b5dde6029e9895f8ae280138b9c74bb3174e31c40fe590811be65b5e
analysis_artifacts/canonical_run/folds/fold_06/outer_final/seed_43/checkpoint_manifest.json,9789,1051c525bc8df78b927738ef27ae7d444542a3b239f3c4f774a230ca6154e5bb
analysis_artifacts/canonical_run/folds/fold_06/outer_final/seed_43/fit_manifest.json,533,23e66a05e262a4607c9faced64a092a404aea576e600aa7d78b42bfd01c42b58
analysis_artifacts/canonical_run/folds/fold_06/outer_final/seed_43/model_checkpoint.pt,6888054,a24422c4220653ce48f2c36e6a4380ad38e49faf07605b9c7c95f8809a498d1f
analysis_artifacts/canonical_run/folds/fold_06/outer_final/seed_43/preprocessing/evaluation_indices.npy,832,49f750d0c5af8591ab4c37c1a1b49e7d6d123418f2cefcd3e820a5d1c101a816
analysis_artifacts/canonical_run/folds/fold_06/outer_final/seed_43/preprocessing/fit_indices.npy,6456,4b85e32f4c3222d7e8b96ed845c0bdadf3e54f340c0ed19013945f0dcd596888
analysis_artifacts/canonical_run/folds/fold_06/outer_final/seed_43/preprocessing/preprocessing_manifest.json,835,26d77baad62a59e89c505653755e7866f06e479304bfade8ca575091a84f6705
analysis_artifacts/canonical_run/folds/fold_06/outer_final/seed_43/preprocessing/selected_full_edge_indices.npy,39928,36a9ff1031ff01757d80a887b163515987b919b47e290b1c1fc945ddddfeb76a
analysis_artifacts/canonical_run/folds/fold_06/outer_final/seed_43/preprocessing_state.npz,285564,745b1cd4c2a146d371fe184ef0d9153361d9186ea3498e8a9dbfdd901b3cf54b
analysis_artifacts/canonical_run/folds/fold_06/outer_final/seed_43/preprocessing_state_manifest.json,2617,9b9188cbe93778bd1dac3717c54783c59a25514afc7e70e94e107ec02b971551
analysis_artifacts/canonical_run/folds/fold_06/outer_final/seed_43/reload_audit.json,3394,693bb0afb87d84ec9ea58e1a9bdba5dd975fb5960551c8422f42bd8c46fd8300
analysis_artifacts/canonical_run/folds/fold_06/outer_final/seed_43/test_indices.npy,832,49f750d0c5af8591ab4c37c1a1b49e7d6d123418f2cefcd3e820a5d1c101a816
analysis_artifacts/canonical_run/folds/fold_06/outer_final/seed_43/test_outputs.npz,2359,5a0b3ae5f2c9a69da424f238ada452cf6b75bdf8bc274cd42d9acb29ec68fc01
analysis_artifacts/canonical_run/folds/fold_06/outer_final/seed_43/test_subject_ids.npy,832,84da57af975c931fdb39e935f08a2922cb8f665dd71bc94fba317bd3dd0fa445
analysis_artifacts/canonical_run/folds/fold_06/outer_final/seed_43/train_indices.npy,6456,4b85e32f4c3222d7e8b96ed845c0bdadf3e54f340c0ed19013945f0dcd596888
analysis_artifacts/canonical_run/folds/fold_06/outer_final/seed_43/train_subject_ids.npy,6456,bead3ab4b5dde6029e9895f8ae280138b9c74bb3174e31c40fe590811be65b5e
analysis_artifacts/canonical_run/folds/fold_06/outer_final/seed_44/checkpoint_manifest.json,9789,b330f3fe5c512832a97b81cd0552d00fc4b77b45773616add7d3a6b3e7d7daf5
analysis_artifacts/canonical_run/folds/fold_06/outer_final/seed_44/fit_manifest.json,533,7b271171d684437dc4b5ab141279e608ba4573cbc401df2351dbfb70122b3a6f
analysis_artifacts/canonical_run/folds/fold_06/outer_final/seed_44/model_checkpoint.pt,6888054,6a6a4e5a7e6995feb81b6a05659334da76f0c4332c7ba7a0cba1395393cd17fb
analysis_artifacts/canonical_run/folds/fold_06/outer_final/seed_44/preprocessing/evaluation_indices.npy,832,49f750d0c5af8591ab4c37c1a1b49e7d6d123418f2cefcd3e820a5d1c101a816
analysis_artifacts/canonical_run/folds/fold_06/outer_final/seed_44/preprocessing/fit_indices.npy,6456,4b85e32f4c3222d7e8b96ed845c0bdadf3e54f340c0ed19013945f0dcd596888
analysis_artifacts/canonical_run/folds/fold_06/outer_final/seed_44/preprocessing/preprocessing_manifest.json,835,b0797a177e783d14db38da9b2c8fcc55aa425dad6f3b64db57f9b423e345fbcb
analysis_artifacts/canonical_run/folds/fold_06/outer_final/seed_44/preprocessing/selected_full_edge_indices.npy,39928,36a9ff1031ff01757d80a887b163515987b919b47e290b1c1fc945ddddfeb76a
analysis_artifacts/canonical_run/folds/fold_06/outer_final/seed_44/preprocessing_state.npz,285564,745b1cd4c2a146d371fe184ef0d9153361d9186ea3498e8a9dbfdd901b3cf54b
analysis_artifacts/canonical_run/folds/fold_06/outer_final/seed_44/preprocessing_state_manifest.json,2617,e9cff21c9b35358c8b112e9a625a60cf2a0ed5bbf449e34c561aad85a61c5d2f
analysis_artifacts/canonical_run/folds/fold_06/outer_final/seed_44/reload_audit.json,3394,9a9ab8753cd07886b6902c0295ebc9458d03862d2fb8d31742d91d632dd074fe
analysis_artifacts/canonical_run/folds/fold_06/outer_final/seed_44/test_indices.npy,832,49f750d0c5af8591ab4c37c1a1b49e7d6d123418f2cefcd3e820a5d1c101a816
analysis_artifacts/canonical_run/folds/fold_06/outer_final/seed_44/test_outputs.npz,2365,02155067f85c3d4b9c76878312180eb2b1d0cd218493d1c956cd9c98787c78ef
analysis_artifacts/canonical_run/folds/fold_06/outer_final/seed_44/test_subject_ids.npy,832,84da57af975c931fdb39e935f08a2922cb8f665dd71bc94fba317bd3dd0fa445
analysis_artifacts/canonical_run/folds/fold_06/outer_final/seed_44/train_indices.npy,6456,4b85e32f4c3222d7e8b96ed845c0bdadf3e54f340c0ed19013945f0dcd596888
analysis_artifacts/canonical_run/folds/fold_06/outer_final/seed_44/train_subject_ids.npy,6456,bead3ab4b5dde6029e9895f8ae280138b9c74bb3174e31c40fe590811be65b5e
analysis_artifacts/canonical_run/folds/fold_06/outer_final/seed_predictions.npz,4630,1385290237403806e96e45641b159b65c0bc0211a303b76db86bbe3fba14998e
analysis_artifacts/canonical_run/folds/fold_06/stage_a_summary.json,3057,b0cddd777b88892208fc4f7f83cf7a91da1da9a33805c90ea21dbc17cc394637
analysis_artifacts/canonical_run/folds/fold_06/stage_b_outer_metrics.json,1420,98f20cac06da20ea78e3f37c65d05ceb12dd83b576e2a9b806690bb7c813cb8c
analysis_artifacts/canonical_run/folds/fold_07/canonical_fold_completion.json,1839,99cc7ab87d8fc9f3ae320dea3c452df2eed932f42649a0be65d440de6d969a0b
analysis_artifacts/canonical_run/folds/fold_07/frozen_outer_test_predictions.npz,4146,95ca1335b09041fe87289b259e262a4767af3c4c713f789e3f299aa626dc9770
analysis_artifacts/canonical_run/folds/fold_07/frozen_prediction_manifest.json,1821,ff4e53577d7e79b0d2db065564495f4b239f626ca069d5bb22001585e16cf5c8
analysis_artifacts/canonical_run/folds/fold_07/inner/calibration.json,625,a1e9bf94326bde582c6245261c41b8f2ae25df8015791ba66bdf2e20b78495bb
analysis_artifacts/canonical_run/folds/fold_07/inner/level1/C01/seed_42/inner_00/preprocessing/evaluation_indices.npy,2240,a5803293beedef081e9e96d90a77645a95d8b8671eff9130b277acbab39a3d73
analysis_artifacts/canonical_run/folds/fold_07/inner/level1/C01/seed_42/inner_00/preprocessing/fit_indices.npy,4344,604356eb4833238d1c8a87307ef1b0176daad282ac91965c125a3f5aa2ed3ced
analysis_artifacts/canonical_run/folds/fold_07/inner/level1/C01/seed_42/inner_00/preprocessing/preprocessing_manifest.json,800,b01b3d887391d415f963a5b115fee6db942a24692f745272ce823afeca409021
analysis_artifacts/canonical_run/folds/fold_07/inner/level1/C01/seed_42/inner_00/preprocessing/selected_full_edge_indices.npy,8128,34224457ba24e936a9b62d8f4419f45efc65792c13b2b92a0fcd50469e44d110
analysis_artifacts/canonical_run/folds/fold_07/inner/level1/C01/seed_42/inner_00/rung1_result.json,756,6d22728b275e7e25c06a6b80a4892090724c3d8726d4caf58f1fbfdd100b3e6d
analysis_artifacts/canonical_run/folds/fold_07/inner/level1/C01/seed_42/inner_01/preprocessing/evaluation_indices.npy,2240,42ac993ec565d64d2b7a262edc207e14460a420f352dc865e5ba9ba2565bcdde
analysis_artifacts/canonical_run/folds/fold_07/inner/level1/C01/seed_42/inner_01/preprocessing/fit_indices.npy,4344,c1ca55f02f5f47fd34f5b07be0bf49a8c5b16f963b25350fe2237c4ee4f7fbcf
analysis_artifacts/canonical_run/folds/fold_07/inner/level1/C01/seed_42/inner_01/preprocessing/preprocessing_manifest.json,800,b6ed37a8fb95cb874234673635df490191f46cfcbb080c45c4ef78de5a69da14
analysis_artifacts/canonical_run/folds/fold_07/inner/level1/C01/seed_42/inner_01/preprocessing/selected_full_edge_indices.npy,8128,668cf8d0d3550b6342138473125b6bd7122f319900b72d2174f3ba7f93efa865
analysis_artifacts/canonical_run/folds/fold_07/inner/level1/C01/seed_42/inner_01/rung1_result.json,756,1d066f50fad28022ec59828b8e9b9400c3e4ed6f05e2bca5ed13497ddae6ee1f
analysis_artifacts/canonical_run/folds/fold_07/inner/level1/C01/seed_42/inner_02/preprocessing/evaluation_indices.npy,2232,8184c3ef73734d40fa53ec17870dbb204a11bf2f4bd03def61aff63891c58d23
analysis_artifacts/canonical_run/folds/fold_07/inner/level1/C01/seed_42/inner_02/preprocessing/fit_indices.npy,4352,49563061f22b2596f6ed4130992f6e808317edd86bdadfc70a9bcc109f9f60d0
analysis_artifacts/canonical_run/folds/fold_07/inner/level1/C01/seed_42/inner_02/preprocessing/preprocessing_manifest.json,800,b51efaac6391a229a703a6045a1a069525885762decbdcd0e41a354bbe700c7e
analysis_artifacts/canonical_run/folds/fold_07/inner/level1/C01/seed_42/inner_02/preprocessing/selected_full_edge_indices.npy,8128,81f9063f5dc8badc20b0680cec481e48f819b44a68e444b8829e885ab15d9c93
analysis_artifacts/canonical_run/folds/fold_07/inner/level1/C01/seed_42/inner_02/rung1_result.json,756,5768d6043cde6683f3774bb16676d82ee733eda91b7c69945eba70d89c4e943b
analysis_artifacts/canonical_run/folds/fold_07/inner/level1/C02/seed_42/inner_00/preprocessing/evaluation_indices.npy,2240,a5803293beedef081e9e96d90a77645a95d8b8671eff9130b277acbab39a3d73
analysis_artifacts/canonical_run/folds/fold_07/inner/level1/C02/seed_42/inner_00/preprocessing/fit_indices.npy,4344,604356eb4833238d1c8a87307ef1b0176daad282ac91965c125a3f5aa2ed3ced
analysis_artifacts/canonical_run/folds/fold_07/inner/level1/C02/seed_42/inner_00/preprocessing/preprocessing_manifest.json,800,4bcb6e70216a6aa432430c828b48e3c24d31833d91b5f2dd70416dbfb4a7aa28
analysis_artifacts/canonical_run/folds/fold_07/inner/level1/C02/seed_42/inner_00/preprocessing/selected_full_edge_indices.npy,8128,34224457ba24e936a9b62d8f4419f45efc65792c13b2b92a0fcd50469e44d110
analysis_artifacts/canonical_run/folds/fold_07/inner/level1/C02/seed_42/inner_00/rung1_result.json,756,7d2e4fd310a599b2d6c1a4740239d7a790868574fb178c64433bb45b6adf337e
analysis_artifacts/canonical_run/folds/fold_07/inner/level1/C02/seed_42/inner_01/preprocessing/evaluation_indices.npy,2240,42ac993ec565d64d2b7a262edc207e14460a420f352dc865e5ba9ba2565bcdde
analysis_artifacts/canonical_run/folds/fold_07/inner/level1/C02/seed_42/inner_01/preprocessing/fit_indices.npy,4344,c1ca55f02f5f47fd34f5b07be0bf49a8c5b16f963b25350fe2237c4ee4f7fbcf
analysis_artifacts/canonical_run/folds/fold_07/inner/level1/C02/seed_42/inner_01/preprocessing/preprocessing_manifest.json,800,eb55f9e578a08e59ffaea2ad0a2ab3704ca9d1cf199e1697cd97e2dfd8c7b187
analysis_artifacts/canonical_run/folds/fold_07/inner/level1/C02/seed_42/inner_01/preprocessing/selected_full_edge_indices.npy,8128,668cf8d0d3550b6342138473125b6bd7122f319900b72d2174f3ba7f93efa865
analysis_artifacts/canonical_run/folds/fold_07/inner/level1/C02/seed_42/inner_01/rung1_result.json,756,fb0f02f97ce27a1e95c13dab8ff0ebca971a50b6431549a40f84b6489271cd40
analysis_artifacts/canonical_run/folds/fold_07/inner/level1/C02/seed_42/inner_02/preprocessing/evaluation_indices.npy,2232,8184c3ef73734d40fa53ec17870dbb204a11bf2f4bd03def61aff63891c58d23
analysis_artifacts/canonical_run/folds/fold_07/inner/level1/C02/seed_42/inner_02/preprocessing/fit_indices.npy,4352,49563061f22b2596f6ed4130992f6e808317edd86bdadfc70a9bcc109f9f60d0
analysis_artifacts/canonical_run/folds/fold_07/inner/level1/C02/seed_42/inner_02/preprocessing/preprocessing_manifest.json,800,b4a507fe5aff5a815227a32bbd70df12d641c1c8351c0e21d26b045bd49d6f42
analysis_artifacts/canonical_run/folds/fold_07/inner/level1/C02/seed_42/inner_02/preprocessing/selected_full_edge_indices.npy,8128,81f9063f5dc8badc20b0680cec481e48f819b44a68e444b8829e885ab15d9c93
analysis_artifacts/canonical_run/folds/fold_07/inner/level1/C02/seed_42/inner_02/rung1_result.json,756,74839696f9ec3e28236b0f7fb6b4460b147f24ba5ad2e40761aa275f4a922b7f
analysis_artifacts/canonical_run/folds/fold_07/inner/level1/C03/seed_42/inner_00/preprocessing/evaluation_indices.npy,2240,a5803293beedef081e9e96d90a77645a95d8b8671eff9130b277acbab39a3d73
analysis_artifacts/canonical_run/folds/fold_07/inner/level1/C03/seed_42/inner_00/preprocessing/fit_indices.npy,4344,604356eb4833238d1c8a87307ef1b0176daad282ac91965c125a3f5aa2ed3ced
analysis_artifacts/canonical_run/folds/fold_07/inner/level1/C03/seed_42/inner_00/preprocessing/preprocessing_manifest.json,800,f7f75fc3aa22e4976d8c2b83aaf2a4ce232360aa138473aa8c5634dca7add94f
analysis_artifacts/canonical_run/folds/fold_07/inner/level1/C03/seed_42/inner_00/preprocessing/selected_full_edge_indices.npy,20128,8fa2c0452446a8cd97d0c9745fa3d1683fc02a98c2024252989db92653123295
analysis_artifacts/canonical_run/folds/fold_07/inner/level1/C03/seed_42/inner_00/rung1_result.json,756,88274efd1452778cd592a50ca4ae14b6ba9f4eefb4aefb94cd4fda0506397f11
analysis_artifacts/canonical_run/folds/fold_07/inner/level1/C03/seed_42/inner_01/preprocessing/evaluation_indices.npy,2240,42ac993ec565d64d2b7a262edc207e14460a420f352dc865e5ba9ba2565bcdde
analysis_artifacts/canonical_run/folds/fold_07/inner/level1/C03/seed_42/inner_01/preprocessing/fit_indices.npy,4344,c1ca55f02f5f47fd34f5b07be0bf49a8c5b16f963b25350fe2237c4ee4f7fbcf
analysis_artifacts/canonical_run/folds/fold_07/inner/level1/C03/seed_42/inner_01/preprocessing/preprocessing_manifest.json,800,5d75b9044f6ee889dd85cd0a13f5f017027643f72f6f0fc8b75a34bbf9514faa
analysis_artifacts/canonical_run/folds/fold_07/inner/level1/C03/seed_42/inner_01/preprocessing/selected_full_edge_indices.npy,20128,85a9672d972150b919bbb785232c040e559c91afa53478daf6838e92f1c2fc96
analysis_artifacts/canonical_run/folds/fold_07/inner/level1/C03/seed_42/inner_01/rung1_result.json,756,a8c7d3c641971a7db2c8537f924ab8e8d635408c8ee9c58c1be9cdfbc2ac9873
analysis_artifacts/canonical_run/folds/fold_07/inner/level1/C03/seed_42/inner_02/preprocessing/evaluation_indices.npy,2232,8184c3ef73734d40fa53ec17870dbb204a11bf2f4bd03def61aff63891c58d23
analysis_artifacts/canonical_run/folds/fold_07/inner/level1/C03/seed_42/inner_02/preprocessing/fit_indices.npy,4352,49563061f22b2596f6ed4130992f6e808317edd86bdadfc70a9bcc109f9f60d0
analysis_artifacts/canonical_run/folds/fold_07/inner/level1/C03/seed_42/inner_02/preprocessing/preprocessing_manifest.json,800,9e6ab638c9a1bb7176cdc6b445210e54815266fe16ed0af787374d6a9d4f9787
analysis_artifacts/canonical_run/folds/fold_07/inner/level1/C03/seed_42/inner_02/preprocessing/selected_full_edge_indices.npy,20128,efc4486efd9f2f420de120b1c5b82436c02da68a433fb510e931d1c023a27db1
analysis_artifacts/canonical_run/folds/fold_07/inner/level1/C03/seed_42/inner_02/rung1_result.json,756,8591e32400e3f0c646675d65a5bd7ce519758869b8060c65c4a3d4b757229eca
analysis_artifacts/canonical_run/folds/fold_07/inner/level1/C04/seed_42/inner_00/preprocessing/evaluation_indices.npy,2240,a5803293beedef081e9e96d90a77645a95d8b8671eff9130b277acbab39a3d73
analysis_artifacts/canonical_run/folds/fold_07/inner/level1/C04/seed_42/inner_00/preprocessing/fit_indices.npy,4344,604356eb4833238d1c8a87307ef1b0176daad282ac91965c125a3f5aa2ed3ced
analysis_artifacts/canonical_run/folds/fold_07/inner/level1/C04/seed_42/inner_00/preprocessing/preprocessing_manifest.json,800,a0ffb1989c1f801eba2c49235243110eff6ed9465e33ab5d9f5d57f6425a7b42
analysis_artifacts/canonical_run/folds/fold_07/inner/level1/C04/seed_42/inner_00/preprocessing/selected_full_edge_indices.npy,20128,8fa2c0452446a8cd97d0c9745fa3d1683fc02a98c2024252989db92653123295
analysis_artifacts/canonical_run/folds/fold_07/inner/level1/C04/seed_42/inner_00/rung1_result.json,755,047e033fd5471b53855ace5934413065b1b80620e859656df67ec511abcae319
analysis_artifacts/canonical_run/folds/fold_07/inner/level1/C04/seed_42/inner_01/preprocessing/evaluation_indices.npy,2240,42ac993ec565d64d2b7a262edc207e14460a420f352dc865e5ba9ba2565bcdde
analysis_artifacts/canonical_run/folds/fold_07/inner/level1/C04/seed_42/inner_01/preprocessing/fit_indices.npy,4344,c1ca55f02f5f47fd34f5b07be0bf49a8c5b16f963b25350fe2237c4ee4f7fbcf
analysis_artifacts/canonical_run/folds/fold_07/inner/level1/C04/seed_42/inner_01/preprocessing/preprocessing_manifest.json,800,c506ad832665a205e5ecb4ce1026c438fad471d8d11fcd90383f87f07cc2331a
analysis_artifacts/canonical_run/folds/fold_07/inner/level1/C04/seed_42/inner_01/preprocessing/selected_full_edge_indices.npy,20128,85a9672d972150b919bbb785232c040e559c91afa53478daf6838e92f1c2fc96
analysis_artifacts/canonical_run/folds/fold_07/inner/level1/C04/seed_42/inner_01/rung1_result.json,756,1e5445c28a21baea94bc01539b7f534b82f4a2c0ea6d6c08e6830e127b8ac057
analysis_artifacts/canonical_run/folds/fold_07/inner/level1/C04/seed_42/inner_02/preprocessing/evaluation_indices.npy,2232,8184c3ef73734d40fa53ec17870dbb204a11bf2f4bd03def61aff63891c58d23
analysis_artifacts/canonical_run/folds/fold_07/inner/level1/C04/seed_42/inner_02/preprocessing/fit_indices.npy,4352,49563061f22b2596f6ed4130992f6e808317edd86bdadfc70a9bcc109f9f60d0
analysis_artifacts/canonical_run/folds/fold_07/inner/level1/C04/seed_42/inner_02/preprocessing/preprocessing_manifest.json,800,714504efc8417f8e820254b4b1a9f6e08b1546f3fd22a95dcea4a840de91527f
analysis_artifacts/canonical_run/folds/fold_07/inner/level1/C04/seed_42/inner_02/preprocessing/selected_full_edge_indices.npy,20128,efc4486efd9f2f420de120b1c5b82436c02da68a433fb510e931d1c023a27db1
analysis_artifacts/canonical_run/folds/fold_07/inner/level1/C04/seed_42/inner_02/rung1_result.json,756,cd29b3c4f250e05826b8e90f91166d108091173b4c4449b0cd4140353503671a
analysis_artifacts/canonical_run/folds/fold_07/inner/level1/C05/seed_42/inner_00/preprocessing/evaluation_indices.npy,2240,a5803293beedef081e9e96d90a77645a95d8b8671eff9130b277acbab39a3d73
analysis_artifacts/canonical_run/folds/fold_07/inner/level1/C05/seed_42/inner_00/preprocessing/fit_indices.npy,4344,604356eb4833238d1c8a87307ef1b0176daad282ac91965c125a3f5aa2ed3ced
analysis_artifacts/canonical_run/folds/fold_07/inner/level1/C05/seed_42/inner_00/preprocessing/preprocessing_manifest.json,800,1ee45814906da18acb42006c6d8ad4301b9d5b93bee37c65c67e0a8fcd9ad543
analysis_artifacts/canonical_run/folds/fold_07/inner/level1/C05/seed_42/inner_00/preprocessing/selected_full_edge_indices.npy,39928,d79e09eaa7fc255be81c2ea141c31a02299b489ed3755a0da3ac2acd947c3be4
analysis_artifacts/canonical_run/folds/fold_07/inner/level1/C05/seed_42/inner_00/rung1_result.json,756,3e0b65eec8450d62a7ef1eb1d6bdb50a93a68e5bbba7afc6b879723126568505
analysis_artifacts/canonical_run/folds/fold_07/inner/level1/C05/seed_42/inner_01/preprocessing/evaluation_indices.npy,2240,42ac993ec565d64d2b7a262edc207e14460a420f352dc865e5ba9ba2565bcdde
analysis_artifacts/canonical_run/folds/fold_07/inner/level1/C05/seed_42/inner_01/preprocessing/fit_indices.npy,4344,c1ca55f02f5f47fd34f5b07be0bf49a8c5b16f963b25350fe2237c4ee4f7fbcf
analysis_artifacts/canonical_run/folds/fold_07/inner/level1/C05/seed_42/inner_01/preprocessing/preprocessing_manifest.json,800,138979353b34244ea9c5b1dfda11a49d24410bc2ec67dfb0ce869d644f07db8a
analysis_artifacts/canonical_run/folds/fold_07/inner/level1/C05/seed_42/inner_01/preprocessing/selected_full_edge_indices.npy,39928,ed879cbc031bce829d6d245ac9c65ce9c107b81a6aa0bf12076d35a099584a36
analysis_artifacts/canonical_run/folds/fold_07/inner/level1/C05/seed_42/inner_01/rung1_result.json,756,b80873ba6bd1fad482b8f15a0c02f752860c9b0be6ec8cf74302206ed087053b
analysis_artifacts/canonical_run/folds/fold_07/inner/level1/C05/seed_42/inner_02/preprocessing/evaluation_indices.npy,2232,8184c3ef73734d40fa53ec17870dbb204a11bf2f4bd03def61aff63891c58d23
analysis_artifacts/canonical_run/folds/fold_07/inner/level1/C05/seed_42/inner_02/preprocessing/fit_indices.npy,4352,49563061f22b2596f6ed4130992f6e808317edd86bdadfc70a9bcc109f9f60d0
analysis_artifacts/canonical_run/folds/fold_07/inner/level1/C05/seed_42/inner_02/preprocessing/preprocessing_manifest.json,800,0681716cb2e6ba0827565219fa3a904048a80a3c84b96a5c622fe59edd537bb8
analysis_artifacts/canonical_run/folds/fold_07/inner/level1/C05/seed_42/inner_02/preprocessing/selected_full_edge_indices.npy,39928,1bf367da1da8849fce9f0deb806c35aed80bd296f9372ee7dd9c84e4a7e98abf
analysis_artifacts/canonical_run/folds/fold_07/inner/level1/C05/seed_42/inner_02/rung1_result.json,756,a02ccaeff591b844f8a0a2b55d331426801cccac0c616a8ef78ddd538327f78a
analysis_artifacts/canonical_run/folds/fold_07/inner/level1/C06/seed_42/inner_00/preprocessing/evaluation_indices.npy,2240,a5803293beedef081e9e96d90a77645a95d8b8671eff9130b277acbab39a3d73
analysis_artifacts/canonical_run/folds/fold_07/inner/level1/C06/seed_42/inner_00/preprocessing/fit_indices.npy,4344,604356eb4833238d1c8a87307ef1b0176daad282ac91965c125a3f5aa2ed3ced
analysis_artifacts/canonical_run/folds/fold_07/inner/level1/C06/seed_42/inner_00/preprocessing/preprocessing_manifest.json,800,9d6e69a07d187a945668d3b042555de0d9da037fc1e8cdc21abf99ce1d4a3491
analysis_artifacts/canonical_run/folds/fold_07/inner/level1/C06/seed_42/inner_00/preprocessing/selected_full_edge_indices.npy,39928,d79e09eaa7fc255be81c2ea141c31a02299b489ed3755a0da3ac2acd947c3be4
analysis_artifacts/canonical_run/folds/fold_07/inner/level1/C06/seed_42/inner_00/rung1_result.json,755,70ebab0d7857938bfec4dfb17abb8777162c18ab8d0281f19b4e66340de37c97
analysis_artifacts/canonical_run/folds/fold_07/inner/level1/C06/seed_42/inner_01/preprocessing/evaluation_indices.npy,2240,42ac993ec565d64d2b7a262edc207e14460a420f352dc865e5ba9ba2565bcdde
analysis_artifacts/canonical_run/folds/fold_07/inner/level1/C06/seed_42/inner_01/preprocessing/fit_indices.npy,4344,c1ca55f02f5f47fd34f5b07be0bf49a8c5b16f963b25350fe2237c4ee4f7fbcf
analysis_artifacts/canonical_run/folds/fold_07/inner/level1/C06/seed_42/inner_01/preprocessing/preprocessing_manifest.json,800,3b673882c00ff57d7123b89022931b3266f59d8127a1fd1ddecc106e70a5ee63
analysis_artifacts/canonical_run/folds/fold_07/inner/level1/C06/seed_42/inner_01/preprocessing/selected_full_edge_indices.npy,39928,ed879cbc031bce829d6d245ac9c65ce9c107b81a6aa0bf12076d35a099584a36
analysis_artifacts/canonical_run/folds/fold_07/inner/level1/C06/seed_42/inner_01/rung1_result.json,755,7a05797c94c8d2997cf0bf0d119b7291ad954a63da2af3137274a29c8d8ca04e
analysis_artifacts/canonical_run/folds/fold_07/inner/level1/C06/seed_42/inner_02/preprocessing/evaluation_indices.npy,2232,8184c3ef73734d40fa53ec17870dbb204a11bf2f4bd03def61aff63891c58d23
analysis_artifacts/canonical_run/folds/fold_07/inner/level1/C06/seed_42/inner_02/preprocessing/fit_indices.npy,4352,49563061f22b2596f6ed4130992f6e808317edd86bdadfc70a9bcc109f9f60d0
analysis_artifacts/canonical_run/folds/fold_07/inner/level1/C06/seed_42/inner_02/preprocessing/preprocessing_manifest.json,800,3007fa8f4fd3534fa02547f45be7402347eba1eadd0ddaeeb06a885e2837358e
analysis_artifacts/canonical_run/folds/fold_07/inner/level1/C06/seed_42/inner_02/preprocessing/selected_full_edge_indices.npy,39928,1bf367da1da8849fce9f0deb806c35aed80bd296f9372ee7dd9c84e4a7e98abf
analysis_artifacts/canonical_run/folds/fold_07/inner/level1/C06/seed_42/inner_02/rung1_result.json,756,6f01aba32a194a3ffe4d374bd856a81b720f40649d175262d41e928bbdac2ddd
analysis_artifacts/canonical_run/folds/fold_07/inner/level1/C07/seed_42/inner_00/preprocessing/evaluation_indices.npy,2240,a5803293beedef081e9e96d90a77645a95d8b8671eff9130b277acbab39a3d73
analysis_artifacts/canonical_run/folds/fold_07/inner/level1/C07/seed_42/inner_00/preprocessing/fit_indices.npy,4344,604356eb4833238d1c8a87307ef1b0176daad282ac91965c125a3f5aa2ed3ced
analysis_artifacts/canonical_run/folds/fold_07/inner/level1/C07/seed_42/inner_00/preprocessing/preprocessing_manifest.json,802,7804c6ec3e9e02f04497c190f5d79df3867646460d60e29f1dc6c52df555badb
analysis_artifacts/canonical_run/folds/fold_07/inner/level1/C07/seed_42/inner_00/preprocessing/selected_full_edge_indices.npy,39928,d79e09eaa7fc255be81c2ea141c31a02299b489ed3755a0da3ac2acd947c3be4
analysis_artifacts/canonical_run/folds/fold_07/inner/level1/C07/seed_42/inner_00/rung1_result.json,756,2731e60567d9419d2150f24285eb8b2e89c70a4079f06eeb09cfa4f7d7dfdec8
analysis_artifacts/canonical_run/folds/fold_07/inner/level1/C07/seed_42/inner_00/rung2_result.json,757,9e6f6252f888fbf0800523df85cdffb76ec0b3046d236a58e822dba075652a97
analysis_artifacts/canonical_run/folds/fold_07/inner/level1/C07/seed_42/inner_01/preprocessing/evaluation_indices.npy,2240,42ac993ec565d64d2b7a262edc207e14460a420f352dc865e5ba9ba2565bcdde
analysis_artifacts/canonical_run/folds/fold_07/inner/level1/C07/seed_42/inner_01/preprocessing/fit_indices.npy,4344,c1ca55f02f5f47fd34f5b07be0bf49a8c5b16f963b25350fe2237c4ee4f7fbcf
analysis_artifacts/canonical_run/folds/fold_07/inner/level1/C07/seed_42/inner_01/preprocessing/preprocessing_manifest.json,802,567167533f0f67ac92f83a351a6354e45a9141a466dbcad3e15a80fcecd42100
analysis_artifacts/canonical_run/folds/fold_07/inner/level1/C07/seed_42/inner_01/preprocessing/selected_full_edge_indices.npy,39928,ed879cbc031bce829d6d245ac9c65ce9c107b81a6aa0bf12076d35a099584a36
analysis_artifacts/canonical_run/folds/fold_07/inner/level1/C07/seed_42/inner_01/rung1_result.json,756,0f7f1723e29b2013a79eef6460638c7d452be8cb97608f192e835f42a4826a7d
analysis_artifacts/canonical_run/folds/fold_07/inner/level1/C07/seed_42/inner_01/rung2_result.json,757,32ab2f358b5ff339703a952f49b6bd12451455e8a9959eb34c37da6f9af1ec05
analysis_artifacts/canonical_run/folds/fold_07/inner/level1/C07/seed_42/inner_02/preprocessing/evaluation_indices.npy,2232,8184c3ef73734d40fa53ec17870dbb204a11bf2f4bd03def61aff63891c58d23
analysis_artifacts/canonical_run/folds/fold_07/inner/level1/C07/seed_42/inner_02/preprocessing/fit_indices.npy,4352,49563061f22b2596f6ed4130992f6e808317edd86bdadfc70a9bcc109f9f60d0
analysis_artifacts/canonical_run/folds/fold_07/inner/level1/C07/seed_42/inner_02/preprocessing/preprocessing_manifest.json,802,1eb670afe148fffb534ecb31ac5ef64256fe4a9166f6d9282d23e6be32b4cc77
analysis_artifacts/canonical_run/folds/fold_07/inner/level1/C07/seed_42/inner_02/preprocessing/selected_full_edge_indices.npy,39928,1bf367da1da8849fce9f0deb806c35aed80bd296f9372ee7dd9c84e4a7e98abf
analysis_artifacts/canonical_run/folds/fold_07/inner/level1/C07/seed_42/inner_02/rung1_result.json,755,9107e7cdbe97815316a85b638b62fde38e56ced7994b43d489601381dad31536
analysis_artifacts/canonical_run/folds/fold_07/inner/level1/C07/seed_42/inner_02/rung2_result.json,756,96dba609a657c3c9d0569347b109e4e38e69bdad0bbad0a0797c1624f359471a
analysis_artifacts/canonical_run/folds/fold_07/inner/level1/C08/seed_42/inner_00/preprocessing/evaluation_indices.npy,2240,a5803293beedef081e9e96d90a77645a95d8b8671eff9130b277acbab39a3d73
analysis_artifacts/canonical_run/folds/fold_07/inner/level1/C08/seed_42/inner_00/preprocessing/fit_indices.npy,4344,604356eb4833238d1c8a87307ef1b0176daad282ac91965c125a3f5aa2ed3ced
analysis_artifacts/canonical_run/folds/fold_07/inner/level1/C08/seed_42/inner_00/preprocessing/preprocessing_manifest.json,802,583aae8dfa1db3e9ffbc2d374d6eee14eadb218f62201a9ff5ee301331f24d1e
analysis_artifacts/canonical_run/folds/fold_07/inner/level1/C08/seed_42/inner_00/preprocessing/selected_full_edge_indices.npy,39928,d79e09eaa7fc255be81c2ea141c31a02299b489ed3755a0da3ac2acd947c3be4
analysis_artifacts/canonical_run/folds/fold_07/inner/level1/C08/seed_42/inner_00/rung1_result.json,756,d54b7ae08d947a3644f4ce973c07ec4c4a2a3d438929df6a1aae4145c1230b06
analysis_artifacts/canonical_run/folds/fold_07/inner/level1/C08/seed_42/inner_00/rung2_result.json,757,70d2813d4d133f61936f989ebff16966da271fe09a0aaa987ee0016e72d47e75
analysis_artifacts/canonical_run/folds/fold_07/inner/level1/C08/seed_42/inner_01/preprocessing/evaluation_indices.npy,2240,42ac993ec565d64d2b7a262edc207e14460a420f352dc865e5ba9ba2565bcdde
analysis_artifacts/canonical_run/folds/fold_07/inner/level1/C08/seed_42/inner_01/preprocessing/fit_indices.npy,4344,c1ca55f02f5f47fd34f5b07be0bf49a8c5b16f963b25350fe2237c4ee4f7fbcf
analysis_artifacts/canonical_run/folds/fold_07/inner/level1/C08/seed_42/inner_01/preprocessing/preprocessing_manifest.json,802,1363104c9bed66cd401bd3e278761cf6c6144909c7757142b8b5c3dbb3171052
analysis_artifacts/canonical_run/folds/fold_07/inner/level1/C08/seed_42/inner_01/preprocessing/selected_full_edge_indices.npy,39928,ed879cbc031bce829d6d245ac9c65ce9c107b81a6aa0bf12076d35a099584a36
analysis_artifacts/canonical_run/folds/fold_07/inner/level1/C08/seed_42/inner_01/rung1_result.json,756,55b25e26eb6f42cde35dbf43bc88b2ff313a48d8630d8011d9029b9287887842
analysis_artifacts/canonical_run/folds/fold_07/inner/level1/C08/seed_42/inner_01/rung2_result.json,757,be948f0d4acf8c189583fbc78f93f49f92e76c50084f802346e75d8169540531
analysis_artifacts/canonical_run/folds/fold_07/inner/level1/C08/seed_42/inner_02/preprocessing/evaluation_indices.npy,2232,8184c3ef73734d40fa53ec17870dbb204a11bf2f4bd03def61aff63891c58d23
analysis_artifacts/canonical_run/folds/fold_07/inner/level1/C08/seed_42/inner_02/preprocessing/fit_indices.npy,4352,49563061f22b2596f6ed4130992f6e808317edd86bdadfc70a9bcc109f9f60d0
analysis_artifacts/canonical_run/folds/fold_07/inner/level1/C08/seed_42/inner_02/preprocessing/preprocessing_manifest.json,802,7abaebed24464bb988255c69adb9c74974ff049757f38306edea63ee02c72de6
analysis_artifacts/canonical_run/folds/fold_07/inner/level1/C08/seed_42/inner_02/preprocessing/selected_full_edge_indices.npy,39928,1bf367da1da8849fce9f0deb806c35aed80bd296f9372ee7dd9c84e4a7e98abf
analysis_artifacts/canonical_run/folds/fold_07/inner/level1/C08/seed_42/inner_02/rung1_result.json,756,fd49f47b816b6d292a6a00e853cd7175c2acf1fb9abe9694be5ec207b27a0a52
analysis_artifacts/canonical_run/folds/fold_07/inner/level1/C08/seed_42/inner_02/rung2_result.json,757,809f363e742c03f24014501bb05cbe84f9cffb6400ebaa5569ce0cfcf5a3a463
analysis_artifacts/canonical_run/folds/fold_07/inner/level1/C09/seed_42/inner_00/preprocessing/evaluation_indices.npy,2240,a5803293beedef081e9e96d90a77645a95d8b8671eff9130b277acbab39a3d73
analysis_artifacts/canonical_run/folds/fold_07/inner/level1/C09/seed_42/inner_00/preprocessing/fit_indices.npy,4344,604356eb4833238d1c8a87307ef1b0176daad282ac91965c125a3f5aa2ed3ced
analysis_artifacts/canonical_run/folds/fold_07/inner/level1/C09/seed_42/inner_00/preprocessing/preprocessing_manifest.json,839,abfd0477b2d62b7827670ca344dfca74a16103a3781ef368c1c60343ccba9046
analysis_artifacts/canonical_run/folds/fold_07/inner/level1/C09/seed_42/inner_00/preprocessing/selected_full_edge_indices.npy,39928,d79e09eaa7fc255be81c2ea141c31a02299b489ed3755a0da3ac2acd947c3be4
analysis_artifacts/canonical_run/folds/fold_07/inner/level1/C09/seed_42/inner_00/rung1_result.json,755,75616b56d81a651192c63707e548b3e703b0baa6071013973c5a8751a1cd8cb4
analysis_artifacts/canonical_run/folds/fold_07/inner/level1/C09/seed_42/inner_00/rung2_result.json,756,ed177499719658f4ce75953cfd59bc18d67ceff243a49abd5a79795d4faa2cac
analysis_artifacts/canonical_run/folds/fold_07/inner/level1/C09/seed_42/inner_01/preprocessing/evaluation_indices.npy,2240,42ac993ec565d64d2b7a262edc207e14460a420f352dc865e5ba9ba2565bcdde
analysis_artifacts/canonical_run/folds/fold_07/inner/level1/C09/seed_42/inner_01/preprocessing/fit_indices.npy,4344,c1ca55f02f5f47fd34f5b07be0bf49a8c5b16f963b25350fe2237c4ee4f7fbcf
analysis_artifacts/canonical_run/folds/fold_07/inner/level1/C09/seed_42/inner_01/preprocessing/preprocessing_manifest.json,839,58d88b33ac0f1ab5820ce7fd284c0417cd553eebbec4e1f7dfa6c753e7e4a1f1
analysis_artifacts/canonical_run/folds/fold_07/inner/level1/C09/seed_42/inner_01/preprocessing/selected_full_edge_indices.npy,39928,ed879cbc031bce829d6d245ac9c65ce9c107b81a6aa0bf12076d35a099584a36
analysis_artifacts/canonical_run/folds/fold_07/inner/level1/C09/seed_42/inner_01/rung1_result.json,756,02d8fe2216d1a0bb8f297a572ed878ea3a9b207112dcf4651ce07274c1b15757
analysis_artifacts/canonical_run/folds/fold_07/inner/level1/C09/seed_42/inner_01/rung2_result.json,757,151fc4f444ee32762e7d6f0ad0636d218d0ce39331a27731aa055622c6a93d86
analysis_artifacts/canonical_run/folds/fold_07/inner/level1/C09/seed_42/inner_02/preprocessing/evaluation_indices.npy,2232,8184c3ef73734d40fa53ec17870dbb204a11bf2f4bd03def61aff63891c58d23
analysis_artifacts/canonical_run/folds/fold_07/inner/level1/C09/seed_42/inner_02/preprocessing/fit_indices.npy,4352,49563061f22b2596f6ed4130992f6e808317edd86bdadfc70a9bcc109f9f60d0
analysis_artifacts/canonical_run/folds/fold_07/inner/level1/C09/seed_42/inner_02/preprocessing/preprocessing_manifest.json,839,c7c52fb4c45d310ebf22ccf431e1025b4da61c1e1ea61e0dfbdee48bb0b6f66a
analysis_artifacts/canonical_run/folds/fold_07/inner/level1/C09/seed_42/inner_02/preprocessing/selected_full_edge_indices.npy,39928,1bf367da1da8849fce9f0deb806c35aed80bd296f9372ee7dd9c84e4a7e98abf
analysis_artifacts/canonical_run/folds/fold_07/inner/level1/C09/seed_42/inner_02/rung1_result.json,756,e9c87c1347679c6ed3ded1c910cbb7ff290fcc3b7b51ff38e0b6bdb0c91020f6
analysis_artifacts/canonical_run/folds/fold_07/inner/level1/C09/seed_42/inner_02/rung2_result.json,757,55f4d87e3179ba2ccceab8424d5febff26d2cbef8cc73adff8ac19b6ec3deafb
analysis_artifacts/canonical_run/folds/fold_07/inner/level1/C10/seed_42/inner_00/preprocessing/evaluation_indices.npy,2240,a5803293beedef081e9e96d90a77645a95d8b8671eff9130b277acbab39a3d73
analysis_artifacts/canonical_run/folds/fold_07/inner/level1/C10/seed_42/inner_00/preprocessing/fit_indices.npy,4344,604356eb4833238d1c8a87307ef1b0176daad282ac91965c125a3f5aa2ed3ced
analysis_artifacts/canonical_run/folds/fold_07/inner/level1/C10/seed_42/inner_00/preprocessing/preprocessing_manifest.json,839,c8d989d3f2c6eb1b31dbc37871e55a9d03e8712c4338602d683f748ce4c17752
analysis_artifacts/canonical_run/folds/fold_07/inner/level1/C10/seed_42/inner_00/preprocessing/selected_full_edge_indices.npy,39928,d79e09eaa7fc255be81c2ea141c31a02299b489ed3755a0da3ac2acd947c3be4
analysis_artifacts/canonical_run/folds/fold_07/inner/level1/C10/seed_42/inner_00/rung1_result.json,756,df1d0ee66474552b069bdc0b57be2f5af25d5e2c78e3330af603e6fcc02aa535
analysis_artifacts/canonical_run/folds/fold_07/inner/level1/C10/seed_42/inner_00/rung2_result.json,757,a4c683cfe062e47b53bc7c4b3b361936cd9e3d8b40d1dcdf5ca1b20aed74aac1
analysis_artifacts/canonical_run/folds/fold_07/inner/level1/C10/seed_42/inner_01/preprocessing/evaluation_indices.npy,2240,42ac993ec565d64d2b7a262edc207e14460a420f352dc865e5ba9ba2565bcdde
analysis_artifacts/canonical_run/folds/fold_07/inner/level1/C10/seed_42/inner_01/preprocessing/fit_indices.npy,4344,c1ca55f02f5f47fd34f5b07be0bf49a8c5b16f963b25350fe2237c4ee4f7fbcf
analysis_artifacts/canonical_run/folds/fold_07/inner/level1/C10/seed_42/inner_01/preprocessing/preprocessing_manifest.json,839,5eb558a05816cf57844067fc366353452bf64b89b1cc23ad21b85415bc5b64b4
analysis_artifacts/canonical_run/folds/fold_07/inner/level1/C10/seed_42/inner_01/preprocessing/selected_full_edge_indices.npy,39928,ed879cbc031bce829d6d245ac9c65ce9c107b81a6aa0bf12076d35a099584a36
analysis_artifacts/canonical_run/folds/fold_07/inner/level1/C10/seed_42/inner_01/rung1_result.json,755,3d782c08539f1a8c8135001b6df2ca6a11670b8d06aa3c574f088d74fee1eb27
analysis_artifacts/canonical_run/folds/fold_07/inner/level1/C10/seed_42/inner_01/rung2_result.json,756,56cfd0ce1e19e2262896b6288cb775af2478d4d3720a2ffa287db6fec559b6b3
analysis_artifacts/canonical_run/folds/fold_07/inner/level1/C10/seed_42/inner_02/preprocessing/evaluation_indices.npy,2232,8184c3ef73734d40fa53ec17870dbb204a11bf2f4bd03def61aff63891c58d23
analysis_artifacts/canonical_run/folds/fold_07/inner/level1/C10/seed_42/inner_02/preprocessing/fit_indices.npy,4352,49563061f22b2596f6ed4130992f6e808317edd86bdadfc70a9bcc109f9f60d0
analysis_artifacts/canonical_run/folds/fold_07/inner/level1/C10/seed_42/inner_02/preprocessing/preprocessing_manifest.json,839,00eca9a160eca61f9b056c2345bb1a39274dd684d43e7602d6f5f8a15450f92c
analysis_artifacts/canonical_run/folds/fold_07/inner/level1/C10/seed_42/inner_02/preprocessing/selected_full_edge_indices.npy,39928,1bf367da1da8849fce9f0deb806c35aed80bd296f9372ee7dd9c84e4a7e98abf
analysis_artifacts/canonical_run/folds/fold_07/inner/level1/C10/seed_42/inner_02/rung1_result.json,756,23cb73abac6539ce3bf7b37fc386df83a95c08c2a92720adc8620ba1c579d300
analysis_artifacts/canonical_run/folds/fold_07/inner/level1/C10/seed_42/inner_02/rung2_result.json,757,2d6567b05ebcfa29e38e83b8152d953677d3025ee2a4bfeff9a0d1f1ebacbc92
analysis_artifacts/canonical_run/folds/fold_07/inner/level1/C11/seed_42/inner_00/preprocessing/evaluation_indices.npy,2240,a5803293beedef081e9e96d90a77645a95d8b8671eff9130b277acbab39a3d73
analysis_artifacts/canonical_run/folds/fold_07/inner/level1/C11/seed_42/inner_00/preprocessing/fit_indices.npy,4344,604356eb4833238d1c8a87307ef1b0176daad282ac91965c125a3f5aa2ed3ced
analysis_artifacts/canonical_run/folds/fold_07/inner/level1/C11/seed_42/inner_00/preprocessing/preprocessing_manifest.json,839,6ee320b8b9a62bb362bcfbfce9ce295ded447590b0acde6d443c2a2410b8783c
analysis_artifacts/canonical_run/folds/fold_07/inner/level1/C11/seed_42/inner_00/preprocessing/selected_full_edge_indices.npy,39928,d79e09eaa7fc255be81c2ea141c31a02299b489ed3755a0da3ac2acd947c3be4
analysis_artifacts/canonical_run/folds/fold_07/inner/level1/C11/seed_42/inner_00/rung1_result.json,755,5fa2f6c8c6ed5108c49931bdb29541293b1a3e5bc2e94b6926141595a1987d6c
analysis_artifacts/canonical_run/folds/fold_07/inner/level1/C11/seed_42/inner_00/rung2_result.json,756,267326b06a0f603b8dd0cd741cb6cecdb88d235d828be7d3e22a83e49c52c818
analysis_artifacts/canonical_run/folds/fold_07/inner/level1/C11/seed_42/inner_01/preprocessing/evaluation_indices.npy,2240,42ac993ec565d64d2b7a262edc207e14460a420f352dc865e5ba9ba2565bcdde
analysis_artifacts/canonical_run/folds/fold_07/inner/level1/C11/seed_42/inner_01/preprocessing/fit_indices.npy,4344,c1ca55f02f5f47fd34f5b07be0bf49a8c5b16f963b25350fe2237c4ee4f7fbcf
analysis_artifacts/canonical_run/folds/fold_07/inner/level1/C11/seed_42/inner_01/preprocessing/preprocessing_manifest.json,839,daa37d989c06be037214714ed4f37ec6c722d0c6c59ac49a48ff20cfc9bfc1d6
analysis_artifacts/canonical_run/folds/fold_07/inner/level1/C11/seed_42/inner_01/preprocessing/selected_full_edge_indices.npy,39928,ed879cbc031bce829d6d245ac9c65ce9c107b81a6aa0bf12076d35a099584a36
analysis_artifacts/canonical_run/folds/fold_07/inner/level1/C11/seed_42/inner_01/rung1_result.json,755,848559b865d763f0bd5489226c1b57d99376f3e10c98013b2a2c52f4c948a3ce
analysis_artifacts/canonical_run/folds/fold_07/inner/level1/C11/seed_42/inner_01/rung2_result.json,756,ce49e677aa18c1078009f9b80d4b9c2adbbef9685f15c2deb7bdf55139af8f36
analysis_artifacts/canonical_run/folds/fold_07/inner/level1/C11/seed_42/inner_02/preprocessing/evaluation_indices.npy,2232,8184c3ef73734d40fa53ec17870dbb204a11bf2f4bd03def61aff63891c58d23
analysis_artifacts/canonical_run/folds/fold_07/inner/level1/C11/seed_42/inner_02/preprocessing/fit_indices.npy,4352,49563061f22b2596f6ed4130992f6e808317edd86bdadfc70a9bcc109f9f60d0
analysis_artifacts/canonical_run/folds/fold_07/inner/level1/C11/seed_42/inner_02/preprocessing/preprocessing_manifest.json,839,9caa26426b0bb97e8d1a99250e13cd2e296e2e48fd32a5bd8dacd3221431be8d
analysis_artifacts/canonical_run/folds/fold_07/inner/level1/C11/seed_42/inner_02/preprocessing/selected_full_edge_indices.npy,39928,1bf367da1da8849fce9f0deb806c35aed80bd296f9372ee7dd9c84e4a7e98abf
analysis_artifacts/canonical_run/folds/fold_07/inner/level1/C11/seed_42/inner_02/rung1_result.json,755,4a7a533656598cd37cc0d835d78dd6ab84e496f5e7400cb46e0f5086923c2f9f
analysis_artifacts/canonical_run/folds/fold_07/inner/level1/C11/seed_42/inner_02/rung2_result.json,756,0a9e8ce3b8054fe02bdcffc70a611017fc2aabed1c541da69d2b7b7c288d8b11
analysis_artifacts/canonical_run/folds/fold_07/inner/level1/C12/seed_42/inner_00/preprocessing/evaluation_indices.npy,2240,a5803293beedef081e9e96d90a77645a95d8b8671eff9130b277acbab39a3d73
analysis_artifacts/canonical_run/folds/fold_07/inner/level1/C12/seed_42/inner_00/preprocessing/fit_indices.npy,4344,604356eb4833238d1c8a87307ef1b0176daad282ac91965c125a3f5aa2ed3ced
analysis_artifacts/canonical_run/folds/fold_07/inner/level1/C12/seed_42/inner_00/preprocessing/preprocessing_manifest.json,839,9282c549479ca1fd8c68623bdeded751192b79324c06ed6ef26e7ebca8be576f
analysis_artifacts/canonical_run/folds/fold_07/inner/level1/C12/seed_42/inner_00/preprocessing/selected_full_edge_indices.npy,39928,d79e09eaa7fc255be81c2ea141c31a02299b489ed3755a0da3ac2acd947c3be4
analysis_artifacts/canonical_run/folds/fold_07/inner/level1/C12/seed_42/inner_00/rung1_result.json,756,0466031a7e5a34ec853a2863751f3ba7e9942d9cc8659702d5f604243311bfe0
analysis_artifacts/canonical_run/folds/fold_07/inner/level1/C12/seed_42/inner_00/rung2_result.json,757,4102737c9b11e2df3fda60d164be515cdb6d630c88d6e1bf05c2db6f6b208b52
analysis_artifacts/canonical_run/folds/fold_07/inner/level1/C12/seed_42/inner_01/preprocessing/evaluation_indices.npy,2240,42ac993ec565d64d2b7a262edc207e14460a420f352dc865e5ba9ba2565bcdde
analysis_artifacts/canonical_run/folds/fold_07/inner/level1/C12/seed_42/inner_01/preprocessing/fit_indices.npy,4344,c1ca55f02f5f47fd34f5b07be0bf49a8c5b16f963b25350fe2237c4ee4f7fbcf
analysis_artifacts/canonical_run/folds/fold_07/inner/level1/C12/seed_42/inner_01/preprocessing/preprocessing_manifest.json,839,69f6873bfc9a04e7031528bf8b8c7a90c1c0f921a89e0dd7f11e47d12a0fbaad
analysis_artifacts/canonical_run/folds/fold_07/inner/level1/C12/seed_42/inner_01/preprocessing/selected_full_edge_indices.npy,39928,ed879cbc031bce829d6d245ac9c65ce9c107b81a6aa0bf12076d35a099584a36
analysis_artifacts/canonical_run/folds/fold_07/inner/level1/C12/seed_42/inner_01/rung1_result.json,755,1c858e5ad466f19a867bb57668b1b16f23c00261fbe5c864333abe29d1270f1e
analysis_artifacts/canonical_run/folds/fold_07/inner/level1/C12/seed_42/inner_01/rung2_result.json,756,e76cbb3838764161b61b61c591f43fbf518b19e2521b5122e9b5fe4284bbdb9f
analysis_artifacts/canonical_run/folds/fold_07/inner/level1/C12/seed_42/inner_02/preprocessing/evaluation_indices.npy,2232,8184c3ef73734d40fa53ec17870dbb204a11bf2f4bd03def61aff63891c58d23
analysis_artifacts/canonical_run/folds/fold_07/inner/level1/C12/seed_42/inner_02/preprocessing/fit_indices.npy,4352,49563061f22b2596f6ed4130992f6e808317edd86bdadfc70a9bcc109f9f60d0
analysis_artifacts/canonical_run/folds/fold_07/inner/level1/C12/seed_42/inner_02/preprocessing/preprocessing_manifest.json,839,a40788c2250ad56524c7a5c4e19286bda9e8a31683f57fd87f39703fe1edc67e
analysis_artifacts/canonical_run/folds/fold_07/inner/level1/C12/seed_42/inner_02/preprocessing/selected_full_edge_indices.npy,39928,1bf367da1da8849fce9f0deb806c35aed80bd296f9372ee7dd9c84e4a7e98abf
analysis_artifacts/canonical_run/folds/fold_07/inner/level1/C12/seed_42/inner_02/rung1_result.json,756,0d405ac951068b99318d895ab561a06134bc5090bf2096f84b611965287b0807
analysis_artifacts/canonical_run/folds/fold_07/inner/level1/C12/seed_42/inner_02/rung2_result.json,757,a6b5cf073526bc033cf0a8db11f5b746feaf8da6c9f3ef9233bea66ad1087ea3
analysis_artifacts/canonical_run/folds/fold_07/inner/level1_final_selection.json,1101,0eadcbd43cb819810b85708ad7267e7fc6dc667c2012ff38def48718cf3e571f
analysis_artifacts/canonical_run/folds/fold_07/inner/level1_rung1_selection.json,2077,25ee1a3e1821240bb2fb32005cdfcea6e8ba61522f3f197fe66866e8ba867f94
analysis_artifacts/canonical_run/folds/fold_07/inner/level2/C10/seed_42/inner_00/preprocessing/evaluation_indices.npy,2240,a5803293beedef081e9e96d90a77645a95d8b8671eff9130b277acbab39a3d73
analysis_artifacts/canonical_run/folds/fold_07/inner/level2/C10/seed_42/inner_00/preprocessing/fit_indices.npy,4344,604356eb4833238d1c8a87307ef1b0176daad282ac91965c125a3f5aa2ed3ced
analysis_artifacts/canonical_run/folds/fold_07/inner/level2/C10/seed_42/inner_00/preprocessing/preprocessing_manifest.json,839,11916e05ebbea7c9bd17d0bc40d269ee39c04d7211b3b2f20cb3c4f6444ea692
analysis_artifacts/canonical_run/folds/fold_07/inner/level2/C10/seed_42/inner_00/preprocessing/selected_full_edge_indices.npy,39928,d79e09eaa7fc255be81c2ea141c31a02299b489ed3755a0da3ac2acd947c3be4
analysis_artifacts/canonical_run/folds/fold_07/inner/level2/C10/seed_42/inner_00/result.json,757,c6f60e651b0cbe3f25cb2757532510b999e3716a3c9fb6fd0a4fd234599ba028
analysis_artifacts/canonical_run/folds/fold_07/inner/level2/C10/seed_42/inner_01/preprocessing/evaluation_indices.npy,2240,42ac993ec565d64d2b7a262edc207e14460a420f352dc865e5ba9ba2565bcdde
analysis_artifacts/canonical_run/folds/fold_07/inner/level2/C10/seed_42/inner_01/preprocessing/fit_indices.npy,4344,c1ca55f02f5f47fd34f5b07be0bf49a8c5b16f963b25350fe2237c4ee4f7fbcf
analysis_artifacts/canonical_run/folds/fold_07/inner/level2/C10/seed_42/inner_01/preprocessing/preprocessing_manifest.json,839,a1d0464514a82d04a60731920909961ffa9102d9b59366e91338034de468ea5c
analysis_artifacts/canonical_run/folds/fold_07/inner/level2/C10/seed_42/inner_01/preprocessing/selected_full_edge_indices.npy,39928,ed879cbc031bce829d6d245ac9c65ce9c107b81a6aa0bf12076d35a099584a36
analysis_artifacts/canonical_run/folds/fold_07/inner/level2/C10/seed_42/inner_01/result.json,756,e611197ad0a4dea642ca89c6ea816103b0dcd713544e11d54918f3ab4ce0d8fc
analysis_artifacts/canonical_run/folds/fold_07/inner/level2/C10/seed_42/inner_02/preprocessing/evaluation_indices.npy,2232,8184c3ef73734d40fa53ec17870dbb204a11bf2f4bd03def61aff63891c58d23
analysis_artifacts/canonical_run/folds/fold_07/inner/level2/C10/seed_42/inner_02/preprocessing/fit_indices.npy,4352,49563061f22b2596f6ed4130992f6e808317edd86bdadfc70a9bcc109f9f60d0
analysis_artifacts/canonical_run/folds/fold_07/inner/level2/C10/seed_42/inner_02/preprocessing/preprocessing_manifest.json,839,95b99266e1af6ef7aaef3bb09b2c40b83ae641a9bd6cedf8a1b7a68646925242
analysis_artifacts/canonical_run/folds/fold_07/inner/level2/C10/seed_42/inner_02/preprocessing/selected_full_edge_indices.npy,39928,1bf367da1da8849fce9f0deb806c35aed80bd296f9372ee7dd9c84e4a7e98abf
analysis_artifacts/canonical_run/folds/fold_07/inner/level2/C10/seed_42/inner_02/result.json,757,bb62ce65b9eba5069d0d9ef03dc756ee0f35c100f26a33c430ed27c60a5477d8
analysis_artifacts/canonical_run/folds/fold_07/inner/level2/C10/seed_42/inner_oof_evaluation.json,625,374eee6227845549cbb6f7d7dd789c6c8c32a986b18b6078c785c28aab09a0ab
analysis_artifacts/canonical_run/folds/fold_07/inner/level2/C10/seed_43/inner_00/preprocessing/evaluation_indices.npy,2240,a5803293beedef081e9e96d90a77645a95d8b8671eff9130b277acbab39a3d73
analysis_artifacts/canonical_run/folds/fold_07/inner/level2/C10/seed_43/inner_00/preprocessing/fit_indices.npy,4344,604356eb4833238d1c8a87307ef1b0176daad282ac91965c125a3f5aa2ed3ced
analysis_artifacts/canonical_run/folds/fold_07/inner/level2/C10/seed_43/inner_00/preprocessing/preprocessing_manifest.json,839,8659c2c7ad878a3fdd3ab24c29ff53497bc701a1ebdd3e2f81a22a99b59787b6
analysis_artifacts/canonical_run/folds/fold_07/inner/level2/C10/seed_43/inner_00/preprocessing/selected_full_edge_indices.npy,39928,d79e09eaa7fc255be81c2ea141c31a02299b489ed3755a0da3ac2acd947c3be4
analysis_artifacts/canonical_run/folds/fold_07/inner/level2/C10/seed_43/inner_00/result.json,757,76bada89020fc5ec1d808192373e29f5acb2156ac4d7f119fd7c12cdf65c7b0b
analysis_artifacts/canonical_run/folds/fold_07/inner/level2/C10/seed_43/inner_01/preprocessing/evaluation_indices.npy,2240,42ac993ec565d64d2b7a262edc207e14460a420f352dc865e5ba9ba2565bcdde
analysis_artifacts/canonical_run/folds/fold_07/inner/level2/C10/seed_43/inner_01/preprocessing/fit_indices.npy,4344,c1ca55f02f5f47fd34f5b07be0bf49a8c5b16f963b25350fe2237c4ee4f7fbcf
analysis_artifacts/canonical_run/folds/fold_07/inner/level2/C10/seed_43/inner_01/preprocessing/preprocessing_manifest.json,839,754644a78ea06d291824b7a773e8600d7f71a051625c6ff51b95d47afc897e20
analysis_artifacts/canonical_run/folds/fold_07/inner/level2/C10/seed_43/inner_01/preprocessing/selected_full_edge_indices.npy,39928,ed879cbc031bce829d6d245ac9c65ce9c107b81a6aa0bf12076d35a099584a36
analysis_artifacts/canonical_run/folds/fold_07/inner/level2/C10/seed_43/inner_01/result.json,756,317624119b2033b1e9bb8af2eb275b1ee27cc3a4b69f7c858b367d22f7914d94
analysis_artifacts/canonical_run/folds/fold_07/inner/level2/C10/seed_43/inner_02/preprocessing/evaluation_indices.npy,2232,8184c3ef73734d40fa53ec17870dbb204a11bf2f4bd03def61aff63891c58d23
analysis_artifacts/canonical_run/folds/fold_07/inner/level2/C10/seed_43/inner_02/preprocessing/fit_indices.npy,4352,49563061f22b2596f6ed4130992f6e808317edd86bdadfc70a9bcc109f9f60d0
analysis_artifacts/canonical_run/folds/fold_07/inner/level2/C10/seed_43/inner_02/preprocessing/preprocessing_manifest.json,839,cbeebe8111612200b339c27b9774ffa83d1541496eaa875592b963d69b1bb440
analysis_artifacts/canonical_run/folds/fold_07/inner/level2/C10/seed_43/inner_02/preprocessing/selected_full_edge_indices.npy,39928,1bf367da1da8849fce9f0deb806c35aed80bd296f9372ee7dd9c84e4a7e98abf
analysis_artifacts/canonical_run/folds/fold_07/inner/level2/C10/seed_43/inner_02/result.json,757,1ca50daf536e19acba12e89a4139f356813faaa328d6bdfd0beda16d9999019e
analysis_artifacts/canonical_run/folds/fold_07/inner/level2/C10/seed_43/inner_oof_evaluation.json,625,4fb0abf5cd65d81ce818b999279375b9c4b5e1fdcbd07568c6ab1be654544200
analysis_artifacts/canonical_run/folds/fold_07/inner/level2/C10/seed_44/inner_00/preprocessing/evaluation_indices.npy,2240,a5803293beedef081e9e96d90a77645a95d8b8671eff9130b277acbab39a3d73
analysis_artifacts/canonical_run/folds/fold_07/inner/level2/C10/seed_44/inner_00/preprocessing/fit_indices.npy,4344,604356eb4833238d1c8a87307ef1b0176daad282ac91965c125a3f5aa2ed3ced
analysis_artifacts/canonical_run/folds/fold_07/inner/level2/C10/seed_44/inner_00/preprocessing/preprocessing_manifest.json,839,6aa13c1c0deb55b8e605ff39c21fa4c4b7cbaa736296a3d58ab21442f9616326
analysis_artifacts/canonical_run/folds/fold_07/inner/level2/C10/seed_44/inner_00/preprocessing/selected_full_edge_indices.npy,39928,d79e09eaa7fc255be81c2ea141c31a02299b489ed3755a0da3ac2acd947c3be4
analysis_artifacts/canonical_run/folds/fold_07/inner/level2/C10/seed_44/inner_00/result.json,757,7bfd8aee04b9bddb0aef253376f5d3cc09176628e646cadb4b57c7f7447e279e
analysis_artifacts/canonical_run/folds/fold_07/inner/level2/C10/seed_44/inner_01/preprocessing/evaluation_indices.npy,2240,42ac993ec565d64d2b7a262edc207e14460a420f352dc865e5ba9ba2565bcdde
analysis_artifacts/canonical_run/folds/fold_07/inner/level2/C10/seed_44/inner_01/preprocessing/fit_indices.npy,4344,c1ca55f02f5f47fd34f5b07be0bf49a8c5b16f963b25350fe2237c4ee4f7fbcf
analysis_artifacts/canonical_run/folds/fold_07/inner/level2/C10/seed_44/inner_01/preprocessing/preprocessing_manifest.json,839,2aac3708de42bcc2033a84f173acdda5c65a65d4f5f839f0931a3649eba76615
analysis_artifacts/canonical_run/folds/fold_07/inner/level2/C10/seed_44/inner_01/preprocessing/selected_full_edge_indices.npy,39928,ed879cbc031bce829d6d245ac9c65ce9c107b81a6aa0bf12076d35a099584a36
analysis_artifacts/canonical_run/folds/fold_07/inner/level2/C10/seed_44/inner_01/result.json,756,b4b511e09ac3090b81685b94445d198daa84bd7390ec55d40d6e4d51afccd418
analysis_artifacts/canonical_run/folds/fold_07/inner/level2/C10/seed_44/inner_02/preprocessing/evaluation_indices.npy,2232,8184c3ef73734d40fa53ec17870dbb204a11bf2f4bd03def61aff63891c58d23
analysis_artifacts/canonical_run/folds/fold_07/inner/level2/C10/seed_44/inner_02/preprocessing/fit_indices.npy,4352,49563061f22b2596f6ed4130992f6e808317edd86bdadfc70a9bcc109f9f60d0
analysis_artifacts/canonical_run/folds/fold_07/inner/level2/C10/seed_44/inner_02/preprocessing/preprocessing_manifest.json,839,1ac6a0e0e660bbcdbd94c8f9eede919d8485b254fc7232ff213c4bf43c51257a
analysis_artifacts/canonical_run/folds/fold_07/inner/level2/C10/seed_44/inner_02/preprocessing/selected_full_edge_indices.npy,39928,1bf367da1da8849fce9f0deb806c35aed80bd296f9372ee7dd9c84e4a7e98abf
analysis_artifacts/canonical_run/folds/fold_07/inner/level2/C10/seed_44/inner_02/result.json,757,84e56b5b527088345a80d107af47829f644efe36e13220c8cc1653651674a468
analysis_artifacts/canonical_run/folds/fold_07/inner/level2/C10/seed_44/inner_oof_evaluation.json,625,6a28bcd95b5a4412825b5b2679fb8fad6d9f46bd9163e789103a8a3a37a411eb
analysis_artifacts/canonical_run/folds/fold_07/inner/level2/C11/seed_42/inner_00/preprocessing/evaluation_indices.npy,2240,a5803293beedef081e9e96d90a77645a95d8b8671eff9130b277acbab39a3d73
analysis_artifacts/canonical_run/folds/fold_07/inner/level2/C11/seed_42/inner_00/preprocessing/fit_indices.npy,4344,604356eb4833238d1c8a87307ef1b0176daad282ac91965c125a3f5aa2ed3ced
analysis_artifacts/canonical_run/folds/fold_07/inner/level2/C11/seed_42/inner_00/preprocessing/preprocessing_manifest.json,839,a73d95efeb4d3da22448bb0a56a0c8583931978e3647c02dc40ddde8d25aa284
analysis_artifacts/canonical_run/folds/fold_07/inner/level2/C11/seed_42/inner_00/preprocessing/selected_full_edge_indices.npy,39928,d79e09eaa7fc255be81c2ea141c31a02299b489ed3755a0da3ac2acd947c3be4
analysis_artifacts/canonical_run/folds/fold_07/inner/level2/C11/seed_42/inner_00/result.json,756,541dc2a774adac31143b0957a4e75b3caeac5455d52225cb595ae06f1d54b26d
analysis_artifacts/canonical_run/folds/fold_07/inner/level2/C11/seed_42/inner_01/preprocessing/evaluation_indices.npy,2240,42ac993ec565d64d2b7a262edc207e14460a420f352dc865e5ba9ba2565bcdde
analysis_artifacts/canonical_run/folds/fold_07/inner/level2/C11/seed_42/inner_01/preprocessing/fit_indices.npy,4344,c1ca55f02f5f47fd34f5b07be0bf49a8c5b16f963b25350fe2237c4ee4f7fbcf
analysis_artifacts/canonical_run/folds/fold_07/inner/level2/C11/seed_42/inner_01/preprocessing/preprocessing_manifest.json,839,3d1b987c381b243f4bedc4659bd46f5fc49f282669d6dcf595eabf9acfbf9019
analysis_artifacts/canonical_run/folds/fold_07/inner/level2/C11/seed_42/inner_01/preprocessing/selected_full_edge_indices.npy,39928,ed879cbc031bce829d6d245ac9c65ce9c107b81a6aa0bf12076d35a099584a36
analysis_artifacts/canonical_run/folds/fold_07/inner/level2/C11/seed_42/inner_01/result.json,756,e1089194dba6762d617ab8b0a6ac51fb12da0dca06085adbff27894ab3f0ba5b
analysis_artifacts/canonical_run/folds/fold_07/inner/level2/C11/seed_42/inner_02/preprocessing/evaluation_indices.npy,2232,8184c3ef73734d40fa53ec17870dbb204a11bf2f4bd03def61aff63891c58d23
analysis_artifacts/canonical_run/folds/fold_07/inner/level2/C11/seed_42/inner_02/preprocessing/fit_indices.npy,4352,49563061f22b2596f6ed4130992f6e808317edd86bdadfc70a9bcc109f9f60d0
analysis_artifacts/canonical_run/folds/fold_07/inner/level2/C11/seed_42/inner_02/preprocessing/preprocessing_manifest.json,839,3cc28dcf34c6c20d739626ca579e888e0df82344ba0070c9e21c22a08493550c
analysis_artifacts/canonical_run/folds/fold_07/inner/level2/C11/seed_42/inner_02/preprocessing/selected_full_edge_indices.npy,39928,1bf367da1da8849fce9f0deb806c35aed80bd296f9372ee7dd9c84e4a7e98abf
analysis_artifacts/canonical_run/folds/fold_07/inner/level2/C11/seed_42/inner_02/result.json,756,9d3b91c4967608fb3e6dcab0d4c0cd4a90ca12d27c1ac6b0f6ab96cb7ab87bdd
analysis_artifacts/canonical_run/folds/fold_07/inner/level2/C11/seed_42/inner_oof_evaluation.json,623,efaa6a891ab5e4a69b733cb3d034d43d9c598c4edad04d904d20cc80ebe73a13
analysis_artifacts/canonical_run/folds/fold_07/inner/level2/C11/seed_43/inner_00/preprocessing/evaluation_indices.npy,2240,a5803293beedef081e9e96d90a77645a95d8b8671eff9130b277acbab39a3d73
analysis_artifacts/canonical_run/folds/fold_07/inner/level2/C11/seed_43/inner_00/preprocessing/fit_indices.npy,4344,604356eb4833238d1c8a87307ef1b0176daad282ac91965c125a3f5aa2ed3ced
analysis_artifacts/canonical_run/folds/fold_07/inner/level2/C11/seed_43/inner_00/preprocessing/preprocessing_manifest.json,839,c66586b894576862fc8c1dcf5bcf396861d53610d289c850ec9ed887a163deef
analysis_artifacts/canonical_run/folds/fold_07/inner/level2/C11/seed_43/inner_00/preprocessing/selected_full_edge_indices.npy,39928,d79e09eaa7fc255be81c2ea141c31a02299b489ed3755a0da3ac2acd947c3be4
analysis_artifacts/canonical_run/folds/fold_07/inner/level2/C11/seed_43/inner_00/result.json,757,209c4b39093c5dae93fa065dac5e2b45303535c3e7bb9e85d5ab6f985321bcfd
analysis_artifacts/canonical_run/folds/fold_07/inner/level2/C11/seed_43/inner_01/preprocessing/evaluation_indices.npy,2240,42ac993ec565d64d2b7a262edc207e14460a420f352dc865e5ba9ba2565bcdde
analysis_artifacts/canonical_run/folds/fold_07/inner/level2/C11/seed_43/inner_01/preprocessing/fit_indices.npy,4344,c1ca55f02f5f47fd34f5b07be0bf49a8c5b16f963b25350fe2237c4ee4f7fbcf
analysis_artifacts/canonical_run/folds/fold_07/inner/level2/C11/seed_43/inner_01/preprocessing/preprocessing_manifest.json,839,ef354904df8cb5da527a6ead4c1835eb2613cbf5290c7c8e23d185ceaeba9fd0
analysis_artifacts/canonical_run/folds/fold_07/inner/level2/C11/seed_43/inner_01/preprocessing/selected_full_edge_indices.npy,39928,ed879cbc031bce829d6d245ac9c65ce9c107b81a6aa0bf12076d35a099584a36
analysis_artifacts/canonical_run/folds/fold_07/inner/level2/C11/seed_43/inner_01/result.json,756,448c5202b73dac5ff156b948e810c38418188f50f55b43572eff88939df5aef3
analysis_artifacts/canonical_run/folds/fold_07/inner/level2/C11/seed_43/inner_02/preprocessing/evaluation_indices.npy,2232,8184c3ef73734d40fa53ec17870dbb204a11bf2f4bd03def61aff63891c58d23
analysis_artifacts/canonical_run/folds/fold_07/inner/level2/C11/seed_43/inner_02/preprocessing/fit_indices.npy,4352,49563061f22b2596f6ed4130992f6e808317edd86bdadfc70a9bcc109f9f60d0
analysis_artifacts/canonical_run/folds/fold_07/inner/level2/C11/seed_43/inner_02/preprocessing/preprocessing_manifest.json,839,4361b7387a6671e8cc4e90b6fbd4c9e9ba676cf5a6dcaa6b34e4e75efcdbddd0
analysis_artifacts/canonical_run/folds/fold_07/inner/level2/C11/seed_43/inner_02/preprocessing/selected_full_edge_indices.npy,39928,1bf367da1da8849fce9f0deb806c35aed80bd296f9372ee7dd9c84e4a7e98abf
analysis_artifacts/canonical_run/folds/fold_07/inner/level2/C11/seed_43/inner_02/result.json,757,a6eec50f1c36188b8ab8fb332569a1b3f351312170a6354bc3781f5c701cfa52
analysis_artifacts/canonical_run/folds/fold_07/inner/level2/C11/seed_43/inner_oof_evaluation.json,623,862c1ec04b890da03469159816bca0e1b959ce8dea82cb7672826f2fe98c3c03
analysis_artifacts/canonical_run/folds/fold_07/inner/level2/C11/seed_44/inner_00/preprocessing/evaluation_indices.npy,2240,a5803293beedef081e9e96d90a77645a95d8b8671eff9130b277acbab39a3d73
analysis_artifacts/canonical_run/folds/fold_07/inner/level2/C11/seed_44/inner_00/preprocessing/fit_indices.npy,4344,604356eb4833238d1c8a87307ef1b0176daad282ac91965c125a3f5aa2ed3ced
analysis_artifacts/canonical_run/folds/fold_07/inner/level2/C11/seed_44/inner_00/preprocessing/preprocessing_manifest.json,839,c737a8fb127d5608b50ac53838ea5506fd3b16a082441792efe164e0ae5fd4f7
analysis_artifacts/canonical_run/folds/fold_07/inner/level2/C11/seed_44/inner_00/preprocessing/selected_full_edge_indices.npy,39928,d79e09eaa7fc255be81c2ea141c31a02299b489ed3755a0da3ac2acd947c3be4
analysis_artifacts/canonical_run/folds/fold_07/inner/level2/C11/seed_44/inner_00/result.json,757,6ce2b6dbf12a846bd4f03f74f1b2d32a625dbd85ceb51fadbb95e4f6574a8de6
analysis_artifacts/canonical_run/folds/fold_07/inner/level2/C11/seed_44/inner_01/preprocessing/evaluation_indices.npy,2240,42ac993ec565d64d2b7a262edc207e14460a420f352dc865e5ba9ba2565bcdde
analysis_artifacts/canonical_run/folds/fold_07/inner/level2/C11/seed_44/inner_01/preprocessing/fit_indices.npy,4344,c1ca55f02f5f47fd34f5b07be0bf49a8c5b16f963b25350fe2237c4ee4f7fbcf
analysis_artifacts/canonical_run/folds/fold_07/inner/level2/C11/seed_44/inner_01/preprocessing/preprocessing_manifest.json,839,b2e793e3c70b767208eb625c2d3fdc19e5c688e3a649c087e7aada758705bd2e
analysis_artifacts/canonical_run/folds/fold_07/inner/level2/C11/seed_44/inner_01/preprocessing/selected_full_edge_indices.npy,39928,ed879cbc031bce829d6d245ac9c65ce9c107b81a6aa0bf12076d35a099584a36
analysis_artifacts/canonical_run/folds/fold_07/inner/level2/C11/seed_44/inner_01/result.json,756,1af0399eaed422183c8fdf19021a568c834bd1635820344bf5ae0abbe0a7b2d6
analysis_artifacts/canonical_run/folds/fold_07/inner/level2/C11/seed_44/inner_02/preprocessing/evaluation_indices.npy,2232,8184c3ef73734d40fa53ec17870dbb204a11bf2f4bd03def61aff63891c58d23
analysis_artifacts/canonical_run/folds/fold_07/inner/level2/C11/seed_44/inner_02/preprocessing/fit_indices.npy,4352,49563061f22b2596f6ed4130992f6e808317edd86bdadfc70a9bcc109f9f60d0
analysis_artifacts/canonical_run/folds/fold_07/inner/level2/C11/seed_44/inner_02/preprocessing/preprocessing_manifest.json,839,7149aced50e0107e1d13df0157d34b5ae5d47cd37bb33eae65668c6daf99937e
analysis_artifacts/canonical_run/folds/fold_07/inner/level2/C11/seed_44/inner_02/preprocessing/selected_full_edge_indices.npy,39928,1bf367da1da8849fce9f0deb806c35aed80bd296f9372ee7dd9c84e4a7e98abf
analysis_artifacts/canonical_run/folds/fold_07/inner/level2/C11/seed_44/inner_02/result.json,757,f0ce9c36896f8cfb848b399a24f5c4a7617dfec5f4989163e3c7355630a38bb8
analysis_artifacts/canonical_run/folds/fold_07/inner/level2/C11/seed_44/inner_oof_evaluation.json,624,7dbe7469317cb27939ac953f221a697a4ec14840cd261898c0b151be6a299d3a
analysis_artifacts/canonical_run/folds/fold_07/inner/level2_final_selection.json,5565,e669a52d5e2dbef84a460cbed41afca6fa0d36e184bbd56633325005cdc6d36f
analysis_artifacts/canonical_run/folds/fold_07/outer_final/seed_42/checkpoint_manifest.json,9786,412b66ff9f48221345be551bbd385e03c8b23d2a8dc8d833330733153968a02c
analysis_artifacts/canonical_run/folds/fold_07/outer_final/seed_42/fit_manifest.json,532,4e7957bc0b53fb58e9cbc8d913d7be04d6da09c0b0581caa30384151c886f554
analysis_artifacts/canonical_run/folds/fold_07/outer_final/seed_42/model_checkpoint.pt,6888054,76a12eebc52f94e8773d2b74e159f71bb335825bdda105c59175de51405db129
analysis_artifacts/canonical_run/folds/fold_07/outer_final/seed_42/preprocessing/evaluation_indices.npy,832,96408ba031d3c5e2a4f4f976bc5202c7759283155a06a4d849e1b51ec06fc534
analysis_artifacts/canonical_run/folds/fold_07/outer_final/seed_42/preprocessing/fit_indices.npy,6456,2273f9d3f5dc6088d3e66cb4bbce14154b0c0386e277009cf090b527c72ee70e
analysis_artifacts/canonical_run/folds/fold_07/outer_final/seed_42/preprocessing/preprocessing_manifest.json,835,672cbcaa6f6fa3a399a31fad18978870e63e7a824db1818fc463c30a04810faf
analysis_artifacts/canonical_run/folds/fold_07/outer_final/seed_42/preprocessing/selected_full_edge_indices.npy,39928,689b892bc7bdc5c99e0bf8d065aa89cf8f6979bedb8156f8ae644563e2ae947d
analysis_artifacts/canonical_run/folds/fold_07/outer_final/seed_42/preprocessing_state.npz,285566,5907c806292c31dc1de0deda2c220e96d3eed33df16fa844bc3bd1e0883abccd
analysis_artifacts/canonical_run/folds/fold_07/outer_final/seed_42/preprocessing_state_manifest.json,2617,244fed2dab51bbbbc11c829e95d1bea48a7d2546b0470834c190c6695b4ce454
analysis_artifacts/canonical_run/folds/fold_07/outer_final/seed_42/reload_audit.json,3393,04ffd465019ed139fe79130fcc12ea015fbe1a040b3fbb35a3508cc72064ab49
analysis_artifacts/canonical_run/folds/fold_07/outer_final/seed_42/test_indices.npy,832,96408ba031d3c5e2a4f4f976bc5202c7759283155a06a4d849e1b51ec06fc534
analysis_artifacts/canonical_run/folds/fold_07/outer_final/seed_42/test_outputs.npz,2382,595120a634c3014686b0bb5855308bd2659725e9a0a232d3db56a1cf194e125a
analysis_artifacts/canonical_run/folds/fold_07/outer_final/seed_42/test_subject_ids.npy,832,891c281ab78de480f0de90065af07f5621a886431146ead4884467e8ec79659b
analysis_artifacts/canonical_run/folds/fold_07/outer_final/seed_42/train_indices.npy,6456,2273f9d3f5dc6088d3e66cb4bbce14154b0c0386e277009cf090b527c72ee70e
analysis_artifacts/canonical_run/folds/fold_07/outer_final/seed_42/train_subject_ids.npy,6456,28b4f7446617eefa70fe9c5405cd3cfabd4ad561f9138a0ad345352073535116
analysis_artifacts/canonical_run/folds/fold_07/outer_final/seed_43/checkpoint_manifest.json,9788,bf210e14af49b0f5d33b518311f0f31e10fcd58879325367219d6af5ed5de18d
analysis_artifacts/canonical_run/folds/fold_07/outer_final/seed_43/fit_manifest.json,533,b04d3a63a3041c524a6c71df012f72aee691a510eec1e73024ec6b593e431aa7
analysis_artifacts/canonical_run/folds/fold_07/outer_final/seed_43/model_checkpoint.pt,6888054,15c346b625fc4d27a3dc0ad2dd6f77136c46e08a7fe0691c50112a242def355d
analysis_artifacts/canonical_run/folds/fold_07/outer_final/seed_43/preprocessing/evaluation_indices.npy,832,96408ba031d3c5e2a4f4f976bc5202c7759283155a06a4d849e1b51ec06fc534
analysis_artifacts/canonical_run/folds/fold_07/outer_final/seed_43/preprocessing/fit_indices.npy,6456,2273f9d3f5dc6088d3e66cb4bbce14154b0c0386e277009cf090b527c72ee70e
analysis_artifacts/canonical_run/folds/fold_07/outer_final/seed_43/preprocessing/preprocessing_manifest.json,835,423c9442afe16758162945227fe27db5806b747b3aa0575a604083c48681fc41
analysis_artifacts/canonical_run/folds/fold_07/outer_final/seed_43/preprocessing/selected_full_edge_indices.npy,39928,689b892bc7bdc5c99e0bf8d065aa89cf8f6979bedb8156f8ae644563e2ae947d
analysis_artifacts/canonical_run/folds/fold_07/outer_final/seed_43/preprocessing_state.npz,285566,5907c806292c31dc1de0deda2c220e96d3eed33df16fa844bc3bd1e0883abccd
analysis_artifacts/canonical_run/folds/fold_07/outer_final/seed_43/preprocessing_state_manifest.json,2617,24c7a8725aaaf8d84fded1913cb339cbfc3c156f77d55b6b208bd4968f7d7473
analysis_artifacts/canonical_run/folds/fold_07/outer_final/seed_43/reload_audit.json,3394,dde53f3ed5d3d0dde3e37578a6b3032c388ef288be63423976a16c91c727be43
analysis_artifacts/canonical_run/folds/fold_07/outer_final/seed_43/test_indices.npy,832,96408ba031d3c5e2a4f4f976bc5202c7759283155a06a4d849e1b51ec06fc534
analysis_artifacts/canonical_run/folds/fold_07/outer_final/seed_43/test_outputs.npz,2301,3a47f0eadbf74aaba4834cc98020c2d488797010ed716adfa76a9d1467a61d10
analysis_artifacts/canonical_run/folds/fold_07/outer_final/seed_43/test_subject_ids.npy,832,891c281ab78de480f0de90065af07f5621a886431146ead4884467e8ec79659b
analysis_artifacts/canonical_run/folds/fold_07/outer_final/seed_43/train_indices.npy,6456,2273f9d3f5dc6088d3e66cb4bbce14154b0c0386e277009cf090b527c72ee70e
analysis_artifacts/canonical_run/folds/fold_07/outer_final/seed_43/train_subject_ids.npy,6456,28b4f7446617eefa70fe9c5405cd3cfabd4ad561f9138a0ad345352073535116
analysis_artifacts/canonical_run/folds/fold_07/outer_final/seed_44/checkpoint_manifest.json,9788,b82b24e3a0058d9640d25715e9ffd9b11a705df7ac6aa2364f06bd46eff221c7
analysis_artifacts/canonical_run/folds/fold_07/outer_final/seed_44/fit_manifest.json,533,ee328924c50eb83cf507d59b5175fc5aaffca4ce79a0cc82d8195a6f208f7db3
analysis_artifacts/canonical_run/folds/fold_07/outer_final/seed_44/model_checkpoint.pt,6888054,22554bbe39b3eb4024c43911261752b25ae95524a435aa753e54e48192f8086f
analysis_artifacts/canonical_run/folds/fold_07/outer_final/seed_44/preprocessing/evaluation_indices.npy,832,96408ba031d3c5e2a4f4f976bc5202c7759283155a06a4d849e1b51ec06fc534
analysis_artifacts/canonical_run/folds/fold_07/outer_final/seed_44/preprocessing/fit_indices.npy,6456,2273f9d3f5dc6088d3e66cb4bbce14154b0c0386e277009cf090b527c72ee70e
analysis_artifacts/canonical_run/folds/fold_07/outer_final/seed_44/preprocessing/preprocessing_manifest.json,835,416b8a777e7b5b1bcc5dd57f44861f05db5f4c304ac1fa94f2d0a670464ce0b7
analysis_artifacts/canonical_run/folds/fold_07/outer_final/seed_44/preprocessing/selected_full_edge_indices.npy,39928,689b892bc7bdc5c99e0bf8d065aa89cf8f6979bedb8156f8ae644563e2ae947d
analysis_artifacts/canonical_run/folds/fold_07/outer_final/seed_44/preprocessing_state.npz,285566,5907c806292c31dc1de0deda2c220e96d3eed33df16fa844bc3bd1e0883abccd
analysis_artifacts/canonical_run/folds/fold_07/outer_final/seed_44/preprocessing_state_manifest.json,2617,718f7b1f9a32fce1e5510c80bba54cc479fecac23bc7ba691674d14f4ca80aa9
analysis_artifacts/canonical_run/folds/fold_07/outer_final/seed_44/reload_audit.json,3394,b4cb067d39d1eee92c98fa409e5ab5fde454cf0b18d69df19f6f9b2a84298afa
analysis_artifacts/canonical_run/folds/fold_07/outer_final/seed_44/test_indices.npy,832,96408ba031d3c5e2a4f4f976bc5202c7759283155a06a4d849e1b51ec06fc534
analysis_artifacts/canonical_run/folds/fold_07/outer_final/seed_44/test_outputs.npz,2389,d4193cfc9de6e032269709cb98780581442294b2f71bfd480bf5dec4f17ca20b
analysis_artifacts/canonical_run/folds/fold_07/outer_final/seed_44/test_subject_ids.npy,832,891c281ab78de480f0de90065af07f5621a886431146ead4884467e8ec79659b
analysis_artifacts/canonical_run/folds/fold_07/outer_final/seed_44/train_indices.npy,6456,2273f9d3f5dc6088d3e66cb4bbce14154b0c0386e277009cf090b527c72ee70e
analysis_artifacts/canonical_run/folds/fold_07/outer_final/seed_44/train_subject_ids.npy,6456,28b4f7446617eefa70fe9c5405cd3cfabd4ad561f9138a0ad345352073535116
analysis_artifacts/canonical_run/folds/fold_07/outer_final/seed_predictions.npz,4630,ad578183d914570df0e42b80114b4a0361c8ef951318820e1fb9f49dc1db5ac9
analysis_artifacts/canonical_run/folds/fold_07/stage_a_summary.json,3056,4d7262978dbd264fca57ded4905c6f1de374b50a37773667fc71597939bcf97f
analysis_artifacts/canonical_run/folds/fold_07/stage_b_outer_metrics.json,1476,5719ea53f1f68835440b8f5849a1d7dffab72354442efef2ef9459a98602684b
analysis_artifacts/canonical_run/folds/fold_08/canonical_fold_completion.json,1816,a8e5e7148c8cf53c1890c14305665e05d8dcfd6043c2d8e609741e5a565b984c
analysis_artifacts/canonical_run/folds/fold_08/frozen_outer_test_predictions.npz,4146,4c5710a90c0deeae57bceed1bde1d7ab1dc6647cd798ae68c3ce4eb8774bcd26
analysis_artifacts/canonical_run/folds/fold_08/frozen_prediction_manifest.json,1822,0e40d09b9d76750fa24004a10d125968963d970f48b9c1099425c637a5f61435
analysis_artifacts/canonical_run/folds/fold_08/inner/calibration.json,626,1000f0815d3f2c19c0a245104767a4659d3e9031355cce85a4efdea0d59ddeaa
analysis_artifacts/canonical_run/folds/fold_08/inner/level1/C01/seed_42/inner_00/preprocessing/evaluation_indices.npy,2240,834725d2a09f010dcda88b1aa92d1f7857cde12bbabc02b682821564f7cf01d2
analysis_artifacts/canonical_run/folds/fold_08/inner/level1/C01/seed_42/inner_00/preprocessing/fit_indices.npy,4344,a70e277af44200f372478062b16d9e5ef3d5b2b37ec2283fb31ee6f0ab69e983
analysis_artifacts/canonical_run/folds/fold_08/inner/level1/C01/seed_42/inner_00/preprocessing/preprocessing_manifest.json,800,be8c857c98dc7c7c8c517380b90b757678e9266976ee1f5d0ff0c870c91519eb
analysis_artifacts/canonical_run/folds/fold_08/inner/level1/C01/seed_42/inner_00/preprocessing/selected_full_edge_indices.npy,8128,7254dad95966f4c4ce38e78b10bea319fb98a400a5eeceaca2d409ea4aac832b
analysis_artifacts/canonical_run/folds/fold_08/inner/level1/C01/seed_42/inner_00/rung1_result.json,755,c21826f93dfe0218b3a267525791f59bec8f19bc509474d4b5d43f8a8252b215
analysis_artifacts/canonical_run/folds/fold_08/inner/level1/C01/seed_42/inner_01/preprocessing/evaluation_indices.npy,2240,569c42806584ed66ab3853c1c122474311cab6fd9bedb2515e0fe2a530d0a0c2
analysis_artifacts/canonical_run/folds/fold_08/inner/level1/C01/seed_42/inner_01/preprocessing/fit_indices.npy,4344,df8bd3f98894c479bb8ebfb0ad9701c744e29b232c80e84b8f23b39dd3bee68e
analysis_artifacts/canonical_run/folds/fold_08/inner/level1/C01/seed_42/inner_01/preprocessing/preprocessing_manifest.json,800,3eeadb903c6f779b529f1245a7a07b4c2b0efa8b7e555836b1a75ce17e76c768
analysis_artifacts/canonical_run/folds/fold_08/inner/level1/C01/seed_42/inner_01/preprocessing/selected_full_edge_indices.npy,8128,1bafcef4deef7bd5e9521a62261f4b838c68be4d55c962822a661d123b3ac1b8
analysis_artifacts/canonical_run/folds/fold_08/inner/level1/C01/seed_42/inner_01/rung1_result.json,756,f9022a5bd12619410f64ea1f0ea5e6b70302521dd9e18b0022395ef508714368
analysis_artifacts/canonical_run/folds/fold_08/inner/level1/C01/seed_42/inner_02/preprocessing/evaluation_indices.npy,2232,6dad78e9306e66425e9cd08eb91b91cd5bdb7b7aa5710794da81b5fc3ee09220
analysis_artifacts/canonical_run/folds/fold_08/inner/level1/C01/seed_42/inner_02/preprocessing/fit_indices.npy,4352,52f43fe7a7633ef5c549d1e089983c142d823f5fb3a6288f36cebeff5f260d99
analysis_artifacts/canonical_run/folds/fold_08/inner/level1/C01/seed_42/inner_02/preprocessing/preprocessing_manifest.json,800,4e5e9104d32d01839a2f3097068e138ea4ab9322935398ebba1d8765a47cc60a
analysis_artifacts/canonical_run/folds/fold_08/inner/level1/C01/seed_42/inner_02/preprocessing/selected_full_edge_indices.npy,8128,dc922da77ad45e6d4ff60ad3827833d3e4c5273df4c0c5453e99e7e57749dced
analysis_artifacts/canonical_run/folds/fold_08/inner/level1/C01/seed_42/inner_02/rung1_result.json,754,9fe1e5072b8149cbb04472c0a4349144e4c9df43b8607875eebabe911abadc2b
analysis_artifacts/canonical_run/folds/fold_08/inner/level1/C02/seed_42/inner_00/preprocessing/evaluation_indices.npy,2240,834725d2a09f010dcda88b1aa92d1f7857cde12bbabc02b682821564f7cf01d2
analysis_artifacts/canonical_run/folds/fold_08/inner/level1/C02/seed_42/inner_00/preprocessing/fit_indices.npy,4344,a70e277af44200f372478062b16d9e5ef3d5b2b37ec2283fb31ee6f0ab69e983
analysis_artifacts/canonical_run/folds/fold_08/inner/level1/C02/seed_42/inner_00/preprocessing/preprocessing_manifest.json,800,b69284f4132ec59da50859621c1f38239c7f343c5bfa7f7b1e359c33da3a2d0f
analysis_artifacts/canonical_run/folds/fold_08/inner/level1/C02/seed_42/inner_00/preprocessing/selected_full_edge_indices.npy,8128,7254dad95966f4c4ce38e78b10bea319fb98a400a5eeceaca2d409ea4aac832b
analysis_artifacts/canonical_run/folds/fold_08/inner/level1/C02/seed_42/inner_00/rung1_result.json,755,0a3cdab2a9683716afdcbb340405600cbf090dadfc2870c7c84fb87237005170
analysis_artifacts/canonical_run/folds/fold_08/inner/level1/C02/seed_42/inner_01/preprocessing/evaluation_indices.npy,2240,569c42806584ed66ab3853c1c122474311cab6fd9bedb2515e0fe2a530d0a0c2
analysis_artifacts/canonical_run/folds/fold_08/inner/level1/C02/seed_42/inner_01/preprocessing/fit_indices.npy,4344,df8bd3f98894c479bb8ebfb0ad9701c744e29b232c80e84b8f23b39dd3bee68e
analysis_artifacts/canonical_run/folds/fold_08/inner/level1/C02/seed_42/inner_01/preprocessing/preprocessing_manifest.json,800,5e501c38926ef2b951d3eaadefed989ac9ed49499476ee0e07591dc13647a9be
analysis_artifacts/canonical_run/folds/fold_08/inner/level1/C02/seed_42/inner_01/preprocessing/selected_full_edge_indices.npy,8128,1bafcef4deef7bd5e9521a62261f4b838c68be4d55c962822a661d123b3ac1b8
analysis_artifacts/canonical_run/folds/fold_08/inner/level1/C02/seed_42/inner_01/rung1_result.json,756,1a86430cae4cf07f5ea52b7ea8e7aeeffb70cf9a8f09541130ed4de0486738b6
analysis_artifacts/canonical_run/folds/fold_08/inner/level1/C02/seed_42/inner_02/preprocessing/evaluation_indices.npy,2232,6dad78e9306e66425e9cd08eb91b91cd5bdb7b7aa5710794da81b5fc3ee09220
analysis_artifacts/canonical_run/folds/fold_08/inner/level1/C02/seed_42/inner_02/preprocessing/fit_indices.npy,4352,52f43fe7a7633ef5c549d1e089983c142d823f5fb3a6288f36cebeff5f260d99
analysis_artifacts/canonical_run/folds/fold_08/inner/level1/C02/seed_42/inner_02/preprocessing/preprocessing_manifest.json,800,2607a942b27d4010fdd27a5b3351d5f1feb41253668f61440b60879ccc7a6b6e
analysis_artifacts/canonical_run/folds/fold_08/inner/level1/C02/seed_42/inner_02/preprocessing/selected_full_edge_indices.npy,8128,dc922da77ad45e6d4ff60ad3827833d3e4c5273df4c0c5453e99e7e57749dced
analysis_artifacts/canonical_run/folds/fold_08/inner/level1/C02/seed_42/inner_02/rung1_result.json,755,4496532f6c9df322c3b5a42f67bcbc3496a0fa77e85ccee4f67feda3b312d5ff
analysis_artifacts/canonical_run/folds/fold_08/inner/level1/C03/seed_42/inner_00/preprocessing/evaluation_indices.npy,2240,834725d2a09f010dcda88b1aa92d1f7857cde12bbabc02b682821564f7cf01d2
analysis_artifacts/canonical_run/folds/fold_08/inner/level1/C03/seed_42/inner_00/preprocessing/fit_indices.npy,4344,a70e277af44200f372478062b16d9e5ef3d5b2b37ec2283fb31ee6f0ab69e983
analysis_artifacts/canonical_run/folds/fold_08/inner/level1/C03/seed_42/inner_00/preprocessing/preprocessing_manifest.json,800,e74063b7ae29b115105111a13e768fae99a65a8aee529296f4fb5e6aedd0b424
analysis_artifacts/canonical_run/folds/fold_08/inner/level1/C03/seed_42/inner_00/preprocessing/selected_full_edge_indices.npy,20128,cdc47c964e44abbade365569a128820636c447f7c05f381493713e3817fc670e
analysis_artifacts/canonical_run/folds/fold_08/inner/level1/C03/seed_42/inner_00/rung1_result.json,756,391c7e3b70ab7be448318dfde4911317a15b24708bc461ffce0ba1701dbd23ea
analysis_artifacts/canonical_run/folds/fold_08/inner/level1/C03/seed_42/inner_01/preprocessing/evaluation_indices.npy,2240,569c42806584ed66ab3853c1c122474311cab6fd9bedb2515e0fe2a530d0a0c2
analysis_artifacts/canonical_run/folds/fold_08/inner/level1/C03/seed_42/inner_01/preprocessing/fit_indices.npy,4344,df8bd3f98894c479bb8ebfb0ad9701c744e29b232c80e84b8f23b39dd3bee68e
analysis_artifacts/canonical_run/folds/fold_08/inner/level1/C03/seed_42/inner_01/preprocessing/preprocessing_manifest.json,800,f754382a33355bba46ad936a0c9c10e9b4a78842434b8b879e7010e9af561f6f
analysis_artifacts/canonical_run/folds/fold_08/inner/level1/C03/seed_42/inner_01/preprocessing/selected_full_edge_indices.npy,20128,d762fa63a9bda8db1de59f46985f521576655ff810670583fb9cba12f5a910fe
analysis_artifacts/canonical_run/folds/fold_08/inner/level1/C03/seed_42/inner_01/rung1_result.json,756,1531bebd268f7025e6b251db90657ef438cf051d189d3c1163983d9c017bfc32
analysis_artifacts/canonical_run/folds/fold_08/inner/level1/C03/seed_42/inner_02/preprocessing/evaluation_indices.npy,2232,6dad78e9306e66425e9cd08eb91b91cd5bdb7b7aa5710794da81b5fc3ee09220
analysis_artifacts/canonical_run/folds/fold_08/inner/level1/C03/seed_42/inner_02/preprocessing/fit_indices.npy,4352,52f43fe7a7633ef5c549d1e089983c142d823f5fb3a6288f36cebeff5f260d99
analysis_artifacts/canonical_run/folds/fold_08/inner/level1/C03/seed_42/inner_02/preprocessing/preprocessing_manifest.json,800,a9ba81b3e7b39c8604fa1dba3f9fc1a4897874f36c63b75f5877e78a056e2db2
analysis_artifacts/canonical_run/folds/fold_08/inner/level1/C03/seed_42/inner_02/preprocessing/selected_full_edge_indices.npy,20128,bbd11102dd7b1ac387c58bebb7a4e2eaa77735cc3c9f5073a319c795b6674352
analysis_artifacts/canonical_run/folds/fold_08/inner/level1/C03/seed_42/inner_02/rung1_result.json,756,09e34ca4f099050a078f83f5c511e117b555b86813171bb4a20266662c87331b
analysis_artifacts/canonical_run/folds/fold_08/inner/level1/C04/seed_42/inner_00/preprocessing/evaluation_indices.npy,2240,834725d2a09f010dcda88b1aa92d1f7857cde12bbabc02b682821564f7cf01d2
analysis_artifacts/canonical_run/folds/fold_08/inner/level1/C04/seed_42/inner_00/preprocessing/fit_indices.npy,4344,a70e277af44200f372478062b16d9e5ef3d5b2b37ec2283fb31ee6f0ab69e983
analysis_artifacts/canonical_run/folds/fold_08/inner/level1/C04/seed_42/inner_00/preprocessing/preprocessing_manifest.json,800,5f8924a12e2858ce759b304fe44b9dd9741e83b6a7895da584a242856f0d0d28
analysis_artifacts/canonical_run/folds/fold_08/inner/level1/C04/seed_42/inner_00/preprocessing/selected_full_edge_indices.npy,20128,cdc47c964e44abbade365569a128820636c447f7c05f381493713e3817fc670e
analysis_artifacts/canonical_run/folds/fold_08/inner/level1/C04/seed_42/inner_00/rung1_result.json,756,7de111732e67a1b262da9d7fdfbc08f171422fc4297ca90169e618fb95ba0976
analysis_artifacts/canonical_run/folds/fold_08/inner/level1/C04/seed_42/inner_01/preprocessing/evaluation_indices.npy,2240,569c42806584ed66ab3853c1c122474311cab6fd9bedb2515e0fe2a530d0a0c2
analysis_artifacts/canonical_run/folds/fold_08/inner/level1/C04/seed_42/inner_01/preprocessing/fit_indices.npy,4344,df8bd3f98894c479bb8ebfb0ad9701c744e29b232c80e84b8f23b39dd3bee68e
analysis_artifacts/canonical_run/folds/fold_08/inner/level1/C04/seed_42/inner_01/preprocessing/preprocessing_manifest.json,800,1881095af40259d0983099b553ad12159289b3f3026e241ad663ebccae711766
analysis_artifacts/canonical_run/folds/fold_08/inner/level1/C04/seed_42/inner_01/preprocessing/selected_full_edge_indices.npy,20128,d762fa63a9bda8db1de59f46985f521576655ff810670583fb9cba12f5a910fe
analysis_artifacts/canonical_run/folds/fold_08/inner/level1/C04/seed_42/inner_01/rung1_result.json,756,a50e58ae415f8c2168907af2a02102e3d6f2e11cd6b8ab256c091b86746aa447
analysis_artifacts/canonical_run/folds/fold_08/inner/level1/C04/seed_42/inner_02/preprocessing/evaluation_indices.npy,2232,6dad78e9306e66425e9cd08eb91b91cd5bdb7b7aa5710794da81b5fc3ee09220
analysis_artifacts/canonical_run/folds/fold_08/inner/level1/C04/seed_42/inner_02/preprocessing/fit_indices.npy,4352,52f43fe7a7633ef5c549d1e089983c142d823f5fb3a6288f36cebeff5f260d99
analysis_artifacts/canonical_run/folds/fold_08/inner/level1/C04/seed_42/inner_02/preprocessing/preprocessing_manifest.json,800,b62dcb7e3101c16705f73c33032a5ef23083153b6b6d17cff7a3716583afbb18
analysis_artifacts/canonical_run/folds/fold_08/inner/level1/C04/seed_42/inner_02/preprocessing/selected_full_edge_indices.npy,20128,bbd11102dd7b1ac387c58bebb7a4e2eaa77735cc3c9f5073a319c795b6674352
analysis_artifacts/canonical_run/folds/fold_08/inner/level1/C04/seed_42/inner_02/rung1_result.json,756,31cce99b5f527f569546e66ccf3c94e0718792de62e5d692b294aa5c7a173c15
analysis_artifacts/canonical_run/folds/fold_08/inner/level1/C05/seed_42/inner_00/preprocessing/evaluation_indices.npy,2240,834725d2a09f010dcda88b1aa92d1f7857cde12bbabc02b682821564f7cf01d2
analysis_artifacts/canonical_run/folds/fold_08/inner/level1/C05/seed_42/inner_00/preprocessing/fit_indices.npy,4344,a70e277af44200f372478062b16d9e5ef3d5b2b37ec2283fb31ee6f0ab69e983
analysis_artifacts/canonical_run/folds/fold_08/inner/level1/C05/seed_42/inner_00/preprocessing/preprocessing_manifest.json,800,40924c2e6857ce86e813891ec2e26e03bba6eaa8f23fe626413202f08a79a6d0
analysis_artifacts/canonical_run/folds/fold_08/inner/level1/C05/seed_42/inner_00/preprocessing/selected_full_edge_indices.npy,39928,de678f83cf7488778e4b5225ddc2ba8628e70f62440ffd1343cf391b8177e6ca
analysis_artifacts/canonical_run/folds/fold_08/inner/level1/C05/seed_42/inner_00/rung1_result.json,756,ecdfc5da6587c0c681ad3ea7e3b4482a235f630db69baf61c0614d7694cc311f
analysis_artifacts/canonical_run/folds/fold_08/inner/level1/C05/seed_42/inner_01/preprocessing/evaluation_indices.npy,2240,569c42806584ed66ab3853c1c122474311cab6fd9bedb2515e0fe2a530d0a0c2
analysis_artifacts/canonical_run/folds/fold_08/inner/level1/C05/seed_42/inner_01/preprocessing/fit_indices.npy,4344,df8bd3f98894c479bb8ebfb0ad9701c744e29b232c80e84b8f23b39dd3bee68e
analysis_artifacts/canonical_run/folds/fold_08/inner/level1/C05/seed_42/inner_01/preprocessing/preprocessing_manifest.json,800,fdb873a7132ce3cc0df948148034cd41a7f62a79f88af5c959a953d85bb04407
analysis_artifacts/canonical_run/folds/fold_08/inner/level1/C05/seed_42/inner_01/preprocessing/selected_full_edge_indices.npy,39928,06aaac4d7862cc100bbbce0a91a40d3bddadea4b9e371261b172cc5d8da33797
analysis_artifacts/canonical_run/folds/fold_08/inner/level1/C05/seed_42/inner_01/rung1_result.json,756,5c1b704368ab6bbff098f3bf3ddcf7aa77a7adefdacbc6127899018087121f92
analysis_artifacts/canonical_run/folds/fold_08/inner/level1/C05/seed_42/inner_02/preprocessing/evaluation_indices.npy,2232,6dad78e9306e66425e9cd08eb91b91cd5bdb7b7aa5710794da81b5fc3ee09220
analysis_artifacts/canonical_run/folds/fold_08/inner/level1/C05/seed_42/inner_02/preprocessing/fit_indices.npy,4352,52f43fe7a7633ef5c549d1e089983c142d823f5fb3a6288f36cebeff5f260d99
analysis_artifacts/canonical_run/folds/fold_08/inner/level1/C05/seed_42/inner_02/preprocessing/preprocessing_manifest.json,800,831f3e226cde9e3507b635f7b95ed860a39d28c5e4638dec7bb2bad4acb7e343
analysis_artifacts/canonical_run/folds/fold_08/inner/level1/C05/seed_42/inner_02/preprocessing/selected_full_edge_indices.npy,39928,f3d9c77350fdd0220a72c34001ccd207b5c955941a1c2950001d646c0f47e954
analysis_artifacts/canonical_run/folds/fold_08/inner/level1/C05/seed_42/inner_02/rung1_result.json,756,86ec6a1491b8badc9224cc4df67fe6d0e2125f02836f4c510dcda0ddc37a1715
analysis_artifacts/canonical_run/folds/fold_08/inner/level1/C06/seed_42/inner_00/preprocessing/evaluation_indices.npy,2240,834725d2a09f010dcda88b1aa92d1f7857cde12bbabc02b682821564f7cf01d2
analysis_artifacts/canonical_run/folds/fold_08/inner/level1/C06/seed_42/inner_00/preprocessing/fit_indices.npy,4344,a70e277af44200f372478062b16d9e5ef3d5b2b37ec2283fb31ee6f0ab69e983
analysis_artifacts/canonical_run/folds/fold_08/inner/level1/C06/seed_42/inner_00/preprocessing/preprocessing_manifest.json,800,b2386ba8acb04c57e8facf4421804f58ce2fc5901583dbc031ee881fa1876747
analysis_artifacts/canonical_run/folds/fold_08/inner/level1/C06/seed_42/inner_00/preprocessing/selected_full_edge_indices.npy,39928,de678f83cf7488778e4b5225ddc2ba8628e70f62440ffd1343cf391b8177e6ca
analysis_artifacts/canonical_run/folds/fold_08/inner/level1/C06/seed_42/inner_00/rung1_result.json,756,5c714cd14af048a7258b56a86e3e3283d34d670fa6f7e1dbec4843d06cd00ba7
analysis_artifacts/canonical_run/folds/fold_08/inner/level1/C06/seed_42/inner_00/rung2_result.json,757,6c552e86ce5eb8f289517745a9bf772eb103392ba1d4e756fd84337ed80688f3
analysis_artifacts/canonical_run/folds/fold_08/inner/level1/C06/seed_42/inner_01/preprocessing/evaluation_indices.npy,2240,569c42806584ed66ab3853c1c122474311cab6fd9bedb2515e0fe2a530d0a0c2
analysis_artifacts/canonical_run/folds/fold_08/inner/level1/C06/seed_42/inner_01/preprocessing/fit_indices.npy,4344,df8bd3f98894c479bb8ebfb0ad9701c744e29b232c80e84b8f23b39dd3bee68e
analysis_artifacts/canonical_run/folds/fold_08/inner/level1/C06/seed_42/inner_01/preprocessing/preprocessing_manifest.json,800,19c1984bd5c109b6407cc2a7016b07e3cc3a5652d50c891b9d90c03e66c6c6cb
analysis_artifacts/canonical_run/folds/fold_08/inner/level1/C06/seed_42/inner_01/preprocessing/selected_full_edge_indices.npy,39928,06aaac4d7862cc100bbbce0a91a40d3bddadea4b9e371261b172cc5d8da33797
analysis_artifacts/canonical_run/folds/fold_08/inner/level1/C06/seed_42/inner_01/rung1_result.json,756,c5698ba67da2a22a25e1a33fa58f72aa2e3b01c60c45014ea5afd066c2b6df36
analysis_artifacts/canonical_run/folds/fold_08/inner/level1/C06/seed_42/inner_01/rung2_result.json,757,58bdd0291d2c7d196646ce36d5332de3f4d5f23ce94bf9eec795157d688dafd5
analysis_artifacts/canonical_run/folds/fold_08/inner/level1/C06/seed_42/inner_02/preprocessing/evaluation_indices.npy,2232,6dad78e9306e66425e9cd08eb91b91cd5bdb7b7aa5710794da81b5fc3ee09220
analysis_artifacts/canonical_run/folds/fold_08/inner/level1/C06/seed_42/inner_02/preprocessing/fit_indices.npy,4352,52f43fe7a7633ef5c549d1e089983c142d823f5fb3a6288f36cebeff5f260d99
analysis_artifacts/canonical_run/folds/fold_08/inner/level1/C06/seed_42/inner_02/preprocessing/preprocessing_manifest.json,800,a378fb9cbeb420d84234f0991812455c24f182b2bbf069dd57398cf361bce789
analysis_artifacts/canonical_run/folds/fold_08/inner/level1/C06/seed_42/inner_02/preprocessing/selected_full_edge_indices.npy,39928,f3d9c77350fdd0220a72c34001ccd207b5c955941a1c2950001d646c0f47e954
analysis_artifacts/canonical_run/folds/fold_08/inner/level1/C06/seed_42/inner_02/rung1_result.json,756,6ec4795901c7da2779fc5d7a19b637f9246fd18766e4ecfa2be7a06806f960fc
analysis_artifacts/canonical_run/folds/fold_08/inner/level1/C06/seed_42/inner_02/rung2_result.json,757,3da3aa3b1cdf4ca0232c93eab8bfa45c0f2d7ee253cb7bbad327a72e115b8ee6
analysis_artifacts/canonical_run/folds/fold_08/inner/level1/C07/seed_42/inner_00/preprocessing/evaluation_indices.npy,2240,834725d2a09f010dcda88b1aa92d1f7857cde12bbabc02b682821564f7cf01d2
analysis_artifacts/canonical_run/folds/fold_08/inner/level1/C07/seed_42/inner_00/preprocessing/fit_indices.npy,4344,a70e277af44200f372478062b16d9e5ef3d5b2b37ec2283fb31ee6f0ab69e983
analysis_artifacts/canonical_run/folds/fold_08/inner/level1/C07/seed_42/inner_00/preprocessing/preprocessing_manifest.json,802,d3313676d6df14dda04c71fd265b79a0b73d4fe3aa7b4a7e38f718c32803c696
analysis_artifacts/canonical_run/folds/fold_08/inner/level1/C07/seed_42/inner_00/preprocessing/selected_full_edge_indices.npy,39928,de678f83cf7488778e4b5225ddc2ba8628e70f62440ffd1343cf391b8177e6ca
analysis_artifacts/canonical_run/folds/fold_08/inner/level1/C07/seed_42/inner_00/rung1_result.json,755,14e9ec9a41613bfdc5d4c6869befefcd51b756b7646d40c0318e7d747ef3f441
analysis_artifacts/canonical_run/folds/fold_08/inner/level1/C07/seed_42/inner_00/rung2_result.json,756,939b3d38b6e138408c9cc41cdb0f23e05b1069b9e3840bbd76bae7eb7e02e773
analysis_artifacts/canonical_run/folds/fold_08/inner/level1/C07/seed_42/inner_01/preprocessing/evaluation_indices.npy,2240,569c42806584ed66ab3853c1c122474311cab6fd9bedb2515e0fe2a530d0a0c2
analysis_artifacts/canonical_run/folds/fold_08/inner/level1/C07/seed_42/inner_01/preprocessing/fit_indices.npy,4344,df8bd3f98894c479bb8ebfb0ad9701c744e29b232c80e84b8f23b39dd3bee68e
analysis_artifacts/canonical_run/folds/fold_08/inner/level1/C07/seed_42/inner_01/preprocessing/preprocessing_manifest.json,802,4fdbd71b99b965a1a2c0fe3b8c6f57e58882004918f76c42ab416b51ded988fb
analysis_artifacts/canonical_run/folds/fold_08/inner/level1/C07/seed_42/inner_01/preprocessing/selected_full_edge_indices.npy,39928,06aaac4d7862cc100bbbce0a91a40d3bddadea4b9e371261b172cc5d8da33797
analysis_artifacts/canonical_run/folds/fold_08/inner/level1/C07/seed_42/inner_01/rung1_result.json,756,553905b640c7492a686c51334896322cbbbc7f540809e16ed11270b2d50baeb3
analysis_artifacts/canonical_run/folds/fold_08/inner/level1/C07/seed_42/inner_01/rung2_result.json,757,2da9f5c6672919326d3654c74774c7c6be26867fcf1ac2ec918deba532fe1d59
analysis_artifacts/canonical_run/folds/fold_08/inner/level1/C07/seed_42/inner_02/preprocessing/evaluation_indices.npy,2232,6dad78e9306e66425e9cd08eb91b91cd5bdb7b7aa5710794da81b5fc3ee09220
analysis_artifacts/canonical_run/folds/fold_08/inner/level1/C07/seed_42/inner_02/preprocessing/fit_indices.npy,4352,52f43fe7a7633ef5c549d1e089983c142d823f5fb3a6288f36cebeff5f260d99
analysis_artifacts/canonical_run/folds/fold_08/inner/level1/C07/seed_42/inner_02/preprocessing/preprocessing_manifest.json,802,52500831e595a4a941cd4dedf456f8919b167c0d9591805cf7686ab60c633230
analysis_artifacts/canonical_run/folds/fold_08/inner/level1/C07/seed_42/inner_02/preprocessing/selected_full_edge_indices.npy,39928,f3d9c77350fdd0220a72c34001ccd207b5c955941a1c2950001d646c0f47e954
analysis_artifacts/canonical_run/folds/fold_08/inner/level1/C07/seed_42/inner_02/rung1_result.json,756,8545bbe0199ddeb3675bbeb1a578af943007f9747695849e00a25b3e2fe9d711
analysis_artifacts/canonical_run/folds/fold_08/inner/level1/C07/seed_42/inner_02/rung2_result.json,757,de4e4220ff56f4bf870db10ea44b13b944c490559856a487d676d3c7d0eb7869
analysis_artifacts/canonical_run/folds/fold_08/inner/level1/C08/seed_42/inner_00/preprocessing/evaluation_indices.npy,2240,834725d2a09f010dcda88b1aa92d1f7857cde12bbabc02b682821564f7cf01d2
analysis_artifacts/canonical_run/folds/fold_08/inner/level1/C08/seed_42/inner_00/preprocessing/fit_indices.npy,4344,a70e277af44200f372478062b16d9e5ef3d5b2b37ec2283fb31ee6f0ab69e983
analysis_artifacts/canonical_run/folds/fold_08/inner/level1/C08/seed_42/inner_00/preprocessing/preprocessing_manifest.json,802,6f6d32ca7becae232eff2e124caeff540aaef1d7427e69436fef2e1fb9a3a6a0
analysis_artifacts/canonical_run/folds/fold_08/inner/level1/C08/seed_42/inner_00/preprocessing/selected_full_edge_indices.npy,39928,de678f83cf7488778e4b5225ddc2ba8628e70f62440ffd1343cf391b8177e6ca
analysis_artifacts/canonical_run/folds/fold_08/inner/level1/C08/seed_42/inner_00/rung1_result.json,756,f41ff56f833c80be471358237eac4bd6b0054a9bb9e9783d738b98dba9e335e4
analysis_artifacts/canonical_run/folds/fold_08/inner/level1/C08/seed_42/inner_00/rung2_result.json,757,a4fa52fbcff89dfe7151bd848ab52bbe75417205797d071ec8887d6f4ca79f3d
analysis_artifacts/canonical_run/folds/fold_08/inner/level1/C08/seed_42/inner_01/preprocessing/evaluation_indices.npy,2240,569c42806584ed66ab3853c1c122474311cab6fd9bedb2515e0fe2a530d0a0c2
analysis_artifacts/canonical_run/folds/fold_08/inner/level1/C08/seed_42/inner_01/preprocessing/fit_indices.npy,4344,df8bd3f98894c479bb8ebfb0ad9701c744e29b232c80e84b8f23b39dd3bee68e
analysis_artifacts/canonical_run/folds/fold_08/inner/level1/C08/seed_42/inner_01/preprocessing/preprocessing_manifest.json,802,1ad3ca1da9516b509794e399a81a9fd755f6e4663d080271a0a52a4bc6e4c26b
analysis_artifacts/canonical_run/folds/fold_08/inner/level1/C08/seed_42/inner_01/preprocessing/selected_full_edge_indices.npy,39928,06aaac4d7862cc100bbbce0a91a40d3bddadea4b9e371261b172cc5d8da33797
analysis_artifacts/canonical_run/folds/fold_08/inner/level1/C08/seed_42/inner_01/rung1_result.json,756,b643df0727fabe69e73a089f2235672c5ef49ac5d45a73f1504decef09e8fd84
analysis_artifacts/canonical_run/folds/fold_08/inner/level1/C08/seed_42/inner_01/rung2_result.json,757,1127b4596f1b83934a188da39addb26f561a363af414baaeeba3310d55b13726
analysis_artifacts/canonical_run/folds/fold_08/inner/level1/C08/seed_42/inner_02/preprocessing/evaluation_indices.npy,2232,6dad78e9306e66425e9cd08eb91b91cd5bdb7b7aa5710794da81b5fc3ee09220
analysis_artifacts/canonical_run/folds/fold_08/inner/level1/C08/seed_42/inner_02/preprocessing/fit_indices.npy,4352,52f43fe7a7633ef5c549d1e089983c142d823f5fb3a6288f36cebeff5f260d99
analysis_artifacts/canonical_run/folds/fold_08/inner/level1/C08/seed_42/inner_02/preprocessing/preprocessing_manifest.json,802,38e0ab3d82c180e067d9958c8b63eeb24f474a668d3e2cf97490b0150abb93eb
analysis_artifacts/canonical_run/folds/fold_08/inner/level1/C08/seed_42/inner_02/preprocessing/selected_full_edge_indices.npy,39928,f3d9c77350fdd0220a72c34001ccd207b5c955941a1c2950001d646c0f47e954
analysis_artifacts/canonical_run/folds/fold_08/inner/level1/C08/seed_42/inner_02/rung1_result.json,756,a9cb82a0857a442bf2bb0b92145f8e4b4a797c3bd6ffbb64711cd31a825d38f7
analysis_artifacts/canonical_run/folds/fold_08/inner/level1/C08/seed_42/inner_02/rung2_result.json,757,e73c3fee6512da2e09724d3e372b382b751413f96428a71fc705c46318fb7e8a
analysis_artifacts/canonical_run/folds/fold_08/inner/level1/C09/seed_42/inner_00/preprocessing/evaluation_indices.npy,2240,834725d2a09f010dcda88b1aa92d1f7857cde12bbabc02b682821564f7cf01d2
analysis_artifacts/canonical_run/folds/fold_08/inner/level1/C09/seed_42/inner_00/preprocessing/fit_indices.npy,4344,a70e277af44200f372478062b16d9e5ef3d5b2b37ec2283fb31ee6f0ab69e983
analysis_artifacts/canonical_run/folds/fold_08/inner/level1/C09/seed_42/inner_00/preprocessing/preprocessing_manifest.json,839,bee8900d155b2c4c33a876b1f442fc23d15ea11b07edaca08e49952d086c350e
analysis_artifacts/canonical_run/folds/fold_08/inner/level1/C09/seed_42/inner_00/preprocessing/selected_full_edge_indices.npy,39928,de678f83cf7488778e4b5225ddc2ba8628e70f62440ffd1343cf391b8177e6ca
analysis_artifacts/canonical_run/folds/fold_08/inner/level1/C09/seed_42/inner_00/rung1_result.json,755,2996ddb19ca9d862cd68bee1857c1e6fc794ec836dc012800a2cb0a793686777
analysis_artifacts/canonical_run/folds/fold_08/inner/level1/C09/seed_42/inner_00/rung2_result.json,756,c5ed7469e7cc094e0125297a55164c05009ea721c393890805d43e1328fb2bb8
analysis_artifacts/canonical_run/folds/fold_08/inner/level1/C09/seed_42/inner_01/preprocessing/evaluation_indices.npy,2240,569c42806584ed66ab3853c1c122474311cab6fd9bedb2515e0fe2a530d0a0c2
analysis_artifacts/canonical_run/folds/fold_08/inner/level1/C09/seed_42/inner_01/preprocessing/fit_indices.npy,4344,df8bd3f98894c479bb8ebfb0ad9701c744e29b232c80e84b8f23b39dd3bee68e
analysis_artifacts/canonical_run/folds/fold_08/inner/level1/C09/seed_42/inner_01/preprocessing/preprocessing_manifest.json,839,58b9596eeda61c891127be2fbe1375fe85f1aa2b7eddf4c014eed34bfd2af918
analysis_artifacts/canonical_run/folds/fold_08/inner/level1/C09/seed_42/inner_01/preprocessing/selected_full_edge_indices.npy,39928,06aaac4d7862cc100bbbce0a91a40d3bddadea4b9e371261b172cc5d8da33797
analysis_artifacts/canonical_run/folds/fold_08/inner/level1/C09/seed_42/inner_01/rung1_result.json,756,0888ea5e6c8a917ba4be3c0bf0172089c9aa0fa835bc85a02cdb872760fc53b6
analysis_artifacts/canonical_run/folds/fold_08/inner/level1/C09/seed_42/inner_01/rung2_result.json,757,e534faf1fc85b32934c91984bc2c6d9846de0ed825713031fc665d3ec37ad44f
analysis_artifacts/canonical_run/folds/fold_08/inner/level1/C09/seed_42/inner_02/preprocessing/evaluation_indices.npy,2232,6dad78e9306e66425e9cd08eb91b91cd5bdb7b7aa5710794da81b5fc3ee09220
analysis_artifacts/canonical_run/folds/fold_08/inner/level1/C09/seed_42/inner_02/preprocessing/fit_indices.npy,4352,52f43fe7a7633ef5c549d1e089983c142d823f5fb3a6288f36cebeff5f260d99
analysis_artifacts/canonical_run/folds/fold_08/inner/level1/C09/seed_42/inner_02/preprocessing/preprocessing_manifest.json,839,daa6d9d840a0e43bdcbfb95e9426dfa3bb2378bafb1f9d29a610b854ba0cb2c9
analysis_artifacts/canonical_run/folds/fold_08/inner/level1/C09/seed_42/inner_02/preprocessing/selected_full_edge_indices.npy,39928,f3d9c77350fdd0220a72c34001ccd207b5c955941a1c2950001d646c0f47e954
analysis_artifacts/canonical_run/folds/fold_08/inner/level1/C09/seed_42/inner_02/rung1_result.json,756,e3c150beebb37d6668094c572e577707f384f66dae353b498e23ee539a4dcdcc
analysis_artifacts/canonical_run/folds/fold_08/inner/level1/C09/seed_42/inner_02/rung2_result.json,757,570d344b1223773f5b51e128ea7618f2af9b1d8206bd60c4c29c00a362357c94
analysis_artifacts/canonical_run/folds/fold_08/inner/level1/C10/seed_42/inner_00/preprocessing/evaluation_indices.npy,2240,834725d2a09f010dcda88b1aa92d1f7857cde12bbabc02b682821564f7cf01d2
analysis_artifacts/canonical_run/folds/fold_08/inner/level1/C10/seed_42/inner_00/preprocessing/fit_indices.npy,4344,a70e277af44200f372478062b16d9e5ef3d5b2b37ec2283fb31ee6f0ab69e983
analysis_artifacts/canonical_run/folds/fold_08/inner/level1/C10/seed_42/inner_00/preprocessing/preprocessing_manifest.json,839,01c47a4552148d5933780edef7cdc69a6d929801ce1c35702d53015e3f12fa95
analysis_artifacts/canonical_run/folds/fold_08/inner/level1/C10/seed_42/inner_00/preprocessing/selected_full_edge_indices.npy,39928,de678f83cf7488778e4b5225ddc2ba8628e70f62440ffd1343cf391b8177e6ca
analysis_artifacts/canonical_run/folds/fold_08/inner/level1/C10/seed_42/inner_00/rung1_result.json,756,b3ddab60b28027ff69a70c417c1b57b4b63c6eafc2cc70f2c7a75054378a1238
analysis_artifacts/canonical_run/folds/fold_08/inner/level1/C10/seed_42/inner_00/rung2_result.json,757,79335e27ed49a9ebd6289e4c5406634173d779e48c93e10765a3e58a606de008
analysis_artifacts/canonical_run/folds/fold_08/inner/level1/C10/seed_42/inner_01/preprocessing/evaluation_indices.npy,2240,569c42806584ed66ab3853c1c122474311cab6fd9bedb2515e0fe2a530d0a0c2
analysis_artifacts/canonical_run/folds/fold_08/inner/level1/C10/seed_42/inner_01/preprocessing/fit_indices.npy,4344,df8bd3f98894c479bb8ebfb0ad9701c744e29b232c80e84b8f23b39dd3bee68e
analysis_artifacts/canonical_run/folds/fold_08/inner/level1/C10/seed_42/inner_01/preprocessing/preprocessing_manifest.json,839,6ddf05698ab9dc07d8c70899e01260cc73a5b22c1baccb6a360601684917868b
analysis_artifacts/canonical_run/folds/fold_08/inner/level1/C10/seed_42/inner_01/preprocessing/selected_full_edge_indices.npy,39928,06aaac4d7862cc100bbbce0a91a40d3bddadea4b9e371261b172cc5d8da33797
analysis_artifacts/canonical_run/folds/fold_08/inner/level1/C10/seed_42/inner_01/rung1_result.json,755,dfbae67a060d4b76c86b66cc38ab9df9bcc57b96761edbba0c1ca05fac8d786e
analysis_artifacts/canonical_run/folds/fold_08/inner/level1/C10/seed_42/inner_01/rung2_result.json,756,81511330514fd33673e672e080caacc204f96597e1790f8a08fd422ef4133cf8
analysis_artifacts/canonical_run/folds/fold_08/inner/level1/C10/seed_42/inner_02/preprocessing/evaluation_indices.npy,2232,6dad78e9306e66425e9cd08eb91b91cd5bdb7b7aa5710794da81b5fc3ee09220
analysis_artifacts/canonical_run/folds/fold_08/inner/level1/C10/seed_42/inner_02/preprocessing/fit_indices.npy,4352,52f43fe7a7633ef5c549d1e089983c142d823f5fb3a6288f36cebeff5f260d99
analysis_artifacts/canonical_run/folds/fold_08/inner/level1/C10/seed_42/inner_02/preprocessing/preprocessing_manifest.json,839,d1a8ec695f9ca7398355ef58357a88c0ec5f4f312f08a7ffd60d25465b08fa44
analysis_artifacts/canonical_run/folds/fold_08/inner/level1/C10/seed_42/inner_02/preprocessing/selected_full_edge_indices.npy,39928,f3d9c77350fdd0220a72c34001ccd207b5c955941a1c2950001d646c0f47e954
analysis_artifacts/canonical_run/folds/fold_08/inner/level1/C10/seed_42/inner_02/rung1_result.json,756,c92b14d544797af2ead5db6bfc1d80baf4fa22dbfb5e7700625e3e8559619809
analysis_artifacts/canonical_run/folds/fold_08/inner/level1/C10/seed_42/inner_02/rung2_result.json,758,899f0b3a4f91f8c462fd26adfbf0247ee5d15f8fedb31888630ac8f1f4b081a6
analysis_artifacts/canonical_run/folds/fold_08/inner/level1/C11/seed_42/inner_00/preprocessing/evaluation_indices.npy,2240,834725d2a09f010dcda88b1aa92d1f7857cde12bbabc02b682821564f7cf01d2
analysis_artifacts/canonical_run/folds/fold_08/inner/level1/C11/seed_42/inner_00/preprocessing/fit_indices.npy,4344,a70e277af44200f372478062b16d9e5ef3d5b2b37ec2283fb31ee6f0ab69e983
analysis_artifacts/canonical_run/folds/fold_08/inner/level1/C11/seed_42/inner_00/preprocessing/preprocessing_manifest.json,839,202f1dc2bb6b3472bbfccb915d3a8b17afd6a6301ee330f78fd28b9123c2737f
analysis_artifacts/canonical_run/folds/fold_08/inner/level1/C11/seed_42/inner_00/preprocessing/selected_full_edge_indices.npy,39928,de678f83cf7488778e4b5225ddc2ba8628e70f62440ffd1343cf391b8177e6ca
analysis_artifacts/canonical_run/folds/fold_08/inner/level1/C11/seed_42/inner_00/rung1_result.json,756,009a5b4dc070d54496ef8f7184ac3469ed4da1450f253ce533740bc7124e3b89
analysis_artifacts/canonical_run/folds/fold_08/inner/level1/C11/seed_42/inner_00/rung2_result.json,757,583af5f608e5b689eeeddc44db926bb8b5558ffc67b9f9d1ca3178072ad3de94
analysis_artifacts/canonical_run/folds/fold_08/inner/level1/C11/seed_42/inner_01/preprocessing/evaluation_indices.npy,2240,569c42806584ed66ab3853c1c122474311cab6fd9bedb2515e0fe2a530d0a0c2
analysis_artifacts/canonical_run/folds/fold_08/inner/level1/C11/seed_42/inner_01/preprocessing/fit_indices.npy,4344,df8bd3f98894c479bb8ebfb0ad9701c744e29b232c80e84b8f23b39dd3bee68e
analysis_artifacts/canonical_run/folds/fold_08/inner/level1/C11/seed_42/inner_01/preprocessing/preprocessing_manifest.json,839,d0feb7dcbebcb9fbfe520ecb069e01b1b52a08c3edaa1de2fab9c5195b448829
analysis_artifacts/canonical_run/folds/fold_08/inner/level1/C11/seed_42/inner_01/preprocessing/selected_full_edge_indices.npy,39928,06aaac4d7862cc100bbbce0a91a40d3bddadea4b9e371261b172cc5d8da33797
analysis_artifacts/canonical_run/folds/fold_08/inner/level1/C11/seed_42/inner_01/rung1_result.json,756,01fa0524078463ed6ba2b210fa7f2161e6aadc3510edae6d8abe7bac271fa06c
analysis_artifacts/canonical_run/folds/fold_08/inner/level1/C11/seed_42/inner_01/rung2_result.json,757,83385343f20eb58fceb347bf57ec89d75885b0f1e7368ce1aca226bfba328daf
analysis_artifacts/canonical_run/folds/fold_08/inner/level1/C11/seed_42/inner_02/preprocessing/evaluation_indices.npy,2232,6dad78e9306e66425e9cd08eb91b91cd5bdb7b7aa5710794da81b5fc3ee09220
analysis_artifacts/canonical_run/folds/fold_08/inner/level1/C11/seed_42/inner_02/preprocessing/fit_indices.npy,4352,52f43fe7a7633ef5c549d1e089983c142d823f5fb3a6288f36cebeff5f260d99
analysis_artifacts/canonical_run/folds/fold_08/inner/level1/C11/seed_42/inner_02/preprocessing/preprocessing_manifest.json,839,51b680f8bb11e6a46f13ddce4a147bc1cd59071b10f3416f88ac025eb81fb7cc
analysis_artifacts/canonical_run/folds/fold_08/inner/level1/C11/seed_42/inner_02/preprocessing/selected_full_edge_indices.npy,39928,f3d9c77350fdd0220a72c34001ccd207b5c955941a1c2950001d646c0f47e954
analysis_artifacts/canonical_run/folds/fold_08/inner/level1/C11/seed_42/inner_02/rung1_result.json,756,7eaf4e9a3cc050c703b1df6a0f1e18ef31a328d998dd33abeab753969caa920d
analysis_artifacts/canonical_run/folds/fold_08/inner/level1/C11/seed_42/inner_02/rung2_result.json,757,422ac465e82258f2320dcc098b684fa0aeca9c0256165b4e7fde69ac65c9022b
analysis_artifacts/canonical_run/folds/fold_08/inner/level1/C12/seed_42/inner_00/preprocessing/evaluation_indices.npy,2240,834725d2a09f010dcda88b1aa92d1f7857cde12bbabc02b682821564f7cf01d2
analysis_artifacts/canonical_run/folds/fold_08/inner/level1/C12/seed_42/inner_00/preprocessing/fit_indices.npy,4344,a70e277af44200f372478062b16d9e5ef3d5b2b37ec2283fb31ee6f0ab69e983
analysis_artifacts/canonical_run/folds/fold_08/inner/level1/C12/seed_42/inner_00/preprocessing/preprocessing_manifest.json,839,66aabc4e8e3bc1fa3b5dd6e744be4df91f005bcb720daad55f7e8d6ff6faa225
analysis_artifacts/canonical_run/folds/fold_08/inner/level1/C12/seed_42/inner_00/preprocessing/selected_full_edge_indices.npy,39928,de678f83cf7488778e4b5225ddc2ba8628e70f62440ffd1343cf391b8177e6ca
analysis_artifacts/canonical_run/folds/fold_08/inner/level1/C12/seed_42/inner_00/rung1_result.json,755,ea73c583d355b20fa84f89b90156bcc5d88e754f60d436b22a5b4a3b2827a688
analysis_artifacts/canonical_run/folds/fold_08/inner/level1/C12/seed_42/inner_01/preprocessing/evaluation_indices.npy,2240,569c42806584ed66ab3853c1c122474311cab6fd9bedb2515e0fe2a530d0a0c2
analysis_artifacts/canonical_run/folds/fold_08/inner/level1/C12/seed_42/inner_01/preprocessing/fit_indices.npy,4344,df8bd3f98894c479bb8ebfb0ad9701c744e29b232c80e84b8f23b39dd3bee68e
analysis_artifacts/canonical_run/folds/fold_08/inner/level1/C12/seed_42/inner_01/preprocessing/preprocessing_manifest.json,839,24db721c7101e2e972eaa683bf78a56ef6e6ba8308ffcaf16ddc3d4d7b5ce78d
analysis_artifacts/canonical_run/folds/fold_08/inner/level1/C12/seed_42/inner_01/preprocessing/selected_full_edge_indices.npy,39928,06aaac4d7862cc100bbbce0a91a40d3bddadea4b9e371261b172cc5d8da33797
analysis_artifacts/canonical_run/folds/fold_08/inner/level1/C12/seed_42/inner_01/rung1_result.json,756,854c4dc8e0c7629e2f9295c1a37ef5163e181cdb773922127f6888330ec3fbb6
analysis_artifacts/canonical_run/folds/fold_08/inner/level1/C12/seed_42/inner_02/preprocessing/evaluation_indices.npy,2232,6dad78e9306e66425e9cd08eb91b91cd5bdb7b7aa5710794da81b5fc3ee09220
analysis_artifacts/canonical_run/folds/fold_08/inner/level1/C12/seed_42/inner_02/preprocessing/fit_indices.npy,4352,52f43fe7a7633ef5c549d1e089983c142d823f5fb3a6288f36cebeff5f260d99
analysis_artifacts/canonical_run/folds/fold_08/inner/level1/C12/seed_42/inner_02/preprocessing/preprocessing_manifest.json,839,db98993b5e1ec00aa16a6ecc1cb3748e8624b11a973b9cdac11dd7abde58ee64
analysis_artifacts/canonical_run/folds/fold_08/inner/level1/C12/seed_42/inner_02/preprocessing/selected_full_edge_indices.npy,39928,f3d9c77350fdd0220a72c34001ccd207b5c955941a1c2950001d646c0f47e954
analysis_artifacts/canonical_run/folds/fold_08/inner/level1/C12/seed_42/inner_02/rung1_result.json,756,1b99e89bf4785ce2bbd3b699e2192b54a07a96e6029093e0cfc89bbcacfc9d9f
analysis_artifacts/canonical_run/folds/fold_08/inner/level1_final_selection.json,1103,d3eca22865a4bc2a95afeb33ee7130d5d1680ecabcf2c005c345874d2026a23e
analysis_artifacts/canonical_run/folds/fold_08/inner/level1_rung1_selection.json,2078,52c6d6d4d29211b30981f00da58a24e80c159d5952d8d5186d595ad8d436f35d
analysis_artifacts/canonical_run/folds/fold_08/inner/level2/C07/seed_42/inner_00/preprocessing/evaluation_indices.npy,2240,834725d2a09f010dcda88b1aa92d1f7857cde12bbabc02b682821564f7cf01d2
analysis_artifacts/canonical_run/folds/fold_08/inner/level2/C07/seed_42/inner_00/preprocessing/fit_indices.npy,4344,a70e277af44200f372478062b16d9e5ef3d5b2b37ec2283fb31ee6f0ab69e983
analysis_artifacts/canonical_run/folds/fold_08/inner/level2/C07/seed_42/inner_00/preprocessing/preprocessing_manifest.json,802,c5ef6155aa24bb6439da0af2d7db816c20f6b4c0869e0312f18f96161564918c
analysis_artifacts/canonical_run/folds/fold_08/inner/level2/C07/seed_42/inner_00/preprocessing/selected_full_edge_indices.npy,39928,de678f83cf7488778e4b5225ddc2ba8628e70f62440ffd1343cf391b8177e6ca
analysis_artifacts/canonical_run/folds/fold_08/inner/level2/C07/seed_42/inner_00/result.json,756,604afbaf97f4bca34b5867b94fd12a682102d32fcc2e576cc05ed9bd1c066310
analysis_artifacts/canonical_run/folds/fold_08/inner/level2/C07/seed_42/inner_01/preprocessing/evaluation_indices.npy,2240,569c42806584ed66ab3853c1c122474311cab6fd9bedb2515e0fe2a530d0a0c2
analysis_artifacts/canonical_run/folds/fold_08/inner/level2/C07/seed_42/inner_01/preprocessing/fit_indices.npy,4344,df8bd3f98894c479bb8ebfb0ad9701c744e29b232c80e84b8f23b39dd3bee68e
analysis_artifacts/canonical_run/folds/fold_08/inner/level2/C07/seed_42/inner_01/preprocessing/preprocessing_manifest.json,802,cce0cf342378b64dbf5b435b39dbc572fad99b18f2d49a4379f8b24ad4e74239
analysis_artifacts/canonical_run/folds/fold_08/inner/level2/C07/seed_42/inner_01/preprocessing/selected_full_edge_indices.npy,39928,06aaac4d7862cc100bbbce0a91a40d3bddadea4b9e371261b172cc5d8da33797
analysis_artifacts/canonical_run/folds/fold_08/inner/level2/C07/seed_42/inner_01/result.json,758,c5edff57db92016c1716366d8b67c129f38f7a87ad56d168288a33f5f5034d34
analysis_artifacts/canonical_run/folds/fold_08/inner/level2/C07/seed_42/inner_02/preprocessing/evaluation_indices.npy,2232,6dad78e9306e66425e9cd08eb91b91cd5bdb7b7aa5710794da81b5fc3ee09220
analysis_artifacts/canonical_run/folds/fold_08/inner/level2/C07/seed_42/inner_02/preprocessing/fit_indices.npy,4352,52f43fe7a7633ef5c549d1e089983c142d823f5fb3a6288f36cebeff5f260d99
analysis_artifacts/canonical_run/folds/fold_08/inner/level2/C07/seed_42/inner_02/preprocessing/preprocessing_manifest.json,802,3ec234a2214cf523794167749b4468a974873c0f1cc3ebb26f52c68a1be4d8c3
analysis_artifacts/canonical_run/folds/fold_08/inner/level2/C07/seed_42/inner_02/preprocessing/selected_full_edge_indices.npy,39928,f3d9c77350fdd0220a72c34001ccd207b5c955941a1c2950001d646c0f47e954
analysis_artifacts/canonical_run/folds/fold_08/inner/level2/C07/seed_42/inner_02/result.json,757,4743f017809897e3fb75e6bfc3435c8357fa14940d7fc63a789eb92363cec006
analysis_artifacts/canonical_run/folds/fold_08/inner/level2/C07/seed_42/inner_oof_evaluation.json,625,b91f25274ed58748827e343bd9dc0442a32018ba0349c1fd3443f9bdf19c2857
analysis_artifacts/canonical_run/folds/fold_08/inner/level2/C07/seed_43/inner_00/preprocessing/evaluation_indices.npy,2240,834725d2a09f010dcda88b1aa92d1f7857cde12bbabc02b682821564f7cf01d2
analysis_artifacts/canonical_run/folds/fold_08/inner/level2/C07/seed_43/inner_00/preprocessing/fit_indices.npy,4344,a70e277af44200f372478062b16d9e5ef3d5b2b37ec2283fb31ee6f0ab69e983
analysis_artifacts/canonical_run/folds/fold_08/inner/level2/C07/seed_43/inner_00/preprocessing/preprocessing_manifest.json,802,06c1b077fd7d191b11ae718af4a64fb69ed89c51d61093b2245ea12360ecf0c3
analysis_artifacts/canonical_run/folds/fold_08/inner/level2/C07/seed_43/inner_00/preprocessing/selected_full_edge_indices.npy,39928,de678f83cf7488778e4b5225ddc2ba8628e70f62440ffd1343cf391b8177e6ca
analysis_artifacts/canonical_run/folds/fold_08/inner/level2/C07/seed_43/inner_00/result.json,757,f4e3426493c8e394e0eb693dc6078a6f3252d2702730b1066bec9f851f9523bc
analysis_artifacts/canonical_run/folds/fold_08/inner/level2/C07/seed_43/inner_01/preprocessing/evaluation_indices.npy,2240,569c42806584ed66ab3853c1c122474311cab6fd9bedb2515e0fe2a530d0a0c2
analysis_artifacts/canonical_run/folds/fold_08/inner/level2/C07/seed_43/inner_01/preprocessing/fit_indices.npy,4344,df8bd3f98894c479bb8ebfb0ad9701c744e29b232c80e84b8f23b39dd3bee68e
analysis_artifacts/canonical_run/folds/fold_08/inner/level2/C07/seed_43/inner_01/preprocessing/preprocessing_manifest.json,802,0f77422e2f358da6afaec5babb34394ce398419264513db73af059a036fcc9a5
analysis_artifacts/canonical_run/folds/fold_08/inner/level2/C07/seed_43/inner_01/preprocessing/selected_full_edge_indices.npy,39928,06aaac4d7862cc100bbbce0a91a40d3bddadea4b9e371261b172cc5d8da33797
analysis_artifacts/canonical_run/folds/fold_08/inner/level2/C07/seed_43/inner_01/result.json,757,57317251ee0de6d4e6ded85baa5964f0c82c9954dd96f26b7c790c9fa88a4085
analysis_artifacts/canonical_run/folds/fold_08/inner/level2/C07/seed_43/inner_02/preprocessing/evaluation_indices.npy,2232,6dad78e9306e66425e9cd08eb91b91cd5bdb7b7aa5710794da81b5fc3ee09220
analysis_artifacts/canonical_run/folds/fold_08/inner/level2/C07/seed_43/inner_02/preprocessing/fit_indices.npy,4352,52f43fe7a7633ef5c549d1e089983c142d823f5fb3a6288f36cebeff5f260d99
analysis_artifacts/canonical_run/folds/fold_08/inner/level2/C07/seed_43/inner_02/preprocessing/preprocessing_manifest.json,802,7a2eb1ad1c609502ff0415227e7c9ed427e3456353f63b1d0d164aeb50c480f7
analysis_artifacts/canonical_run/folds/fold_08/inner/level2/C07/seed_43/inner_02/preprocessing/selected_full_edge_indices.npy,39928,f3d9c77350fdd0220a72c34001ccd207b5c955941a1c2950001d646c0f47e954
analysis_artifacts/canonical_run/folds/fold_08/inner/level2/C07/seed_43/inner_02/result.json,758,51b44324f1eef71cbf374538fa214182f509fe5cb76dfed97c0692c39901ab7a
analysis_artifacts/canonical_run/folds/fold_08/inner/level2/C07/seed_43/inner_oof_evaluation.json,627,e16de438d2d9dd64d5a27ee830b39e745f3760de7db6e3704d96e8f7186f8899
analysis_artifacts/canonical_run/folds/fold_08/inner/level2/C07/seed_44/inner_00/preprocessing/evaluation_indices.npy,2240,834725d2a09f010dcda88b1aa92d1f7857cde12bbabc02b682821564f7cf01d2
analysis_artifacts/canonical_run/folds/fold_08/inner/level2/C07/seed_44/inner_00/preprocessing/fit_indices.npy,4344,a70e277af44200f372478062b16d9e5ef3d5b2b37ec2283fb31ee6f0ab69e983
analysis_artifacts/canonical_run/folds/fold_08/inner/level2/C07/seed_44/inner_00/preprocessing/preprocessing_manifest.json,802,eba9d90bcc2b2f02d5dc5957fd676f08e4bfe213e0092cfd6c9326e9d3f2b102
analysis_artifacts/canonical_run/folds/fold_08/inner/level2/C07/seed_44/inner_00/preprocessing/selected_full_edge_indices.npy,39928,de678f83cf7488778e4b5225ddc2ba8628e70f62440ffd1343cf391b8177e6ca
analysis_artifacts/canonical_run/folds/fold_08/inner/level2/C07/seed_44/inner_00/result.json,757,da4b3caef641f84f2e7d7db19da9c4e028370b15d6b0e991a47f86a64d872157
analysis_artifacts/canonical_run/folds/fold_08/inner/level2/C07/seed_44/inner_01/preprocessing/evaluation_indices.npy,2240,569c42806584ed66ab3853c1c122474311cab6fd9bedb2515e0fe2a530d0a0c2
analysis_artifacts/canonical_run/folds/fold_08/inner/level2/C07/seed_44/inner_01/preprocessing/fit_indices.npy,4344,df8bd3f98894c479bb8ebfb0ad9701c744e29b232c80e84b8f23b39dd3bee68e
analysis_artifacts/canonical_run/folds/fold_08/inner/level2/C07/seed_44/inner_01/preprocessing/preprocessing_manifest.json,802,3cc1bf725484c79b8804eb11df7e6f5cff0b05a1dad369eca1b01844f68c260c
analysis_artifacts/canonical_run/folds/fold_08/inner/level2/C07/seed_44/inner_01/preprocessing/selected_full_edge_indices.npy,39928,06aaac4d7862cc100bbbce0a91a40d3bddadea4b9e371261b172cc5d8da33797
analysis_artifacts/canonical_run/folds/fold_08/inner/level2/C07/seed_44/inner_01/result.json,757,d5218785e3f7b1fe594bcf3fe5aa8d89bb18fed564596d49e35f8e685c79b600
analysis_artifacts/canonical_run/folds/fold_08/inner/level2/C07/seed_44/inner_02/preprocessing/evaluation_indices.npy,2232,6dad78e9306e66425e9cd08eb91b91cd5bdb7b7aa5710794da81b5fc3ee09220
analysis_artifacts/canonical_run/folds/fold_08/inner/level2/C07/seed_44/inner_02/preprocessing/fit_indices.npy,4352,52f43fe7a7633ef5c549d1e089983c142d823f5fb3a6288f36cebeff5f260d99
analysis_artifacts/canonical_run/folds/fold_08/inner/level2/C07/seed_44/inner_02/preprocessing/preprocessing_manifest.json,802,ad1261680288435556e7caec8a28ac5454cb302088454a29d8e37216ee6f1b40
analysis_artifacts/canonical_run/folds/fold_08/inner/level2/C07/seed_44/inner_02/preprocessing/selected_full_edge_indices.npy,39928,f3d9c77350fdd0220a72c34001ccd207b5c955941a1c2950001d646c0f47e954
analysis_artifacts/canonical_run/folds/fold_08/inner/level2/C07/seed_44/inner_02/result.json,758,c5a1b82f1c00a56ac6ff8f98e60dd102331364f4d4ed0cbea16016a454ced5f2
analysis_artifacts/canonical_run/folds/fold_08/inner/level2/C07/seed_44/inner_oof_evaluation.json,624,fe787e140eda6ea16c6987d972ab9f64fd91c6a64b5b7e12639c48da6f8f6b7c
analysis_artifacts/canonical_run/folds/fold_08/inner/level2/C11/seed_42/inner_00/preprocessing/evaluation_indices.npy,2240,834725d2a09f010dcda88b1aa92d1f7857cde12bbabc02b682821564f7cf01d2
analysis_artifacts/canonical_run/folds/fold_08/inner/level2/C11/seed_42/inner_00/preprocessing/fit_indices.npy,4344,a70e277af44200f372478062b16d9e5ef3d5b2b37ec2283fb31ee6f0ab69e983
analysis_artifacts/canonical_run/folds/fold_08/inner/level2/C11/seed_42/inner_00/preprocessing/preprocessing_manifest.json,839,050f3e57abe624f3f703c28042a461845c103428b470d41b11fba077e7e0ea22
analysis_artifacts/canonical_run/folds/fold_08/inner/level2/C11/seed_42/inner_00/preprocessing/selected_full_edge_indices.npy,39928,de678f83cf7488778e4b5225ddc2ba8628e70f62440ffd1343cf391b8177e6ca
analysis_artifacts/canonical_run/folds/fold_08/inner/level2/C11/seed_42/inner_00/result.json,758,fe712c8021e7c9bf8b89b54b65fb358ee28bab6c12c119ddd98fa0d4fcf80887
analysis_artifacts/canonical_run/folds/fold_08/inner/level2/C11/seed_42/inner_01/preprocessing/evaluation_indices.npy,2240,569c42806584ed66ab3853c1c122474311cab6fd9bedb2515e0fe2a530d0a0c2
analysis_artifacts/canonical_run/folds/fold_08/inner/level2/C11/seed_42/inner_01/preprocessing/fit_indices.npy,4344,df8bd3f98894c479bb8ebfb0ad9701c744e29b232c80e84b8f23b39dd3bee68e
analysis_artifacts/canonical_run/folds/fold_08/inner/level2/C11/seed_42/inner_01/preprocessing/preprocessing_manifest.json,839,374778dc606bef0627f6ffb70b3590a2e0400579709846cb4b856cd173ff5c26
analysis_artifacts/canonical_run/folds/fold_08/inner/level2/C11/seed_42/inner_01/preprocessing/selected_full_edge_indices.npy,39928,06aaac4d7862cc100bbbce0a91a40d3bddadea4b9e371261b172cc5d8da33797
analysis_artifacts/canonical_run/folds/fold_08/inner/level2/C11/seed_42/inner_01/result.json,757,d259d0e68d264c33f1e1e526e5800df6d29f85b75266e0f02dd6944c39b2c1b9
analysis_artifacts/canonical_run/folds/fold_08/inner/level2/C11/seed_42/inner_02/preprocessing/evaluation_indices.npy,2232,6dad78e9306e66425e9cd08eb91b91cd5bdb7b7aa5710794da81b5fc3ee09220
analysis_artifacts/canonical_run/folds/fold_08/inner/level2/C11/seed_42/inner_02/preprocessing/fit_indices.npy,4352,52f43fe7a7633ef5c549d1e089983c142d823f5fb3a6288f36cebeff5f260d99
analysis_artifacts/canonical_run/folds/fold_08/inner/level2/C11/seed_42/inner_02/preprocessing/preprocessing_manifest.json,839,e851af13e61b562b8b9f3dab3d2cd4f737863cf9326817a039083d8511f6eec8
analysis_artifacts/canonical_run/folds/fold_08/inner/level2/C11/seed_42/inner_02/preprocessing/selected_full_edge_indices.npy,39928,f3d9c77350fdd0220a72c34001ccd207b5c955941a1c2950001d646c0f47e954
analysis_artifacts/canonical_run/folds/fold_08/inner/level2/C11/seed_42/inner_02/result.json,757,719b0ecf5224dff697ee4fdaa04e2a6ec6a4cce6bf63178e21dabc71451e9605
analysis_artifacts/canonical_run/folds/fold_08/inner/level2/C11/seed_42/inner_oof_evaluation.json,627,5442826127c192ef9637daf82fd2744caff8c9eadb6aa8af95d5c627c8045ab6
analysis_artifacts/canonical_run/folds/fold_08/inner/level2/C11/seed_43/inner_00/preprocessing/evaluation_indices.npy,2240,834725d2a09f010dcda88b1aa92d1f7857cde12bbabc02b682821564f7cf01d2
analysis_artifacts/canonical_run/folds/fold_08/inner/level2/C11/seed_43/inner_00/preprocessing/fit_indices.npy,4344,a70e277af44200f372478062b16d9e5ef3d5b2b37ec2283fb31ee6f0ab69e983
analysis_artifacts/canonical_run/folds/fold_08/inner/level2/C11/seed_43/inner_00/preprocessing/preprocessing_manifest.json,839,04e0e34a218f0e571447cddb2ff9f540b2153bb7b9e3d477c40d7144f5ad6fb8
analysis_artifacts/canonical_run/folds/fold_08/inner/level2/C11/seed_43/inner_00/preprocessing/selected_full_edge_indices.npy,39928,de678f83cf7488778e4b5225ddc2ba8628e70f62440ffd1343cf391b8177e6ca
analysis_artifacts/canonical_run/folds/fold_08/inner/level2/C11/seed_43/inner_00/result.json,757,865b6871a1f0215eecd7c5489b21bac01401c2dfbdfb713bea6daa9bfffb5b15
analysis_artifacts/canonical_run/folds/fold_08/inner/level2/C11/seed_43/inner_01/preprocessing/evaluation_indices.npy,2240,569c42806584ed66ab3853c1c122474311cab6fd9bedb2515e0fe2a530d0a0c2
analysis_artifacts/canonical_run/folds/fold_08/inner/level2/C11/seed_43/inner_01/preprocessing/fit_indices.npy,4344,df8bd3f98894c479bb8ebfb0ad9701c744e29b232c80e84b8f23b39dd3bee68e
analysis_artifacts/canonical_run/folds/fold_08/inner/level2/C11/seed_43/inner_01/preprocessing/preprocessing_manifest.json,839,6551a17291c901e1a4227be5b2c20f817c2aaae8b24060300fbcafd9a395afe4
analysis_artifacts/canonical_run/folds/fold_08/inner/level2/C11/seed_43/inner_01/preprocessing/selected_full_edge_indices.npy,39928,06aaac4d7862cc100bbbce0a91a40d3bddadea4b9e371261b172cc5d8da33797
analysis_artifacts/canonical_run/folds/fold_08/inner/level2/C11/seed_43/inner_01/result.json,758,41175ad4b0f8a6d70d21b86a3978823daa7b537750774e52c29498b25d6acf46
analysis_artifacts/canonical_run/folds/fold_08/inner/level2/C11/seed_43/inner_02/preprocessing/evaluation_indices.npy,2232,6dad78e9306e66425e9cd08eb91b91cd5bdb7b7aa5710794da81b5fc3ee09220
analysis_artifacts/canonical_run/folds/fold_08/inner/level2/C11/seed_43/inner_02/preprocessing/fit_indices.npy,4352,52f43fe7a7633ef5c549d1e089983c142d823f5fb3a6288f36cebeff5f260d99
analysis_artifacts/canonical_run/folds/fold_08/inner/level2/C11/seed_43/inner_02/preprocessing/preprocessing_manifest.json,839,596f92a0636869213b0f162b162e7ff9a23ddb5b96bdbac66078c80259d72cd5
analysis_artifacts/canonical_run/folds/fold_08/inner/level2/C11/seed_43/inner_02/preprocessing/selected_full_edge_indices.npy,39928,f3d9c77350fdd0220a72c34001ccd207b5c955941a1c2950001d646c0f47e954
analysis_artifacts/canonical_run/folds/fold_08/inner/level2/C11/seed_43/inner_02/result.json,758,5e7df87969fa6d1addbf35c3561c2564c5f982650ddc4cb548f7244314bf8ebc
analysis_artifacts/canonical_run/folds/fold_08/inner/level2/C11/seed_43/inner_oof_evaluation.json,627,0084a5d6187acd44f0fa74dc071fcb441629facc13cb487b66e7864f62b028b9
analysis_artifacts/canonical_run/folds/fold_08/inner/level2/C11/seed_44/inner_00/preprocessing/evaluation_indices.npy,2240,834725d2a09f010dcda88b1aa92d1f7857cde12bbabc02b682821564f7cf01d2
analysis_artifacts/canonical_run/folds/fold_08/inner/level2/C11/seed_44/inner_00/preprocessing/fit_indices.npy,4344,a70e277af44200f372478062b16d9e5ef3d5b2b37ec2283fb31ee6f0ab69e983
analysis_artifacts/canonical_run/folds/fold_08/inner/level2/C11/seed_44/inner_00/preprocessing/preprocessing_manifest.json,839,fb2909aa98f4f158e56689dfba1a640828bc849854c159cfdf7836cbc6dfbd39
analysis_artifacts/canonical_run/folds/fold_08/inner/level2/C11/seed_44/inner_00/preprocessing/selected_full_edge_indices.npy,39928,de678f83cf7488778e4b5225ddc2ba8628e70f62440ffd1343cf391b8177e6ca
analysis_artifacts/canonical_run/folds/fold_08/inner/level2/C11/seed_44/inner_00/result.json,756,2ea027adcae9f97b2021cb6c409667b0bdb84d0a3c5bccb6a3796de16a6a8fcc
analysis_artifacts/canonical_run/folds/fold_08/inner/level2/C11/seed_44/inner_01/preprocessing/evaluation_indices.npy,2240,569c42806584ed66ab3853c1c122474311cab6fd9bedb2515e0fe2a530d0a0c2
analysis_artifacts/canonical_run/folds/fold_08/inner/level2/C11/seed_44/inner_01/preprocessing/fit_indices.npy,4344,df8bd3f98894c479bb8ebfb0ad9701c744e29b232c80e84b8f23b39dd3bee68e
analysis_artifacts/canonical_run/folds/fold_08/inner/level2/C11/seed_44/inner_01/preprocessing/preprocessing_manifest.json,839,f17bf70874cf1e4c2a664567af96fdc23f4370ae5b823881f6e733904fb74fc2
analysis_artifacts/canonical_run/folds/fold_08/inner/level2/C11/seed_44/inner_01/preprocessing/selected_full_edge_indices.npy,39928,06aaac4d7862cc100bbbce0a91a40d3bddadea4b9e371261b172cc5d8da33797
analysis_artifacts/canonical_run/folds/fold_08/inner/level2/C11/seed_44/inner_01/result.json,756,0ad792f0ebd15e0606c684d5b76d1f63b255e1f947f87fa37dd4eadd300c580f
analysis_artifacts/canonical_run/folds/fold_08/inner/level2/C11/seed_44/inner_02/preprocessing/evaluation_indices.npy,2232,6dad78e9306e66425e9cd08eb91b91cd5bdb7b7aa5710794da81b5fc3ee09220
analysis_artifacts/canonical_run/folds/fold_08/inner/level2/C11/seed_44/inner_02/preprocessing/fit_indices.npy,4352,52f43fe7a7633ef5c549d1e089983c142d823f5fb3a6288f36cebeff5f260d99
analysis_artifacts/canonical_run/folds/fold_08/inner/level2/C11/seed_44/inner_02/preprocessing/preprocessing_manifest.json,839,a906913cd2fc90d6f3ae60b6541a97e06e2cfcd8fc4f4eecc8e1bc54b4109f2e
analysis_artifacts/canonical_run/folds/fold_08/inner/level2/C11/seed_44/inner_02/preprocessing/selected_full_edge_indices.npy,39928,f3d9c77350fdd0220a72c34001ccd207b5c955941a1c2950001d646c0f47e954
analysis_artifacts/canonical_run/folds/fold_08/inner/level2/C11/seed_44/inner_02/result.json,757,7ae7add8eb7d8729d1bb80e8bbb5a9c8f8327d9db099e7d4d14d73de04d4e5a6
analysis_artifacts/canonical_run/folds/fold_08/inner/level2/C11/seed_44/inner_oof_evaluation.json,624,57042ec3e1b1f3881c97a4a72d0937dbec6af86dc7e0ca93f70984787355630e
analysis_artifacts/canonical_run/folds/fold_08/inner/level2_final_selection.json,5574,03804bbe1ff6ab9cc1927dc92696358cd6e7a3e191b2c63914eb52ca8acba20a
analysis_artifacts/canonical_run/folds/fold_08/outer_final/seed_42/checkpoint_manifest.json,9761,5a0104e1b820fc487a5c1a64717e752dc557e51754d759028c0ed0bb0587579d
analysis_artifacts/canonical_run/folds/fold_08/outer_final/seed_42/fit_manifest.json,533,25fb7e787e73db73acc5311ba7fda68f32030dccdfbfcbf6519346bfeaba9423
analysis_artifacts/canonical_run/folds/fold_08/outer_final/seed_42/model_checkpoint.pt,6469917,7d522cbb688f8d3e77153d2194ac0ce4dde013cc2b79bb1364f64d20c14badbf
analysis_artifacts/canonical_run/folds/fold_08/outer_final/seed_42/preprocessing/evaluation_indices.npy,832,a874d33d114d71705f0341e82958bdc997287012855e058cd39d735b01612370
analysis_artifacts/canonical_run/folds/fold_08/outer_final/seed_42/preprocessing/fit_indices.npy,6456,50cf02c56610f67e51591a93d718f72bea7f966fc37e949218ebc36c658fb357
analysis_artifacts/canonical_run/folds/fold_08/outer_final/seed_42/preprocessing/preprocessing_manifest.json,798,c3ac4fd52d74c918631fd7660fd04cdaecdb2c0526fa41e885d2fcb4a38aa31a
analysis_artifacts/canonical_run/folds/fold_08/outer_final/seed_42/preprocessing/selected_full_edge_indices.npy,39928,d6ce1ff812e9afa256a37fbbb68060312f6653780dc8e2d922ace2e9bfc2a445
analysis_artifacts/canonical_run/folds/fold_08/outer_final/seed_42/preprocessing_state.npz,215893,eb826c23e017ea827ba40dc542691ca5d10f90bd4b8edfb07eec98e09560ccca
analysis_artifacts/canonical_run/folds/fold_08/outer_final/seed_42/preprocessing_state_manifest.json,2587,76b435e704a69a217045cf90906aa0c115b1a58870493bc52a2a571a7c94c336
analysis_artifacts/canonical_run/folds/fold_08/outer_final/seed_42/reload_audit.json,3394,1a7de76706d567323219e8340c09644c87a8127bdbb58d9758b92787d0bdb499
analysis_artifacts/canonical_run/folds/fold_08/outer_final/seed_42/test_indices.npy,832,a874d33d114d71705f0341e82958bdc997287012855e058cd39d735b01612370
analysis_artifacts/canonical_run/folds/fold_08/outer_final/seed_42/test_outputs.npz,2368,24a41bae5b1937b359133623a5a49a70f836d1f7f643042691f317ae4620e219
analysis_artifacts/canonical_run/folds/fold_08/outer_final/seed_42/test_subject_ids.npy,832,7d82d123f054307348d73996b395abdc4c7eed99781e33666e557168d4ba4fd1
analysis_artifacts/canonical_run/folds/fold_08/outer_final/seed_42/train_indices.npy,6456,50cf02c56610f67e51591a93d718f72bea7f966fc37e949218ebc36c658fb357
analysis_artifacts/canonical_run/folds/fold_08/outer_final/seed_42/train_subject_ids.npy,6456,6dfa3774563b109b2051bc546d5da31b694d6106f56bc2ed79006ac1031dd2d3
analysis_artifacts/canonical_run/folds/fold_08/outer_final/seed_43/checkpoint_manifest.json,9761,8ad65b898c175d2fd2f8d0453d678bcc1c0987c96194d8886aba77a5ba98c85f
analysis_artifacts/canonical_run/folds/fold_08/outer_final/seed_43/fit_manifest.json,533,a79ae58b36b321a8d3a248212a2a2fc8b1b29e1a250d92a0ff67f14177b517bc
analysis_artifacts/canonical_run/folds/fold_08/outer_final/seed_43/model_checkpoint.pt,6469917,2e0f775e8fc79bae1890ad3025f20deb84984aaec3abfc2ace41fee7c013985f
analysis_artifacts/canonical_run/folds/fold_08/outer_final/seed_43/preprocessing/evaluation_indices.npy,832,a874d33d114d71705f0341e82958bdc997287012855e058cd39d735b01612370
analysis_artifacts/canonical_run/folds/fold_08/outer_final/seed_43/preprocessing/fit_indices.npy,6456,50cf02c56610f67e51591a93d718f72bea7f966fc37e949218ebc36c658fb357
analysis_artifacts/canonical_run/folds/fold_08/outer_final/seed_43/preprocessing/preprocessing_manifest.json,798,1fe9ce97fa708275f108cffbe9ce3a999719392fc9f336b1aa7b3bd5fcc1245b
analysis_artifacts/canonical_run/folds/fold_08/outer_final/seed_43/preprocessing/selected_full_edge_indices.npy,39928,d6ce1ff812e9afa256a37fbbb68060312f6653780dc8e2d922ace2e9bfc2a445
analysis_artifacts/canonical_run/folds/fold_08/outer_final/seed_43/preprocessing_state.npz,215893,eb826c23e017ea827ba40dc542691ca5d10f90bd4b8edfb07eec98e09560ccca
analysis_artifacts/canonical_run/folds/fold_08/outer_final/seed_43/preprocessing_state_manifest.json,2587,df8798fc3428e085f532f1f7e24418b40ecdd525bb3111404eac6af12cdeef0b
analysis_artifacts/canonical_run/folds/fold_08/outer_final/seed_43/reload_audit.json,3394,1fddd91a67b26e9c95fd71e14100c0cd178e1d11be69820fdc6bf0d3012cbec9
analysis_artifacts/canonical_run/folds/fold_08/outer_final/seed_43/test_indices.npy,832,a874d33d114d71705f0341e82958bdc997287012855e058cd39d735b01612370
analysis_artifacts/canonical_run/folds/fold_08/outer_final/seed_43/test_outputs.npz,2386,e084a2889594cbf557343cf233bef9e5504b389f5788e2d2af4bedd8d7da96b5
analysis_artifacts/canonical_run/folds/fold_08/outer_final/seed_43/test_subject_ids.npy,832,7d82d123f054307348d73996b395abdc4c7eed99781e33666e557168d4ba4fd1
analysis_artifacts/canonical_run/folds/fold_08/outer_final/seed_43/train_indices.npy,6456,50cf02c56610f67e51591a93d718f72bea7f966fc37e949218ebc36c658fb357
analysis_artifacts/canonical_run/folds/fold_08/outer_final/seed_43/train_subject_ids.npy,6456,6dfa3774563b109b2051bc546d5da31b694d6106f56bc2ed79006ac1031dd2d3
analysis_artifacts/canonical_run/folds/fold_08/outer_final/seed_44/checkpoint_manifest.json,9761,c9be967252af510759bc167fd8fccc7f6e01fa7cc695cb2d3111377453e4abf6
analysis_artifacts/canonical_run/folds/fold_08/outer_final/seed_44/fit_manifest.json,533,40044d959090ac7aefd1360f398e670c68589632781bce403d882f2c3c77d6f3
analysis_artifacts/canonical_run/folds/fold_08/outer_final/seed_44/model_checkpoint.pt,6469917,f38c58669fd8eae6a215b9ce9eb81d3584ef64457bbe34ec6a069ea0fd5a2bf5
analysis_artifacts/canonical_run/folds/fold_08/outer_final/seed_44/preprocessing/evaluation_indices.npy,832,a874d33d114d71705f0341e82958bdc997287012855e058cd39d735b01612370
analysis_artifacts/canonical_run/folds/fold_08/outer_final/seed_44/preprocessing/fit_indices.npy,6456,50cf02c56610f67e51591a93d718f72bea7f966fc37e949218ebc36c658fb357
analysis_artifacts/canonical_run/folds/fold_08/outer_final/seed_44/preprocessing/preprocessing_manifest.json,798,1e8efc1edc33ce6ab8cf8ff5af79884fac8b90f6bd2bc166386d6e230ac67efa
analysis_artifacts/canonical_run/folds/fold_08/outer_final/seed_44/preprocessing/selected_full_edge_indices.npy,39928,d6ce1ff812e9afa256a37fbbb68060312f6653780dc8e2d922ace2e9bfc2a445
analysis_artifacts/canonical_run/folds/fold_08/outer_final/seed_44/preprocessing_state.npz,215893,eb826c23e017ea827ba40dc542691ca5d10f90bd4b8edfb07eec98e09560ccca
analysis_artifacts/canonical_run/folds/fold_08/outer_final/seed_44/preprocessing_state_manifest.json,2587,32f111dcdf45d25819bea183fb99bb250688aef447933eeda537e95acda5e2d6
analysis_artifacts/canonical_run/folds/fold_08/outer_final/seed_44/reload_audit.json,3394,ae5ca6ecacd6a39a26acb9f7a4226c78533697f33eb1e20c39058962450e783b
analysis_artifacts/canonical_run/folds/fold_08/outer_final/seed_44/test_indices.npy,832,a874d33d114d71705f0341e82958bdc997287012855e058cd39d735b01612370
analysis_artifacts/canonical_run/folds/fold_08/outer_final/seed_44/test_outputs.npz,2332,0e202b49852715202615698ee1a4e4ea21466a5b95a73f8c220dab373dea4cf3
analysis_artifacts/canonical_run/folds/fold_08/outer_final/seed_44/test_subject_ids.npy,832,7d82d123f054307348d73996b395abdc4c7eed99781e33666e557168d4ba4fd1
analysis_artifacts/canonical_run/folds/fold_08/outer_final/seed_44/train_indices.npy,6456,50cf02c56610f67e51591a93d718f72bea7f966fc37e949218ebc36c658fb357
analysis_artifacts/canonical_run/folds/fold_08/outer_final/seed_44/train_subject_ids.npy,6456,6dfa3774563b109b2051bc546d5da31b694d6106f56bc2ed79006ac1031dd2d3
analysis_artifacts/canonical_run/folds/fold_08/outer_final/seed_predictions.npz,4630,8c34f9f4908eefd1c504fb00612dd055ea28c73767816430a7fbfcdcb59b5a9e
analysis_artifacts/canonical_run/folds/fold_08/stage_a_summary.json,3059,b17f9ebed8feccb32242c45fe5934c798625dcaa3fb75ed0962abe46bf6e0ec0
analysis_artifacts/canonical_run/folds/fold_08/stage_b_outer_metrics.json,1452,f3fb30f9078ec12e7362eb33ce23038bc885f3f332f69a21074373de1ac8bf93
analysis_artifacts/canonical_run/folds/fold_09/canonical_fold_completion.json,1838,77857b9fffd4756a376b319a79bd2f36c6fc0207314584c6b728aa201b4cd767
analysis_artifacts/canonical_run/folds/fold_09/frozen_outer_test_predictions.npz,4114,9d61537d880a3140db937eeba67385462dc80671ed1e646256d12a14054f3c77
analysis_artifacts/canonical_run/folds/fold_09/frozen_prediction_manifest.json,1822,8298817af34be37f31902821befe81b75f866920379bebe87033729961b5a2b9
analysis_artifacts/canonical_run/folds/fold_09/inner/calibration.json,626,c39d3e2b75f372281a67c77018c31c5c8d36ca19e69e6c4237477a15df8e6f7b
analysis_artifacts/canonical_run/folds/fold_09/inner/level1/C01/seed_42/inner_00/preprocessing/evaluation_indices.npy,2240,eced3e6ca9a995d92d08a758c87c9eca35a762ecf0bf9d70b36eeeef4bd74db4
analysis_artifacts/canonical_run/folds/fold_09/inner/level1/C01/seed_42/inner_00/preprocessing/fit_indices.npy,4352,34c46725d0efc8eba3aba72add0e27b3fd924c67c8dd2a1a1ccbf242712b829f
analysis_artifacts/canonical_run/folds/fold_09/inner/level1/C01/seed_42/inner_00/preprocessing/preprocessing_manifest.json,800,e93a573fe67eeb185fc5f8d7c0e40aee7683ae0ae86a21268d137c76267a9793
analysis_artifacts/canonical_run/folds/fold_09/inner/level1/C01/seed_42/inner_00/preprocessing/selected_full_edge_indices.npy,8128,774cf91e4bf0f8c49e65bf13e93ad9394f4b932709bce768febf0434c67afe23
analysis_artifacts/canonical_run/folds/fold_09/inner/level1/C01/seed_42/inner_00/rung1_result.json,756,afda212860e65b285920895b2a5039305e038bc049140941c273afce613b24f8
analysis_artifacts/canonical_run/folds/fold_09/inner/level1/C01/seed_42/inner_01/preprocessing/evaluation_indices.npy,2240,87ce89c29ea6dd8b4915e74d823890151d492796a75937c2e88e7c05b79ab887
analysis_artifacts/canonical_run/folds/fold_09/inner/level1/C01/seed_42/inner_01/preprocessing/fit_indices.npy,4352,d81cc1f6f19aaa629c36da45affede00d32f7895445e55c07ab44da549efd488
analysis_artifacts/canonical_run/folds/fold_09/inner/level1/C01/seed_42/inner_01/preprocessing/preprocessing_manifest.json,800,e7da9015899fa201b9e4ac21d4721d36055fdfe07e3f24147847d9d6eb4a6507
analysis_artifacts/canonical_run/folds/fold_09/inner/level1/C01/seed_42/inner_01/preprocessing/selected_full_edge_indices.npy,8128,86697d0f3936aada96157caaa4c3158f1167fa28b3a55ae36e70df54607c25d5
analysis_artifacts/canonical_run/folds/fold_09/inner/level1/C01/seed_42/inner_01/rung1_result.json,756,dad039f0a454b30ca3cf55f51632e82df3db251c17ce8874cd799d8ebcf9850e
analysis_artifacts/canonical_run/folds/fold_09/inner/level1/C01/seed_42/inner_02/preprocessing/evaluation_indices.npy,2240,e12d776bb9d395fa7391d890d99e4eb83d219d87d1e98478f1ebb8bfdaae8636
analysis_artifacts/canonical_run/folds/fold_09/inner/level1/C01/seed_42/inner_02/preprocessing/fit_indices.npy,4352,27e71008d8c3b78abfc3756bc5ff7b706e4583845d022884454249460fd43506
analysis_artifacts/canonical_run/folds/fold_09/inner/level1/C01/seed_42/inner_02/preprocessing/preprocessing_manifest.json,800,afaa399e3b96cd311a1eadbc79479f4eec943ea8f8acf16811ec0c52896c8eec
analysis_artifacts/canonical_run/folds/fold_09/inner/level1/C01/seed_42/inner_02/preprocessing/selected_full_edge_indices.npy,8128,2e1a15940c75947bba8748ea6228055c79b17717c423de91d938bd813f399875
analysis_artifacts/canonical_run/folds/fold_09/inner/level1/C01/seed_42/inner_02/rung1_result.json,756,ab315c291ed1886b885733177aae5865e9a5e36ca81d1518f1a3368cff2867e0
analysis_artifacts/canonical_run/folds/fold_09/inner/level1/C02/seed_42/inner_00/preprocessing/evaluation_indices.npy,2240,eced3e6ca9a995d92d08a758c87c9eca35a762ecf0bf9d70b36eeeef4bd74db4
analysis_artifacts/canonical_run/folds/fold_09/inner/level1/C02/seed_42/inner_00/preprocessing/fit_indices.npy,4352,34c46725d0efc8eba3aba72add0e27b3fd924c67c8dd2a1a1ccbf242712b829f
analysis_artifacts/canonical_run/folds/fold_09/inner/level1/C02/seed_42/inner_00/preprocessing/preprocessing_manifest.json,800,73afdb285efe642d9e65f0b6db6449e0612d13af7a465619cc0cefd0dd77892e
analysis_artifacts/canonical_run/folds/fold_09/inner/level1/C02/seed_42/inner_00/preprocessing/selected_full_edge_indices.npy,8128,774cf91e4bf0f8c49e65bf13e93ad9394f4b932709bce768febf0434c67afe23
analysis_artifacts/canonical_run/folds/fold_09/inner/level1/C02/seed_42/inner_00/rung1_result.json,756,49f3e645cb08da5f5e931b1243d538a619c67814915b8aa6c92cfc92ebec1143
analysis_artifacts/canonical_run/folds/fold_09/inner/level1/C02/seed_42/inner_01/preprocessing/evaluation_indices.npy,2240,87ce89c29ea6dd8b4915e74d823890151d492796a75937c2e88e7c05b79ab887
analysis_artifacts/canonical_run/folds/fold_09/inner/level1/C02/seed_42/inner_01/preprocessing/fit_indices.npy,4352,d81cc1f6f19aaa629c36da45affede00d32f7895445e55c07ab44da549efd488
analysis_artifacts/canonical_run/folds/fold_09/inner/level1/C02/seed_42/inner_01/preprocessing/preprocessing_manifest.json,800,8d78ba44a19fe46d40c2ab78556d3ab17d25c582f7bdb245402603595b19fc2e
analysis_artifacts/canonical_run/folds/fold_09/inner/level1/C02/seed_42/inner_01/preprocessing/selected_full_edge_indices.npy,8128,86697d0f3936aada96157caaa4c3158f1167fa28b3a55ae36e70df54607c25d5
analysis_artifacts/canonical_run/folds/fold_09/inner/level1/C02/seed_42/inner_01/rung1_result.json,756,06cd919844f9080e24384ac0fb778dce91fd4fb94aee290e5aa8c308ddebcd02
analysis_artifacts/canonical_run/folds/fold_09/inner/level1/C02/seed_42/inner_02/preprocessing/evaluation_indices.npy,2240,e12d776bb9d395fa7391d890d99e4eb83d219d87d1e98478f1ebb8bfdaae8636
analysis_artifacts/canonical_run/folds/fold_09/inner/level1/C02/seed_42/inner_02/preprocessing/fit_indices.npy,4352,27e71008d8c3b78abfc3756bc5ff7b706e4583845d022884454249460fd43506
analysis_artifacts/canonical_run/folds/fold_09/inner/level1/C02/seed_42/inner_02/preprocessing/preprocessing_manifest.json,800,9ead9cead7c5cd3e2b1e119bfb460e563c3768276a8eb1132725be08fe9e992e
analysis_artifacts/canonical_run/folds/fold_09/inner/level1/C02/seed_42/inner_02/preprocessing/selected_full_edge_indices.npy,8128,2e1a15940c75947bba8748ea6228055c79b17717c423de91d938bd813f399875
analysis_artifacts/canonical_run/folds/fold_09/inner/level1/C02/seed_42/inner_02/rung1_result.json,755,563aedb9344e1d350114e1eb73f33fc7d0450257f87b4aa0b7cc40acb2269784
analysis_artifacts/canonical_run/folds/fold_09/inner/level1/C03/seed_42/inner_00/preprocessing/evaluation_indices.npy,2240,eced3e6ca9a995d92d08a758c87c9eca35a762ecf0bf9d70b36eeeef4bd74db4
analysis_artifacts/canonical_run/folds/fold_09/inner/level1/C03/seed_42/inner_00/preprocessing/fit_indices.npy,4352,34c46725d0efc8eba3aba72add0e27b3fd924c67c8dd2a1a1ccbf242712b829f
analysis_artifacts/canonical_run/folds/fold_09/inner/level1/C03/seed_42/inner_00/preprocessing/preprocessing_manifest.json,800,4928e09229d3e538ef49c333a7c12971f9d544847fc84e28ecdd9180a940cf63
analysis_artifacts/canonical_run/folds/fold_09/inner/level1/C03/seed_42/inner_00/preprocessing/selected_full_edge_indices.npy,20128,d89fd347fefc45be4c22ea63e83b9847d8493cabc70a4a1117e4e76a31c2a16d
analysis_artifacts/canonical_run/folds/fold_09/inner/level1/C03/seed_42/inner_00/rung1_result.json,756,94fa990badd18ec02cedc80c09b5bb12ea1685170d45bb4914a6f6a3cc514911
analysis_artifacts/canonical_run/folds/fold_09/inner/level1/C03/seed_42/inner_01/preprocessing/evaluation_indices.npy,2240,87ce89c29ea6dd8b4915e74d823890151d492796a75937c2e88e7c05b79ab887
analysis_artifacts/canonical_run/folds/fold_09/inner/level1/C03/seed_42/inner_01/preprocessing/fit_indices.npy,4352,d81cc1f6f19aaa629c36da45affede00d32f7895445e55c07ab44da549efd488
analysis_artifacts/canonical_run/folds/fold_09/inner/level1/C03/seed_42/inner_01/preprocessing/preprocessing_manifest.json,800,3f585b6d257f9a1c2f99993f7ac9474719e620f5418978c6bccac40de4eac475
analysis_artifacts/canonical_run/folds/fold_09/inner/level1/C03/seed_42/inner_01/preprocessing/selected_full_edge_indices.npy,20128,1c9c10f3a34acf903ebf4f70d7649a8fbcdaa1804982f23c25281cb34751ed8a
analysis_artifacts/canonical_run/folds/fold_09/inner/level1/C03/seed_42/inner_01/rung1_result.json,756,0d9a1d107ee414f9a4f60aebb5ec4f30e110eafb458b762df46320164d534732
analysis_artifacts/canonical_run/folds/fold_09/inner/level1/C03/seed_42/inner_02/preprocessing/evaluation_indices.npy,2240,e12d776bb9d395fa7391d890d99e4eb83d219d87d1e98478f1ebb8bfdaae8636
analysis_artifacts/canonical_run/folds/fold_09/inner/level1/C03/seed_42/inner_02/preprocessing/fit_indices.npy,4352,27e71008d8c3b78abfc3756bc5ff7b706e4583845d022884454249460fd43506
analysis_artifacts/canonical_run/folds/fold_09/inner/level1/C03/seed_42/inner_02/preprocessing/preprocessing_manifest.json,800,667d83044fa2bb10a75db21d273946fca68626fe0e52914f5de8a99c0ac8f6bb
analysis_artifacts/canonical_run/folds/fold_09/inner/level1/C03/seed_42/inner_02/preprocessing/selected_full_edge_indices.npy,20128,38b2f4683c8ed89051f25e2761d50770d611276578edadf235a578de640bff31
analysis_artifacts/canonical_run/folds/fold_09/inner/level1/C03/seed_42/inner_02/rung1_result.json,755,d63cce40ec02d4a67eb38c50549157a6ea7d0cfeda8d7218fa872dc315968355
analysis_artifacts/canonical_run/folds/fold_09/inner/level1/C04/seed_42/inner_00/preprocessing/evaluation_indices.npy,2240,eced3e6ca9a995d92d08a758c87c9eca35a762ecf0bf9d70b36eeeef4bd74db4
analysis_artifacts/canonical_run/folds/fold_09/inner/level1/C04/seed_42/inner_00/preprocessing/fit_indices.npy,4352,34c46725d0efc8eba3aba72add0e27b3fd924c67c8dd2a1a1ccbf242712b829f
analysis_artifacts/canonical_run/folds/fold_09/inner/level1/C04/seed_42/inner_00/preprocessing/preprocessing_manifest.json,800,5f390af41f25b865e1b09de999c9503d8e158c3aa44d21befc23fcc1d4845699
analysis_artifacts/canonical_run/folds/fold_09/inner/level1/C04/seed_42/inner_00/preprocessing/selected_full_edge_indices.npy,20128,d89fd347fefc45be4c22ea63e83b9847d8493cabc70a4a1117e4e76a31c2a16d
analysis_artifacts/canonical_run/folds/fold_09/inner/level1/C04/seed_42/inner_00/rung1_result.json,756,e36bd0dc1a2ea17cee83fc119fc410298c2d02e01f653bf3ab65f278f33212fe
analysis_artifacts/canonical_run/folds/fold_09/inner/level1/C04/seed_42/inner_01/preprocessing/evaluation_indices.npy,2240,87ce89c29ea6dd8b4915e74d823890151d492796a75937c2e88e7c05b79ab887
analysis_artifacts/canonical_run/folds/fold_09/inner/level1/C04/seed_42/inner_01/preprocessing/fit_indices.npy,4352,d81cc1f6f19aaa629c36da45affede00d32f7895445e55c07ab44da549efd488
analysis_artifacts/canonical_run/folds/fold_09/inner/level1/C04/seed_42/inner_01/preprocessing/preprocessing_manifest.json,800,8d81a956ff4aa5bf7ee5aec2670b65319f95818a7f220508d9b7fee67dc4bbea
analysis_artifacts/canonical_run/folds/fold_09/inner/level1/C04/seed_42/inner_01/preprocessing/selected_full_edge_indices.npy,20128,1c9c10f3a34acf903ebf4f70d7649a8fbcdaa1804982f23c25281cb34751ed8a
analysis_artifacts/canonical_run/folds/fold_09/inner/level1/C04/seed_42/inner_01/rung1_result.json,756,2ba790e2ec846fc7c0ff39ddf47ae64e8a90a4ad5ad6814c6fa7b6b3620303cf
analysis_artifacts/canonical_run/folds/fold_09/inner/level1/C04/seed_42/inner_02/preprocessing/evaluation_indices.npy,2240,e12d776bb9d395fa7391d890d99e4eb83d219d87d1e98478f1ebb8bfdaae8636
analysis_artifacts/canonical_run/folds/fold_09/inner/level1/C04/seed_42/inner_02/preprocessing/fit_indices.npy,4352,27e71008d8c3b78abfc3756bc5ff7b706e4583845d022884454249460fd43506
analysis_artifacts/canonical_run/folds/fold_09/inner/level1/C04/seed_42/inner_02/preprocessing/preprocessing_manifest.json,800,4f2d31189f12485bbe2691a2c07b3f9813606a73ffac9dfaf12a0ca541fc091a
analysis_artifacts/canonical_run/folds/fold_09/inner/level1/C04/seed_42/inner_02/preprocessing/selected_full_edge_indices.npy,20128,38b2f4683c8ed89051f25e2761d50770d611276578edadf235a578de640bff31
analysis_artifacts/canonical_run/folds/fold_09/inner/level1/C04/seed_42/inner_02/rung1_result.json,755,ed9eff5a08b14eed535104e74cde4977c48eb05fd4c811bf8885457398e6998d
analysis_artifacts/canonical_run/folds/fold_09/inner/level1/C05/seed_42/inner_00/preprocessing/evaluation_indices.npy,2240,eced3e6ca9a995d92d08a758c87c9eca35a762ecf0bf9d70b36eeeef4bd74db4
analysis_artifacts/canonical_run/folds/fold_09/inner/level1/C05/seed_42/inner_00/preprocessing/fit_indices.npy,4352,34c46725d0efc8eba3aba72add0e27b3fd924c67c8dd2a1a1ccbf242712b829f
analysis_artifacts/canonical_run/folds/fold_09/inner/level1/C05/seed_42/inner_00/preprocessing/preprocessing_manifest.json,800,f3e8835375cf4a1f9b60b2acb6c1e0cf21f34c903fb6c9612e16c3f2ddc25562
analysis_artifacts/canonical_run/folds/fold_09/inner/level1/C05/seed_42/inner_00/preprocessing/selected_full_edge_indices.npy,39928,80294186d0a664c7f66ac4c57bdf12d33d0317bf19ceebd82b3deb86dc9ebfb9
analysis_artifacts/canonical_run/folds/fold_09/inner/level1/C05/seed_42/inner_00/rung1_result.json,756,0f2e833af9cef8bf1cfcf89d5e9bcd14ef601759dcc2c452346a2937be4c3f1e
analysis_artifacts/canonical_run/folds/fold_09/inner/level1/C05/seed_42/inner_00/rung2_result.json,757,5ac77f3d0796332ef693d470b823c80d356fe453092b2241f0e423252afabcb9
analysis_artifacts/canonical_run/folds/fold_09/inner/level1/C05/seed_42/inner_01/preprocessing/evaluation_indices.npy,2240,87ce89c29ea6dd8b4915e74d823890151d492796a75937c2e88e7c05b79ab887
analysis_artifacts/canonical_run/folds/fold_09/inner/level1/C05/seed_42/inner_01/preprocessing/fit_indices.npy,4352,d81cc1f6f19aaa629c36da45affede00d32f7895445e55c07ab44da549efd488
analysis_artifacts/canonical_run/folds/fold_09/inner/level1/C05/seed_42/inner_01/preprocessing/preprocessing_manifest.json,800,946f986ec276663dcd4d6f2827af83d65c561384a9aa4534d08198f0e82db20f
analysis_artifacts/canonical_run/folds/fold_09/inner/level1/C05/seed_42/inner_01/preprocessing/selected_full_edge_indices.npy,39928,dffbfba6d14d8b8ecd29d0c3372e5f81fefab2ca03bfe78a3c94571ba0942008
analysis_artifacts/canonical_run/folds/fold_09/inner/level1/C05/seed_42/inner_01/rung1_result.json,756,9f4a86262e4e41423044315f9f4ded40b540d6f0c3fdfa6f77b28e02164252d9
analysis_artifacts/canonical_run/folds/fold_09/inner/level1/C05/seed_42/inner_01/rung2_result.json,757,bb1a5cb0215713b5b88c3eaf8d38bc588c4874d3dcf919d5f7117054b1222869
analysis_artifacts/canonical_run/folds/fold_09/inner/level1/C05/seed_42/inner_02/preprocessing/evaluation_indices.npy,2240,e12d776bb9d395fa7391d890d99e4eb83d219d87d1e98478f1ebb8bfdaae8636
analysis_artifacts/canonical_run/folds/fold_09/inner/level1/C05/seed_42/inner_02/preprocessing/fit_indices.npy,4352,27e71008d8c3b78abfc3756bc5ff7b706e4583845d022884454249460fd43506
analysis_artifacts/canonical_run/folds/fold_09/inner/level1/C05/seed_42/inner_02/preprocessing/preprocessing_manifest.json,800,1e25064e2f16f46c88e3043665540ab79e8e58b5d659738f9fbf489cac121856
analysis_artifacts/canonical_run/folds/fold_09/inner/level1/C05/seed_42/inner_02/preprocessing/selected_full_edge_indices.npy,39928,cfa356d88a63d470d40bd69a6005ae8dbd5db598acfd7ba3a8d623ec81982bd6
analysis_artifacts/canonical_run/folds/fold_09/inner/level1/C05/seed_42/inner_02/rung1_result.json,756,915f79a54f67854fcdcd351bc16ebc1f01dd5331fc9af7de8182c865515adbe0
analysis_artifacts/canonical_run/folds/fold_09/inner/level1/C05/seed_42/inner_02/rung2_result.json,757,8e6c45842b3621ad50906789ce907f7f05939256b28c9c5d9aa1d080ac42fa0d
analysis_artifacts/canonical_run/folds/fold_09/inner/level1/C06/seed_42/inner_00/preprocessing/evaluation_indices.npy,2240,eced3e6ca9a995d92d08a758c87c9eca35a762ecf0bf9d70b36eeeef4bd74db4
analysis_artifacts/canonical_run/folds/fold_09/inner/level1/C06/seed_42/inner_00/preprocessing/fit_indices.npy,4352,34c46725d0efc8eba3aba72add0e27b3fd924c67c8dd2a1a1ccbf242712b829f
analysis_artifacts/canonical_run/folds/fold_09/inner/level1/C06/seed_42/inner_00/preprocessing/preprocessing_manifest.json,800,2e97969e689ce75d29fd1ba94044ee29eaaff0c79c8e4852e252c36e9351db64
analysis_artifacts/canonical_run/folds/fold_09/inner/level1/C06/seed_42/inner_00/preprocessing/selected_full_edge_indices.npy,39928,80294186d0a664c7f66ac4c57bdf12d33d0317bf19ceebd82b3deb86dc9ebfb9
analysis_artifacts/canonical_run/folds/fold_09/inner/level1/C06/seed_42/inner_00/rung1_result.json,755,4f41ebe953f0af2431f8399e01c6e0c2e2a422c1037b97ef409a02a6a04c33a0
analysis_artifacts/canonical_run/folds/fold_09/inner/level1/C06/seed_42/inner_01/preprocessing/evaluation_indices.npy,2240,87ce89c29ea6dd8b4915e74d823890151d492796a75937c2e88e7c05b79ab887
analysis_artifacts/canonical_run/folds/fold_09/inner/level1/C06/seed_42/inner_01/preprocessing/fit_indices.npy,4352,d81cc1f6f19aaa629c36da45affede00d32f7895445e55c07ab44da549efd488
analysis_artifacts/canonical_run/folds/fold_09/inner/level1/C06/seed_42/inner_01/preprocessing/preprocessing_manifest.json,800,1c09fcfbcca8627aaac3d6b2edca56b9058722d3fe8298045761ac58d78cb531
analysis_artifacts/canonical_run/folds/fold_09/inner/level1/C06/seed_42/inner_01/preprocessing/selected_full_edge_indices.npy,39928,dffbfba6d14d8b8ecd29d0c3372e5f81fefab2ca03bfe78a3c94571ba0942008
analysis_artifacts/canonical_run/folds/fold_09/inner/level1/C06/seed_42/inner_01/rung1_result.json,756,185a6b670ded88ab4250161f38154bc4a2ea3e93d6abf18ab90db67689ef6344
analysis_artifacts/canonical_run/folds/fold_09/inner/level1/C06/seed_42/inner_02/preprocessing/evaluation_indices.npy,2240,e12d776bb9d395fa7391d890d99e4eb83d219d87d1e98478f1ebb8bfdaae8636
analysis_artifacts/canonical_run/folds/fold_09/inner/level1/C06/seed_42/inner_02/preprocessing/fit_indices.npy,4352,27e71008d8c3b78abfc3756bc5ff7b706e4583845d022884454249460fd43506
analysis_artifacts/canonical_run/folds/fold_09/inner/level1/C06/seed_42/inner_02/preprocessing/preprocessing_manifest.json,800,a573467d7b4a4da7b9a362d0da2ac5cc9ac121ae14cd3a8085b7cf99a80ea058
analysis_artifacts/canonical_run/folds/fold_09/inner/level1/C06/seed_42/inner_02/preprocessing/selected_full_edge_indices.npy,39928,cfa356d88a63d470d40bd69a6005ae8dbd5db598acfd7ba3a8d623ec81982bd6
analysis_artifacts/canonical_run/folds/fold_09/inner/level1/C06/seed_42/inner_02/rung1_result.json,755,c3588dd8b663fead4cc702588a8112d6e4bcc66c4167a0b6b93784ad02530e2e
analysis_artifacts/canonical_run/folds/fold_09/inner/level1/C07/seed_42/inner_00/preprocessing/evaluation_indices.npy,2240,eced3e6ca9a995d92d08a758c87c9eca35a762ecf0bf9d70b36eeeef4bd74db4
analysis_artifacts/canonical_run/folds/fold_09/inner/level1/C07/seed_42/inner_00/preprocessing/fit_indices.npy,4352,34c46725d0efc8eba3aba72add0e27b3fd924c67c8dd2a1a1ccbf242712b829f
analysis_artifacts/canonical_run/folds/fold_09/inner/level1/C07/seed_42/inner_00/preprocessing/preprocessing_manifest.json,802,621df028cb550614581fce5beddfe74248863cf00b13c3472f517e1b239ab572
analysis_artifacts/canonical_run/folds/fold_09/inner/level1/C07/seed_42/inner_00/preprocessing/selected_full_edge_indices.npy,39928,80294186d0a664c7f66ac4c57bdf12d33d0317bf19ceebd82b3deb86dc9ebfb9
analysis_artifacts/canonical_run/folds/fold_09/inner/level1/C07/seed_42/inner_00/rung1_result.json,754,de5c4a83437daafbb14512cbe0efcad3c37fc98cbf9f434e1f45ec3f0d01b102
analysis_artifacts/canonical_run/folds/fold_09/inner/level1/C07/seed_42/inner_00/rung2_result.json,755,afeba85f5e44d2510a5958ad0f2b8f5eb976167a52d7d0f9300da892384da245
analysis_artifacts/canonical_run/folds/fold_09/inner/level1/C07/seed_42/inner_01/preprocessing/evaluation_indices.npy,2240,87ce89c29ea6dd8b4915e74d823890151d492796a75937c2e88e7c05b79ab887
analysis_artifacts/canonical_run/folds/fold_09/inner/level1/C07/seed_42/inner_01/preprocessing/fit_indices.npy,4352,d81cc1f6f19aaa629c36da45affede00d32f7895445e55c07ab44da549efd488
analysis_artifacts/canonical_run/folds/fold_09/inner/level1/C07/seed_42/inner_01/preprocessing/preprocessing_manifest.json,802,d03f9a417cce32e06ab139fac9c49cd527fa66bb58852c023118651b1e2d66e7
analysis_artifacts/canonical_run/folds/fold_09/inner/level1/C07/seed_42/inner_01/preprocessing/selected_full_edge_indices.npy,39928,dffbfba6d14d8b8ecd29d0c3372e5f81fefab2ca03bfe78a3c94571ba0942008
analysis_artifacts/canonical_run/folds/fold_09/inner/level1/C07/seed_42/inner_01/rung1_result.json,756,944effe2021c3dcdd3457fbab5c3940b67143e4bdf9983098ff2a6c8d64b6075
analysis_artifacts/canonical_run/folds/fold_09/inner/level1/C07/seed_42/inner_01/rung2_result.json,757,a889ed5e3f19282f7ddb07eb99b57693d21bbd2a7f543278a229991b262bf9d5
analysis_artifacts/canonical_run/folds/fold_09/inner/level1/C07/seed_42/inner_02/preprocessing/evaluation_indices.npy,2240,e12d776bb9d395fa7391d890d99e4eb83d219d87d1e98478f1ebb8bfdaae8636
analysis_artifacts/canonical_run/folds/fold_09/inner/level1/C07/seed_42/inner_02/preprocessing/fit_indices.npy,4352,27e71008d8c3b78abfc3756bc5ff7b706e4583845d022884454249460fd43506
analysis_artifacts/canonical_run/folds/fold_09/inner/level1/C07/seed_42/inner_02/preprocessing/preprocessing_manifest.json,802,a0b176b834d02dd58d6ec09ba0bb6f459352d457bb44733d113c101394f36b28
analysis_artifacts/canonical_run/folds/fold_09/inner/level1/C07/seed_42/inner_02/preprocessing/selected_full_edge_indices.npy,39928,cfa356d88a63d470d40bd69a6005ae8dbd5db598acfd7ba3a8d623ec81982bd6
analysis_artifacts/canonical_run/folds/fold_09/inner/level1/C07/seed_42/inner_02/rung1_result.json,755,721f77cfdb20b2ae041ce79fcb41e1224bdaa9a75d1bb94918ef5d6a2acef528
analysis_artifacts/canonical_run/folds/fold_09/inner/level1/C07/seed_42/inner_02/rung2_result.json,756,3f43c47b7a710d746dabab06e0a3292f0c30580ed3d11d503c59eff1ee5e1c59
analysis_artifacts/canonical_run/folds/fold_09/inner/level1/C08/seed_42/inner_00/preprocessing/evaluation_indices.npy,2240,eced3e6ca9a995d92d08a758c87c9eca35a762ecf0bf9d70b36eeeef4bd74db4
analysis_artifacts/canonical_run/folds/fold_09/inner/level1/C08/seed_42/inner_00/preprocessing/fit_indices.npy,4352,34c46725d0efc8eba3aba72add0e27b3fd924c67c8dd2a1a1ccbf242712b829f
analysis_artifacts/canonical_run/folds/fold_09/inner/level1/C08/seed_42/inner_00/preprocessing/preprocessing_manifest.json,802,304b132e433e1dd9d52d7f69759cce0b0ff9c256e97dd484d8180c5b66450dc1
analysis_artifacts/canonical_run/folds/fold_09/inner/level1/C08/seed_42/inner_00/preprocessing/selected_full_edge_indices.npy,39928,80294186d0a664c7f66ac4c57bdf12d33d0317bf19ceebd82b3deb86dc9ebfb9
analysis_artifacts/canonical_run/folds/fold_09/inner/level1/C08/seed_42/inner_00/rung1_result.json,756,3453f46164c6ab989f378a694bed53f724b0c45061cd54fddd3c1b4aa480d7ec
analysis_artifacts/canonical_run/folds/fold_09/inner/level1/C08/seed_42/inner_00/rung2_result.json,757,7897e3cafdeb58228ce28f414e5a9b59aeb3f8c4dddfffb05178e00abd677a3a
analysis_artifacts/canonical_run/folds/fold_09/inner/level1/C08/seed_42/inner_01/preprocessing/evaluation_indices.npy,2240,87ce89c29ea6dd8b4915e74d823890151d492796a75937c2e88e7c05b79ab887
analysis_artifacts/canonical_run/folds/fold_09/inner/level1/C08/seed_42/inner_01/preprocessing/fit_indices.npy,4352,d81cc1f6f19aaa629c36da45affede00d32f7895445e55c07ab44da549efd488
analysis_artifacts/canonical_run/folds/fold_09/inner/level1/C08/seed_42/inner_01/preprocessing/preprocessing_manifest.json,802,06e9da15f7169c50974ad1aa739af9db9cb31dc5351add39336b0717b1f15413
analysis_artifacts/canonical_run/folds/fold_09/inner/level1/C08/seed_42/inner_01/preprocessing/selected_full_edge_indices.npy,39928,dffbfba6d14d8b8ecd29d0c3372e5f81fefab2ca03bfe78a3c94571ba0942008
analysis_artifacts/canonical_run/folds/fold_09/inner/level1/C08/seed_42/inner_01/rung1_result.json,755,d9a6e65bf02a6ad7c0375b2e01ff2271209ba6d4138930618f36427f4ef25892
analysis_artifacts/canonical_run/folds/fold_09/inner/level1/C08/seed_42/inner_01/rung2_result.json,756,a7bebc91a04adc17a2f80eedb67127710990065045a52a21eacb9a0a3ebcfd0d
analysis_artifacts/canonical_run/folds/fold_09/inner/level1/C08/seed_42/inner_02/preprocessing/evaluation_indices.npy,2240,e12d776bb9d395fa7391d890d99e4eb83d219d87d1e98478f1ebb8bfdaae8636
analysis_artifacts/canonical_run/folds/fold_09/inner/level1/C08/seed_42/inner_02/preprocessing/fit_indices.npy,4352,27e71008d8c3b78abfc3756bc5ff7b706e4583845d022884454249460fd43506
analysis_artifacts/canonical_run/folds/fold_09/inner/level1/C08/seed_42/inner_02/preprocessing/preprocessing_manifest.json,802,cab538a7a6cb9f83f20f9dadb02ed442ad848e221e3885519fccba77176c2a56
analysis_artifacts/canonical_run/folds/fold_09/inner/level1/C08/seed_42/inner_02/preprocessing/selected_full_edge_indices.npy,39928,cfa356d88a63d470d40bd69a6005ae8dbd5db598acfd7ba3a8d623ec81982bd6
analysis_artifacts/canonical_run/folds/fold_09/inner/level1/C08/seed_42/inner_02/rung1_result.json,755,895e8a7a436c182c1dcafc876009b5239683acb351410dd7caa3aa2fbdc22ddf
analysis_artifacts/canonical_run/folds/fold_09/inner/level1/C08/seed_42/inner_02/rung2_result.json,756,ec8e40bd862c773e04d7af52d1a46b4424846acb3b85c7c0ae53bd6925dbc6f2
analysis_artifacts/canonical_run/folds/fold_09/inner/level1/C09/seed_42/inner_00/preprocessing/evaluation_indices.npy,2240,eced3e6ca9a995d92d08a758c87c9eca35a762ecf0bf9d70b36eeeef4bd74db4
analysis_artifacts/canonical_run/folds/fold_09/inner/level1/C09/seed_42/inner_00/preprocessing/fit_indices.npy,4352,34c46725d0efc8eba3aba72add0e27b3fd924c67c8dd2a1a1ccbf242712b829f
analysis_artifacts/canonical_run/folds/fold_09/inner/level1/C09/seed_42/inner_00/preprocessing/preprocessing_manifest.json,839,c4f0aaa906c1347fd33481c27f46d7401dfa110743beb1bc3aebc9103454e7e8
analysis_artifacts/canonical_run/folds/fold_09/inner/level1/C09/seed_42/inner_00/preprocessing/selected_full_edge_indices.npy,39928,80294186d0a664c7f66ac4c57bdf12d33d0317bf19ceebd82b3deb86dc9ebfb9
analysis_artifacts/canonical_run/folds/fold_09/inner/level1/C09/seed_42/inner_00/rung1_result.json,756,ae11a67dbae5daa4019365b77225f8bdd76e85cb2f91aaf638f14687402b7d63
analysis_artifacts/canonical_run/folds/fold_09/inner/level1/C09/seed_42/inner_01/preprocessing/evaluation_indices.npy,2240,87ce89c29ea6dd8b4915e74d823890151d492796a75937c2e88e7c05b79ab887
analysis_artifacts/canonical_run/folds/fold_09/inner/level1/C09/seed_42/inner_01/preprocessing/fit_indices.npy,4352,d81cc1f6f19aaa629c36da45affede00d32f7895445e55c07ab44da549efd488
analysis_artifacts/canonical_run/folds/fold_09/inner/level1/C09/seed_42/inner_01/preprocessing/preprocessing_manifest.json,839,9c3fd5de827af97ed30a00c6c16fcd6560099ae711cc6ee82926b2a9815b321f
analysis_artifacts/canonical_run/folds/fold_09/inner/level1/C09/seed_42/inner_01/preprocessing/selected_full_edge_indices.npy,39928,dffbfba6d14d8b8ecd29d0c3372e5f81fefab2ca03bfe78a3c94571ba0942008
analysis_artifacts/canonical_run/folds/fold_09/inner/level1/C09/seed_42/inner_01/rung1_result.json,756,f6586452ddefe39340791449f56f5a44b3814afaf2ebe4e33b4e83e3a6f6c38a
analysis_artifacts/canonical_run/folds/fold_09/inner/level1/C09/seed_42/inner_02/preprocessing/evaluation_indices.npy,2240,e12d776bb9d395fa7391d890d99e4eb83d219d87d1e98478f1ebb8bfdaae8636
analysis_artifacts/canonical_run/folds/fold_09/inner/level1/C09/seed_42/inner_02/preprocessing/fit_indices.npy,4352,27e71008d8c3b78abfc3756bc5ff7b706e4583845d022884454249460fd43506
analysis_artifacts/canonical_run/folds/fold_09/inner/level1/C09/seed_42/inner_02/preprocessing/preprocessing_manifest.json,839,b245d87d8334f8b9665356a2b869809f4cc1c63dba6533dda40b8ee7ea804fff
analysis_artifacts/canonical_run/folds/fold_09/inner/level1/C09/seed_42/inner_02/preprocessing/selected_full_edge_indices.npy,39928,cfa356d88a63d470d40bd69a6005ae8dbd5db598acfd7ba3a8d623ec81982bd6
analysis_artifacts/canonical_run/folds/fold_09/inner/level1/C09/seed_42/inner_02/rung1_result.json,755,2d49726a8c7962ea400c5cfde7d2cfb76bd9c4801ccd33afcbaac7e27561131d
analysis_artifacts/canonical_run/folds/fold_09/inner/level1/C10/seed_42/inner_00/preprocessing/evaluation_indices.npy,2240,eced3e6ca9a995d92d08a758c87c9eca35a762ecf0bf9d70b36eeeef4bd74db4
analysis_artifacts/canonical_run/folds/fold_09/inner/level1/C10/seed_42/inner_00/preprocessing/fit_indices.npy,4352,34c46725d0efc8eba3aba72add0e27b3fd924c67c8dd2a1a1ccbf242712b829f
analysis_artifacts/canonical_run/folds/fold_09/inner/level1/C10/seed_42/inner_00/preprocessing/preprocessing_manifest.json,839,472aa6f8e3f7a5a67f37fae953c1c46475cfa3a85e42e6dda774a9e7b903c5f7
analysis_artifacts/canonical_run/folds/fold_09/inner/level1/C10/seed_42/inner_00/preprocessing/selected_full_edge_indices.npy,39928,80294186d0a664c7f66ac4c57bdf12d33d0317bf19ceebd82b3deb86dc9ebfb9
analysis_artifacts/canonical_run/folds/fold_09/inner/level1/C10/seed_42/inner_00/rung1_result.json,756,0123212de3cca69bd6b4b2b3abc893a4dc7b2079a6e582f42f1c7b488e2b3a64
analysis_artifacts/canonical_run/folds/fold_09/inner/level1/C10/seed_42/inner_00/rung2_result.json,757,c3d6cd9c3462c7983638f28ca27d6e455dda4aaa8bc4b4f55e00d0fc58cb6f7a
analysis_artifacts/canonical_run/folds/fold_09/inner/level1/C10/seed_42/inner_01/preprocessing/evaluation_indices.npy,2240,87ce89c29ea6dd8b4915e74d823890151d492796a75937c2e88e7c05b79ab887
analysis_artifacts/canonical_run/folds/fold_09/inner/level1/C10/seed_42/inner_01/preprocessing/fit_indices.npy,4352,d81cc1f6f19aaa629c36da45affede00d32f7895445e55c07ab44da549efd488
analysis_artifacts/canonical_run/folds/fold_09/inner/level1/C10/seed_42/inner_01/preprocessing/preprocessing_manifest.json,839,497f70c4283a28c25bf4cc3965119fa0c4bede768ae707e09c62559d5a8cba2a
analysis_artifacts/canonical_run/folds/fold_09/inner/level1/C10/seed_42/inner_01/preprocessing/selected_full_edge_indices.npy,39928,dffbfba6d14d8b8ecd29d0c3372e5f81fefab2ca03bfe78a3c94571ba0942008
analysis_artifacts/canonical_run/folds/fold_09/inner/level1/C10/seed_42/inner_01/rung1_result.json,756,fab5f7c21176c4bc50d2ea0627ff72afb4a670a34ea2daa621585c7aaad2027f
analysis_artifacts/canonical_run/folds/fold_09/inner/level1/C10/seed_42/inner_01/rung2_result.json,757,87e867256c4bcd7cb7be50a4cb72c5ef18edbbc88fa6e1c5febdfacd89e148dd
analysis_artifacts/canonical_run/folds/fold_09/inner/level1/C10/seed_42/inner_02/preprocessing/evaluation_indices.npy,2240,e12d776bb9d395fa7391d890d99e4eb83d219d87d1e98478f1ebb8bfdaae8636
analysis_artifacts/canonical_run/folds/fold_09/inner/level1/C10/seed_42/inner_02/preprocessing/fit_indices.npy,4352,27e71008d8c3b78abfc3756bc5ff7b706e4583845d022884454249460fd43506
analysis_artifacts/canonical_run/folds/fold_09/inner/level1/C10/seed_42/inner_02/preprocessing/preprocessing_manifest.json,839,4a5dda81582fd867ff4674b7beeb3c9ef76fb63ed1c5f488cc48208650e46bf0
analysis_artifacts/canonical_run/folds/fold_09/inner/level1/C10/seed_42/inner_02/preprocessing/selected_full_edge_indices.npy,39928,cfa356d88a63d470d40bd69a6005ae8dbd5db598acfd7ba3a8d623ec81982bd6
analysis_artifacts/canonical_run/folds/fold_09/inner/level1/C10/seed_42/inner_02/rung1_result.json,755,cb20ad68183ed1e6265434e581b362966f94155bf7cc65fae75dda6dcdf40d7c
analysis_artifacts/canonical_run/folds/fold_09/inner/level1/C10/seed_42/inner_02/rung2_result.json,756,24818b4f4f0c38f88cd9dbcc94fd68e10e2148fa2cb57a0fd7fcdee0dca76f49
analysis_artifacts/canonical_run/folds/fold_09/inner/level1/C11/seed_42/inner_00/preprocessing/evaluation_indices.npy,2240,eced3e6ca9a995d92d08a758c87c9eca35a762ecf0bf9d70b36eeeef4bd74db4
analysis_artifacts/canonical_run/folds/fold_09/inner/level1/C11/seed_42/inner_00/preprocessing/fit_indices.npy,4352,34c46725d0efc8eba3aba72add0e27b3fd924c67c8dd2a1a1ccbf242712b829f
analysis_artifacts/canonical_run/folds/fold_09/inner/level1/C11/seed_42/inner_00/preprocessing/preprocessing_manifest.json,839,0e155e78e313380c4b11276a9b6a6c951f258c3883b63b6e846f1093f89f75e8
analysis_artifacts/canonical_run/folds/fold_09/inner/level1/C11/seed_42/inner_00/preprocessing/selected_full_edge_indices.npy,39928,80294186d0a664c7f66ac4c57bdf12d33d0317bf19ceebd82b3deb86dc9ebfb9
analysis_artifacts/canonical_run/folds/fold_09/inner/level1/C11/seed_42/inner_00/rung1_result.json,756,db19e54f71a4be3c10330a034c8274f265b5fd8d412b701ab1e3f9f3984e6428
analysis_artifacts/canonical_run/folds/fold_09/inner/level1/C11/seed_42/inner_00/rung2_result.json,757,b35d6a80dd2296de4ce5a373e1706b9ba69020455e25e307bb90664e41655e0f
analysis_artifacts/canonical_run/folds/fold_09/inner/level1/C11/seed_42/inner_01/preprocessing/evaluation_indices.npy,2240,87ce89c29ea6dd8b4915e74d823890151d492796a75937c2e88e7c05b79ab887
analysis_artifacts/canonical_run/folds/fold_09/inner/level1/C11/seed_42/inner_01/preprocessing/fit_indices.npy,4352,d81cc1f6f19aaa629c36da45affede00d32f7895445e55c07ab44da549efd488
analysis_artifacts/canonical_run/folds/fold_09/inner/level1/C11/seed_42/inner_01/preprocessing/preprocessing_manifest.json,839,5e4d73eb8dbf07f2102caa6d26374ae5bdaa1d665ffadd4f0117c07d327003ab
analysis_artifacts/canonical_run/folds/fold_09/inner/level1/C11/seed_42/inner_01/preprocessing/selected_full_edge_indices.npy,39928,dffbfba6d14d8b8ecd29d0c3372e5f81fefab2ca03bfe78a3c94571ba0942008
analysis_artifacts/canonical_run/folds/fold_09/inner/level1/C11/seed_42/inner_01/rung1_result.json,756,607bc045ce0dea6e2a8293f605c9b13ffa048bc9ef8d2d3fb5ce32621188f01c
analysis_artifacts/canonical_run/folds/fold_09/inner/level1/C11/seed_42/inner_01/rung2_result.json,757,7f9ad3ebb9b3526156cd979f430d0137e17dae5eb2bc05011d1f2cf7bc5dd4f5
analysis_artifacts/canonical_run/folds/fold_09/inner/level1/C11/seed_42/inner_02/preprocessing/evaluation_indices.npy,2240,e12d776bb9d395fa7391d890d99e4eb83d219d87d1e98478f1ebb8bfdaae8636
analysis_artifacts/canonical_run/folds/fold_09/inner/level1/C11/seed_42/inner_02/preprocessing/fit_indices.npy,4352,27e71008d8c3b78abfc3756bc5ff7b706e4583845d022884454249460fd43506
analysis_artifacts/canonical_run/folds/fold_09/inner/level1/C11/seed_42/inner_02/preprocessing/preprocessing_manifest.json,839,9dba7ebbc484bc9a5eb7efc3ee92f3bc2c492fa6cd22753d3c8eba94d134286b
analysis_artifacts/canonical_run/folds/fold_09/inner/level1/C11/seed_42/inner_02/preprocessing/selected_full_edge_indices.npy,39928,cfa356d88a63d470d40bd69a6005ae8dbd5db598acfd7ba3a8d623ec81982bd6
analysis_artifacts/canonical_run/folds/fold_09/inner/level1/C11/seed_42/inner_02/rung1_result.json,755,4cda407f35f197c8dd182ae2ff9ff46ba72a1bf1b1bfd7710609e159135d1977
analysis_artifacts/canonical_run/folds/fold_09/inner/level1/C11/seed_42/inner_02/rung2_result.json,756,beba7d1817d9cbd6249ef4777eb847adcc261b47ed682c7fe97eb977961112f7
analysis_artifacts/canonical_run/folds/fold_09/inner/level1/C12/seed_42/inner_00/preprocessing/evaluation_indices.npy,2240,eced3e6ca9a995d92d08a758c87c9eca35a762ecf0bf9d70b36eeeef4bd74db4
analysis_artifacts/canonical_run/folds/fold_09/inner/level1/C12/seed_42/inner_00/preprocessing/fit_indices.npy,4352,34c46725d0efc8eba3aba72add0e27b3fd924c67c8dd2a1a1ccbf242712b829f
analysis_artifacts/canonical_run/folds/fold_09/inner/level1/C12/seed_42/inner_00/preprocessing/preprocessing_manifest.json,839,ac33f0b77dfb90adee1dda744396105abc4c6590de8bac655303dc6301534014
analysis_artifacts/canonical_run/folds/fold_09/inner/level1/C12/seed_42/inner_00/preprocessing/selected_full_edge_indices.npy,39928,80294186d0a664c7f66ac4c57bdf12d33d0317bf19ceebd82b3deb86dc9ebfb9
analysis_artifacts/canonical_run/folds/fold_09/inner/level1/C12/seed_42/inner_00/rung1_result.json,756,b0c28a7257b570a8580db624cc10232af22d6c105b8447dd4abb55741b72a254
analysis_artifacts/canonical_run/folds/fold_09/inner/level1/C12/seed_42/inner_00/rung2_result.json,757,8a94e22394c1666a7b6baac4ab246185ad567e638e81185ba404a48046d4e223
analysis_artifacts/canonical_run/folds/fold_09/inner/level1/C12/seed_42/inner_01/preprocessing/evaluation_indices.npy,2240,87ce89c29ea6dd8b4915e74d823890151d492796a75937c2e88e7c05b79ab887
analysis_artifacts/canonical_run/folds/fold_09/inner/level1/C12/seed_42/inner_01/preprocessing/fit_indices.npy,4352,d81cc1f6f19aaa629c36da45affede00d32f7895445e55c07ab44da549efd488
analysis_artifacts/canonical_run/folds/fold_09/inner/level1/C12/seed_42/inner_01/preprocessing/preprocessing_manifest.json,839,7dd8d418a3e46f6c1e5dd96fe4b07ca4f13169669b79b30e321f911d64b8e2b6
analysis_artifacts/canonical_run/folds/fold_09/inner/level1/C12/seed_42/inner_01/preprocessing/selected_full_edge_indices.npy,39928,dffbfba6d14d8b8ecd29d0c3372e5f81fefab2ca03bfe78a3c94571ba0942008
analysis_artifacts/canonical_run/folds/fold_09/inner/level1/C12/seed_42/inner_01/rung1_result.json,756,af5a4d457e053b7cf4f6befd7617fc1ab29157debf17362f201a22a7b61771cf
analysis_artifacts/canonical_run/folds/fold_09/inner/level1/C12/seed_42/inner_01/rung2_result.json,757,8ab561de14214f2edbe6d310e7e5a9dc90fae4bebb9c57168621b6ac675c8400
analysis_artifacts/canonical_run/folds/fold_09/inner/level1/C12/seed_42/inner_02/preprocessing/evaluation_indices.npy,2240,e12d776bb9d395fa7391d890d99e4eb83d219d87d1e98478f1ebb8bfdaae8636
analysis_artifacts/canonical_run/folds/fold_09/inner/level1/C12/seed_42/inner_02/preprocessing/fit_indices.npy,4352,27e71008d8c3b78abfc3756bc5ff7b706e4583845d022884454249460fd43506
analysis_artifacts/canonical_run/folds/fold_09/inner/level1/C12/seed_42/inner_02/preprocessing/preprocessing_manifest.json,839,02083990898f562748e2bb95075101eec774a36ce8ed13499f00867f32e9acfb
analysis_artifacts/canonical_run/folds/fold_09/inner/level1/C12/seed_42/inner_02/preprocessing/selected_full_edge_indices.npy,39928,cfa356d88a63d470d40bd69a6005ae8dbd5db598acfd7ba3a8d623ec81982bd6
analysis_artifacts/canonical_run/folds/fold_09/inner/level1/C12/seed_42/inner_02/rung1_result.json,756,715b19b639ac19d452c8f8d3eb3f9ba8f14bd01170030982998231a982bff16d
analysis_artifacts/canonical_run/folds/fold_09/inner/level1/C12/seed_42/inner_02/rung2_result.json,757,7852311ac86dabbd4b4ebf100d2dd2ba4b0b8e30bf743e79b36562aef19bf3a6
analysis_artifacts/canonical_run/folds/fold_09/inner/level1_final_selection.json,1101,399e7302035d70b0f9a2c926e1b3e32e56c0ab912a8073da554c64d882e66b03
analysis_artifacts/canonical_run/folds/fold_09/inner/level1_rung1_selection.json,2077,755bfe31a2ec3feab39d69b8f3c465662e575502854f15db2dbb4eccfd238dc8
analysis_artifacts/canonical_run/folds/fold_09/inner/level2/C08/seed_42/inner_00/preprocessing/evaluation_indices.npy,2240,eced3e6ca9a995d92d08a758c87c9eca35a762ecf0bf9d70b36eeeef4bd74db4
analysis_artifacts/canonical_run/folds/fold_09/inner/level2/C08/seed_42/inner_00/preprocessing/fit_indices.npy,4352,34c46725d0efc8eba3aba72add0e27b3fd924c67c8dd2a1a1ccbf242712b829f
analysis_artifacts/canonical_run/folds/fold_09/inner/level2/C08/seed_42/inner_00/preprocessing/preprocessing_manifest.json,802,a23b97ea72f8521175768414215c99c4cea58dc3297c5157d7000000a28a8b4c
analysis_artifacts/canonical_run/folds/fold_09/inner/level2/C08/seed_42/inner_00/preprocessing/selected_full_edge_indices.npy,39928,80294186d0a664c7f66ac4c57bdf12d33d0317bf19ceebd82b3deb86dc9ebfb9
analysis_artifacts/canonical_run/folds/fold_09/inner/level2/C08/seed_42/inner_00/result.json,757,9ea7829c80404dc84919d91dd98707a502140aa945024945862144db182dbe92
analysis_artifacts/canonical_run/folds/fold_09/inner/level2/C08/seed_42/inner_01/preprocessing/evaluation_indices.npy,2240,87ce89c29ea6dd8b4915e74d823890151d492796a75937c2e88e7c05b79ab887
analysis_artifacts/canonical_run/folds/fold_09/inner/level2/C08/seed_42/inner_01/preprocessing/fit_indices.npy,4352,d81cc1f6f19aaa629c36da45affede00d32f7895445e55c07ab44da549efd488
analysis_artifacts/canonical_run/folds/fold_09/inner/level2/C08/seed_42/inner_01/preprocessing/preprocessing_manifest.json,802,750b049b29f59674c30cec5ffb3228655e9ae40be4b0f93a9234ed1b4ed63372
analysis_artifacts/canonical_run/folds/fold_09/inner/level2/C08/seed_42/inner_01/preprocessing/selected_full_edge_indices.npy,39928,dffbfba6d14d8b8ecd29d0c3372e5f81fefab2ca03bfe78a3c94571ba0942008
analysis_artifacts/canonical_run/folds/fold_09/inner/level2/C08/seed_42/inner_01/result.json,756,05e1a1e0874127caa01d0a5a85f39f7d3c2d90a375ba8d21e22e898c43052896
analysis_artifacts/canonical_run/folds/fold_09/inner/level2/C08/seed_42/inner_02/preprocessing/evaluation_indices.npy,2240,e12d776bb9d395fa7391d890d99e4eb83d219d87d1e98478f1ebb8bfdaae8636
analysis_artifacts/canonical_run/folds/fold_09/inner/level2/C08/seed_42/inner_02/preprocessing/fit_indices.npy,4352,27e71008d8c3b78abfc3756bc5ff7b706e4583845d022884454249460fd43506
analysis_artifacts/canonical_run/folds/fold_09/inner/level2/C08/seed_42/inner_02/preprocessing/preprocessing_manifest.json,802,db1bff9ca694461c19a6ae20f5ea7428aa00e2886567375fe47941eb8dd15ae7
analysis_artifacts/canonical_run/folds/fold_09/inner/level2/C08/seed_42/inner_02/preprocessing/selected_full_edge_indices.npy,39928,cfa356d88a63d470d40bd69a6005ae8dbd5db598acfd7ba3a8d623ec81982bd6
analysis_artifacts/canonical_run/folds/fold_09/inner/level2/C08/seed_42/inner_02/result.json,756,12a175d3c364874e5a8005438930beac3926ce090849acebb6b6ce9e4f11a100
analysis_artifacts/canonical_run/folds/fold_09/inner/level2/C08/seed_42/inner_oof_evaluation.json,624,7b8e358a0d78e8b51f324630911f2f2eca4eb188437127f4d940407a0725c98c
analysis_artifacts/canonical_run/folds/fold_09/inner/level2/C08/seed_43/inner_00/preprocessing/evaluation_indices.npy,2240,eced3e6ca9a995d92d08a758c87c9eca35a762ecf0bf9d70b36eeeef4bd74db4
analysis_artifacts/canonical_run/folds/fold_09/inner/level2/C08/seed_43/inner_00/preprocessing/fit_indices.npy,4352,34c46725d0efc8eba3aba72add0e27b3fd924c67c8dd2a1a1ccbf242712b829f
analysis_artifacts/canonical_run/folds/fold_09/inner/level2/C08/seed_43/inner_00/preprocessing/preprocessing_manifest.json,802,1494855b2e3f76c444894ea73253f4ed58550647b59fb7f995f750d9894efe7e
analysis_artifacts/canonical_run/folds/fold_09/inner/level2/C08/seed_43/inner_00/preprocessing/selected_full_edge_indices.npy,39928,80294186d0a664c7f66ac4c57bdf12d33d0317bf19ceebd82b3deb86dc9ebfb9
analysis_artifacts/canonical_run/folds/fold_09/inner/level2/C08/seed_43/inner_00/result.json,757,b1a4e7da00175805ce56b4849796b7bb3e39d2a4f295a38bdd83ec0dedbfe3a9
analysis_artifacts/canonical_run/folds/fold_09/inner/level2/C08/seed_43/inner_01/preprocessing/evaluation_indices.npy,2240,87ce89c29ea6dd8b4915e74d823890151d492796a75937c2e88e7c05b79ab887
analysis_artifacts/canonical_run/folds/fold_09/inner/level2/C08/seed_43/inner_01/preprocessing/fit_indices.npy,4352,d81cc1f6f19aaa629c36da45affede00d32f7895445e55c07ab44da549efd488
analysis_artifacts/canonical_run/folds/fold_09/inner/level2/C08/seed_43/inner_01/preprocessing/preprocessing_manifest.json,802,bd53b59d65c1de9e714ff687a709e7a63d980d82811aee1e18d49c21af1608a3
analysis_artifacts/canonical_run/folds/fold_09/inner/level2/C08/seed_43/inner_01/preprocessing/selected_full_edge_indices.npy,39928,dffbfba6d14d8b8ecd29d0c3372e5f81fefab2ca03bfe78a3c94571ba0942008
analysis_artifacts/canonical_run/folds/fold_09/inner/level2/C08/seed_43/inner_01/result.json,755,70c8f4b1af38aee10a1f1ee265904154edb17bf493bc84eef4791710c2816c01
analysis_artifacts/canonical_run/folds/fold_09/inner/level2/C08/seed_43/inner_02/preprocessing/evaluation_indices.npy,2240,e12d776bb9d395fa7391d890d99e4eb83d219d87d1e98478f1ebb8bfdaae8636
analysis_artifacts/canonical_run/folds/fold_09/inner/level2/C08/seed_43/inner_02/preprocessing/fit_indices.npy,4352,27e71008d8c3b78abfc3756bc5ff7b706e4583845d022884454249460fd43506
analysis_artifacts/canonical_run/folds/fold_09/inner/level2/C08/seed_43/inner_02/preprocessing/preprocessing_manifest.json,802,f12be50947453f5aa7b3583dad8e250c80642760e72d4928fd6755404d955320
analysis_artifacts/canonical_run/folds/fold_09/inner/level2/C08/seed_43/inner_02/preprocessing/selected_full_edge_indices.npy,39928,cfa356d88a63d470d40bd69a6005ae8dbd5db598acfd7ba3a8d623ec81982bd6
analysis_artifacts/canonical_run/folds/fold_09/inner/level2/C08/seed_43/inner_02/result.json,758,4f308285a6dd9ac48aae49a39ab0d063cfcc5d90d23fa86ad9670305b0262864
analysis_artifacts/canonical_run/folds/fold_09/inner/level2/C08/seed_43/inner_oof_evaluation.json,625,9cb469455e59ce56781477ef132e0e17700a4a4bf3c00a3cebfc27261169dd5b
analysis_artifacts/canonical_run/folds/fold_09/inner/level2/C08/seed_44/inner_00/preprocessing/evaluation_indices.npy,2240,eced3e6ca9a995d92d08a758c87c9eca35a762ecf0bf9d70b36eeeef4bd74db4
analysis_artifacts/canonical_run/folds/fold_09/inner/level2/C08/seed_44/inner_00/preprocessing/fit_indices.npy,4352,34c46725d0efc8eba3aba72add0e27b3fd924c67c8dd2a1a1ccbf242712b829f
analysis_artifacts/canonical_run/folds/fold_09/inner/level2/C08/seed_44/inner_00/preprocessing/preprocessing_manifest.json,802,a5fd2589ae0d4a2a3df397499dc94c152ffefe6414bd556a8df8a9229c2aa2bc
analysis_artifacts/canonical_run/folds/fold_09/inner/level2/C08/seed_44/inner_00/preprocessing/selected_full_edge_indices.npy,39928,80294186d0a664c7f66ac4c57bdf12d33d0317bf19ceebd82b3deb86dc9ebfb9
analysis_artifacts/canonical_run/folds/fold_09/inner/level2/C08/seed_44/inner_00/result.json,757,5b96358a0c6a3584d2809433aa5b5c60846ee8762604c4f07a3afabd1caf126f
analysis_artifacts/canonical_run/folds/fold_09/inner/level2/C08/seed_44/inner_01/preprocessing/evaluation_indices.npy,2240,87ce89c29ea6dd8b4915e74d823890151d492796a75937c2e88e7c05b79ab887
analysis_artifacts/canonical_run/folds/fold_09/inner/level2/C08/seed_44/inner_01/preprocessing/fit_indices.npy,4352,d81cc1f6f19aaa629c36da45affede00d32f7895445e55c07ab44da549efd488
analysis_artifacts/canonical_run/folds/fold_09/inner/level2/C08/seed_44/inner_01/preprocessing/preprocessing_manifest.json,802,566242585b16e0fce92c5501b7d4a53ad9e0eba49597ea9c6024c7eeaf140eb4
analysis_artifacts/canonical_run/folds/fold_09/inner/level2/C08/seed_44/inner_01/preprocessing/selected_full_edge_indices.npy,39928,dffbfba6d14d8b8ecd29d0c3372e5f81fefab2ca03bfe78a3c94571ba0942008
analysis_artifacts/canonical_run/folds/fold_09/inner/level2/C08/seed_44/inner_01/result.json,758,d2ce19cedce200eeb94ec5c06d339050bce3c92d64a8b8c43de1ac645f5fd72d
analysis_artifacts/canonical_run/folds/fold_09/inner/level2/C08/seed_44/inner_02/preprocessing/evaluation_indices.npy,2240,e12d776bb9d395fa7391d890d99e4eb83d219d87d1e98478f1ebb8bfdaae8636
analysis_artifacts/canonical_run/folds/fold_09/inner/level2/C08/seed_44/inner_02/preprocessing/fit_indices.npy,4352,27e71008d8c3b78abfc3756bc5ff7b706e4583845d022884454249460fd43506
analysis_artifacts/canonical_run/folds/fold_09/inner/level2/C08/seed_44/inner_02/preprocessing/preprocessing_manifest.json,802,6e45077abb3629298d97669c6dc1003d031bb3cd30cad21cb605fa37744d2016
analysis_artifacts/canonical_run/folds/fold_09/inner/level2/C08/seed_44/inner_02/preprocessing/selected_full_edge_indices.npy,39928,cfa356d88a63d470d40bd69a6005ae8dbd5db598acfd7ba3a8d623ec81982bd6
analysis_artifacts/canonical_run/folds/fold_09/inner/level2/C08/seed_44/inner_02/result.json,756,7686d075cf952c9316a4403f14ec160b634a6d281f5f730a6589e84a4dece424
analysis_artifacts/canonical_run/folds/fold_09/inner/level2/C08/seed_44/inner_oof_evaluation.json,626,4014699f5d4011899010a389f70fb0f17ac3ef00baaa23b335de3d1f83c310c7
analysis_artifacts/canonical_run/folds/fold_09/inner/level2/C12/seed_42/inner_00/preprocessing/evaluation_indices.npy,2240,eced3e6ca9a995d92d08a758c87c9eca35a762ecf0bf9d70b36eeeef4bd74db4
analysis_artifacts/canonical_run/folds/fold_09/inner/level2/C12/seed_42/inner_00/preprocessing/fit_indices.npy,4352,34c46725d0efc8eba3aba72add0e27b3fd924c67c8dd2a1a1ccbf242712b829f
analysis_artifacts/canonical_run/folds/fold_09/inner/level2/C12/seed_42/inner_00/preprocessing/preprocessing_manifest.json,839,85481dff135229a174318f35d0843857546d259a3aa9e61ef7869e00474022a4
analysis_artifacts/canonical_run/folds/fold_09/inner/level2/C12/seed_42/inner_00/preprocessing/selected_full_edge_indices.npy,39928,80294186d0a664c7f66ac4c57bdf12d33d0317bf19ceebd82b3deb86dc9ebfb9
analysis_artifacts/canonical_run/folds/fold_09/inner/level2/C12/seed_42/inner_00/result.json,757,7cf3a5db6dad62d6a1ae0415f3e98d78f22dd91bb978a5e8c3777c5355c89fee
analysis_artifacts/canonical_run/folds/fold_09/inner/level2/C12/seed_42/inner_01/preprocessing/evaluation_indices.npy,2240,87ce89c29ea6dd8b4915e74d823890151d492796a75937c2e88e7c05b79ab887
analysis_artifacts/canonical_run/folds/fold_09/inner/level2/C12/seed_42/inner_01/preprocessing/fit_indices.npy,4352,d81cc1f6f19aaa629c36da45affede00d32f7895445e55c07ab44da549efd488
analysis_artifacts/canonical_run/folds/fold_09/inner/level2/C12/seed_42/inner_01/preprocessing/preprocessing_manifest.json,839,8540d71aab10722c9328ad102bda8cdbdc02e8966fb363f72a98d067c99031a3
analysis_artifacts/canonical_run/folds/fold_09/inner/level2/C12/seed_42/inner_01/preprocessing/selected_full_edge_indices.npy,39928,dffbfba6d14d8b8ecd29d0c3372e5f81fefab2ca03bfe78a3c94571ba0942008
analysis_artifacts/canonical_run/folds/fold_09/inner/level2/C12/seed_42/inner_01/result.json,757,8f0527cf7cedd9130b077752620be21c739f46d665e29ff6e034d24dbcab1819
analysis_artifacts/canonical_run/folds/fold_09/inner/level2/C12/seed_42/inner_02/preprocessing/evaluation_indices.npy,2240,e12d776bb9d395fa7391d890d99e4eb83d219d87d1e98478f1ebb8bfdaae8636
analysis_artifacts/canonical_run/folds/fold_09/inner/level2/C12/seed_42/inner_02/preprocessing/fit_indices.npy,4352,27e71008d8c3b78abfc3756bc5ff7b706e4583845d022884454249460fd43506
analysis_artifacts/canonical_run/folds/fold_09/inner/level2/C12/seed_42/inner_02/preprocessing/preprocessing_manifest.json,839,9d8cf06ff6d8fb8c80aec6233594ce955bb050bca0d6154b19cd23d20ec9d052
analysis_artifacts/canonical_run/folds/fold_09/inner/level2/C12/seed_42/inner_02/preprocessing/selected_full_edge_indices.npy,39928,cfa356d88a63d470d40bd69a6005ae8dbd5db598acfd7ba3a8d623ec81982bd6
analysis_artifacts/canonical_run/folds/fold_09/inner/level2/C12/seed_42/inner_02/result.json,757,8704924c154598db19566ccb68912c8e82f8a36d47594c94ef895179ef39fbf8
analysis_artifacts/canonical_run/folds/fold_09/inner/level2/C12/seed_42/inner_oof_evaluation.json,625,d506cabb48d9d2abdc7f9edaae5195dcbf99ce4636f9bb70766aecb042a14ee5
analysis_artifacts/canonical_run/folds/fold_09/inner/level2/C12/seed_43/inner_00/preprocessing/evaluation_indices.npy,2240,eced3e6ca9a995d92d08a758c87c9eca35a762ecf0bf9d70b36eeeef4bd74db4
analysis_artifacts/canonical_run/folds/fold_09/inner/level2/C12/seed_43/inner_00/preprocessing/fit_indices.npy,4352,34c46725d0efc8eba3aba72add0e27b3fd924c67c8dd2a1a1ccbf242712b829f
analysis_artifacts/canonical_run/folds/fold_09/inner/level2/C12/seed_43/inner_00/preprocessing/preprocessing_manifest.json,839,a40d636cb7a5574db1d233694bd4ce5b990d8e96006b914e29c2077ef810fafd
analysis_artifacts/canonical_run/folds/fold_09/inner/level2/C12/seed_43/inner_00/preprocessing/selected_full_edge_indices.npy,39928,80294186d0a664c7f66ac4c57bdf12d33d0317bf19ceebd82b3deb86dc9ebfb9
analysis_artifacts/canonical_run/folds/fold_09/inner/level2/C12/seed_43/inner_00/result.json,757,2f0d25b1d0a63a9752b515e3d304648beb23f6e0891c9060608c913ca6af015c
analysis_artifacts/canonical_run/folds/fold_09/inner/level2/C12/seed_43/inner_01/preprocessing/evaluation_indices.npy,2240,87ce89c29ea6dd8b4915e74d823890151d492796a75937c2e88e7c05b79ab887
analysis_artifacts/canonical_run/folds/fold_09/inner/level2/C12/seed_43/inner_01/preprocessing/fit_indices.npy,4352,d81cc1f6f19aaa629c36da45affede00d32f7895445e55c07ab44da549efd488
analysis_artifacts/canonical_run/folds/fold_09/inner/level2/C12/seed_43/inner_01/preprocessing/preprocessing_manifest.json,839,4e29d4bf53b646d90b33423a6be1bf77da6392ad6cbecdfd6818c62bb9c7ed0f
analysis_artifacts/canonical_run/folds/fold_09/inner/level2/C12/seed_43/inner_01/preprocessing/selected_full_edge_indices.npy,39928,dffbfba6d14d8b8ecd29d0c3372e5f81fefab2ca03bfe78a3c94571ba0942008
analysis_artifacts/canonical_run/folds/fold_09/inner/level2/C12/seed_43/inner_01/result.json,758,168e3d21a315549e08151eea789eb64777720131a8eeb4b239a3e761a33e97c3
analysis_artifacts/canonical_run/folds/fold_09/inner/level2/C12/seed_43/inner_02/preprocessing/evaluation_indices.npy,2240,e12d776bb9d395fa7391d890d99e4eb83d219d87d1e98478f1ebb8bfdaae8636
analysis_artifacts/canonical_run/folds/fold_09/inner/level2/C12/seed_43/inner_02/preprocessing/fit_indices.npy,4352,27e71008d8c3b78abfc3756bc5ff7b706e4583845d022884454249460fd43506
analysis_artifacts/canonical_run/folds/fold_09/inner/level2/C12/seed_43/inner_02/preprocessing/preprocessing_manifest.json,839,d7e3380ccd1bd634ed75d93fbf254b37cefe984338769e24f2f8556c09e18c38
analysis_artifacts/canonical_run/folds/fold_09/inner/level2/C12/seed_43/inner_02/preprocessing/selected_full_edge_indices.npy,39928,cfa356d88a63d470d40bd69a6005ae8dbd5db598acfd7ba3a8d623ec81982bd6
analysis_artifacts/canonical_run/folds/fold_09/inner/level2/C12/seed_43/inner_02/result.json,756,fc0f763071acc724848135d4f35e12ac4f797c16d4d87a324350a447ec1ae5a3
analysis_artifacts/canonical_run/folds/fold_09/inner/level2/C12/seed_43/inner_oof_evaluation.json,625,3750e7287b264376d8751695f9240b522723c905f5352e2a525a7d311bd8749f
analysis_artifacts/canonical_run/folds/fold_09/inner/level2/C12/seed_44/inner_00/preprocessing/evaluation_indices.npy,2240,eced3e6ca9a995d92d08a758c87c9eca35a762ecf0bf9d70b36eeeef4bd74db4
analysis_artifacts/canonical_run/folds/fold_09/inner/level2/C12/seed_44/inner_00/preprocessing/fit_indices.npy,4352,34c46725d0efc8eba3aba72add0e27b3fd924c67c8dd2a1a1ccbf242712b829f
analysis_artifacts/canonical_run/folds/fold_09/inner/level2/C12/seed_44/inner_00/preprocessing/preprocessing_manifest.json,839,27a50a0148e18ee41f7052be6fa749595031e14f3cf63b2ce384375918ada638
analysis_artifacts/canonical_run/folds/fold_09/inner/level2/C12/seed_44/inner_00/preprocessing/selected_full_edge_indices.npy,39928,80294186d0a664c7f66ac4c57bdf12d33d0317bf19ceebd82b3deb86dc9ebfb9
analysis_artifacts/canonical_run/folds/fold_09/inner/level2/C12/seed_44/inner_00/result.json,757,8c948554688824a6b44c64bae14e42cde313f46046ef2c41a5c42224134052e0
analysis_artifacts/canonical_run/folds/fold_09/inner/level2/C12/seed_44/inner_01/preprocessing/evaluation_indices.npy,2240,87ce89c29ea6dd8b4915e74d823890151d492796a75937c2e88e7c05b79ab887
analysis_artifacts/canonical_run/folds/fold_09/inner/level2/C12/seed_44/inner_01/preprocessing/fit_indices.npy,4352,d81cc1f6f19aaa629c36da45affede00d32f7895445e55c07ab44da549efd488
analysis_artifacts/canonical_run/folds/fold_09/inner/level2/C12/seed_44/inner_01/preprocessing/preprocessing_manifest.json,839,127ee346cca0df43f54982c6b9de70769391aa16483497002b3c2e9c336fcfbd
analysis_artifacts/canonical_run/folds/fold_09/inner/level2/C12/seed_44/inner_01/preprocessing/selected_full_edge_indices.npy,39928,dffbfba6d14d8b8ecd29d0c3372e5f81fefab2ca03bfe78a3c94571ba0942008
analysis_artifacts/canonical_run/folds/fold_09/inner/level2/C12/seed_44/inner_01/result.json,757,446be5084a8e904c7aca4863606ff65ba0a9a2415a26a8f71c572d7f6aa340fa
analysis_artifacts/canonical_run/folds/fold_09/inner/level2/C12/seed_44/inner_02/preprocessing/evaluation_indices.npy,2240,e12d776bb9d395fa7391d890d99e4eb83d219d87d1e98478f1ebb8bfdaae8636
analysis_artifacts/canonical_run/folds/fold_09/inner/level2/C12/seed_44/inner_02/preprocessing/fit_indices.npy,4352,27e71008d8c3b78abfc3756bc5ff7b706e4583845d022884454249460fd43506
analysis_artifacts/canonical_run/folds/fold_09/inner/level2/C12/seed_44/inner_02/preprocessing/preprocessing_manifest.json,839,a116e237dcca270e59e2eb248ff8aac7e08d1928d88f5ec94aa02bdb70c8201a
analysis_artifacts/canonical_run/folds/fold_09/inner/level2/C12/seed_44/inner_02/preprocessing/selected_full_edge_indices.npy,39928,cfa356d88a63d470d40bd69a6005ae8dbd5db598acfd7ba3a8d623ec81982bd6
analysis_artifacts/canonical_run/folds/fold_09/inner/level2/C12/seed_44/inner_02/result.json,755,bdfd55533ed349ef7890a2bf5a6bf68f7ed1cfe8f45b7925152c580c5d6679c1
analysis_artifacts/canonical_run/folds/fold_09/inner/level2/C12/seed_44/inner_oof_evaluation.json,624,8ed86a5b414652dc301ed727e82b6303e09c426311c967befea3b7baee3bcc5e
analysis_artifacts/canonical_run/folds/fold_09/inner/level2_final_selection.json,5567,b7e9ae375df8efff2bc9b97200b73208ed36efe0df60954b3d1cfd127615f5ca
analysis_artifacts/canonical_run/folds/fold_09/outer_final/seed_42/checkpoint_manifest.json,9762,acf94e8d5f29e6ec32d2add6044d18055ebb4efe6d1aef127222eac0af963145
analysis_artifacts/canonical_run/folds/fold_09/outer_final/seed_42/fit_manifest.json,533,430a9ae6d22a2a458c03b05476391bd0c1a55b07a94791ae8e3023834077483e
analysis_artifacts/canonical_run/folds/fold_09/outer_final/seed_42/model_checkpoint.pt,6469917,53eb3779a25b52782c7394b4a7a8d18ebd8931efeca82a5d73f2b5fd48686aec
analysis_artifacts/canonical_run/folds/fold_09/outer_final/seed_42/preprocessing/evaluation_indices.npy,824,d41842a03e4cc7ad902e4a7d9969a70ee00b0229b3483a522e09ba994a430fe7
analysis_artifacts/canonical_run/folds/fold_09/outer_final/seed_42/preprocessing/fit_indices.npy,6464,d724cb8062a72cde7477ecebb0b3e822cbe417efd31076405909b45c732667b6
analysis_artifacts/canonical_run/folds/fold_09/outer_final/seed_42/preprocessing/preprocessing_manifest.json,798,4e791e5fd43372c419f094c6fd33c010219acec3321f347dfcb5ea7bf8dad3be
analysis_artifacts/canonical_run/folds/fold_09/outer_final/seed_42/preprocessing/selected_full_edge_indices.npy,39928,d4794e5ad91a96cb4550ff4ba171013529128fbfd7b840a9750c1b1ab2778d98
analysis_artifacts/canonical_run/folds/fold_09/outer_final/seed_42/preprocessing_state.npz,214202,1c6e5e58773ae5362e9181390f21055488a3c650d2598252ab3514e235d66b51
analysis_artifacts/canonical_run/folds/fold_09/outer_final/seed_42/preprocessing_state_manifest.json,2587,2bcde383cfec7d99c9b37e2f11e16323acb91b36369f4c421b41f63cfb737918
analysis_artifacts/canonical_run/folds/fold_09/outer_final/seed_42/reload_audit.json,3394,fab82cb93c103a0032350bf177ce51f65280504811d7843cd7548906b148bcb5
analysis_artifacts/canonical_run/folds/fold_09/outer_final/seed_42/test_indices.npy,824,d41842a03e4cc7ad902e4a7d9969a70ee00b0229b3483a522e09ba994a430fe7
analysis_artifacts/canonical_run/folds/fold_09/outer_final/seed_42/test_outputs.npz,2362,a1121339ab45da3197448aa1f3d277e1313a5c7f1525a2c45e589d9c4cd8b538
analysis_artifacts/canonical_run/folds/fold_09/outer_final/seed_42/test_subject_ids.npy,824,6ff0fdc3c783fe7ef419c2f47ebb42fbea320b24ccbe34ea12c7c11648a35667
analysis_artifacts/canonical_run/folds/fold_09/outer_final/seed_42/train_indices.npy,6464,d724cb8062a72cde7477ecebb0b3e822cbe417efd31076405909b45c732667b6
analysis_artifacts/canonical_run/folds/fold_09/outer_final/seed_42/train_subject_ids.npy,6464,49c5bfe46a1cb2deb71887f87e88dbb86b415e3c4de1446084259c2c9d533310
analysis_artifacts/canonical_run/folds/fold_09/outer_final/seed_43/checkpoint_manifest.json,9762,827e69d8ed7a5c6612fa4f5aa48683eedc2897b0540b9b5b6ddc93cb3049df86
analysis_artifacts/canonical_run/folds/fold_09/outer_final/seed_43/fit_manifest.json,533,5d92497a0c7e2a8098229792c95f2de32842396f6757641f627ce935c923ec05
analysis_artifacts/canonical_run/folds/fold_09/outer_final/seed_43/model_checkpoint.pt,6469917,8dda122b3e25ac6c5c81fd836f70b51ba072e83e89890f44a1e6fb09d5669b57
analysis_artifacts/canonical_run/folds/fold_09/outer_final/seed_43/preprocessing/evaluation_indices.npy,824,d41842a03e4cc7ad902e4a7d9969a70ee00b0229b3483a522e09ba994a430fe7
analysis_artifacts/canonical_run/folds/fold_09/outer_final/seed_43/preprocessing/fit_indices.npy,6464,d724cb8062a72cde7477ecebb0b3e822cbe417efd31076405909b45c732667b6
analysis_artifacts/canonical_run/folds/fold_09/outer_final/seed_43/preprocessing/preprocessing_manifest.json,798,b1bdf89979e950262bc61657d605c976d6f15a6af171f1e91e254a136942370c
analysis_artifacts/canonical_run/folds/fold_09/outer_final/seed_43/preprocessing/selected_full_edge_indices.npy,39928,d4794e5ad91a96cb4550ff4ba171013529128fbfd7b840a9750c1b1ab2778d98
analysis_artifacts/canonical_run/folds/fold_09/outer_final/seed_43/preprocessing_state.npz,214202,1c6e5e58773ae5362e9181390f21055488a3c650d2598252ab3514e235d66b51
analysis_artifacts/canonical_run/folds/fold_09/outer_final/seed_43/preprocessing_state_manifest.json,2587,1ad80194ec64f95b6559b88a1475704db9ecc47cd34745b42b84ba697cc7927f
analysis_artifacts/canonical_run/folds/fold_09/outer_final/seed_43/reload_audit.json,3394,7c4de7e41dff5193331e07140d5481a5b759fdecbc14bba68eae929479e1dec6
analysis_artifacts/canonical_run/folds/fold_09/outer_final/seed_43/test_indices.npy,824,d41842a03e4cc7ad902e4a7d9969a70ee00b0229b3483a522e09ba994a430fe7
analysis_artifacts/canonical_run/folds/fold_09/outer_final/seed_43/test_outputs.npz,2339,c82f05f5895df9f41852f649bdc1ee78cb1da3550f0322cf65b11a11f2bab7f1
analysis_artifacts/canonical_run/folds/fold_09/outer_final/seed_43/test_subject_ids.npy,824,6ff0fdc3c783fe7ef419c2f47ebb42fbea320b24ccbe34ea12c7c11648a35667
analysis_artifacts/canonical_run/folds/fold_09/outer_final/seed_43/train_indices.npy,6464,d724cb8062a72cde7477ecebb0b3e822cbe417efd31076405909b45c732667b6
analysis_artifacts/canonical_run/folds/fold_09/outer_final/seed_43/train_subject_ids.npy,6464,49c5bfe46a1cb2deb71887f87e88dbb86b415e3c4de1446084259c2c9d533310
analysis_artifacts/canonical_run/folds/fold_09/outer_final/seed_44/checkpoint_manifest.json,9762,8dc810d45621b45cc344fd5d7cb23a6321e7de0b25aff6fcd716d54f218ff4e3
analysis_artifacts/canonical_run/folds/fold_09/outer_final/seed_44/fit_manifest.json,533,dd3602ebd015112f13529920ef0accc25a6d48241d8d8e34e5eb1d61edd60c15
analysis_artifacts/canonical_run/folds/fold_09/outer_final/seed_44/model_checkpoint.pt,6469917,e7acd985abfed2ebdab09574e60423bb27d1b653f520d56ac28c8fbbf11e79b8
analysis_artifacts/canonical_run/folds/fold_09/outer_final/seed_44/preprocessing/evaluation_indices.npy,824,d41842a03e4cc7ad902e4a7d9969a70ee00b0229b3483a522e09ba994a430fe7
analysis_artifacts/canonical_run/folds/fold_09/outer_final/seed_44/preprocessing/fit_indices.npy,6464,d724cb8062a72cde7477ecebb0b3e822cbe417efd31076405909b45c732667b6
analysis_artifacts/canonical_run/folds/fold_09/outer_final/seed_44/preprocessing/preprocessing_manifest.json,798,173fdc44e80f2b1079dfe41b3727a483a85ed7dfeba4ff1b275097b53d66535a
analysis_artifacts/canonical_run/folds/fold_09/outer_final/seed_44/preprocessing/selected_full_edge_indices.npy,39928,d4794e5ad91a96cb4550ff4ba171013529128fbfd7b840a9750c1b1ab2778d98
analysis_artifacts/canonical_run/folds/fold_09/outer_final/seed_44/preprocessing_state.npz,214202,1c6e5e58773ae5362e9181390f21055488a3c650d2598252ab3514e235d66b51
analysis_artifacts/canonical_run/folds/fold_09/outer_final/seed_44/preprocessing_state_manifest.json,2587,68cbadeaf2608cc8a72ffd6fd64169a3d5518706dfefefa49c5905e38f517c08
analysis_artifacts/canonical_run/folds/fold_09/outer_final/seed_44/reload_audit.json,3394,c3d1b9cdf21610e86794475f4e122a4f2be3a8993e1ad4c2a625f23559633c3a
analysis_artifacts/canonical_run/folds/fold_09/outer_final/seed_44/test_indices.npy,824,d41842a03e4cc7ad902e4a7d9969a70ee00b0229b3483a522e09ba994a430fe7
analysis_artifacts/canonical_run/folds/fold_09/outer_final/seed_44/test_outputs.npz,2350,1651af01e9abe38303de52e827f61535238dad00713b1cadd48bf3e337a91301
analysis_artifacts/canonical_run/folds/fold_09/outer_final/seed_44/test_subject_ids.npy,824,6ff0fdc3c783fe7ef419c2f47ebb42fbea320b24ccbe34ea12c7c11648a35667
analysis_artifacts/canonical_run/folds/fold_09/outer_final/seed_44/train_indices.npy,6464,d724cb8062a72cde7477ecebb0b3e822cbe417efd31076405909b45c732667b6
analysis_artifacts/canonical_run/folds/fold_09/outer_final/seed_44/train_subject_ids.npy,6464,49c5bfe46a1cb2deb71887f87e88dbb86b415e3c4de1446084259c2c9d533310
analysis_artifacts/canonical_run/folds/fold_09/outer_final/seed_predictions.npz,4590,3313dfb3ccede14da75556d2a38fb4db07e58a50cd1f749f209e2779447f4d4a
analysis_artifacts/canonical_run/folds/fold_09/stage_a_summary.json,3059,bafa6e9f094db07aea9aa5d569b115c4ffe00912da6a1a0050f8d56ca5a4f9bd
analysis_artifacts/canonical_run/folds/fold_09/stage_b_outer_metrics.json,1474,4b21f4acd2fae21cffca39d726f2b73f8aae86742ae1883ec24fd83a08533190
analysis_artifacts/canonical_run/run_progress.jsonl,14260,c847abe0e5ac547c9b195ce292251ccd3be7c6c794a63b5b65e94c8d0bdc749d
analysis_artifacts/canonical_sanity_roar_v2.py,34301,b0168f82e4698fe8a2c28fd384ffcc34231e80615f2ef789587faf31cc27290e
analysis_artifacts/canonical_xai_v2.py,24728,afe47a4672455506d212a1109c7c8e9437e407ed59c309e0c9034d5ff11ca1a4
analysis_artifacts/checkpoint_reload_audit.json,106879,6584f558e2552437a48987b47bc7e1d7a77b93791037e8890d43dd5597123899
analysis_artifacts/finalize_alignment_v2.py,31075,9d17a4a4a74ab89eb457d377a7991589c934011e78d29aa59a1f12d3f06e15de
analysis_artifacts/fold_metrics.csv,1473,b76380337a95ebe6a2dde28ace8016c974b89c844c457a3eee364759dda24c21
analysis_artifacts/metrics.json,13569,d73e9529ca0a40c0133ab7d5429d3bb349ab6433c409545cdaa030a766859a49
analysis_artifacts/oof_predictions.npz,18552,b87a1706b3ef0ede0b68c0176ce4cda387ba14dddeaa4c3a7a1c0b49824ffa63
analysis_artifacts/protocol_manifest.json,21406,c8e72d6a96cf1652d17a75f289edac6a6eca02a8f06c90ce801c001728420524
analysis_artifacts/run_alignment_tests_v2.py,1978,b85c4fc54284af6aecd65b980f23374e51c20e7b694562ec59cede665ef3a67d
analysis_artifacts/sanity_roar/roar/progress.json,104,36e435998db3581b198bc8f70af94857cd645a0962368a60481fcea15183fb4e
analysis_artifacts/sanity_roar/roar/repeated_roar_by_fold_seed.csv,71731,159458d9712a4e308a74b481f833790dc7cd4b3c8bbe8138f24f3eafec553e45
analysis_artifacts/sanity_roar/roar/repeated_roar_comparisons.csv,826,0474eab4f4ab18351862f1a058fc58f0fe3d6a46811e41551293c6c00f9d3f30
analysis_artifacts/sanity_roar/roar/repeated_roar_summary.json,2774,2873db5210bbda1159a7ab9c857e6b25a2a50337981a1507e615d7790048d97b
analysis_artifacts/sanity_roar/roar/training_only_rankings/fold_00/provenance.json,1136,5e0f8ea980da4c1c27be53fac2aaaf33417c36ae6ec7acf63e1e857c7770064c
analysis_artifacts/sanity_roar/roar/training_only_rankings/fold_00/seed_42_training_signed_fc_attributions.npz,30081659,fb47ec3e6d97c56ad67bf409f47a947a767f621f4809eac78ccb5e9bd1905757
analysis_artifacts/sanity_roar/roar/training_only_rankings/fold_00/seed_43_training_signed_fc_attributions.npz,29803504,adb8c54a3a8306b4edbcb2d0aab91eca88bbf6b523f00dc9780cd93731a8ab0a
analysis_artifacts/sanity_roar/roar/training_only_rankings/fold_00/seed_44_training_signed_fc_attributions.npz,29880659,0bc1674a52b85782b7064d34c3823e1e21ee21034035f2e8250fd9bbe01d0a10
analysis_artifacts/sanity_roar/roar/training_only_rankings/fold_00/three_seed_training_only_rankings.npz,50825,49a81de18d193ff69f081fba508b8b9a9ea4ae8d2759915668775b6436c17402
analysis_artifacts/sanity_roar/roar/training_only_rankings/fold_01/provenance.json,1136,1584b116e574ee14d8b5987a6d848fd4dff3ef2069f158addf09e64ddaefab64
analysis_artifacts/sanity_roar/roar/training_only_rankings/fold_01/seed_42_training_signed_fc_attributions.npz,29961784,5fd25f676178ae8d0340112c8cd0996142e09e202e90465994eee5cf8524c4dc
analysis_artifacts/sanity_roar/roar/training_only_rankings/fold_01/seed_43_training_signed_fc_attributions.npz,29922583,cda53964161dd5bcca2c3152a538ceba021626b714a73da666603aa0fa43272a
analysis_artifacts/sanity_roar/roar/training_only_rankings/fold_01/seed_44_training_signed_fc_attributions.npz,29842940,6abbdd59bfdfa000a760b3cddcf7254e824b6722db5e81a6e32515e0efb2c4ac
analysis_artifacts/sanity_roar/roar/training_only_rankings/fold_01/three_seed_training_only_rankings.npz,50910,388d41909018d40785a09ac3cc555d8b801309869c20e4cff4c0b2baa39e25e9
analysis_artifacts/sanity_roar/roar/training_only_rankings/fold_02/provenance.json,1136,e587fedc899565719c5c41b54ef2a5f00a56d8e75e1e942950c4a06523fe3598
analysis_artifacts/sanity_roar/roar/training_only_rankings/fold_02/seed_42_training_signed_fc_attributions.npz,30002245,1b1e928c0f1ec8462bc670fd7c895945fd62b4045f9d521911bbf8305301b04e
analysis_artifacts/sanity_roar/roar/training_only_rankings/fold_02/seed_43_training_signed_fc_attributions.npz,29850376,f5fdb439bed1c951af0df0ba3c306de01a57804ae77ab9fa7ca798a265aad462
analysis_artifacts/sanity_roar/roar/training_only_rankings/fold_02/seed_44_training_signed_fc_attributions.npz,29938816,c99589d34bbdc2444fca0fef8121ec84e2a07b21cfd7f355ce8d67919834aa5e
analysis_artifacts/sanity_roar/roar/training_only_rankings/fold_02/three_seed_training_only_rankings.npz,51024,5a851a06477c04c869c42b8a0f7eee1912a8046adbe54f8bf76b08af1a4be4e9
analysis_artifacts/sanity_roar/roar/training_only_rankings/fold_03/provenance.json,1136,12fd160f1eac52c630f122c32d9283b935c054dadf92f66d97224199140765a8
analysis_artifacts/sanity_roar/roar/training_only_rankings/fold_03/seed_42_training_signed_fc_attributions.npz,29859907,12f9f41cbecb85df5b1ac2a9f32cc7090adb42db75c38d6497dfa1805c038b4f
analysis_artifacts/sanity_roar/roar/training_only_rankings/fold_03/seed_43_training_signed_fc_attributions.npz,29890349,7a27ac74612e2296dfab394c5ca53127915036f3119e4f08e488a1d95fa06310
analysis_artifacts/sanity_roar/roar/training_only_rankings/fold_03/seed_44_training_signed_fc_attributions.npz,29926570,945aeab8e7e0c4c0fa08210d1a3f279fc935bf99c879a6a34a8c5cdad5e47d11
analysis_artifacts/sanity_roar/roar/training_only_rankings/fold_03/three_seed_training_only_rankings.npz,50972,f7d50ac655da9710ecca12e9738919956611b7a11e0411dfe2544240048a5341
analysis_artifacts/sanity_roar/roar/training_only_rankings/fold_04/provenance.json,1136,639a988924408f9cccc6fc7af285e3dd8756c519ac52819a56ebd850cccbef6d
analysis_artifacts/sanity_roar/roar/training_only_rankings/fold_04/seed_42_training_signed_fc_attributions.npz,29789943,57f101517efb2accf048e0088df995c79f532fe3d810fd35d33e67558d1fa9f4
analysis_artifacts/sanity_roar/roar/training_only_rankings/fold_04/seed_43_training_signed_fc_attributions.npz,30194359,204923a6426c5a00b85a067422af3991ab3a894dcfe5ce4d6f84097a772ca6c7
analysis_artifacts/sanity_roar/roar/training_only_rankings/fold_04/seed_44_training_signed_fc_attributions.npz,29871527,776c03136a05a30633fc44dfd653c2eb8d13b7e948a13b0665d3c38fad2be54f
analysis_artifacts/sanity_roar/roar/training_only_rankings/fold_04/three_seed_training_only_rankings.npz,50159,1e3bc7cbc7ca6fadbe8a4d4621d6cc9b274f367bfe340c9911dba64b56f2111f
analysis_artifacts/sanity_roar/roar/training_only_rankings/fold_05/provenance.json,1136,52c3c02431944867c34ec8f8131e83252d959329d063157dc729b859e84b80b9
analysis_artifacts/sanity_roar/roar/training_only_rankings/fold_05/seed_42_training_signed_fc_attributions.npz,29876070,7970e7ed05467c6ff0458fc0f8689d36acaba0cfe448e646873fb5c09f15b386
analysis_artifacts/sanity_roar/roar/training_only_rankings/fold_05/seed_43_training_signed_fc_attributions.npz,29949649,fcd6d5cee6a192904fd1b02de9043eaebb05063158084259587dea79103732f1
analysis_artifacts/sanity_roar/roar/training_only_rankings/fold_05/seed_44_training_signed_fc_attributions.npz,30002038,704019ac78842f87057ed057235f4370bdd56485c271193839047646f552616b
analysis_artifacts/sanity_roar/roar/training_only_rankings/fold_05/three_seed_training_only_rankings.npz,50890,fd2f0b6aa0024369158062821947e591a10734abfdc9fde3b75db9ba8d82d342
analysis_artifacts/sanity_roar/roar/training_only_rankings/fold_06/provenance.json,1136,4d2af889ff851350a54e048bc0f5ce7120df3166ee75e4660561ddc3adfc7554
analysis_artifacts/sanity_roar/roar/training_only_rankings/fold_06/seed_42_training_signed_fc_attributions.npz,29979231,793b42766b72c90290fdc2372d2c78a1ce7c026b66274f4f05957b80695d8edd
analysis_artifacts/sanity_roar/roar/training_only_rankings/fold_06/seed_43_training_signed_fc_attributions.npz,30019597,2942e00acdfe0e50e80bcb3a92e474e1c829e0899393155cc40d7182e73ca9b7
analysis_artifacts/sanity_roar/roar/training_only_rankings/fold_06/seed_44_training_signed_fc_attributions.npz,29953118,e6574be8a1e48681eae253f9b530acac72d6852261cae006d326a94a5ef9b271
analysis_artifacts/sanity_roar/roar/training_only_rankings/fold_06/three_seed_training_only_rankings.npz,50757,f7754d33df3c1998a56e6b01757db9436befef8012b52f5634c2d32a0b77b38d
analysis_artifacts/sanity_roar/roar/training_only_rankings/fold_07/provenance.json,1136,27cfaa371f94fe638588b90d37eaff4dd0614b84adcb8b16a6b4c86be476a0b1
analysis_artifacts/sanity_roar/roar/training_only_rankings/fold_07/seed_42_training_signed_fc_attributions.npz,29775494,c6f19385ce8b767a732dc711fbb387b4cfe3b6af0086123c593d1f1034495793
analysis_artifacts/sanity_roar/roar/training_only_rankings/fold_07/seed_43_training_signed_fc_attributions.npz,29805896,c96834ce509060c8eec522b217806660351a9bfc08ce02bcfd00394ad508f1be
analysis_artifacts/sanity_roar/roar/training_only_rankings/fold_07/seed_44_training_signed_fc_attributions.npz,29842960,d119de70d1d7c86c0ecc8e25d8db641af1792d9a58ddb828fb6c4927c0b16cdc
analysis_artifacts/sanity_roar/roar/training_only_rankings/fold_07/three_seed_training_only_rankings.npz,50390,f24de6c673033aff9c543411f1d259b430c5d4468b1a45e3ff84952b933c041f
analysis_artifacts/sanity_roar/roar/training_only_rankings/fold_08/provenance.json,1136,5e3d790a1c2223cfe90f791377c04bb9a2f7f38c0dee102adc72c305aa8c0a03
analysis_artifacts/sanity_roar/roar/training_only_rankings/fold_08/seed_42_training_signed_fc_attributions.npz,30085174,7cad57e051abfb07c3ab804cce45f33c5a64f04d22dbcdee53c2b05a406f650f
analysis_artifacts/sanity_roar/roar/training_only_rankings/fold_08/seed_43_training_signed_fc_attributions.npz,29848026,b579964175b81bf7d2db4cb1fe5dd03a56f8913edfee144abb86bbc79d525d1b
analysis_artifacts/sanity_roar/roar/training_only_rankings/fold_08/seed_44_training_signed_fc_attributions.npz,30006089,c7849ac8ef5acbe530a59c8a4303b8df68ea257e930cdd1a4a698a9fcafac7ac
analysis_artifacts/sanity_roar/roar/training_only_rankings/fold_08/three_seed_training_only_rankings.npz,50943,7c748cc3a3bf759de368c765c718c8b257d64e82ce1854c2d2c89a40a869b6d8
analysis_artifacts/sanity_roar/roar/training_only_rankings/fold_09/provenance.json,1136,a803631f361c9cb23bcb919164a41a2101c42c8a48de59d778f6ed4f9d701a43
analysis_artifacts/sanity_roar/roar/training_only_rankings/fold_09/seed_42_training_signed_fc_attributions.npz,29951284,7d18575723bd91dccc4ab4045765bef6b8c554711b1f444f0b2bc39c54a6bd58
analysis_artifacts/sanity_roar/roar/training_only_rankings/fold_09/seed_43_training_signed_fc_attributions.npz,30102640,5b5d4a3ac272a9b7358d886ce2953334989b5c18c18c132e3dcb57942ee02098
analysis_artifacts/sanity_roar/roar/training_only_rankings/fold_09/seed_44_training_signed_fc_attributions.npz,30034880,d41e05b6e38532b2a3e1499614d8045e1da760d78811b5211d037e6ba22d0174
analysis_artifacts/sanity_roar/roar/training_only_rankings/fold_09/three_seed_training_only_rankings.npz,50863,e44c5a3b057554ef183d09b6d5a0217ab49f2f87e6ae96d8f9e59f6db455e503
analysis_artifacts/sanity_roar/sanity/deterministic_inference.csv,2596,c3c312eecca8f8d9f3b7e04570f4a7a86f60a06d770efc135b696f2ee89f8eec
analysis_artifacts/sanity_roar/sanity/label_randomization.csv,11616,1db44a448a6a5721fc7f9db734a433355ac955da5821e1cce9f36dbadc47b443
analysis_artifacts/sanity_roar/sanity/random_label_attributions/fold_00_seed_42.npz,49508,ca3cfb6759cddc2b9f6030799c03405baa63d751dc0eb391649fd48400522ab6
analysis_artifacts/sanity_roar/sanity/random_label_attributions/fold_00_seed_43.npz,49618,a1534a56f7949a4d5adeb4752be2bb7fe3ad29b98cafa3543ec355b958a93886
analysis_artifacts/sanity_roar/sanity/random_label_attributions/fold_00_seed_44.npz,49438,91e2798902a952551a4632f701e7d81e66a8c2b6b1215a3804fc9357a502427b
analysis_artifacts/sanity_roar/sanity/random_label_attributions/fold_01_seed_42.npz,49598,2adf5ec64b0517e23b2acb606a217140686ebc328ca146a9549d4daf7b8a5baf
analysis_artifacts/sanity_roar/sanity/random_label_attributions/fold_01_seed_43.npz,49267,9148ac5551caab0f07b3ce7fab08bc41b4feef850558612fbeb546e62284faab
analysis_artifacts/sanity_roar/sanity/random_label_attributions/fold_01_seed_44.npz,49628,27df01b758e83e3f179628b370347e6465e19c69762f9d4cea8c1dd5ada2c944
analysis_artifacts/sanity_roar/sanity/random_label_attributions/fold_02_seed_42.npz,49403,cefb58520e517139d00ec4367e918d33ed52a7ac58a5d51702152f26a752f83a
analysis_artifacts/sanity_roar/sanity/random_label_attributions/fold_02_seed_43.npz,49564,e3bf699da3bb54c6c177c2ee767496ca4ec522aa72aa2d35ba21d878520c0664
analysis_artifacts/sanity_roar/sanity/random_label_attributions/fold_02_seed_44.npz,49591,93421b4e7c06797588be2738db57f2c74dae8254a6f9989889269cd453a010b3
analysis_artifacts/sanity_roar/sanity/random_label_attributions/fold_03_seed_42.npz,49613,4208033967f64856885caa9f60439765cd6dc1e82ab8cdfb119e7b45f5851aad
analysis_artifacts/sanity_roar/sanity/random_label_attributions/fold_03_seed_43.npz,49538,612ec24debe6aa2928371e9926ad18cde7d61cefb8f7eb78493506837707dfdc
analysis_artifacts/sanity_roar/sanity/random_label_attributions/fold_03_seed_44.npz,49600,b68f596e3360d5fc8d6dc23d4ab34b958e8a47391f955ec3a27a5972424a62af
analysis_artifacts/sanity_roar/sanity/random_label_attributions/fold_04_seed_42.npz,48134,1dc16bacdade16021add5df65bda6de6078ebcbbf2edbd2b67406538068e0c4d
analysis_artifacts/sanity_roar/sanity/random_label_attributions/fold_04_seed_43.npz,49634,7469d77a4c3e33f5874f3a23e44c04489c617ec00197e15c2b4520b73d4ef6c3
analysis_artifacts/sanity_roar/sanity/random_label_attributions/fold_04_seed_44.npz,49523,46bcebae2a865f7075f8f7364bf8593c398b43760842d589b6f1b33f251eaf31
analysis_artifacts/sanity_roar/sanity/random_label_attributions/fold_05_seed_42.npz,49543,22d736f490e32b5f203e0c3533ebd61cd7ec2c7807fd2936dd860eeae845bca9
analysis_artifacts/sanity_roar/sanity/random_label_attributions/fold_05_seed_43.npz,49581,be6059dc78efb283cba875ff2708916d96c44dbe2d4f2289dc7f7e200ae9e89f
analysis_artifacts/sanity_roar/sanity/random_label_attributions/fold_05_seed_44.npz,49579,b559109b7ef80068c5ad73b2b500526584bfaf502b26bcad016db8ed836d630a
analysis_artifacts/sanity_roar/sanity/random_label_attributions/fold_06_seed_42.npz,49612,5856c12c9df425bfafff72cdbc83da9a865e5ac35b79a01f43f037001b9bfbe3
analysis_artifacts/sanity_roar/sanity/random_label_attributions/fold_06_seed_43.npz,49580,c3a33075e687dc8e9780d0a8bc6fed786c5b72d07d758c0703e120683ef9924f
analysis_artifacts/sanity_roar/sanity/random_label_attributions/fold_06_seed_44.npz,49253,842f4a984efef0cb44494d24c489882c0da6ce0252a696f01535276eb11b161f
analysis_artifacts/sanity_roar/sanity/random_label_attributions/fold_07_seed_42.npz,48343,b72548a75bd370ddafe067faa0e837dd7de6e4461060e7b683fe2f82a342d718
analysis_artifacts/sanity_roar/sanity/random_label_attributions/fold_07_seed_43.npz,49496,15863342fbca1fe3fe7067ea5b7393ff17239b897dc0d264c50e3e7980bdd5ed
analysis_artifacts/sanity_roar/sanity/random_label_attributions/fold_07_seed_44.npz,49563,4e3595c35ade0b5dbce753b7158cd87642386667581f0d573a06d403982303b8
analysis_artifacts/sanity_roar/sanity/random_label_attributions/fold_08_seed_42.npz,49611,9d20bdda5bbc0c64d8d5b3cd28d38430b84dbfd7427e5f7750ad9972f8a4dc9a
analysis_artifacts/sanity_roar/sanity/random_label_attributions/fold_08_seed_43.npz,49545,312b89221b498912da4dd9bad4030b55c7cc290f845c0131c8253efbfd2c74ad
analysis_artifacts/sanity_roar/sanity/random_label_attributions/fold_08_seed_44.npz,49724,962556095c36283760a72a99e4e589d5a423f66b47102fa69af0b43ee13fa0d5
analysis_artifacts/sanity_roar/sanity/random_label_attributions/fold_09_seed_42.npz,49655,d5a3957842ac4b1e5f9ac9b3077961886ed36fc1f184f0cf5ee7e1e4d4733963
analysis_artifacts/sanity_roar/sanity/random_label_attributions/fold_09_seed_43.npz,49674,be5576ec47247af3be60c7e0c10ec579136bbb44546bf9dac8b7513a7e668fb0
analysis_artifacts/sanity_roar/sanity/random_label_attributions/fold_09_seed_44.npz,49710,7f676e2045633dfdaf45fd50adb952219745c09a251bb8d6be9143db5e999e90
analysis_artifacts/sanity_roar/sanity/sanity_summary.json,1703,0a23c5f9cd90144096ef71e9309ecfd89e8034303e27e83ca942cfdaca3d86fb
analysis_artifacts/sanity_roar/sanity/weight_randomization.csv,4810,9f3b8fe619950f4f82f1d605f08e87c8e3f5bde3a440f1d839336ffe40f342f5
analysis_artifacts/test_canonical_alignment_v2.py,8766,6368c984c28fde8d4a03f1208f8bf4c94081620b326126c111b3ff68d0579c6a
analysis_artifacts/test_final_artifacts_v2.py,11847,8878a6690c757c2a6ab8693ca91bb6ad1ccb92f4dbafd91f977d66008bad80ea
analysis_artifacts/test_report.json,539,60fa059f9bd7ff397392d679a8c576e00acea3f3b6dd4aafb4fa507e88ea0b50
analysis_artifacts/test_report.txt,5945,44ac0b9555ef68874a4fcbefe74476c7ae41c00d268e7be413242457a2bd408f
analysis_artifacts/xai/ensemble/oof_mean_absolute_rankings.npz,94783,9406f026864673758e0431ab3b052fb011eabcef0501da32c26ce7781a28981b
analysis_artifacts/xai/ensemble/oof_three_seed_signed_attributions.npz,59738975,0735548d69f945fdf54870ecf7788902b843d534eb6f8f21867543777cd5bc1b
analysis_artifacts/xai/fold_level/fold_00/fold_mean_absolute_rankings.npz,83263,25b55651750019f63a326464342d3dafc576507f16910f29a5ff56e762f492f2
analysis_artifacts/xai/fold_level/fold_00/fold_provenance.json,1047,15abffd39e6b128d95ecde7245ed1e64cddfba7eaf824049b1fff65f69ac1639
analysis_artifacts/xai/fold_level/fold_00/fold_three_seed_signed_ensemble.npz,6385951,5d49226c1631b07484afbaecf2105c1c4848766c1ff5f37723e53cb2efdb3fb4
analysis_artifacts/xai/fold_level/fold_01/fold_mean_absolute_rankings.npz,83441,2673f4029f3d222b26eead1fd12e29c7d1a9bf1bd159f54acb006d74a17d10f0
analysis_artifacts/xai/fold_level/fold_01/fold_provenance.json,1047,e31946896ec41f3803bb2c57d5f261c5606c4e09bf8604ef05c06bf9bca39384
analysis_artifacts/xai/fold_level/fold_01/fold_three_seed_signed_ensemble.npz,6397931,2c823a4f6fa38b1b3326df5b4587a7ca5795c6c1952870fa6da65e38807c7ef0
analysis_artifacts/xai/fold_level/fold_02/fold_mean_absolute_rankings.npz,83529,b19d1c5381df1eca34fa5aeebd52272e3fb2cf94567f53c328b76ec69bc279a7
analysis_artifacts/xai/fold_level/fold_02/fold_provenance.json,1047,5101ef4e336efb210d192967dbae49b9a8a9802c608325aba5dc9d8f1544a031
analysis_artifacts/xai/fold_level/fold_02/fold_three_seed_signed_ensemble.npz,6388838,3d8aeb4dae34e2009bf79d2dfdef85b865d8f0c70eeef5193d11c43227fcbdf0
analysis_artifacts/xai/fold_level/fold_03/fold_mean_absolute_rankings.npz,83573,5e7a6661007fb79ea11cfe7ee072aa9b9420f244a9226160c1c89a57f49d2cdb
analysis_artifacts/xai/fold_level/fold_03/fold_provenance.json,1047,1cd56ded60ddba25c24c4adaff6a108e4a962566335b7efe963b1930667d234c
analysis_artifacts/xai/fold_level/fold_03/fold_three_seed_signed_ensemble.npz,6384654,b990d3c5d198f240418e024b5b81edf943218055f38816dbc198ae82dffd9ab2
analysis_artifacts/xai/fold_level/fold_04/fold_mean_absolute_rankings.npz,83261,ee519523ec45abef9bea666ae9c2d1d017442aa0a68c7f81547eb2c89bb94dc5
analysis_artifacts/xai/fold_level/fold_04/fold_provenance.json,1047,c22be5b7808599bcdbd052da0f1807fd6be9f7a6d4ec0c48f702b8b646b0ce3a
analysis_artifacts/xai/fold_level/fold_04/fold_three_seed_signed_ensemble.npz,6376728,6d4e77f6e356d09ccdf11974e70bd286a2af18b4073629507a225c23472bf4dc
analysis_artifacts/xai/fold_level/fold_05/fold_mean_absolute_rankings.npz,83539,d4bfbb6b2e3e8f37537a8fdb93142574fef8416f6466d679a1e0113fc6adcab2
analysis_artifacts/xai/fold_level/fold_05/fold_provenance.json,1047,7ccf544dc142fa1eed6a7be6f3ef6fc5a4ef7af12fca2a8d3f252205bd7481d3
analysis_artifacts/xai/fold_level/fold_05/fold_three_seed_signed_ensemble.npz,6382625,fa875b69fe9a55041235d2132dbb96da427db18d90411ac4cdbe8fc6806a5e9b
analysis_artifacts/xai/fold_level/fold_06/fold_mean_absolute_rankings.npz,83267,2d2aa35854856625cb2893cd4e7666aa4b02b7ad26c694d883cc0d18ef5be1e8
analysis_artifacts/xai/fold_level/fold_06/fold_provenance.json,1047,e1102f24526064c240bd71d936a07b0d180a61716a995c4977d83e3fe61a1c55
analysis_artifacts/xai/fold_level/fold_06/fold_three_seed_signed_ensemble.npz,6392108,82a2a04c43ac71432297ac51dab3a60de7b8739998024ca56cd2791fb7df7eef
analysis_artifacts/xai/fold_level/fold_07/fold_mean_absolute_rankings.npz,83006,5949ad91e0d11389e56953529b3fd6e3ef83dd5e1523eb90076ecb9828cced59
analysis_artifacts/xai/fold_level/fold_07/fold_provenance.json,1047,1de497611852a996a5cc87aee9eb9ed51ba3ec71fcc505420d9c90ec9cd50caf
analysis_artifacts/xai/fold_level/fold_07/fold_three_seed_signed_ensemble.npz,6378484,5275451c0a3555537fff8527bfa0ed23ddba0b601e29353e198395ddd0ccd3cb
analysis_artifacts/xai/fold_level/fold_08/fold_mean_absolute_rankings.npz,62414,fae4a29c356edfd11e85c6dffbb66ea5c05433d59ca0e9ea2a5a6cf724cc466d
analysis_artifacts/xai/fold_level/fold_08/fold_provenance.json,1047,6ef81547f445b561dabd6ec31d64e0a53117b95a90ebf54092a43fa8d48654cb
analysis_artifacts/xai/fold_level/fold_08/fold_three_seed_signed_ensemble.npz,4405712,6566ef95b66bc340c4ef67a387407728badd1444cff5126f07612d2029ccb846
analysis_artifacts/xai/fold_level/fold_09/fold_mean_absolute_rankings.npz,62540,f3b1da41a647f51c6acbaa305bb851f607db0246544463ecde12c71a9575e28a
analysis_artifacts/xai/fold_level/fold_09/fold_provenance.json,1047,1476e13fb1fce1038cee1c961b324d48d2f5a3341da29f4ef6ba519fe76995ab
analysis_artifacts/xai/fold_level/fold_09/fold_three_seed_signed_ensemble.npz,4358166,ec54a6339c2cc7c39ec8a44512645a756c15d8f06fb6ae5412b2fce5886b65d8
analysis_artifacts/xai/seed_level/fold_00/seed_42/provenance.json,4295,6535baf6e8be09d91a3b930548af0bceafbdaba45d0f421c06efc116a6997ca4
analysis_artifacts/xai/seed_level/fold_00/seed_42/test_signed_attributions.npz,5378983,4b6ac37c0d002316405b0f6b57a46a70026edf1a77113cce864b93629403489b
analysis_artifacts/xai/seed_level/fold_00/seed_43/provenance.json,4295,3e2b0985450b7a676113c65e7a4f89ae89adf8ce032171208f337a76490788f8
analysis_artifacts/xai/seed_level/fold_00/seed_43/test_signed_attributions.npz,5322518,fffd21ec7f5e9d6965538b6f1fdbd9eaa0ee23e7655283af8bad948785efda02
analysis_artifacts/xai/seed_level/fold_00/seed_44/provenance.json,4295,59d75ff2aed5901fae2d04529a2dccfbdb6395254cb61a9c0943cc23c2ab4644
analysis_artifacts/xai/seed_level/fold_00/seed_44/test_signed_attributions.npz,5377586,0dd793fd50173d0e122ecb11ed49b2855b129ef029187a31e34ec74dbf8f1c48
analysis_artifacts/xai/seed_level/fold_01/seed_42/provenance.json,4295,ad3b2280913828e87e94a9a0b6f4d17f4b387df031cdd143f82337a8c3ae2282
analysis_artifacts/xai/seed_level/fold_01/seed_42/test_signed_attributions.npz,5361309,7f58218197da7e6c124f5f1d018a7fc5364291d94481e5e93e517c119166b3f8
analysis_artifacts/xai/seed_level/fold_01/seed_43/provenance.json,4295,4d383c2a55b7940f73041df01b6ebb2a85bf334883d08eadde168f357d4ddf39
analysis_artifacts/xai/seed_level/fold_01/seed_43/test_signed_attributions.npz,5368006,9b79f5ef5a9aa35efa0e1c2cea5761cb750d5a0fd9b1bd4620ffa489e6522045
analysis_artifacts/xai/seed_level/fold_01/seed_44/provenance.json,4295,46c863cbbcca523ef05d7511f06d9f54576f9804b3362fe89d3d6faffc5efcbc
analysis_artifacts/xai/seed_level/fold_01/seed_44/test_signed_attributions.npz,5361632,edb5c8870592ccf510c54cbfd46cba62b53c7e90fa915e9c9a9b970ca1b36e57
analysis_artifacts/xai/seed_level/fold_02/seed_42/provenance.json,4295,20dced6692ab684ec04212dde1f874f6b9165ffd3bd4f66cc8597ddbdf32c8bb
analysis_artifacts/xai/seed_level/fold_02/seed_42/test_signed_attributions.npz,5375090,8554f651b169079209ebf186bc17db26f5cc8ef46049749556c3c504a8e86658
analysis_artifacts/xai/seed_level/fold_02/seed_43/provenance.json,4296,3cc69ab03418db29756659334e9b3df6218b55606c66ad14253d4a075205985d
analysis_artifacts/xai/seed_level/fold_02/seed_43/test_signed_attributions.npz,5334876,11367ac6d6eedd2a6cbd5e0faa6eed36c2600473af1361079c2ce91339d60f8c
analysis_artifacts/xai/seed_level/fold_02/seed_44/provenance.json,4296,5f95438e3e80beb2b3fd3d0fea1ecf4a95cc63be4f54a33ae61b95b6c92d7e41
analysis_artifacts/xai/seed_level/fold_02/seed_44/test_signed_attributions.npz,5346602,23976e1bd953eddf73befe45c7cd7241c277152749d23917ecae032777198b7f
analysis_artifacts/xai/seed_level/fold_03/seed_42/provenance.json,4295,9c187a57ae61f00ddf9895c9a899f2a3e3dbdb245477ad6e38c78be3e2292ab5
analysis_artifacts/xai/seed_level/fold_03/seed_42/test_signed_attributions.npz,5344796,2ac3bc0acf5d359bd89915df1e573452b1f98dbfc6b6200284c7fdfc64768cf2
analysis_artifacts/xai/seed_level/fold_03/seed_43/provenance.json,4295,4e905a93021d94d6a4f623330846833acab9ba95e0f8c32aa1e829a7e4071813
analysis_artifacts/xai/seed_level/fold_03/seed_43/test_signed_attributions.npz,5341079,e8ff30ce0ce8637b5a3ba234975769e1dc5adcbfe4498de7a8b5e97d8c216f1d
analysis_artifacts/xai/seed_level/fold_03/seed_44/provenance.json,4296,6b918f62f9cc654aef80fbb4c20acf8263cd98900847d11f01ee75528816dc69
analysis_artifacts/xai/seed_level/fold_03/seed_44/test_signed_attributions.npz,5343751,b7e84f0d9db48e7df9d3f2953f7d7990bf2d8e317ccb4923be6410cfe02900cf
analysis_artifacts/xai/seed_level/fold_04/seed_42/provenance.json,4294,41d2d6bc4a451c164b1fb2098a31249067dd66633e8eb00d726a410c3003a96f
analysis_artifacts/xai/seed_level/fold_04/seed_42/test_signed_attributions.npz,5319172,74ae32954ba3d8f3bbe65f6a3bed2b2da3c4667abd6875ecb6bdfcfd681577ad
analysis_artifacts/xai/seed_level/fold_04/seed_43/provenance.json,4295,66a0b28daa57c631b3c668aa648de77dabc33592fe2b94221115069116d51036
analysis_artifacts/xai/seed_level/fold_04/seed_43/test_signed_attributions.npz,5390942,b9f9d7c44b22a4b25c9dbba31e3fc853f552eb06397f5061aeae6e638b3f98e1
analysis_artifacts/xai/seed_level/fold_04/seed_44/provenance.json,4295,ee40e928690f91afa9c5863a62b26ffe75bd7ae4703cc143fbcabfa6cb25164e
analysis_artifacts/xai/seed_level/fold_04/seed_44/test_signed_attributions.npz,5344053,75f8cc3679b0b9a70c35f5ba350875254b1b590da707b6a7d3f7a09e7196d6bc
analysis_artifacts/xai/seed_level/fold_05/seed_42/provenance.json,4295,0bac1a58d6b79ac5982c7899550bd24dec7e1e824e18d492fc7531aaeb152825
analysis_artifacts/xai/seed_level/fold_05/seed_42/test_signed_attributions.npz,5342334,203a11b794acb7d72f66008ab6f3e99008fb3479c047d0b45cdc4fe06dffd868
analysis_artifacts/xai/seed_level/fold_05/seed_43/provenance.json,4295,a2cf14335010a495077a91b25ab76b723b2c2ecf2a735569eb6664f99110c220
analysis_artifacts/xai/seed_level/fold_05/seed_43/test_signed_attributions.npz,5392448,95fa2a8dfbc779e9839adf633f6bff9487bdd8c15ea0a77f23b5cce4e74dc7ea
analysis_artifacts/xai/seed_level/fold_05/seed_44/provenance.json,4295,b10fd2a2d3bfeb71d6108b286766957b608bbd890a24d472b48782bdac57593a
analysis_artifacts/xai/seed_level/fold_05/seed_44/test_signed_attributions.npz,5374246,d1bb47c8e14279bdae873b1f8199e82b4131ef3a0b63ba2ad5cc6e5fe10d4ea9
analysis_artifacts/xai/seed_level/fold_06/seed_42/provenance.json,4295,6684769943049f3d3f4bcb83df8adb7437e254d4ecf94d8ea07622c17b7b31c3
analysis_artifacts/xai/seed_level/fold_06/seed_42/test_signed_attributions.npz,5401449,0380db42d3567547c2fb32862161d80a8bb773a8635d8dfa893f72fa8dab5ff6
analysis_artifacts/xai/seed_level/fold_06/seed_43/provenance.json,4295,b8eae499efa632deccc6a03e21956ad0d6dfdeffc62cf86d5b4b01c0a3276d6b
analysis_artifacts/xai/seed_level/fold_06/seed_43/test_signed_attributions.npz,5401492,4f5b853ff84435133db98e2994fb88078c97fac5e2e0219a954fbd3376b02d7d
analysis_artifacts/xai/seed_level/fold_06/seed_44/provenance.json,4295,a53b16839ccd7e6f0aaacac27702cc5ccede1f15a8fcae1689708d1e6baf7306
analysis_artifacts/xai/seed_level/fold_06/seed_44/test_signed_attributions.npz,5374278,8457a5bed3e16e70f21c2b4e5628585859c08b6bb32fa6e5a1ba0a325ef99ada
analysis_artifacts/xai/seed_level/fold_07/seed_42/provenance.json,4294,e0cb347a4290d5567f80f3fcfa0e02d03e3c3c660caf9f6d0663dd79141361a0
analysis_artifacts/xai/seed_level/fold_07/seed_42/test_signed_attributions.npz,5313560,269940e9ad71c1d6c3812dd37fe4813a63fa8f621798ee7a4064519d64a2b7f7
analysis_artifacts/xai/seed_level/fold_07/seed_43/provenance.json,4295,e6d4b8c97cef7cad7f188eb83978038d8fbe477c267dc1a345b67d64106e2bd6
analysis_artifacts/xai/seed_level/fold_07/seed_43/test_signed_attributions.npz,5367689,00cd5e5fb9b49312b865806505437e4aad1c3e7bf7faa7f86f3123b1d6697687
analysis_artifacts/xai/seed_level/fold_07/seed_44/provenance.json,4295,9dbe25f231adcbc00303518a26b03cbc30575aaf45b8f1765a64f4a7465d28d5
analysis_artifacts/xai/seed_level/fold_07/seed_44/test_signed_attributions.npz,5343087,fea9f6efef7dd1a90dabf9fc3610c407ef764ce4ab7bfcd26e052158143e3699
analysis_artifacts/xai/seed_level/fold_08/seed_42/provenance.json,4295,a35d2ae0af6ed3473ed9c2c2e6130298556bfcd79dfbe6243423f0bf2506c162
analysis_artifacts/xai/seed_level/fold_08/seed_42/test_signed_attributions.npz,3385876,d0cd8632f857db05fc940f0aa84a8b763d1577e4c3f39ab7642615e79bac95af
analysis_artifacts/xai/seed_level/fold_08/seed_43/provenance.json,4295,c55331f36150d694571c31f9ade90324320c28d3b8e0cf257c6bb8c6d9fab3d2
analysis_artifacts/xai/seed_level/fold_08/seed_43/test_signed_attributions.npz,3347192,f43eb83372ee73f33ef07d557d7b3856c80c9d1a84fe746949989ead6479e2b3
analysis_artifacts/xai/seed_level/fold_08/seed_44/provenance.json,4295,c1cd878a15d85e10babc2787abb273c5bc277bed26b6b8a565799fd58df5b69c
analysis_artifacts/xai/seed_level/fold_08/seed_44/test_signed_attributions.npz,3396891,bf0d033a4f65f6184e871a1b44083215d9f7f4d179b5160501a76ac1547ca559
analysis_artifacts/xai/seed_level/fold_09/seed_42/provenance.json,4295,6e2848bc2c7e69913e2ba024b434edf648333f66d522b277ecfef9c1f303241d
analysis_artifacts/xai/seed_level/fold_09/seed_42/test_signed_attributions.npz,3337456,62406c7168679cab874f6fcc23c69d6b82cc1c30c7aea087735825ea77726ea9
analysis_artifacts/xai/seed_level/fold_09/seed_43/provenance.json,4295,3ccc204992dfbe3390d6e1ea7aeb1ff4eca7cef01d770c52c1222c9ed304362b
analysis_artifacts/xai/seed_level/fold_09/seed_43/test_signed_attributions.npz,3337601,2d70a03aec0495d84d2e81764eafa674c82949da3819ab91d7f9bf47e2d8cc12
analysis_artifacts/xai/seed_level/fold_09/seed_44/provenance.json,4295,056dcbab1eb9239fe549587ad5afb070bb8b0110063242fb7af92518cc9f8bef
analysis_artifacts/xai/seed_level/fold_09/seed_44/test_signed_attributions.npz,3353858,b47c2081fe998e71ad913c786af9422bfa50183aaf6c16e565c485339840a2b8
analysis_artifacts/xai/subject_level/oof_subject_signed_attributions.npz,59738975,0735548d69f945fdf54870ecf7788902b843d534eb6f8f21867543777cd5bc1b
analysis_artifacts/xai/subject_level/subject_attribution_index.csv,189800,5ca849f9777ae9cef17405eecd1694e6427d94c54bdaf13af77674549be6bfbc
analysis_artifacts/xai/subject_level/subject_level_manifest.json,2606,9d9b824e76d0dcf9830ffd187c5603edbde9022f73afae864fdf1b60528c03ff
analysis_artifacts/xai/xai_lineage_audit.json,148745,c7e7ffd610d3ec75f5ce893f5c82366ab8db8b177c8235b624dfcd63df7f0334
