feature_index_zero_based,gxi_mean_absolute,ig_mean_absolute,gxi_rank_ascending,ig_rank_ascending,common_structural_zero
0,2.13695966522e-05,3.36990851793e-05,1237,1426,False
1,2.1235387976e-05,3.32113449986e-05,1197,1362,False
2,1.8366785298e-05,3.24988905049e-05,344,1282,False
3,1.73978078237e-05,2.24129944399e-05,157,33,False
4,3.15104989568e-05,4.54022228951e-05,2759,2754,False
5,2.22545222641e-05,3.11548828904e-05,1462,1131,False
6,2.51328528975e-05,4.16161674366e-05,2034,2476,False
7,2.2564396204e-05,3.6302011722e-05,1545,1735,False
8,3.04956593027e-05,4.43633216491e-05,2701,2714,False
9,1.92919396795e-05,2.55994000327e-05,607,353,False
10,2.55835930147e-05,3.64390580216e-05,2110,1750,False
11,2.16539865505e-05,2.819020483e-05,1309,776,False
12,3.02631888189e-05,4.09430322179e-05,2684,2387,False
13,3.87862492062e-05,6.42654413241e-05,2972,2970,False
14,2.06060358323e-05,3.00521696772e-05,1008,992,False
15,1.92046136362e-05,3.20009967254e-05,583,1227,False
16,2.22302405746e-05,3.94442940888e-05,1452,2157,False
17,1.83503634616e-05,3.3099182474e-05,336,1347,False
18,1.81856266863e-05,2.48004980676e-05,305,231,False
19,3.39755279128e-05,4.79996124341e-05,2864,2800,False
20,2.02103437914e-05,2.94335877697e-05,906,928,False
21,2.51639758062e-05,3.94795388274e-05,2038,2164,False
22,2.36656105699e-05,3.94184862671e-05,1780,2153,False
23,2.4734179533e-05,3.92054425902e-05,1970,2127,False
24,1.84981472557e-05,2.46473991865e-05,383,214,False
25,2.62189660134e-05,3.88480038964e-05,2206,2062,False
26,1.99880596483e-05,2.61944969679e-05,827,454,False
27,2.65325325017e-05,4.12770168623e-05,2253,2436,False
28,3.49127949448e-05,6.15744866082e-05,2892,2939,False
29,1.81422656169e-05,2.91648757411e-05,299,895,False
30,1.83040392585e-05,2.75357178907e-05,326,694,False
31,1.97394674615e-05,2.94164437946e-05,740,925,False
32,1.740343032e-05,3.28000060108e-05,159,1313,False
33,1.8604368961e-05,2.65750877588e-05,416,529,False
34,2.85861970042e-05,4.20626602136e-05,2555,2525,False
35,1.91629533219e-05,2.90387561108e-05,565,875,False
36,2.49092809099e-05,4.37257003796e-05,1998,2669,False
37,2.43820159085e-05,3.98817865062e-05,1901,2230,False
38,2.46529125434e-05,4.18072304456e-05,1958,2503,False
39,2.37109288719e-05,3.09204842779e-05,1788,1107,False
40,2.60947690549e-05,3.87435793527e-05,2184,2051,False
41,1.97469016712e-05,2.62769608526e-05,747,471,False
42,2.33765476878e-05,3.67905122403e-05,1722,1797,False
43,3.86911160604e-05,6.41388905933e-05,2971,2969,False
44,1.82598487299e-05,2.93000884994e-05,319,913,False
45,2.36262076214e-05,3.80514466087e-05,1772,1945,False
46,2.61339391727e-05,3.91016510548e-05,2193,2107,False
47,1.83976935659e-05,3.35123040713e-05,352,1397,False
48,1.91531835299e-05,2.38597858697e-05,563,117,False
49,2.72740908258e-05,3.86645842809e-05,2389,2035,False
50,1.90681421373e-05,2.71273092949e-05,544,632,False
51,2.87592138193e-05,4.38000715803e-05,2570,2678,False
52,2.43590566242e-05,3.89693195757e-05,1897,2085,False
53,2.32327511185e-05,3.71642927348e-05,1700,1837,False
54,1.77609799721e-05,2.15162726818e-05,217,16,False
55,3.10098366754e-05,4.25412508775e-05,2738,2581,False
56,1.92218813027e-05,2.43924696406e-05,588,183,False
57,2.35959505517e-05,3.5052664316e-05,1761,1586,False
58,3.86191786674e-05,6.2281927967e-05,2970,2948,False
59,1.8186365196e-05,2.65022408712e-05,306,515,False
60,1.88007979887e-05,2.8311402275e-05,468,791,False
61,1.86940724234e-05,3.02171065414e-05,441,1006,False
62,1.98662146431e-05,3.37284182024e-05,792,1428,False
63,2.09445479413e-05,2.68018484348e-05,1122,569,False
64,3.28627793351e-05,4.75912092952e-05,2821,2795,False
65,2.36573832808e-05,3.03783381241e-05,1778,1027,False
66,2.85031128442e-05,4.34211287939e-05,2541,2647,False
67,2.12704853766e-05,3.54250296368e-05,1207,1630,False
68,2.53172238445e-05,4.23760175181e-05,2064,2564,False
69,1.99553960556e-05,2.69217271125e-05,815,603,False
70,2.83075096377e-05,4.12535737269e-05,2508,2433,False
71,2.20066103793e-05,2.88808932964e-05,1395,863,False
72,1.9625746063e-05,2.90584957838e-05,701,881,False
73,3.36049197358e-05,5.59081963729e-05,2856,2840,False
74,1.94186904992e-05,3.09962488245e-05,639,1114,False
75,2.10959315154e-05,3.27719790221e-05,1161,1310,False
76,2.43428821705e-05,3.63260223821e-05,1895,1737,False
77,2.17751276068e-05,3.86262254324e-05,1339,2031,False
78,2.01048515009e-05,2.62279227172e-05,860,459,False
79,3.05553294311e-05,4.26048754889e-05,2709,2587,False
80,1.75115146703e-05,2.68516450888e-05,176,586,False
81,2.9889995858e-05,4.54059118056e-05,2659,2755,False
82,2.24237264774e-05,3.70747620764e-05,1505,1824,False
83,2.1776635549e-05,3.54091098416e-05,1341,1629,False
84,1.82574258361e-05,2.52343052125e-05,318,300,False
85,2.5457209631e-05,3.67156389984e-05,2088,1787,False
86,1.78115878953e-05,2.46552444878e-05,227,215,False
87,2.68414623861e-05,3.77853648388e-05,2305,1920,False
88,3.52269198629e-05,5.98363149038e-05,2900,2914,False
89,1.88404846995e-05,2.74339090538e-05,477,672,False
90,2.21045538638e-05,3.43520550814e-05,1419,1508,False
91,2.36044652411e-05,3.49718720827e-05,1762,1579,False
92,1.74898996192e-05,3.14521857945e-05,170,1163,False
93,1.69057038875e-05,2.25858566409e-05,89,41,False
94,2.85312780761e-05,3.98055453843e-05,2547,2217,False
95,1.9914814402e-05,2.74575850199e-05,807,677,False
96,2.45160172199e-05,3.96302348236e-05,1936,2181,False
97,2.48811647907e-05,3.95996612497e-05,1994,2177,False
98,2.53470116149e-05,4.15278809669e-05,2068,2463,False
99,2.0636309273e-05,2.84122143057e-05,1017,809,False
100,2.95082045341e-05,4.14509413531e-05,2625,2451,False
101,2.20448146138e-05,2.72313718597e-05,1404,646,False
102,2.54561509792e-05,3.60231970262e-05,2087,1691,False
103,3.73517286789e-05,6.57076234347e-05,2954,2984,False
104,1.70930434251e-05,2.62863068201e-05,120,474,False
105,2.24263640121e-05,3.30540715368e-05,1506,1344,False
106,2.27397285926e-05,3.37574092555e-05,1578,1434,False
107,1.93816085812e-05,3.49602305505e-05,628,1578,False
108,2.04470616154e-05,2.74939920928e-05,967,686,False
109,2.99940802506e-05,4.10423199355e-05,2665,2405,False
110,2.04552361538e-05,3.04598252114e-05,970,1040,False
111,2.40517420025e-05,3.97111361963e-05,1850,2193,False
112,2.36658142967e-05,3.66812782886e-05,1781,1783,False
113,2.09616828215e-05,3.44305153703e-05,1127,1517,False
114,2.01467992156e-05,2.58603085967e-05,883,396,False
115,3.27413217747e-05,4.4172811613e-05,2814,2696,False
116,2.00594950002e-05,2.49378008448e-05,849,255,False
117,2.81753091258e-05,4.09790227422e-05,2495,2390,False
118,3.41753948305e-05,5.73571451241e-05,2869,2863,False
119,1.95439188246e-05,2.70580731012e-05,678,626,False
120,2.29631095863e-05,3.35613076459e-05,1640,1401,False
121,2.21587870328e-05,3.35142685799e-05,1436,1398,False
122,1.94664280571e-05,3.11641597364e-05,654,1132,False
123,1.68296683114e-05,2.23913884838e-05,81,32,False
124,2.81688571704e-05,3.83816222893e-05,2493,1997,False
125,2.03610143217e-05,2.67911691481e-05,945,565,False
126,2.50636421697e-05,3.90839741158e-05,2025,2106,False
127,2.31596513913e-05,3.48698704329e-05,1686,1568,False
128,2.28150984185e-05,3.47522181983e-05,1596,1555,False
129,2.07925622817e-05,2.72748457064e-05,1070,654,False
130,2.49836193689e-05,3.28023415932e-05,2012,1314,False
131,1.85568860616e-05,2.24721552513e-05,403,36,False
132,2.19878238568e-05,3.16629666486e-05,1385,1189,False
133,3.99511918658e-05,6.25957618468e-05,2994,2953,False
134,1.82110143214e-05,2.66935567197e-05,309,548,False
135,1.87920522876e-05,2.83295721601e-05,464,796,False
136,2.19396297325e-05,3.22780797433e-05,1378,1255,False
137,1.87421373994e-05,3.05638386635e-05,450,1053,False
138,1.60348572535e-05,2.23250008275e-05,22,30,False
139,2.9589584301e-05,3.89645574614e-05,2633,2084,False
140,2.5196448405e-05,3.35431432177e-05,2043,1400,False
141,2.4796996513e-05,3.99865893996e-05,1984,2249,False
142,2.27003947657e-05,3.71284841094e-05,1571,1831,False
143,2.40318258875e-05,3.61236707249e-05,1845,1708,False
144,2.20852671191e-05,2.88265164272e-05,1415,858,False
145,2.78688276012e-05,4.05081918871e-05,2460,2335,False
146,1.91972594621e-05,2.40868157562e-05,579,139,False
147,2.65840390057e-05,3.91373869206e-05,2263,2115,False
148,3.32783420163e-05,5.59824038646e-05,2839,2841,False
149,1.95058219106e-05,2.79735140793e-05,666,751,False
150,2.12080358324e-05,3.27377529175e-05,1191,1305,False
151,2.37820295297e-05,3.82323487429e-05,1808,1969,False
152,2.00381928153e-05,3.43848587363e-05,841,1513,False
153,2.21964146476e-05,3.00282263197e-05,1442,989,False
154,3.33213247359e-05,4.76165914733e-05,2844,2797,False
155,1.96387318283e-05,2.86658014375e-05,706,840,False
156,2.56910843746e-05,4.20501746703e-05,2125,2524,False
157,2.19153534999e-05,3.4906584915e-05,1365,1572,False
158,2.60887591139e-05,4.00581302529e-05,2183,2266,False
159,1.64562807186e-05,2.08350720641e-05,47,10,False
160,2.85446731141e-05,4.00576682296e-05,2551,2265,False
161,2.22034996114e-05,2.72990473604e-05,1445,656,False
162,2.7301530281e-05,3.97255789721e-05,2393,2197,False
163,3.31798073603e-05,5.88570910622e-05,2835,2893,False
164,1.73741464096e-05,2.64973732556e-05,152,513,False
165,2.09897316381e-05,3.21323714161e-05,1133,1240,False
166,2.2747719413e-05,3.19446917274e-05,1579,1217,False
167,1.83201045729e-05,3.24232241837e-05,329,1271,False
168,2.26370320888e-05,2.92166569125e-05,1558,902,False
169,3.13710079354e-05,4.59144102933e-05,2756,2769,False
170,1.90197370102e-05,2.60679225903e-05,531,430,False
171,2.73782243312e-05,4.17970913986e-05,2408,2502,False
172,2.31347112276e-05,3.73441871488e-05,1676,1854,False
173,2.69713164016e-05,4.02934674639e-05,2328,2297,False
174,2.01423099497e-05,2.6871179216e-05,882,592,False
175,2.38694174186e-05,3.45016815118e-05,1817,1528,False
176,1.73992084456e-05,2.20953916141e-05,158,24,False
177,2.4449911507e-05,3.5533314076e-05,1922,1645,False
178,3.4404998587e-05,5.88827679167e-05,2878,2894,False
179,1.7991358618e-05,2.65849994321e-05,266,531,False
180,2.01213952096e-05,3.29458234773e-05,871,1332,False
181,2.23225579248e-05,3.27376365021e-05,1477,1304,False
182,1.8789074602e-05,3.39901234838e-05,463,1461,False
183,2.00238755497e-05,2.70445179922e-05,838,625,False
184,2.85349487967e-05,4.30890213465e-05,2548,2624,False
185,1.88848625839e-05,2.77288127108e-05,493,722,False
186,2.72262332146e-05,4.52518361271e-05,2371,2750,False
187,2.49397762673e-05,3.90773420804e-05,2003,2103,False
188,1.94653275685e-05,3.14403587254e-05,653,1162,False
189,2.04724601645e-05,2.74583617283e-05,977,679,False
190,2.64231002802e-05,3.77861033485e-05,2239,1921,False
191,2.15644158743e-05,2.68392541329e-05,1281,581,False
192,2.45884602919e-05,3.6840501707e-05,1949,1802,False
193,3.56609816663e-05,6.43182283966e-05,2914,2971,False
194,1.73295647983e-05,2.65658691205e-05,145,525,False
195,2.05462856684e-05,3.16342484439e-05,995,1184,False
196,2.32579477597e-05,3.80972123821e-05,1703,1951,False
197,1.84644686669e-05,3.28191454173e-05,375,1316,False
198,1.85930057341e-05,2.62586581812e-05,412,466,False
199,2.89217005047e-05,4.21477488999e-05,2581,2539,False
200,2.06171825994e-05,2.98657541862e-05,1010,970,False
201,2.35581501329e-05,4.04973543482e-05,1753,2331,False
202,2.40356075665e-05,3.79282864742e-05,1846,1933,False
203,2.51540950558e-05,3.90070563299e-05,2036,2095,False
204,2.06410513783e-05,2.71874523605e-05,1020,644,False
205,2.47296593443e-05,3.52977731382e-05,1969,1616,False
206,1.9179589799e-05,2.4264165404e-05,569,159,False
207,2.7789043088e-05,4.30227883044e-05,2450,2620,False
208,3.85215062124e-05,6.37617267785e-05,2969,2964,False
209,1.71537012648e-05,2.93691336992e-05,128,917,False
210,2.08123437915e-05,3.04690711346e-05,1078,1044,False
211,2.25296789722e-05,3.3823071135e-05,1534,1439,False
212,1.70222574525e-05,2.95997979265e-05,111,942,False
213,1.9519819034e-05,2.47032312473e-05,671,220,False
214,3.04361601593e-05,4.42755663244e-05,2691,2707,False
215,1.97645676963e-05,2.67425875791e-05,756,557,False
216,2.67439008894e-05,4.31261505582e-05,2290,2629,False
217,2.3144595616e-05,3.76341668016e-05,1681,1904,False
218,2.28166591114e-05,3.8256017433e-05,1597,1974,False
219,1.78132049768e-05,2.39739274548e-05,228,127,False
220,2.96023372357e-05,4.22342563979e-05,2635,2549,False
221,1.81331633939e-05,2.46142935794e-05,296,212,False
222,2.41899451794e-05,3.46820452251e-05,1872,1547,False
223,3.46059459844e-05,5.55326769245e-05,2886,2835,False
224,1.80651022674e-05,2.61382447206e-05,282,441,False
225,2.28440330829e-05,3.51153794327e-05,1611,1594,False
226,2.34605249716e-05,3.51069757016e-05,1734,1593,False
227,1.94024523807e-05,3.31733863277e-05,633,1357,False
228,1.94741624e-05,2.6874606192e-05,657,594,False
229,2.89412619168e-05,3.99628552259e-05,2583,2241,False
230,2.23520237341e-05,2.86259491986e-05,1483,834,False
231,2.65964681603e-05,4.20946234954e-05,2267,2528,False
232,2.3507838705e-05,3.85144558095e-05,1746,2021,False
233,2.65846010734e-05,4.18393028667e-05,2265,2509,False
234,2.0739817046e-05,2.60143933701e-05,1054,417,False
235,3.04211989715e-05,4.20372198278e-05,2689,2522,False
236,1.85131084436e-05,2.45199535129e-05,389,197,False
237,2.44884486165e-05,3.63609033229e-05,1931,1743,False
238,3.69325643987e-05,6.03717999184e-05,2943,2924,False
239,2.06434742722e-05,2.99819184875e-05,1023,986,False
240,2.11200822378e-05,3.2219581044e-05,1169,1250,False
241,2.2002026526e-05,3.39088765031e-05,1391,1446,False
242,1.81440282176e-05,3.15849501931e-05,300,1176,False
243,2.15668496821e-05,2.96428679576e-05,1282,952,False
244,2.75035854429e-05,3.94115668314e-05,2421,2152,False
245,2.13000766962e-05,3.0174769563e-05,1216,1004,False
246,2.49781896855e-05,4.04908132623e-05,2011,2328,False
247,2.43840167968e-05,3.97733492719e-05,1902,2204,False
248,2.11031401705e-05,3.35971344612e-05,1165,1406,False
249,2.14265583054e-05,2.89341423922e-05,1247,866,False
250,2.71416665782e-05,3.81802237825e-05,2358,1959,False
251,1.85049066204e-05,2.43962276727e-05,386,184,False
252,2.6926107239e-05,4.06525578001e-05,2316,2358,False
253,3.75530034944e-05,6.20257269475e-05,2957,2943,False
254,1.69527847902e-05,2.75821294053e-05,97,704,False
255,2.0401304937e-05,3.02276785078e-05,955,1009,False
256,2.09205445572e-05,3.07376212731e-05,1112,1078,False
257,1.77938327397e-05,3.17175727105e-05,225,1197,False
258,1.91547987924e-05,2.55295071838e-05,564,345,False
259,2.83470908471e-05,4.02576224587e-05,2518,2290,False
260,2.04823645618e-05,2.74150843325e-05,982,669,False
261,2.71816443274e-05,4.2306164687e-05,2366,2558,False
262,2.57393530774e-05,4.18382878706e-05,2135,2508,False
263,2.2511694624e-05,3.74283808924e-05,1528,1872,False
264,2.00491231226e-05,2.65695543931e-05,846,527,False
265,2.81866432488e-05,3.93036825699e-05,2496,2135,False
266,2.01990296773e-05,2.68440835498e-05,904,582,False
267,2.49917702604e-05,3.82075595553e-05,2016,1964,False
268,3.51435519406e-05,6.06496469118e-05,2898,2929,False
269,1.57367121574e-05,2.49322274612e-05,16,254,False
270,1.86551151273e-05,2.8017006116e-05,433,755,False
271,1.95692100533e-05,2.94015189866e-05,688,923,False
272,1.67584785231e-05,3.18288548442e-05,73,1208,False
273,1.64594257512e-05,2.32996972045e-05,48,81,False
274,2.9782011552e-05,4.42031705461e-05,2648,2701,False
275,1.95482443814e-05,2.79797786789e-05,681,753,False
276,2.44278035098e-05,4.31178632425e-05,1914,2627,False
277,2.45175615419e-05,3.9244954678e-05,1937,2129,False
278,2.49448476097e-05,4.27941849921e-05,2004,2604,False
279,2.03280651476e-05,2.69944011961e-05,933,614,False
280,2.74795747828e-05,4.14959249611e-05,2416,2459,False
281,1.96605069505e-05,2.5937692044e-05,718,407,False
282,2.3622680601e-05,3.62261926057e-05,1769,1723,False
283,3.69101799151e-05,6.35122996755e-05,2942,2962,False
284,1.93373634829e-05,3.20980689139e-05,620,1235,False
285,2.06633285416e-05,3.23873719026e-05,1027,1269,False
286,2.23267852562e-05,3.54997355316e-05,1478,1642,False
287,2.04692860279e-05,3.63020553777e-05,976,1736,False
288,1.80527731573e-05,2.31197809626e-05,278,69,False
289,2.83724912151e-05,4.05465216318e-05,2520,2340,False
290,2.16809166886e-05,2.95881218335e-05,1318,941,False
291,2.73776713584e-05,4.49578510597e-05,2407,2741,False
292,2.45969713433e-05,3.94104790757e-05,1952,2151,False
293,2.14360115933e-05,3.63552790077e-05,1250,1742,False
294,2.12672312045e-05,2.6645961043e-05,1205,538,False
295,2.92799359158e-05,4.09642125305e-05,2612,2388,False
296,2.21439786401e-05,2.72104207397e-05,1431,645,False
297,2.27609962167e-05,3.39252546837e-05,1585,1448,False
298,3.63613871741e-05,6.20853461442e-05,2933,2946,False
299,1.9452014385e-05,2.8631897294e-05,649,835,False
300,2.10730777326e-05,3.32953677571e-05,1151,1370,False
301,2.36155738094e-05,3.535615906e-05,1767,1623,False
302,2.45878618443e-05,4.05441642215e-05,1947,2339,False
303,1.75482018676e-05,2.3436592528e-05,185,89,False
304,2.84829711745e-05,3.83410006179e-05,2537,1987,False
305,2.01140082936e-05,2.94843921438e-05,866,934,False
306,2.66984006885e-05,4.31236949225e-05,2279,2628,False
307,2.33633236348e-05,3.75041927327e-05,1719,1880,False
308,2.26341744565e-05,3.51582166331e-05,1555,1602,False
309,1.96466080524e-05,2.62289613602e-05,711,460,False
310,2.69408974418e-05,3.60514641216e-05,2318,1697,False
311,1.97474128072e-05,2.34817798628e-05,748,91,False
312,2.98855338769e-05,4.28807688877e-05,2658,2611,False
313,3.15950492222e-05,5.39628927072e-05,2765,2815,False
314,1.70032471942e-05,2.60132510448e-05,103,416,False
315,2.01659877348e-05,2.9718501537e-05,895,958,False
316,2.10911057366e-05,3.13149539579e-05,1159,1147,False
317,1.7977632524e-05,3.14934404742e-05,261,1168,False
318,2.15601485252e-05,2.79137384496e-05,1280,747,False
319,3.2103544072e-05,4.70354279969e-05,2785,2787,False
320,2.09070858546e-05,2.82264136331e-05,1108,779,False
321,2.63392121269e-05,4.45506957476e-05,2227,2723,False
322,2.8022843253e-05,4.42370474047e-05,2475,2703,False
323,2.537326327e-05,4.36232876382e-05,2071,2662,False
324,1.92028364836e-05,2.69986994681e-05,582,616,False
325,2.93884349958e-05,4.21219010605e-05,2618,2533,False
326,2.34813323914e-05,2.97019832942e-05,1739,956,False
327,2.35362040257e-05,3.43094179698e-05,1751,1503,False
328,3.21051920764e-05,5.70463234908e-05,2786,2853,False
329,2.0242177925e-05,3.1744952139e-05,913,1200,False
330,2.20579622692e-05,3.42688217643e-05,1406,1499,False
331,2.2357189664e-05,3.35793956765e-05,1487,1403,False
332,2.19419980567e-05,3.70918751287e-05,1379,1825,False
333,2.19582834688e-05,2.84453799395e-05,1381,815,False
334,2.68438525381e-05,4.04243692174e-05,2307,2318,False
335,1.76508274308e-05,2.41731177084e-05,199,147,False
336,2.37239328271e-05,3.86957799492e-05,1790,2041,False
337,2.13206949411e-05,3.59406840289e-05,1228,1685,False
338,2.30301411648e-05,3.66670574294e-05,1655,1780,False
339,1.93785708689e-05,2.52550889854e-05,627,304,False
340,2.70935070148e-05,3.8687914639e-05,2344,2040,False
341,2.25813273573e-05,2.86239464913e-05,1548,833,False
342,2.64968475676e-05,3.69181179849e-05,2250,1811,False
343,3.45092594216e-05,5.86596106587e-05,2882,2890,False
344,1.66411246028e-05,2.52084046224e-05,60,295,False
345,2.45010069193e-05,3.82155340048e-05,1932,1967,False
346,2.42738842644e-05,3.76075040549e-05,1885,1900,False
347,1.88762824109e-05,3.33654897986e-05,491,1380,False
348,1.98768539121e-05,2.78751522274e-05,797,744,False
349,3.02449934679e-05,4.13074812968e-05,2682,2439,False
350,1.84169311979e-05,2.55040158663e-05,359,342,False
351,2.8261270927e-05,4.39054383605e-05,2500,2684,False
352,2.47587067861e-05,3.83863007301e-05,1974,1999,False
353,2.06023032661e-05,3.51616945409e-05,1006,1603,False
354,1.75085697265e-05,2.31444701058e-05,174,70,False
355,3.21883817378e-05,4.53475695394e-05,2790,2751,False
356,2.01987568289e-05,2.63484853349e-05,903,488,False
357,2.76356640825e-05,4.10348111473e-05,2435,2402,False
358,3.72413924197e-05,6.36467666482e-05,2951,2963,False
359,1.89817819773e-05,2.81395969068e-05,520,768,False
360,2.16724929487e-05,3.30847105943e-05,1315,1346,False
361,2.29193246923e-05,3.41558079526e-05,1627,1482,False
362,1.92200750462e-05,3.36713637807e-05,587,1422,False
363,2.04393109016e-05,2.57800238614e-05,966,384,False
364,3.05984794977e-05,4.28157873102e-05,2715,2606,False
365,1.95417305804e-05,2.77150902548e-05,676,717,False
366,2.37520362134e-05,3.88810258301e-05,1796,2068,False
367,2.686894004e-05,4.18950257881e-05,2310,2512,False
368,2.42726509896e-05,3.92853762605e-05,1884,2134,False
369,1.82463318197e-05,2.3923079425e-05,316,120,False
370,2.58892559941e-05,3.61426427844e-05,2156,1712,False
371,2.29705110542e-05,2.71607786999e-05,1641,639,False
372,2.53513826465e-05,3.6794506741e-05,2069,1798,False
373,3.67410029867e-05,5.95205274294e-05,2940,2910,False
374,1.73484477273e-05,2.67713112407e-05,149,562,False
375,2.37698332057e-05,3.62525497621e-05,1801,1729,False
376,2.3779739422e-05,3.58447505278e-05,1805,1677,False
377,1.78296886588e-05,3.11674375553e-05,231,1133,False
378,1.87262121472e-05,2.43166250584e-05,448,168,False
379,2.82591900032e-05,4.03669691877e-05,2499,2305,False
380,2.04623647733e-05,2.83174740616e-05,972,793,False
381,2.45429837378e-05,4.06639665016e-05,1942,2360,False
382,2.30348032346e-05,3.820400525e-05,1657,1961,False
383,2.65924718406e-05,4.16992224928e-05,2266,2485,False
384,2.17719589273e-05,2.85168498522e-05,1338,820,False
385,2.66459246632e-05,3.88119187846e-05,2275,2057,False
386,2.25289113587e-05,2.78403458651e-05,1533,737,False
387,2.68408948614e-05,3.87397485611e-05,2304,2050,False
388,3.19523751386e-05,5.45174698345e-05,2778,2821,False
389,1.96051078092e-05,2.98757568089e-05,698,971,False
390,2.31065423577e-05,3.43802166753e-05,1670,1512,False
391,2.34368471865e-05,3.64152874681e-05,1730,1746,False
392,1.83277334145e-05,3.10054565489e-05,330,1115,False
393,1.63288059412e-05,2.223806041e-05,37,26,False
394,3.61343154509e-05,4.83224539494e-05,2928,2801,False
395,1.98782690859e-05,2.83208737528e-05,798,794,False
396,2.6324782084e-05,4.07047409681e-05,2225,2365,False
397,2.30507703236e-05,3.60500816896e-05,1660,1696,False
398,2.61262030108e-05,3.91310641135e-05,2190,2113,False
399,2.01644470508e-05,2.60665219685e-05,894,429,False
400,2.6566654924e-05,3.66253661923e-05,2260,1770,False
401,1.86503912118e-05,2.19731628022e-05,431,22,False
402,2.31465310208e-05,3.35986442224e-05,1682,1407,False
403,3.92841830035e-05,6.20588398306e-05,2983,2945,False
404,1.68259139173e-05,2.42680143856e-05,80,163,False
405,2.0166635295e-05,3.19708633469e-05,896,1221,False
406,2.30980931519e-05,3.62479950127e-05,1667,1727,False
407,2.39879373112e-05,4.04602069466e-05,1838,2323,False
408,1.94179192476e-05,2.68005642283e-05,638,568,False
409,2.83242388832e-05,4.02878868044e-05,2511,2296,False
410,2.16283387999e-05,3.09376664518e-05,1299,1109,False
411,2.45946266659e-05,3.72829672415e-05,1951,1850,False
412,2.48719406954e-05,3.73264010705e-05,1993,1852,False
413,2.26708834816e-05,3.51688177034e-05,1566,1604,False
414,2.01475995709e-05,2.44973252848e-05,885,195,False
415,3.04512723233e-05,3.99115488108e-05,2694,2234,False
416,2.2155330953e-05,2.71657845587e-05,1435,642,False
417,2.71007684205e-05,3.99953823944e-05,2345,2254,False
418,3.28723363054e-05,5.53607897018e-05,2822,2832,False
419,1.78831069206e-05,2.50353295996e-05,239,271,False
420,2.25384483201e-05,3.23136882798e-05,1537,1258,False
421,2.25397634495e-05,3.10695795633e-05,1539,1124,False
422,2.07175471587e-05,3.62860300811e-05,1045,1732,False
423,1.83609718079e-05,2.43661525019e-05,342,178,False
424,3.04855675495e-05,4.0487255319e-05,2700,2327,False
425,1.77690380951e-05,2.42885180342e-05,219,164,False
426,2.51723158726e-05,4.06053732149e-05,2040,2350,False
427,2.49637869274e-05,3.9284615923e-05,2007,2132,False
428,2.3345444788e-05,3.63456565537e-05,1715,1740,False
429,2.18499953917e-05,2.71644348686e-05,1353,640,False
430,3.20943909173e-05,4.26341757702e-05,2784,2590,False
431,2.17527631321e-05,2.74773665296e-05,1334,681,False
432,2.44488510361e-05,3.46109300153e-05,1920,1540,False
433,3.48524117726e-05,5.68362083868e-05,2891,2849,False
434,1.91946110135e-05,2.91764317808e-05,576,898,False
435,2.34425806411e-05,3.30380826199e-05,1731,1343,False
436,2.37568820012e-05,3.30093680532e-05,1798,1337,False
437,2.36892374232e-05,3.79943958251e-05,1785,1938,False
438,2.00655194931e-05,2.61858695012e-05,852,451,False
439,3.31685987476e-05,4.16912116634e-05,2834,2484,False
440,2.09423506021e-05,2.77556118817e-05,1121,725,False
441,2.01844177354e-05,2.85980531771e-05,900,826,False
442,2.28231729125e-05,3.36917764798e-05,1601,1425,False
443,2.08098099392e-05,3.08747366944e-05,1075,1102,False
444,1.74246888491e-05,2.1264228053e-05,161,13,False
445,2.28383723879e-05,2.94651981676e-05,1610,932,False
446,1.60372565006e-05,1.83352312888e-05,23,3,False
447,1.66470636032e-05,2.30890072999e-05,61,67,False
448,3.35496333719e-05,5.32202393515e-05,2851,2809,False
449,1.87530422409e-05,2.71475000773e-05,453,637,False
450,2.16460466618e-05,3.53272116627e-05,1306,1621,False
451,2.06950771826e-05,3.2661268051e-05,1038,1296,False
452,1.84461950994e-05,3.25274813804e-05,368,1285,False
453,1.93850373762e-05,2.40128119913e-05,630,132,False
454,2.6571802664e-05,3.73572620447e-05,2262,1859,False
455,1.91796825675e-05,2.72531542578e-05,570,651,False
456,2.65349681285e-05,4.49866747658e-05,2254,2743,False
457,2.17672586587e-05,3.62042046618e-05,1336,1718,False
458,2.15063719224e-05,3.45487133018e-05,1263,1534,False
459,2.05706328416e-05,2.78803381661e-05,1003,745,False
460,2.71354383585e-05,4.11646142311e-05,2357,2423,False
461,1.70177827385e-05,2.30846708291e-05,109,66,False
462,2.74327685474e-05,4.03273261327e-05,2412,2300,False
463,3.56146301783e-05,6.19491547695e-05,2910,2941,False
464,1.96340824914e-05,3.04005625367e-05,704,1030,False
465,2.14663832594e-05,3.28919704771e-05,1252,1324,False
466,2.1601548724e-05,3.44986656273e-05,1292,1527,False
467,2.03391464311e-05,3.35705262842e-05,935,1402,False
468,1.97313638637e-05,2.6816243917e-05,736,576,False
469,2.95232621284e-05,4.13974230469e-05,2626,2448,False
470,1.87766654562e-05,2.67945852102e-05,458,566,False
471,2.54768219747e-05,3.83352235076e-05,2094,1986,False
472,2.25047697313e-05,3.47569985024e-05,1526,1557,False
473,2.68422591034e-05,4.05263708672e-05,2306,2336,False
474,2.07785906241e-05,2.72624165518e-05,1066,652,False
475,2.49687473115e-05,3.51221824531e-05,2008,1596,False
476,1.75607710844e-05,2.12169907172e-05,187,12,False
477,2.48841806751e-05,3.53603682015e-05,1995,1624,False
478,3.49513029505e-05,5.77061146032e-05,2895,2867,False
479,1.54771933012e-05,2.42376736423e-05,11,153,False
480,2.10842135857e-05,3.36495395459e-05,1157,1417,False
481,2.20670553972e-05,3.44947366102e-05,1410,1525,False
482,1.89820020751e-05,3.37453784596e-05,521,1431,False
483,1.95140564756e-05,2.64699683612e-05,669,508,False
484,2.86724171019e-05,4.07875049859e-05,2560,2374,False
485,2.28777353186e-05,3.05914545606e-05,1615,1058,False
486,2.74995509244e-05,4.3305914005e-05,2419,2639,False
487,2.6110366889e-05,4.15091890318e-05,2186,2461,False
488,2.28326243814e-05,3.73519033019e-05,1604,1855,False
489,1.88535304915e-05,2.46118488576e-05,482,209,False
490,2.95751397061e-05,4.30260224675e-05,2632,2621,False
491,1.92451061594e-05,2.43577924266e-05,595,176,False
492,2.64265945589e-05,3.85613057006e-05,2240,2025,False
493,4.06484978157e-05,6.72157621011e-05,2996,2994,False
494,1.93320138351e-05,2.9558852475e-05,619,937,False
495,2.40263216256e-05,3.60831254511e-05,1844,1701,False
496,2.320468775e-05,3.62501850759e-05,1698,1728,False
497,1.9967679691e-05,3.53995492333e-05,819,1628,False
498,1.98312627617e-05,2.8129446946e-05,784,766,False
499,2.65213438979e-05,3.74355513486e-05,2252,1874,False
500,2.10237685678e-05,2.71289227385e-05,1141,635,False
501,2.39927885559e-05,3.91184512409e-05,1841,2112,False
502,2.43395552388e-05,3.77218275389e-05,1894,1912,False
503,2.32745096582e-05,3.60526646546e-05,1705,1698,False
504,1.84530017577e-05,2.50558787229e-05,371,275,False
505,2.52322115557e-05,3.75379313482e-05,2050,1887,False
506,1.89000493265e-05,2.48370470217e-05,498,237,False
507,2.68591938948e-05,4.17099217884e-05,2309,2486,False
508,3.27607995132e-05,6.00926105108e-05,2815,2917,False
509,1.8353910491e-05,2.75125803455e-05,339,692,False
510,1.89176062122e-05,3.05922949337e-05,502,1059,False
511,2.22160815611e-05,3.33650459652e-05,1449,1379,False
512,2.06577133213e-05,3.59612567991e-05,1026,1690,False
513,1.87214682228e-05,2.54725564446e-05,447,339,False
514,3.13505661325e-05,4.40739859187e-05,2752,2690,False
515,2.13152889046e-05,2.88352712232e-05,1227,860,False
516,2.41199850279e-05,3.84008053516e-05,1866,2002,False
517,2.36535070144e-05,3.78439035558e-05,1776,1929,False
518,2.00901304197e-05,3.4779895941e-05,858,1559,False
519,1.96618257178e-05,2.5402276151e-05,719,329,False
520,3.11684270855e-05,4.40231924586e-05,2744,2688,False
521,1.80711613211e-05,2.3422686354e-05,284,87,False
522,2.41298948822e-05,3.58462275472e-05,1867,1678,False
523,4.07191182603e-05,6.58365606796e-05,2997,2985,False
524,1.79212911462e-05,2.68647509074e-05,246,590,False
525,1.74366268766e-05,2.58324380411e-05,164,391,False
526,1.9000723114e-05,2.80467229459e-05,526,760,False
527,1.70535986399e-05,2.80771073449e-05,114,763,False
528,1.88478152268e-05,2.55658560491e-05,480,347,False
529,3.15641264024e-05,4.2514911911e-05,2762,2580,False
530,2.20854235522e-05,2.90076950478e-05,1416,870,False
531,2.76566497632e-05,4.16653492721e-05,2438,2480,False
532,2.48587239184e-05,3.83704682463e-05,1992,1994,False
533,2.64497375611e-05,4.21069271397e-05,2244,2529,False
534,2.15403579205e-05,2.69830215984e-05,1274,611,False
535,2.46930267167e-05,3.5183991713e-05,1962,1606,False
536,1.95216925931e-05,2.50118046097e-05,672,266,False
537,2.33891405514e-05,3.40600272466e-05,1724,1468,False
538,3.71783462469e-05,6.06085450272e-05,2948,2927,False
539,1.88637259271e-05,2.73798686976e-05,486,666,False
540,2.0908903025e-05,3.10365576297e-05,1109,1119,False
541,2.10968082683e-05,3.12616175506e-05,1163,1143,False
542,1.8782542611e-05,3.20046601701e-05,461,1228,False
543,1.79431390279e-05,2.39985129156e-05,255,131,False
544,2.44441253017e-05,3.52852330252e-05,1919,1613,False
545,2.14987558138e-05,2.96200378216e-05,1260,947,False
546,2.62295579887e-05,4.20888245571e-05,2210,2527,False
547,2.54285077972e-05,3.93549271394e-05,2079,2143,False
548,1.98877351067e-05,3.30179173034e-05,801,1338,False
549,2.44826496782e-05,3.07583031827e-05,1928,1083,False
550,2.69345964625e-05,3.84213562938e-05,2317,2008,False
551,1.93437317648e-05,2.42142032221e-05,622,151,False
552,2.66595397989e-05,3.96083232772e-05,2276,2178,False
553,3.71488786186e-05,6.26811815891e-05,2947,2954,False
554,1.67352354765e-05,2.58385443885e-05,69,392,False
555,2.00395970751e-05,3.01102936646e-05,843,996,False
556,2.15538075281e-05,3.11759322358e-05,1278,1135,False
557,1.80562710739e-05,3.0807164876e-05,280,1090,False
558,2.21707086894e-05,2.77902126982e-05,1438,729,False
559,3.00130304822e-05,4.1380928451e-05,2667,2447,False
560,1.96504443011e-05,2.70234068012e-05,714,618,False
561,3.03222150251e-05,4.72761203127e-05,2686,2791,False
562,2.26550564548e-05,3.57809221896e-05,1561,1673,False
563,2.3663356842e-05,3.7747038732e-05,1779,1914,False
564,1.8638696929e-05,2.65470625891e-05,427,520,False
565,3.02171301882e-05,4.15145477746e-05,2680,2462,False
566,2.08908968489e-05,2.65317466983e-05,1104,518,False
567,2.56798120972e-05,3.88069602195e-05,2123,2055,False
568,4.11769542552e-05,7.02868710505e-05,2998,2999,False
569,1.80323695531e-05,2.7852725907e-05,274,739,False
570,2.28211538342e-05,3.39814978361e-05,1600,1458,False
571,2.33496339206e-05,3.67583197658e-05,1716,1794,False
572,1.94936565094e-05,3.36280318152e-05,661,1410,False
573,1.93219402718e-05,2.47484640568e-05,615,228,False
574,2.81542797893e-05,4.01194483857e-05,2491,2271,False
575,2.14917872654e-05,2.86027479888e-05,1258,828,False
576,2.71945191344e-05,4.2660140025e-05,2368,2594,False
577,2.5429915695e-05,3.97917501687e-05,2080,2212,False
578,2.2322341465e-05,3.60599879059e-05,1476,1699,False
579,1.83453048521e-05,2.45969895332e-05,333,207,False
580,2.8896931326e-05,3.84915074392e-05,2579,2018,False
581,2.2961959985e-05,2.90501429845e-05,1638,878,False
582,2.4810558898e-05,3.69933914044e-05,1985,1816,False
583,3.56687014573e-05,5.83893670409e-05,2916,2881,False
584,1.7017879145e-05,2.6059395168e-05,110,427,False
585,2.05149863177e-05,3.05449466396e-05,990,1051,False
586,2.20721922233e-05,3.16965197271e-05,1412,1194,False
587,2.16169119085e-05,3.72043505195e-05,1296,1841,False
588,1.87500190805e-05,2.53136549873e-05,452,314,False
589,3.0217861422e-05,4.26435799454e-05,2681,2592,False
590,1.98277557502e-05,2.67044379143e-05,783,551,False
591,2.63923793682e-05,4.19905809395e-05,2235,2518,False
592,2.34737253777e-05,3.8309575757e-05,1737,1983,False
593,2.52430472756e-05,4.00930621254e-05,2053,2268,False
594,2.06647837331e-05,2.83965673589e-05,1029,805,False
595,2.95473219012e-05,4.24743011536e-05,2628,2575,False
596,2.03952185984e-05,2.67842733592e-05,952,564,False
597,2.23603583436e-05,3.27884808939e-05,1490,1311,False
598,3.57079115929e-05,6.15447352175e-05,2917,2938,False
599,1.73438784259e-05,2.63644560619e-05,148,493,False
600,2.15431318793e-05,2.8720818591e-05,1276,846,False
601,2.01624661713e-05,2.90108237095e-05,893,872,False
602,1.88610265468e-05,3.05436260533e-05,485,1050,False
603,1.85071148735e-05,2.25045332627e-05,387,38,False
604,2.75721886283e-05,3.65745145245e-05,2427,1763,False
605,2.05488267966e-05,2.69311913144e-05,997,607,False
606,2.38857955992e-05,3.64337211067e-05,1820,1749,False
607,2.53546841122e-05,4.21512595494e-05,2070,2540,False
608,2.26010506594e-05,3.41951817973e-05,1551,1493,False
609,2.34747985814e-05,2.85819987766e-05,1738,825,False
610,2.77391191048e-05,3.84092163586e-05,2444,2005,False
611,1.79616181413e-05,2.08274905162e-05,259,9,False
612,2.61353234237e-05,3.82559992431e-05,2194,1973,False
613,3.64469633496e-05,5.90270465182e-05,2936,2901,False
614,1.51258000187e-05,2.22966955334e-05,9,28,False
615,2.27492291742e-05,3.25384462485e-05,1580,1286,False
616,2.23048264161e-05,3.10748000629e-05,1469,1125,False
617,1.98782818188e-05,3.28668538714e-05,799,1322,False
618,2.13299117604e-05,2.84081597783e-05,1230,807,False
619,3.21421612171e-05,4.42975870101e-05,2788,2711,False
620,1.71300143847e-05,2.37670647039e-05,124,110,False
621,2.71008884738e-05,4.04177771998e-05,2346,2315,False
622,2.73598161584e-05,4.12681038142e-05,2400,2435,False
623,2.60351698671e-05,4.2496540118e-05,2176,2578,False
624,1.89230668184e-05,2.58402815234e-05,504,393,False
625,3.18288366543e-05,4.3633448513e-05,2776,2663,False
626,1.99560690817e-05,2.37151234614e-05,816,107,False
627,2.57747524302e-05,3.53838840965e-05,2139,1625,False
628,3.35590266332e-05,5.29395438207e-05,2853,2808,False
629,1.83483298315e-05,2.68518160738e-05,335,587,False
630,2.3062544642e-05,3.50147529389e-05,1661,1581,False
631,2.24046489166e-05,3.54361982318e-05,1503,1634,False
632,1.93637079065e-05,3.19041901093e-05,625,1214,False
633,1.75481454789e-05,2.27823420573e-05,184,51,False
634,3.32986710418e-05,4.45824189228e-05,2842,2725,False
635,2.24750638154e-05,3.00832889479e-05,1517,994,False
636,2.51564324572e-05,4.02139885409e-05,2037,2283,False
637,2.36814412347e-05,3.84450504498e-05,1784,2012,False
638,2.40620192926e-05,3.99195268983e-05,1854,2235,False
639,2.50776174653e-05,3.11677904392e-05,2026,1134,False
640,2.84027573798e-05,3.86452520615e-05,2527,2033,False
641,1.85886347026e-05,2.40892859438e-05,409,141,False
642,2.58088730334e-05,3.47150999005e-05,2145,1548,False
643,3.41016384482e-05,5.79401421419e-05,2868,2872,False
644,1.79800226761e-05,2.61371151282e-05,263,440,False
645,2.24611594604e-05,3.28111818817e-05,1512,1315,False
646,2.00175636564e-05,2.96927300951e-05,833,955,False
647,1.55256184371e-05,2.76997889159e-05,13,714,False
648,1.88029916899e-05,2.44042639679e-05,469,186,False
649,3.16548139381e-05,4.32142951468e-05,2766,2634,False
650,1.95662032638e-05,2.75944275927e-05,684,705,False
651,2.91340711556e-05,4.48528189736e-05,2597,2735,False
652,2.57267784036e-05,3.82054240617e-05,2134,1962,False
653,2.55219983956e-05,3.97142830479e-05,2098,2195,False
654,1.94192580238e-05,2.54937585851e-05,640,341,False
655,2.75737038464e-05,3.85663624911e-05,2428,2026,False
656,2.39709625021e-05,2.97386541206e-05,1835,959,False
657,2.74108406302e-05,4.05802311434e-05,2410,2345,False
658,3.64309416909e-05,5.85197194596e-05,2935,2886,False
659,2.07533139474e-05,2.98955401377e-05,1056,973,False
660,1.77200090548e-05,2.6694535336e-05,210,550,False
661,2.13800703932e-05,3.09792594635e-05,1239,1112,False
662,1.72867748915e-05,3.01017989841e-05,143,995,False
663,2.0132651116e-05,2.82143610093e-05,877,778,False
664,2.71025091934e-05,3.81734935218e-05,2347,1958,False
665,2.25429830607e-05,2.94269175356e-05,1540,927,False
666,2.83866720565e-05,4.38932256657e-05,2526,2682,False
667,2.58553263848e-05,4.15852191509e-05,2153,2470,False
668,2.0467730792e-05,3.67151042155e-05,975,1786,False
669,1.86750639841e-05,2.45956598519e-05,438,206,False
670,3.05132707581e-05,4.18635318056e-05,2707,2510,False
671,1.91260533029e-05,2.52960599028e-05,557,309,False
672,2.65845483227e-05,4.04951824748e-05,2264,2330,False
673,3.3694832382e-05,5.6874974689e-05,2857,2851,False
674,1.88859921764e-05,2.60855777015e-05,494,432,False
675,1.99264231924e-05,3.01661566482e-05,809,1002,False
676,2.08616620512e-05,2.92604945571e-05,1095,909,False
677,1.69733830262e-05,2.94600122288e-05,99,931,False
678,2.17139586312e-05,2.97918413708e-05,1327,963,False
679,2.93641096505e-05,4.23330930062e-05,2616,2560,False
680,2.02151331905e-05,2.83159752144e-05,907,792,False
681,2.87571201625e-05,4.39345567429e-05,2568,2685,False
682,2.44211023528e-05,3.99857999582e-05,1910,2248,False
683,2.73023288173e-05,4.17160299548e-05,2395,2489,False
684,2.24025570787e-05,2.87717284664e-05,1502,852,False
685,2.55340783042e-05,3.66375315934e-05,2100,1774,False
686,2.12063714571e-05,2.90158714051e-05,1190,873,False
687,2.59054577327e-05,3.82915313821e-05,2160,1981,False
688,3.99575001211e-05,6.70029839966e-05,2995,2992,False
689,1.97056415345e-05,3.0233310099e-05,729,1010,False
690,2.10161088035e-05,3.15652068821e-05,1137,1172,False
691,1.99376554519e-05,2.96133712254e-05,812,945,False
692,2.00595968636e-05,3.38279387506e-05,850,1440,False
693,1.83437932719e-05,2.51319379458e-05,332,288,False
694,2.97866099572e-05,4.09719395975e-05,2649,2389,False
695,1.91320687009e-05,2.81052034552e-05,559,764,False
696,2.63237088802e-05,4.33184395661e-05,2224,2640,False
697,2.07540815609e-05,3.53010873368e-05,1058,1618,False
698,2.11806091102e-05,3.4071636037e-05,1186,1469,False
699,1.97599129024e-05,2.68107996817e-05,754,573,False
700,3.10749164782e-05,4.53802167613e-05,2740,2752,False
701,2.01690763788e-05,2.60689048446e-05,897,431,False
702,2.36174819293e-05,3.43941392202e-05,1768,1515,False
703,3.45063454006e-05,5.96100071562e-05,2880,2912,False
704,1.5050645743e-05,2.32235324802e-05,8,75,False
705,1.94474268937e-05,3.06869296764e-05,646,1070,False
706,2.18314835365e-05,3.35016411555e-05,1348,1395,False
707,2.01305447263e-05,3.32916170009e-05,874,1368,False
708,1.79341241164e-05,2.5386139896e-05,253,324,False
709,2.70763484878e-05,4.01575816795e-05,2342,2278,False
710,2.23544284381e-05,3.18023121508e-05,1486,1204,False
711,2.95930367429e-05,4.57057831227e-05,2634,2761,False
712,2.53221896855e-05,4.33699133282e-05,2066,2644,False
713,2.01400016522e-05,3.45713997376e-05,880,1536,False
714,1.9113165763e-05,2.58584041148e-05,553,395,False
715,2.56169987551e-05,3.86807987525e-05,2116,2039,False
716,1.92088009499e-05,2.50836292253e-05,584,281,False
717,2.63105030172e-05,3.94845083065e-05,2221,2167,False
718,3.50807931682e-05,6.08450282016e-05,2897,2931,False
719,1.70969778992e-05,2.61000186583e-05,121,435,False
720,2.00051963475e-05,3.05764042423e-05,832,1055,False
721,2.22417129407e-05,3.54889816663e-05,1458,1639,False
722,1.87594851013e-05,3.16274963552e-05,455,1181,False
723,1.94924559764e-05,2.50488956226e-05,660,273,False
724,3.05629328068e-05,4.47565362265e-05,2710,2732,False
725,2.12142258533e-05,2.79490814137e-05,1192,749,False
726,2.55793747783e-05,4.2439376557e-05,2108,2571,False
727,1.95703341888e-05,3.42660314345e-05,689,1498,False
728,2.4930041036e-05,3.9200658648e-05,2001,2125,False
729,2.0937221052e-05,2.61964960373e-05,1118,455,False
730,2.61669756583e-05,3.65662235708e-05,2199,1762,False
731,2.20766487473e-05,2.7454294468e-05,1413,675,False
732,2.80263593595e-05,4.18364907091e-05,2476,2507,False
733,3.45804764947e-05,5.8311419707e-05,2883,2879,False
734,1.7122925783e-05,2.62335961452e-05,123,461,False
735,2.14089559449e-05,3.49068759533e-05,1242,1573,False
736,2.37392596318e-05,3.6731154978e-05,1794,1789,False
737,2.23950373766e-05,3.93409354729e-05,1501,2141,False
738,2.08354995266e-05,2.57020237768e-05,1085,375,False
739,2.75429938483e-05,3.88078042306e-05,2425,2056,False
740,2.11490769289e-05,2.98287468468e-05,1173,967,False
741,2.71802673524e-05,4.58179711131e-05,2365,2765,False
742,2.08456895052e-05,3.32585805154e-05,1092,1363,False
743,1.97467907128e-05,3.4046741348e-05,746,1465,False
744,1.62791511684e-05,2.24335708481e-05,35,35,False
745,2.92057320621e-05,3.88629559893e-05,2604,2065,False
746,2.04042371479e-05,2.63586334768e-05,957,492,False
747,2.51809742622e-05,3.77865144401e-05,2041,1922,False
748,3.47504064848e-05,6.07371694059e-05,2888,2930,False
749,1.99792120839e-05,2.95725130854e-05,824,939,False
750,2.04794832825e-05,3.02187272609e-05,980,1007,False
751,2.15105974348e-05,3.20188046317e-05,1265,1229,False
752,2.20101337618e-05,3.59524165106e-05,1397,1688,False
753,1.6932557628e-05,2.29873876378e-05,94,62,False
754,3.24600659951e-05,4.46292142442e-05,2796,2729,False
755,1.91091130546e-05,2.64552909357e-05,552,502,False
756,2.78617662843e-05,4.37286107626e-05,2458,2670,False
757,2.7491203582e-05,4.21420227212e-05,2417,2537,False
758,2.51060882874e-05,3.9962673327e-05,2029,2240,False
759,1.7855754777e-05,2.56293296843e-05,236,362,False
760,2.73652785836e-05,3.77559481421e-05,2403,1916,False
761,1.95683314814e-05,2.56221228483e-05,686,360,False
762,2.69539032161e-05,3.7859306758e-05,2320,1930,False
763,3.59793484677e-05,5.94272751187e-05,2925,2908,False
764,1.93221221707e-05,3.00794472423e-05,617,993,False
765,2.11664046219e-05,3.18998754665e-05,1182,1213,False
766,2.23525894398e-05,3.13166892738e-05,1484,1148,False
767,2.09388599615e-05,3.50547561538e-05,1120,1587,False
768,1.94345993805e-05,2.42544610956e-05,642,158,False
769,3.05939174723e-05,4.11163164244e-05,2712,2416,False
770,2.28300614253e-05,2.83583631244e-05,1602,798,False
771,2.10072030313e-05,3.16971563734e-05,1136,1195,False
772,2.52279332926e-05,3.82399412047e-05,2049,1971,False
773,2.16113694478e-05,3.30224611389e-05,1294,1340,False
774,1.77644178621e-05,2.17289743887e-05,218,18,False
775,2.26598695008e-05,3.08411836158e-05,1563,1095,False
776,1.48267772602e-05,1.73111875483e-05,5,2,False
777,1.89376933122e-05,2.60160450125e-05,509,418,False
778,3.42699204339e-05,5.52708697796e-05,2873,2828,False
779,1.84440887097e-05,2.63202909991e-05,367,482,False
780,2.12958948396e-05,3.26003100781e-05,1214,1291,False
781,2.14090978261e-05,3.33218049491e-05,1243,1372,False
782,1.85040189535e-05,3.26010995195e-05,385,1292,False
783,1.98528559849e-05,2.66700208158e-05,788,541,False
784,3.09978095174e-05,4.22421617259e-05,2737,2550,False
785,1.9118833734e-05,2.70831515081e-05,554,627,False
786,2.85232799797e-05,4.34314788436e-05,2545,2648,False
787,2.43644863076e-05,3.84031191061e-05,1898,2004,False
788,2.42961232289e-05,3.96855284635e-05,1891,2189,False
789,1.99695241463e-05,2.436887371e-05,821,179,False
790,2.85418755084e-05,3.86789106415e-05,2549,2038,False
791,1.74322303792e-05,2.24308205361e-05,163,34,False
792,2.55908635154e-05,3.66253843822e-05,2112,1771,False
793,3.53586947313e-05,6.12393341726e-05,2903,2933,False
794,1.75138648046e-05,2.51167730312e-05,178,287,False
795,2.19775283767e-05,3.24044922309e-05,1384,1270,False
796,2.04041243705e-05,3.16947953252e-05,956,1193,False
797,1.83900665434e-05,3.16707191814e-05,349,1190,False
798,1.8068094505e-05,2.44679540629e-05,283,194,False
799,3.35991571774e-05,4.6652257879e-05,2855,2781,False
800,1.71580668393e-05,2.56188341154e-05,129,359,False
801,2.54335045611e-05,4.04985366913e-05,2081,2332,False
802,2.33336231759e-05,3.63520957762e-05,1709,1741,False
803,2.7167450753e-05,4.10767170251e-05,2361,2410,False
804,2.02444789466e-05,2.54641872743e-05,914,336,False
805,3.13538585033e-05,4.45903024229e-05,2754,2726,False
806,2.13013663597e-05,2.92231507046e-05,1219,903,False
807,2.92814402201e-05,4.42399905296e-05,2613,2704,False
808,3.55279480573e-05,5.9668909671e-05,2908,2913,False
809,1.78184745891e-05,2.64748923655e-05,229,509,False
810,2.0027082428e-05,3.05070916511e-05,839,1047,False
811,2.28961016546e-05,3.4478118323e-05,1622,1521,False
812,2.16691059904e-05,3.67663051293e-05,1314,1795,False
813,1.88257326954e-05,2.54394071817e-05,475,333,False
814,3.16862024192e-05,4.25710823038e-05,2768,2583,False
815,1.94267176994e-05,2.60363576672e-05,641,422,False
816,2.38852517214e-05,3.91173743992e-05,1819,2111,False
817,2.43878748734e-05,3.97354597226e-05,1904,2198,False
818,2.20042093133e-05,3.57102398993e-05,1393,1666,False
819,2.05131436815e-05,2.78397656075e-05,988,736,False
820,2.96040707326e-05,4.22537668783e-05,2636,2552,False
821,1.72494219441e-05,2.28666485782e-05,141,55,False
822,2.45413775701e-05,3.60658195859e-05,1941,1700,False
823,3.396538159e-05,5.92138239881e-05,2862,2906,False
824,1.69769664353e-05,2.51034689427e-05,101,285,False
825,2.22596208914e-05,3.36381526722e-05,1463,1414,False
826,2.1307670977e-05,3.08964990836e-05,1221,1105,False
827,1.94477015611e-05,3.32939234795e-05,647,1369,False
828,1.7456304704e-05,2.37511412706e-05,167,108,False
829,2.80663389276e-05,4.0744409489e-05,2483,2367,False
830,1.92525094462e-05,2.56862203969e-05,597,372,False
831,2.75056518149e-05,4.37287926616e-05,2422,2671,False
832,2.19504527195e-05,3.63446561096e-05,1380,1738,False
833,2.20071524382e-05,3.43762148987e-05,1396,1511,False
834,2.08174969885e-05,2.81693191937e-05,1080,773,False
835,3.04983823298e-05,4.30011132266e-05,2702,2619,False
836,2.06708773476e-05,2.7444684747e-05,1031,673,False
837,2.62092762568e-05,3.69064509869e-05,2204,1808,False
838,3.95968090743e-05,6.76930212649e-05,2987,2997,False
839,1.97949102585e-05,3.10110808641e-05,769,1116,False
840,2.08153578569e-05,3.10469986289e-05,1079,1121,False
841,2.31354024436e-05,3.34895848937e-05,1677,1393,False
842,1.95593293029e-05,3.16301266139e-05,682,1183,False
843,1.93513315025e-05,2.74965514109e-05,624,688,False
844,3.05115245283e-05,4.30917207268e-05,2705,2625,False
845,1.89479233086e-05,2.67439245363e-05,513,558,False
846,2.58674608631e-05,4.07460356655e-05,2154,2368,False
847,2.55586801359e-05,4.11185174016e-05,2104,2417,False
848,2.30428740906e-05,3.81044046662e-05,1658,1952,False
849,2.12312243093e-05,2.86053837044e-05,1195,829,False
850,2.69567535724e-05,3.94563976442e-05,2323,2159,False
851,1.97753342945e-05,2.62746762019e-05,760,470,False
852,2.51137789746e-05,3.62443934137e-05,2031,1725,False
853,3.97837357013e-05,6.39755526208e-05,2990,2968,False
854,1.79261187441e-05,2.76089358522e-05,249,710,False
855,1.81921750482e-05,2.90079533443e-05,307,871,False
856,1.84883992915e-05,2.69914635282e-05,382,613,False
857,1.65661331266e-05,3.03534470731e-05,56,1024,False
858,1.83542942978e-05,2.37918611674e-05,340,112,False
859,2.85123715003e-05,4.10760112572e-05,2542,2409,False
860,2.32576912822e-05,3.23152708006e-05,1702,1259,False
861,2.82639575744e-05,4.57343121525e-05,2502,2763,False
862,2.37185413425e-05,3.89510496461e-05,1789,2079,False
863,2.5854773412e-05,4.04217971663e-05,2152,2316,False
864,2.06043932849e-05,2.78026218439e-05,1007,731,False
865,2.68779258477e-05,4.02801961172e-05,2311,2295,False
866,1.96496494027e-05,2.79345622403e-05,713,748,False
867,2.5250012186e-05,3.81302197638e-05,2055,1955,False
868,3.97086550947e-05,6.64175895508e-05,2989,2987,False
869,2.23920742428e-05,3.2682721212e-05,1499,1300,False
870,2.15525378735e-05,3.37359779223e-05,1277,1429,False
871,2.52571771853e-05,3.87302497984e-05,2056,2048,False
872,2.07968805626e-05,3.574411312e-05,1072,1670,False
873,1.94479453057e-05,2.53321704804e-05,648,318,False
874,2.812565981e-05,4.04535712732e-05,2487,2322,False
875,2.08093897527e-05,2.75309375866e-05,1074,693,False
876,2.27570963034e-05,3.82121324947e-05,1584,1965,False
877,2.82682376564e-05,4.2296556785e-05,2505,2557,False
878,1.98180150619e-05,3.41032791766e-05,781,1475,False
879,1.9741781216e-05,2.50726698141e-05,742,279,False
880,2.84230827674e-05,4.04698294005e-05,2529,2325,False
881,1.68558926816e-05,2.34123417613e-05,85,85,False
882,2.52387035289e-05,3.75137497031e-05,2051,1881,False
883,3.74087576347e-05,6.23854648438e-05,2955,2950,False
884,1.43966153701e-05,2.32464644796e-05,3,77,False
885,1.92242605408e-05,3.04445638903e-05,589,1039,False
886,2.15177260543e-05,3.70944107999e-05,1268,1827,False
887,2.18466011574e-05,3.6222198105e-05,1352,1722,False
888,2.00656377274e-05,2.68153544312e-05,853,575,False
889,2.90374828182e-05,4.0035280108e-05,2591,2260,False
890,1.77523270395e-05,2.4822575142e-05,214,233,False
891,2.70369237114e-05,4.16768161813e-05,2337,2483,False
892,2.34481631196e-05,3.80368219339e-05,1732,1942,False
893,1.88132198673e-05,3.03505876218e-05,472,1022,False
894,2.02375758818e-05,2.39539222093e-05,912,125,False
895,2.96306279779e-05,4.10664688388e-05,2638,2407,False
896,2.01201437449e-05,2.42939968302e-05,869,165,False
897,2.74172798527e-05,3.83008846256e-05,2411,1982,False
898,3.01617019431e-05,5.14417115483e-05,2676,2805,False
899,1.69406193891e-05,2.58406471403e-05,96,394,False
900,2.03553336178e-05,3.08310482069e-05,940,1093,False
901,2.56206039921e-05,3.68748551409e-05,2117,1806,False
902,1.95283682842e-05,3.58916549885e-05,674,1682,False
903,2.0056773792e-05,2.60512351815e-05,848,426,False
904,3.04419845634e-05,4.13557681895e-05,2692,2442,False
905,1.95314387383e-05,2.75394249911e-05,675,695,False
906,2.67135183094e-05,4.22079028795e-05,2281,2546,False
907,2.42481892201e-05,3.98303927795e-05,1878,2221,False
908,2.07624470931e-05,3.33393509209e-05,1061,1374,False
909,2.14328938455e-05,2.93933608191e-05,1249,921,False
910,2.75024995062e-05,3.98329793825e-05,2420,2224,False
911,2.16747957893e-05,2.81635184365e-05,1316,770,False
912,2.77806557278e-05,4.22304328822e-05,2448,2548,False
913,3.29514477926e-05,5.72896278754e-05,2826,2861,False
914,1.88114827324e-05,2.88676728815e-05,471,862,False
915,1.82918156497e-05,2.76030477835e-05,324,707,False
916,1.96579167095e-05,3.03513679683e-05,716,1023,False
917,1.95140510186e-05,3.23311141983e-05,668,1261,False
918,1.81371397048e-05,2.3405524189e-05,297,83,False
919,3.22424457408e-05,4.60002083855e-05,2792,2772,False
920,2.22687540372e-05,3.00395222439e-05,1464,990,False
921,2.66062579612e-05,4.19363313995e-05,2271,2513,False
922,2.27728833124e-05,3.73552393285e-05,1587,1856,False
923,2.39184282691e-05,3.97581679863e-05,1826,2203,False
924,1.97750341613e-05,2.6917341529e-05,758,601,False
925,2.7049529308e-05,3.94201779272e-05,2339,2154,False
926,2.10785274248e-05,2.66632105195e-05,1154,540,False
927,2.5203662517e-05,3.69252484234e-05,2045,1812,False
928,3.25212531607e-05,5.78778854106e-05,2803,2870,False
929,1.81051545951e-05,2.74917128991e-05,292,685,False
930,2.25127550948e-05,3.53210525645e-05,1530,1620,False
931,2.31467201957e-05,3.57060234819e-05,1683,1663,False
932,1.6440933905e-05,2.8740383641e-05,44,848,False
933,1.9264913135e-05,2.63207566604e-05,600,483,False
934,2.86713402602e-05,4.18859672209e-05,2559,2511,False
935,2.35153966059e-05,3.08580092678e-05,1747,1100,False
936,2.61296918325e-05,4.29405008617e-05,2191,2615,False
937,2.29434426728e-05,3.83511614928e-05,1634,1989,False
938,2.3579585104e-05,3.5698969441e-05,1757,1661,False
939,2.29742399824e-05,3.06169240503e-05,1643,1063,False
940,2.84048419417e-05,4.07841253036e-05,2528,2373,False
941,1.85856933967e-05,2.44583698077e-05,408,193,False
942,2.59158405242e-05,3.88830194424e-05,2162,2069,False
943,3.55215270247e-05,6.13124793745e-05,2907,2935,False
944,1.76496178028e-05,2.65512408077e-05,198,521,False
945,2.23847728194e-05,3.40945480275e-05,1497,1472,False
946,2.23151037062e-05,3.34597680194e-05,1473,1387,False
947,2.02504888875e-05,3.40421320288e-05,917,1463,False
948,1.95851862372e-05,2.41986290348e-05,691,150,False
949,2.92004988296e-05,4.01616671297e-05,2603,2279,False
950,1.78429836524e-05,2.50065349974e-05,233,265,False
951,2.47837706411e-05,4.18227391492e-05,1979,2505,False
952,2.38708271354e-05,3.74352093786e-05,1818,1873,False
953,2.32041766139e-05,3.37271558237e-05,1697,1427,False
954,1.91403505596e-05,2.4371109248e-05,561,180,False
955,2.38407774305e-05,3.24409375025e-05,1814,1275,False
956,1.65637775353e-05,2.31747580983e-05,55,72,False
957,2.91509004455e-05,4.17849441874e-05,2598,2501,False
958,3.3818603697e-05,5.84199333389e-05,2859,2883,False
959,1.61059087986e-05,2.57634019363e-05,28,382,False
960,1.96784894797e-05,3.06908077619e-05,723,1071,False
961,2.21471200348e-05,3.38028949045e-05,1433,1436,False
962,2.20048495976e-05,3.71389869542e-05,1394,1834,False
963,1.83090851351e-05,2.4604742066e-05,327,208,False
964,3.11124204018e-05,4.06278268201e-05,2742,2355,False
965,1.86305933312e-05,2.75755282928e-05,424,703,False
966,2.61232762568e-05,4.24260397267e-05,2189,2569,False
967,2.23405186262e-05,3.42649982485e-05,1481,1497,False
968,2.09347836062e-05,3.34094693244e-05,1116,1384,False
969,1.79994767677e-05,2.38797638303e-05,268,119,False
970,2.78502684523e-05,3.92822657886e-05,2456,2131,False
971,1.91700473806e-05,2.3665930712e-05,567,105,False
972,2.71080079983e-05,4.11517139582e-05,2350,2421,False
973,3.09204333462e-05,4.99323250551e-05,2733,2802,False
974,1.61079533427e-05,2.49221029662e-05,29,253,False
975,2.18409531954e-05,3.20765393553e-05,1350,1232,False
976,2.30664118135e-05,3.37398269039e-05,1662,1430,False
977,1.79007784027e-05,3.39458856615e-05,243,1450,False
978,1.79054513865e-05,2.50665707426e-05,244,277,False
979,3.2835505408e-05,4.40912081103e-05,2819,2691,False
980,1.88971662283e-05,2.56967741734e-05,496,374,False
981,2.4075508918e-05,3.93066875404e-05,1859,2136,False
982,2.46705985774e-05,3.83664628316e-05,1960,1993,False
983,2.3482940378e-05,3.90222448914e-05,1740,2097,False
984,1.76592238859e-05,2.2783940949e-05,200,52,False
985,3.29167269228e-05,4.58086578874e-05,2824,2764,False
986,1.8921242372e-05,2.51548717642e-05,503,289,False
987,2.75673155556e-05,3.99672098865e-05,2426,2242,False
988,3.90787354263e-05,6.27227054792e-05,2979,2955,False
989,1.95093034563e-05,2.78717998299e-05,667,743,False
990,1.94448584807e-05,3.07752598019e-05,645,1085,False
991,2.22110793402e-05,3.14013814204e-05,1448,1158,False
992,1.83778338396e-05,3.31721421389e-05,346,1354,False
993,2.03517447517e-05,2.58297986875e-05,938,390,False
994,3.00274750771e-05,4.26089172834e-05,2670,2588,False
995,2.17187516682e-05,2.84183206531e-05,1328,810,False
996,2.80460644717e-05,4.24708232458e-05,2478,2574,False
997,2.8542974178e-05,4.4782027544e-05,2550,2733,False
998,2.13624807657e-05,3.6213088606e-05,1236,1719,False
999,2.22947746806e-05,2.78805910057e-05,1467,746,False
1000,2.97748192679e-05,4.10101638408e-05,2646,2396,False
1001,1.6125586626e-05,2.0175051759e-05,30,5,False
1002,2.63392121269e-05,3.89628621633e-05,2228,2083,False
1003,3.58536526619e-05,5.89291412325e-05,2923,2898,False
1004,1.6444357243e-05,2.49821478064e-05,45,259,False
1005,1.99868973141e-05,2.94184756058e-05,826,926,False
1006,2.08780438697e-05,3.00040610455e-05,1098,988,False
1007,2.06338099815e-05,3.51917478838e-05,1016,1608,False
1008,1.90690807358e-05,2.48674969043e-05,545,244,False
1009,2.60125689238e-05,3.84318627766e-05,2173,2010,False
1010,2.1221327188e-05,2.98121067317e-05,1193,965,False
1011,2.27159853239e-05,3.6522254959e-05,1574,1756,False
1012,2.22324215429e-05,3.64856277884e-05,1455,1754,False
1013,1.92191655515e-05,3.20315666613e-05,586,1230,False
1014,2.02162646019e-05,2.6576261007e-05,908,530,False
1015,2.92783424811e-05,4.10991706303e-05,2611,2413,False
1016,2.14898354898e-05,2.63145811914e-05,1256,479,False
1017,2.19169924094e-05,3.18092024827e-05,1366,1205,False
1018,3.39660073223e-05,5.5301879911e-05,2863,2829,False
1019,1.66767276824e-05,2.42410460487e-05,65,156,False
1020,2.30315799854e-05,3.47786699422e-05,1656,1558,False
1021,2.16259777517e-05,3.52106289938e-05,1298,1609,False
1022,1.70893526956e-05,3.30287730321e-05,119,1342,False
1023,1.81747800525e-05,2.52843710769e-05,303,307,False
1024,3.08808484988e-05,4.34797548223e-05,2730,2652,False
1025,1.96782784769e-05,2.65250437224e-05,722,517,False
1026,2.73802488664e-05,4.41195588792e-05,2409,2694,False
1027,2.45140963671e-05,3.84013401344e-05,1934,2003,False
1028,2.50341145147e-05,4.100516162e-05,2020,2395,False
1029,1.92458428501e-05,2.35755651374e-05,596,100,False
1030,3.27317648043e-05,4.49095241493e-05,2812,2739,False
1031,2.04229836527e-05,2.6440995498e-05,962,500,False
1032,2.80487784039e-05,3.94834714825e-05,2479,2166,False
1033,3.8926864363e-05,6.24526001047e-05,2975,2951,False
1034,1.79575527e-05,2.68338553724e-05,258,579,False
1035,2.11724327528e-05,3.29600261466e-05,1184,1334,False
1036,2.01297971216e-05,2.95333538816e-05,873,936,False
1037,1.66135905602e-05,2.9848788472e-05,59,969,False
1038,1.73900225491e-05,2.32691400015e-05,156,78,False
1039,3.06152796838e-05,4.49951949122e-05,2716,2744,False
1040,1.85486405826e-05,2.74483118119e-05,396,674,False
1041,2.51513902185e-05,4.13801499235e-05,2035,2446,False
1042,2.26226475206e-05,3.72809045075e-05,1552,1849,False
1043,2.67129234999e-05,4.20814940298e-05,2280,2526,False
1044,1.82257990673e-05,2.6253546821e-05,312,465,False
1045,2.9348564567e-05,4.06672625104e-05,2615,2361,False
1046,1.98133075173e-05,2.73202476819e-05,779,660,False
1047,2.64896498265e-05,4.05747741752e-05,2248,2343,False
1048,3.61184102076e-05,6.05889872531e-05,2927,2926,False
1049,1.96676464839e-05,2.86105405394e-05,720,830,False
1050,2.10923790291e-05,3.3172826079e-05,1160,1356,False
1051,2.3136533855e-05,3.38589670719e-05,1679,1444,False
1052,1.95811917365e-05,3.35920703947e-05,690,1404,False
1053,1.65470682987e-05,2.19165813178e-05,53,21,False
1054,3.24749635183e-05,4.54914879811e-05,2799,2759,False
1055,2.04000625672e-05,2.53439284279e-05,953,319,False
1056,2.69641768682e-05,4.34336907347e-05,2326,2649,False
1057,2.30174882745e-05,3.54643379978e-05,1651,1637,False
1058,2.37336571445e-05,3.66364620277e-05,1791,1773,False
1059,2.07158391277e-05,2.73052482953e-05,1044,658,False
1060,2.8981561627e-05,4.01297947974e-05,2588,2274,False
1061,1.82839539775e-05,2.38657012233e-05,322,118,False
1062,2.79291853076e-05,4.03805643145e-05,2469,2308,False
1063,3.43180327036e-05,5.84277404414e-05,2874,2884,False
1064,1.6916421373e-05,2.52540976362e-05,90,303,False
1065,1.94083695533e-05,3.16759033012e-05,636,1191,False
1066,2.01505627047e-05,3.45992593793e-05,886,1538,False
1067,1.74492051883e-05,3.11313378916e-05,166,1128,False
1068,2.13971561607e-05,2.69479660346e-05,1241,609,False
1069,3.06964902848e-05,4.44725083071e-05,2721,2720,False
1070,1.93043524632e-05,2.56458115473e-05,611,366,False
1071,2.57247193076e-05,4.00502467528e-05,2133,2262,False
1072,2.52870104305e-05,4.01976503781e-05,2058,2281,False
1073,2.62545472651e-05,4.19838142989e-05,2211,2516,False
1074,1.85509234143e-05,2.39623786911e-05,400,126,False
1075,2.78977859125e-05,3.86679566873e-05,2468,2037,False
1076,2.03581366804e-05,2.5033541533e-05,942,270,False
1077,2.69895608653e-05,4.05012324336e-05,2331,2334,False
1078,3.32323725161e-05,5.66643539059e-05,2836,2848,False
1079,1.61855696206e-05,2.82907622022e-05,31,788,False
1080,1.9859366148e-05,3.07221089315e-05,791,1075,False
1081,2.33405098697e-05,3.59436635335e-05,1712,1686,False
1082,2.10228899959e-05,3.62348400813e-05,1140,1724,False
1083,1.95853372134e-05,2.55180511886e-05,692,343,False
1084,2.66136139544e-05,3.91402063542e-05,2273,2116,False
1085,2.15875570575e-05,2.92896238534e-05,1289,910,False
1086,2.89170948236e-05,4.57342503069e-05,2580,2762,False
1087,2.48580217885e-05,3.85070343327e-05,1991,2020,False
1088,2.20987258217e-05,3.52863680746e-05,1418,1614,False
1089,1.99745009013e-05,2.55701743299e-05,822,348,False
1090,2.6852636438e-05,3.86086248909e-05,2308,2029,False
1091,2.13412877201e-05,2.71149056061e-05,1232,631,False
1092,2.72297274932e-05,3.96584291593e-05,2373,2184,False
1093,3.46883898601e-05,5.70611919102e-05,2887,2854,False
1094,1.85495173355e-05,2.91622327495e-05,398,894,False
1095,2.28770222748e-05,3.4162960219e-05,1614,1483,False
1096,2.31125486607e-05,3.52938914148e-05,1672,1615,False
1097,2.04344851227e-05,3.41666709573e-05,965,1484,False
1098,1.80122824531e-05,2.44547700277e-05,271,191,False
1099,3.29037902702e-05,4.69436126878e-05,2823,2785,False
1100,2.16377356992e-05,3.07510272251e-05,1302,1082,False
1101,2.99127459584e-05,4.63073811261e-05,2662,2779,False
1102,2.32808597502e-05,3.72638387489e-05,1706,1846,False
1103,2.57623250945e-05,3.97035364585e-05,2137,2190,False
1104,1.66551326402e-05,2.26926604228e-05,64,48,False
1105,2.64712616627e-05,3.96296272811e-05,2247,2180,False
1106,2.01182665478e-05,2.67254654318e-05,868,553,False
1107,2.71721219178e-05,3.89826782339e-05,2362,2089,False
1108,3.61354141205e-05,6.13456795691e-05,2930,2936,False
1109,1.68446076714e-05,2.56442690443e-05,82,365,False
1110,2.03824256459e-05,3.075051427e-05,949,1081,False
1111,2.07094071811e-05,3.18179372698e-05,1043,1206,False
1112,1.88179437828e-05,3.41773338732e-05,473,1487,False
1113,2.09362497117e-05,2.71280550805e-05,1117,633,False
1114,3.31122319039e-05,4.66369092464e-05,2833,2780,False
1115,1.97572098841e-05,2.72744291578e-05,752,653,False
1116,2.88079372694e-05,4.39455543528e-05,2573,2687,False
1117,2.63988204097e-05,4.07024126616e-05,2236,2364,False
1118,2.43646391027e-05,3.98031843361e-05,1899,2216,False
1119,2.04633124667e-05,2.59084572463e-05,973,402,False
1120,2.60407596215e-05,3.71480891772e-05,2177,1836,False
1121,2.12963914237e-05,2.64763093583e-05,1215,510,False
1122,2.44547936745e-05,3.62677201338e-05,1925,1730,False
1123,3.90378518205e-05,6.44938772894e-05,2977,2974,False
1124,1.8438015104e-05,2.71287062787e-05,365,634,False
1125,1.96205619432e-05,3.23371532431e-05,700,1263,False
1126,2.24736504606e-05,3.67336833733e-05,1516,1790,False
1127,2.15000709431e-05,3.75366362277e-05,1261,1886,False
1128,1.74842680281e-05,2.2668593374e-05,168,46,False
1129,3.05943394778e-05,4.33660679846e-05,2713,2643,False
1130,1.80308288691e-05,2.62066878349e-05,273,457,False
1131,2.77783583442e-05,4.3692496547e-05,2447,2666,False
1132,2.29105316976e-05,3.76302086806e-05,1626,1903,False
1133,1.97179579118e-05,3.49491674569e-05,733,1577,False
1134,1.93042851606e-05,2.42385340243e-05,610,154,False
1135,2.62839366769e-05,3.94396956835e-05,2216,2155,False
1136,1.98214165721e-05,2.58783438767e-05,782,398,False
1137,2.4070193831e-05,3.52996539732e-05,1857,1617,False
1138,3.72515896743e-05,6.30406866549e-05,2952,2957,False
1139,1.64732173289e-05,2.4612647394e-05,50,210,False
1140,2.29520919675e-05,3.34715696226e-05,1635,1388,False
1141,2.27524105867e-05,3.40755941579e-05,1583,1470,False
1142,1.75143686647e-05,3.01127365674e-05,179,997,False
1143,1.85618609976e-05,2.54001934081e-05,405,328,False
1144,2.7250533094e-05,3.61205165973e-05,2379,1707,False
1145,2.28916742344e-05,3.05355351884e-05,1620,1049,False
1146,2.70281125268e-05,4.39415962319e-05,2335,2686,False
1147,2.65506605501e-05,4.32881279266e-05,2257,2637,False
1148,2.54550323007e-05,4.02678233513e-05,2086,2292,False
1149,2.06413569686e-05,2.64623085968e-05,1021,505,False
1150,2.57242118096e-05,3.74778137484e-05,2132,1876,False
1151,1.92334064195e-05,2.60999240709e-05,591,434,False
1152,2.64326899924e-05,3.94804483221e-05,2242,2165,False
1153,3.1577928894e-05,5.46110022697e-05,2763,2822,False
1154,1.55979178089e-05,2.60024917225e-05,15,415,False
1155,2.00738159037e-05,2.93902667181e-05,855,920,False
1156,2.22504440899e-05,3.31882984028e-05,1460,1358,False
1157,1.79267608473e-05,2.99139410345e-05,250,974,False
1158,1.64641769516e-05,2.25998683163e-05,49,43,False
1159,2.89726958727e-05,4.12957997469e-05,2586,2438,False
1160,2.50604389294e-05,3.26088484144e-05,2024,1293,False
1161,2.87532075163e-05,4.23328310717e-05,2567,2559,False
1162,2.43864142249e-05,3.93808331864e-05,1903,2146,False
1163,2.68981129921e-05,4.32517008448e-05,2313,2635,False
1164,2.15900345211e-05,2.8653183108e-05,1290,837,False
1165,2.8379212381e-05,3.97908552259e-05,2522,2211,False
1166,2.01203274628e-05,2.49939639616e-05,870,263,False
1167,2.55776194535e-05,3.56422060577e-05,2107,1654,False
1168,3.11119256367e-05,5.42216439499e-05,2741,2817,False
1169,1.61923180713e-05,2.3812530344e-05,32,114,False
1170,1.90258233488e-05,3.08543931169e-05,534,1098,False
1171,2.23843744607e-05,3.38363643095e-05,1496,1441,False
1172,2.10479338421e-05,3.68468899978e-05,1145,1803,False
1173,1.90429982467e-05,2.56128168985e-05,540,357,False
1174,2.80535132333e-05,3.91104840674e-05,2480,2108,False
1175,1.8697401174e-05,2.50549201155e-05,445,274,False
1176,2.84870930045e-05,4.33187706221e-05,2538,2641,False
1177,2.7785432394e-05,4.49392100563e-05,2449,2740,False
1178,2.12924951484e-05,3.42140119756e-05,1212,1494,False
1179,1.97446661332e-05,2.63159436145e-05,745,480,False
1180,2.90499428957e-05,4.15818394686e-05,2592,2469,False
1181,1.95922984858e-05,2.55947834376e-05,695,352,False
1182,2.72273555311e-05,4.08873493143e-05,2372,2382,False
1183,3.78610493499e-05,6.38097408228e-05,2961,2966,False
1184,1.5393106878e-05,2.43612139457e-05,10,177,False
1185,1.848626016e-05,2.75000038528e-05,380,689,False
1186,2.09792269743e-05,3.10515861202e-05,1128,1122,False
1187,1.71962728928e-05,2.83277859126e-05,138,795,False
1188,1.89251586562e-05,2.54310180026e-05,506,330,False
1189,3.26849876728e-05,4.27687045885e-05,2810,2601,False
1190,2.46460058406e-05,3.13327836921e-05,1956,1151,False
1191,2.49306995102e-05,4.0881739551e-05,2002,2381,False
1192,2.39647069975e-05,3.77135365852e-05,1832,1911,False
1193,2.59331500274e-05,4.2293806473e-05,2163,2556,False
1194,2.02312421607e-05,2.6673764296e-05,909,542,False
1195,2.60733122559e-05,3.73711845896e-05,2180,1862,False
1196,1.91188682948e-05,2.56608363998e-05,555,369,False
1197,2.83408135147e-05,4.123999679e-05,2517,2431,False
1198,3.69011650037e-05,6.2916216848e-05,2941,2956,False
1199,2.13716848521e-05,2.96410998999e-05,1238,951,False
1200,2.27835316764e-05,3.29265531036e-05,1590,1328,False
1201,2.19313333218e-05,3.12574484269e-05,1373,1142,False
1202,1.82436560863e-05,3.22864470945e-05,315,1256,False
1203,2.00230679184e-05,2.75688980764e-05,836,702,False
1204,2.9676957638e-05,4.28481107519e-05,2641,2607,False
1205,1.9101480575e-05,2.75524544122e-05,551,697,False
1206,2.55287668551e-05,4.11485816585e-05,2099,2419,False
1207,2.1392461349e-05,3.53133509634e-05,1240,1619,False
1208,2.5119898055e-05,3.88564258174e-05,2032,2064,False
1209,2.07338616747e-05,2.7601925467e-05,1050,706,False
1210,2.85201931547e-05,4.13704110542e-05,2544,2443,False
1211,2.0410390789e-05,2.60664783127e-05,960,428,False
1212,2.47053649218e-05,3.8747821236e-05,1964,2052,False
1213,3.83709557354e-05,6.34628522675e-05,2965,2961,False
1214,1.96301007236e-05,2.75560578302e-05,703,699,False
1215,2.33844548347e-05,3.56868731615e-05,1723,1660,False
1216,2.31728627114e-05,3.47184977727e-05,1687,1550,False
1217,1.71762803802e-05,3.18426427839e-05,131,1209,False
1218,1.92138122657e-05,2.60953547695e-05,585,433,False
1219,3.22253690683e-05,4.60167175333e-05,2791,2775,False
1220,1.98742491193e-05,2.73873720289e-05,796,667,False
1221,2.68277963187e-05,4.46208796347e-05,2302,2727,False
1222,2.56950497715e-05,4.00017197535e-05,2126,2256,False
1223,2.41613670369e-05,4.0589733544e-05,1870,2346,False
1224,1.74148663064e-05,2.25980129471e-05,160,42,False
1225,2.73738260148e-05,4.14586320403e-05,2406,2454,False
1226,2.15112886508e-05,2.90620264423e-05,1266,882,False
1227,2.59553253272e-05,3.90069581044e-05,2165,2094,False
1228,3.77452743123e-05,6.3435305492e-05,2959,2960,False
1229,1.81172908924e-05,2.9920363886e-05,294,975,False
1230,2.13473995245e-05,3.24435422954e-05,1233,1276,False
1231,2.28097051149e-05,3.37832861987e-05,1593,1435,False
1232,1.81811265065e-05,3.11296389555e-05,304,1127,False
1233,1.78999835043e-05,2.42671285378e-05,242,162,False
1234,3.07248046738e-05,4.48588434665e-05,2723,2736,False
1235,2.08248620766e-05,2.87144212052e-05,1082,845,False
1236,2.39409928326e-05,3.98135853175e-05,1829,2218,False
1237,2.58464187937e-05,4.05778737331e-05,2150,2344,False
1238,2.10346152016e-05,3.45183907484e-05,1143,1531,False
1239,2.17976521526e-05,2.78040242847e-05,1343,732,False
1240,2.79718715319e-05,3.95608585677e-05,2472,2173,False
1241,2.08902765735e-05,2.59937878582e-05,1103,413,False
1242,2.72734541795e-05,3.94050475734e-05,2388,2150,False
1243,3.94514354412e-05,6.54768446111e-05,2986,2982,False
1244,1.73030875885e-05,2.51670553553e-05,144,292,False
1245,1.8907685444e-05,2.96196340059e-05,499,946,False
1246,2.25033218157e-05,3.31396986439e-05,1525,1352,False
1247,1.85508160939e-05,3.06393958454e-05,399,1067,False
1248,2.10843900277e-05,2.76032496913e-05,1158,708,False
1249,3.13011878461e-05,4.54542750958e-05,2748,2758,False
1250,2.00224767468e-05,2.75502461591e-05,835,696,False
1251,2.58465788647e-05,4.16707480326e-05,2151,2482,False
1252,2.23443785217e-05,3.61165948561e-05,1482,1706,False
1253,2.13140774576e-05,3.54856165359e-05,1226,1638,False
1254,1.93454379769e-05,2.59565476881e-05,623,408,False
1255,3.00135616271e-05,4.38194037997e-05,2668,2679,False
1256,1.82713629329e-05,2.39824403252e-05,320,129,False
1257,2.54657024925e-05,3.79384910048e-05,2091,1934,False
1258,3.01064392261e-05,5.15793690283e-05,2671,2806,False
1259,1.67747293744e-05,2.77686940535e-05,74,726,False
1260,2.13372950384e-05,3.43148858519e-05,1231,1504,False
1261,2.08633573493e-05,3.14788376272e-05,1096,1164,False
1262,1.67029775184e-05,3.03920605802e-05,66,1028,False
1263,1.68135065906e-05,2.21642076212e-05,76,25,False
1264,2.9892900784e-05,4.25065336458e-05,2661,2579,False
1265,2.13002094824e-05,2.88153041765e-05,1217,857,False
1266,2.69455213129e-05,4.27002269134e-05,2319,2598,False
1267,2.20584024646e-05,3.67698994523e-05,1407,1796,False
1268,2.34173912759e-05,3.67029642803e-05,1728,1784,False
1269,1.90240007214e-05,2.47124062298e-05,533,222,False
1270,2.68326530204e-05,3.79966040782e-05,2303,1939,False
1271,2.07369539567e-05,2.61545574176e-05,1052,443,False
1272,2.83374047285e-05,3.89228152926e-05,2515,2074,False
1273,3.28043424815e-05,5.61479537282e-05,2817,2843,False
1274,2.01395378099e-05,3.19935788866e-05,879,1226,False
1275,2.15070303966e-05,3.16580335493e-05,1264,1187,False
1276,2.16439329961e-05,3.03474953398e-05,1305,1021,False
1277,2.19111079787e-05,3.5563698475e-05,1364,1648,False
1278,2.01099410333e-05,2.6796677048e-05,863,567,False
1279,3.35737822752e-05,4.43328390247e-05,2854,2712,False
1280,1.89652764675e-05,2.4659510018e-05,518,216,False
1281,2.14905448956e-05,3.23827589455e-05,1257,1268,False
1282,2.68138574029e-05,3.91940811824e-05,2300,2124,False
1283,2.34357266891e-05,3.45168846252e-05,1729,1530,False
1284,1.68464030139e-05,2.07814573514e-05,83,7,False
1285,2.18569548451e-05,3.03033775708e-05,1356,1014,False
1286,1.37858050948e-05,1.71715601027e-05,1,1,False
1287,2.11605256482e-05,2.86205104203e-05,1179,832,False
1288,3.53962241206e-05,5.75203303015e-05,2905,2866,False
1289,1.92011139006e-05,2.42993319262e-05,581,166,False
1290,2.18820077862e-05,3.43000283465e-05,1359,1500,False
1291,2.31209669437e-05,3.60361264029e-05,1673,1693,False
1292,1.96593591681e-05,3.24317916238e-05,717,1273,False
1293,1.927332778e-05,2.62865996774e-05,605,475,False
1294,2.87352213491e-05,4.01981378673e-05,2564,2282,False
1295,1.80741662916e-05,2.65593080258e-05,285,523,False
1296,2.29817615036e-05,3.666181874e-05,1647,1779,False
1297,1.8570715838e-05,3.04132699966e-05,406,1032,False
1298,2.33748487517e-05,3.39605903719e-05,1721,1452,False
1299,2.09468726098e-05,2.68456151389e-05,1123,584,False
1300,2.61668974417e-05,3.79498087568e-05,2198,1936,False
1301,2.03153067559e-05,2.56231251115e-05,930,361,False
1302,2.6402030926e-05,3.61019483535e-05,2237,1704,False
1303,3.55289339495e-05,5.83496403124e-05,2909,2880,False
1304,1.43328661579e-05,2.32757884078e-05,2,80,False
1305,2.2016798539e-05,3.40969963872e-05,1399,1473,False
1306,2.27517266467e-05,3.54515250365e-05,1582,1636,False
1307,1.97681401914e-05,3.61290549336e-05,757,1709,False
1308,2.06298718695e-05,2.70277396339e-05,1015,619,False
1309,2.9403336157e-05,3.89741835534e-05,2619,2088,False
1310,2.17236174649e-05,3.04167933791e-05,1330,1033,False
1311,2.28181561397e-05,3.64283259842e-05,1598,1747,False
1312,2.39135642914e-05,3.76034186047e-05,1825,1899,False
1313,2.26667343668e-05,3.67423890566e-05,1564,1791,False
1314,1.80069127964e-05,2.36542528e-05,269,103,False
1315,2.71035642072e-05,3.87284926546e-05,2348,2046,False
1316,1.59638038895e-05,2.07844968827e-05,18,8,False
1317,2.58221080003e-05,3.87279906136e-05,2147,2045,False
1318,3.5375738662e-05,5.64746806049e-05,2904,2845,False
1319,2.03083418455e-05,2.93944594887e-05,926,922,False
1320,2.03854106076e-05,3.15705801768e-05,951,1173,False
1321,2.02930477826e-05,3.14350654662e-05,922,1161,False
1322,1.79535472853e-05,3.13328091579e-05,257,1152,False
1323,1.83294159797e-05,2.59257867583e-05,331,405,False
1324,2.98145514535e-05,4.22174307459e-05,2651,2547,False
1325,1.83476222446e-05,2.57919673459e-05,334,387,False
1326,2.71534700005e-05,4.36026457464e-05,2360,2660,False
1327,2.20576312131e-05,3.59564837709e-05,1405,1689,False
1328,2.40462704824e-05,3.69719055016e-05,1849,1814,False
1329,1.97338413273e-05,2.68938201771e-05,737,597,False
1330,2.78869956674e-05,4.14539754274e-05,2464,2453,False
1331,2.26848260354e-05,2.9970671676e-05,1568,981,False
1332,2.59726475633e-05,3.92848596675e-05,2168,2133,False
1333,3.60158992407e-05,6.15151730017e-05,2926,2937,False
1334,1.88490212167e-05,2.91074356937e-05,481,886,False
1335,2.23769584409e-05,3.41148661391e-05,1495,1478,False
1336,2.22255985136e-05,3.46627930412e-05,1450,1544,False
1337,2.28964709095e-05,3.86673273169e-05,1623,2036,False
1338,1.97381450562e-05,2.50692464761e-05,739,278,False
1339,2.70106847893e-05,3.8237991248e-05,2333,1970,False
1340,2.30890327657e-05,3.21055449604e-05,1666,1236,False
1341,2.54274236795e-05,3.97455623897e-05,2078,2202,False
1342,2.67622453975e-05,4.21290460508e-05,2293,2536,False
1343,2.10595553654e-05,3.44985091942e-05,1148,1526,False
1344,1.71533411049e-05,2.35691659327e-05,127,99,False
1345,3.13534801535e-05,4.24521022069e-05,2753,2573,False
1346,1.88467056432e-05,2.40499684878e-05,479,136,False
1347,2.73380392173e-05,4.01264660468e-05,2398,2272,False
1348,3.28222558892e-05,5.79303705308e-05,2818,2871,False
1349,1.4926032236e-05,2.26099637075e-05,7,44,False
1350,2.03151848837e-05,3.24303036905e-05,929,1272,False
1351,2.01472794288e-05,3.28544010699e-05,884,1319,False
1352,1.9196078938e-05,3.32866038661e-05,577,1364,False
1353,1.96869259526e-05,2.77356321021e-05,727,724,False
1354,3.05001831293e-05,4.30779800809e-05,2703,2623,False
1355,2.06374570553e-05,2.80724252661e-05,1018,761,False
1356,2.39899109147e-05,4.02436126024e-05,1839,2287,False
1357,2.16111329792e-05,3.66038366337e-05,1293,1766,False
1358,2.42796904786e-05,4.09122185374e-05,1888,2385,False
1359,2.07719567697e-05,2.81334978354e-05,1063,767,False
1360,2.97795504594e-05,4.44044817414e-05,2647,2717,False
1361,2.08659585041e-05,2.71082535619e-05,1097,629,False
1362,2.37901513174e-05,3.72658178094e-05,1809,1847,False
1363,3.24817920045e-05,5.85279522056e-05,2800,2887,False
1364,1.75378208951e-05,2.67308587354e-05,183,555,False
1365,2.08356395888e-05,3.1641611713e-05,1086,1185,False
1366,2.25275107368e-05,3.50321206497e-05,1532,1583,False
1367,1.64457742358e-05,2.84315538011e-05,46,812,False
1368,1.84539949259e-05,2.48900760198e-05,372,246,False
1369,2.67311297648e-05,3.91408393625e-05,2286,2117,False
1370,2.13087678276e-05,2.96257003356e-05,1222,948,False
1371,2.63343554252e-05,4.06073449994e-05,2226,2351,False
1372,2.21257414523e-05,3.54997609975e-05,1424,1643,False
1373,2.298668187e-05,3.88849657611e-05,1648,2070,False
1374,2.15947984543e-05,2.93461162073e-05,1291,915,False
1375,2.84691177512e-05,4.1749990487e-05,2532,2492,False
1376,2.00515842153e-05,2.64768495981e-05,847,511,False
1377,2.35639363382e-05,3.41478807968e-05,1754,1480,False
1378,3.22817650158e-05,5.38668537047e-05,2794,2814,False
1379,1.97530134756e-05,2.7237674658e-05,750,647,False
1380,2.28839144256e-05,3.48936810042e-05,1618,1570,False
1381,2.36102514464e-05,3.54969524778e-05,1765,1641,False
1382,1.90342179849e-05,3.33968928317e-05,537,1383,False
1383,1.7113670765e-05,2.30103851209e-05,122,64,False
1384,2.98580271192e-05,4.21596523665e-05,2656,2541,False
1385,1.97116387426e-05,2.69954161922e-05,732,615,False
1386,2.45939409069e-05,4.22464654548e-05,1950,2551,False
1387,2.34898307099e-05,3.74459741579e-05,1742,1875,False
1388,2.1081241357e-05,3.23765707435e-05,1155,1266,False
1389,1.97252920771e-05,2.59830339928e-05,735,410,False
1390,3.20335893775e-05,4.28509156336e-05,2782,2608,False
1391,1.70078783412e-05,2.28953394981e-05,104,57,False
1392,2.67438936135e-05,3.85799576179e-05,2289,2027,False
1393,3.4038497688e-05,5.80811647524e-05,2867,2876,False
1394,1.83905995073e-05,2.6352407076e-05,350,490,False
1395,2.16352746065e-05,3.13219279633e-05,1301,1149,False
1396,2.16809294216e-05,3.25797518599e-05,1319,1288,False
1397,1.89602269529e-05,3.43619394698e-05,517,1509,False
1398,1.86961660802e-05,2.61800832959e-05,443,449,False
1399,2.88637165795e-05,3.88494154322e-05,2576,2063,False
1400,2.0359071641e-05,2.87995608232e-05,943,855,False
1401,2.75954680546e-05,4.62940624857e-05,2432,2778,False
1402,2.42922851612e-05,3.77871037927e-05,1890,1923,False
1403,2.15166000999e-05,3.56419914169e-05,1267,1653,False
1404,2.39906366915e-05,3.47475142917e-05,1840,1554,False
1405,3.06651490973e-05,4.37791131844e-05,2719,2677,False
1406,2.35885509028e-05,3.03202432406e-05,1759,1016,False
1407,2.51992987614e-05,4.06009712606e-05,2044,2349,False
1408,3.19492100971e-05,5.53382960788e-05,2777,2831,False
1409,1.70224229805e-05,2.57887877524e-05,112,386,False
1410,2.03351100936e-05,3.03460656141e-05,934,1019,False
1411,2.11584774661e-05,3.13536438625e-05,1178,1155,False
1412,1.95935226657e-05,3.41747399943e-05,696,1486,False
1413,1.88725625776e-05,2.5244527933e-05,488,302,False
1414,2.89266881737e-05,3.93272021029e-05,2582,2138,False
1415,2.1898184059e-05,3.02634070977e-05,1362,1012,False
1416,2.57965930359e-05,4.28119274147e-05,2143,2605,False
1417,2.35362276726e-05,3.80213459721e-05,1752,1941,False
1418,2.35739789787e-05,3.77546894015e-05,1756,1915,False
1419,1.90295104403e-05,2.69195916189e-05,535,602,False
1420,2.9698243452e-05,4.11352230003e-05,2643,2418,False
1421,2.09551799344e-05,2.78579864244e-05,1124,742,False
1422,2.57773208432e-05,3.90822715417e-05,2140,2105,False
1423,3.42338207702e-05,5.68465256947e-05,2871,2850,False
1424,1.81031628017e-05,2.79848773062e-05,291,754,False
1425,2.38312240981e-05,3.58411707566e-05,1813,1676,False
1426,2.26702595683e-05,3.55690681317e-05,1565,1649,False
1427,2.1642754291e-05,3.7484227505e-05,1304,1877,False
1428,1.92446914298e-05,2.64353384409e-05,594,499,False
1429,2.92355925922e-05,3.98671872972e-05,2608,2229,False
1430,2.13004368561e-05,3.04368677462e-05,1218,1036,False
1431,2.5112169169e-05,4.1668110498e-05,2030,2481,False
1432,2.66850129265e-05,4.0818056732e-05,2278,2377,False
1433,2.434707676e-05,3.65349696949e-05,1896,1758,False
1434,2.0023810066e-05,2.59318640019e-05,837,406,False
1435,2.98231880151e-05,4.03406484111e-05,2653,2302,False
1436,2.23586521315e-05,2.63063466264e-05,1489,476,False
1437,2.86566955765e-05,4.21285949415e-05,2558,2535,False
1438,3.43848296325e-05,5.88425609749e-05,2877,2892,False
1439,1.78538284672e-05,2.4906354156e-05,235,251,False
1440,1.88647391042e-05,2.89374856948e-05,487,867,False
1441,2.08419805858e-05,3.13599994115e-05,1090,1156,False
1442,1.73420030478e-05,3.05821340589e-05,146,1056,False
1443,1.85418139154e-05,2.61348031927e-05,393,439,False
1444,3.01321015286e-05,4.32000670116e-05,2672,2632,False
1445,2.03751806112e-05,2.78247280221e-05,948,734,False
1446,2.73624809779e-05,4.13083653257e-05,2401,2440,False
1447,2.49884797086e-05,4.06963663409e-05,2013,2363,False
1448,2.83352164843e-05,4.49961953564e-05,2514,2745,False
1449,2.02716510103e-05,2.83854442387e-05,920,804,False
1450,2.74497106147e-05,4.00227036153e-05,2413,2258,False
1451,2.28786084335e-05,2.85118767351e-05,1616,819,False
1452,2.94284109259e-05,3.98012052756e-05,2620,2214,False
1453,3.13298914989e-05,5.41413864994e-05,2749,2816,False
1454,1.73892294697e-05,2.96662092296e-05,155,953,False
1455,2.22370581469e-05,3.34722535626e-05,1456,1389,False
1456,2.18935983867e-05,3.51545349986e-05,1360,1600,False
1457,1.95143602468e-05,3.56244599971e-05,670,1650,False
1458,2.0749939722e-05,2.77750696114e-05,1055,727,False
1459,2.91615160677e-05,4.07798070228e-05,2601,2372,False
1460,2.08006549656e-05,2.90521893476e-05,1073,879,False
1461,2.57123228948e-05,4.17526971432e-05,2129,2493,False
1462,2.28300705203e-05,3.75206764147e-05,1603,1883,False
1463,2.23086681217e-05,3.60861849913e-05,1470,1702,False
1464,2.00916892936e-05,2.73472669505e-05,859,662,False
1465,3.07529917336e-05,4.3420412112e-05,2726,2646,False
1466,1.75125678652e-05,2.35537827393e-05,177,98,False
1467,2.65964772552e-05,3.98854717787e-05,2268,2232,False
1468,3.49288602592e-05,6.01657302468e-05,2893,2919,False
1469,1.79250873771e-05,2.68072199106e-05,248,571,False
1470,2.06929835258e-05,3.24628454109e-05,1037,1278,False
1471,2.03666095331e-05,3.48385437974e-05,947,1563,False
1472,1.68910555658e-05,2.98363083857e-05,88,968,False
1473,1.88993381016e-05,2.68119838438e-05,497,574,False
1474,3.02101252601e-05,4.20209071308e-05,2679,2521,False
1475,2.1973537514e-05,2.83624176518e-05,1383,799,False
1476,2.70820564765e-05,4.29834835813e-05,2343,2617,False
1477,2.52428890235e-05,3.8270089135e-05,2052,1978,False
1478,2.60412780335e-05,3.99746459152e-05,2178,2244,False
1479,2.04531188501e-05,2.68729745585e-05,968,593,False
1480,2.76470218523e-05,3.96599825763e-05,2436,2185,False
1481,2.16467396967e-05,2.82060445898e-05,1307,777,False
1482,2.78510506178e-05,4.21076438215e-05,2457,2530,False
1483,3.29300419253e-05,5.56467530259e-05,2825,2838,False
1484,1.63905915542e-05,2.56412167801e-05,42,364,False
1485,2.09181962418e-05,3.04168042931e-05,1111,1034,False
1486,2.26772062888e-05,3.37466444762e-05,1567,1433,False
1487,1.8591488697e-05,3.19666360156e-05,411,1220,False
1488,1.84227083082e-05,2.44122511504e-05,361,188,False
1489,2.95748050121e-05,4.03999219998e-05,2631,2311,False
1490,2.18767563638e-05,3.08140952257e-05,1358,1091,False
1491,2.49909298873e-05,4.10265238315e-05,2014,2398,False
1492,2.44228631345e-05,3.97995318053e-05,1912,2213,False
1493,2.47936841333e-05,3.82713515137e-05,1982,1979,False
1494,2.37355179706e-05,2.90213429253e-05,1792,874,False
1495,2.73531240964e-05,3.97059448005e-05,2399,2191,False
1496,1.84176242328e-05,2.27695527428e-05,360,50,False
1497,2.40874305746e-05,3.62444734492e-05,1860,1726,False
1498,3.06729016302e-05,5.70096817682e-05,2720,2852,False
1499,1.86296074389e-05,2.66106344498e-05,422,534,False
1500,1.91670387721e-05,2.90753869194e-05,566,883,False
1501,2.20018191612e-05,3.57790559065e-05,1390,1672,False
1502,1.97961489903e-05,3.19604550896e-05,771,1219,False
1503,1.9075567252e-05,2.61844834313e-05,546,450,False
1504,3.01600302919e-05,4.20070755354e-05,2675,2519,False
1505,2.23649713007e-05,2.949962618e-05,1493,935,False
1506,2.66116840066e-05,4.04161619372e-05,2272,2314,False
1507,2.52802456089e-05,4.06161161663e-05,2057,2353,False
1508,2.50457705988e-05,4.05715727538e-05,2022,2342,False
1509,2.19202793232e-05,2.97781862173e-05,1367,961,False
1510,2.88510636892e-05,4.04943748435e-05,2574,2329,False
1511,1.85902335943e-05,2.34110957535e-05,410,84,False
1512,2.38147349592e-05,3.6890640331e-05,1811,1807,False
1513,3.56277087121e-05,5.91481402807e-05,2912,2903,False
1514,2.01312122954e-05,2.85440582957e-05,875,822,False
1515,2.4038947231e-05,3.90792156395e-05,1848,2104,False
1516,2.37945841945e-05,3.65212508768e-05,1810,1755,False
1517,1.80110328074e-05,3.29331414832e-05,270,1330,False
1518,1.89868951566e-05,2.41106572503e-05,522,144,False
1519,3.0912739021e-05,4.54244109278e-05,2732,2757,False
1520,2.17494161916e-05,3.17099111271e-05,1333,1196,False
1521,2.61506756942e-05,4.28979219578e-05,2196,2612,False
1522,2.47021216637e-05,3.81814206776e-05,1963,1960,False
1523,2.82776945824e-05,4.42892414867e-05,2506,2709,False
1524,2.07766297535e-05,2.73171062872e-05,1064,659,False
1525,2.95071731671e-05,4.05987375416e-05,2624,2348,False
1526,2.12843333429e-05,2.77077833744e-05,1209,715,False
1527,2.90568950732e-05,4.03225785703e-05,2594,2299,False
1528,3.21201187035e-05,5.48553070985e-05,2787,2825,False
1529,1.85614208021e-05,2.86684880848e-05,404,841,False
1530,2.21339250857e-05,3.36389166478e-05,1428,1415,False
1531,2.28830376727e-05,3.29207396135e-05,1617,1326,False
1532,1.7646676497e-05,2.92908516712e-05,195,911,False
1533,1.88001777133e-05,2.38041920966e-05,467,113,False
1534,2.59657772403e-05,3.72249196516e-05,2166,1843,False
1535,2.28640983551e-05,3.12834563374e-05,1613,1144,False
1536,2.39536457229e-05,3.63451472367e-05,1831,1739,False
1537,2.70373875537e-05,4.17138326156e-05,2338,2488,False
1538,2.31740687013e-05,3.59106452379e-05,1690,1684,False
1539,2.2202868422e-05,2.86701342702e-05,1444,842,False
1540,2.71242333838e-05,3.84725608455e-05,2353,2015,False
1541,2.15058207687e-05,2.67300165433e-05,1262,554,False
1542,2.52945210377e-05,3.7404417526e-05,2062,1868,False
1543,3.13619566441e-05,5.33086822543e-05,2755,2810,False
1544,1.81211871677e-05,2.62439843937e-05,295,463,False
1545,2.24473878916e-05,3.33596508426e-05,1508,1378,False
1546,2.05666856345e-05,3.08071284962e-05,1002,1089,False
1547,2.21493482968e-05,3.7826361222e-05,1434,1927,False
1548,2.11820806726e-05,2.76912160189e-05,1187,713,False
1549,2.99980711134e-05,4.11847977375e-05,2666,2425,False
1550,2.25152034545e-05,3.08970484184e-05,1531,1106,False
1551,2.96136349789e-05,4.36453919974e-05,2637,2664,False
1552,2.34641374846e-05,3.95428323827e-05,1736,2170,False
1553,2.37009298871e-05,3.66155181837e-05,1786,1768,False
1554,2.01926613954e-05,2.82591954601e-05,902,782,False
1555,2.66606293735e-05,3.8205729652e-05,2277,1963,False
1556,1.81538362085e-05,2.37144013226e-05,301,106,False
1557,2.54700407822e-05,3.68701221305e-05,2093,1804,False
1558,3.37719429808e-05,5.79788029427e-05,2858,2873,False
1559,1.83878673852e-05,2.90467669402e-05,348,877,False
1560,1.86892575584e-05,2.86579233943e-05,439,839,False
1561,2.16873177123e-05,3.19214414048e-05,1320,1215,False
1562,2.05066389753e-05,3.51435883204e-05,986,1597,False
1563,1.75687455339e-05,2.44560251303e-05,188,192,False
1564,3.09071619995e-05,4.42932723672e-05,2731,2710,False
1565,1.77339879883e-05,2.6673940738e-05,212,543,False
1566,2.84983289021e-05,4.49690087407e-05,2540,2742,False
1567,2.53982016147e-05,4.03818812629e-05,2073,2309,False
1568,2.49708282354e-05,3.86991705454e-05,2009,2043,False
1569,1.93219839275e-05,2.61439508904e-05,616,442,False
1570,2.53149682976e-05,3.61148304364e-05,2063,1705,False
1571,1.98960133275e-05,2.84314573946e-05,803,811,False
1572,2.36231571762e-05,3.5710119846e-05,1770,1665,False
1573,3.83789083571e-05,6.52876842651e-05,2966,2981,False
1574,1.90139617189e-05,3.06098445435e-05,528,1062,False
1575,2.09878962778e-05,3.2642052247e-05,1131,1294,False
1576,2.37817766902e-05,3.70690577256e-05,1807,1822,False
1577,1.96403161681e-05,3.38059799105e-05,708,1437,False
1578,1.99937185243e-05,2.44397360802e-05,828,189,False
1579,3.13299315167e-05,4.61129529867e-05,2750,2776,False
1580,2.15732434299e-05,3.02222924802e-05,1286,1008,False
1581,2.73668447335e-05,4.21974582423e-05,2404,2545,False
1582,2.34540711972e-05,3.70671550627e-05,1733,1821,False
1583,2.21906939259e-05,3.80497913284e-05,1441,1944,False
1584,2.04586940526e-05,2.87557522824e-05,971,850,False
1585,3.02758962789e-05,4.29965584772e-05,2685,2618,False
1586,1.63491531566e-05,2.33851224039e-05,38,82,False
1587,2.55972354353e-05,3.63703766197e-05,2115,1744,False
1588,3.805535016e-05,6.3809013227e-05,2962,2965,False
1589,2.05770011235e-05,2.78575953416e-05,1004,741,False
1590,1.97992449102e-05,2.96407470159e-05,773,950,False
1591,2.21345726459e-05,3.43694446201e-05,1429,1510,False
1592,1.87497280422e-05,3.28995847667e-05,451,1325,False
1593,2.12251870835e-05,2.99781822832e-05,1194,984,False
1594,2.96373527817e-05,4.30319378211e-05,2639,2622,False
1595,1.97443223442e-05,2.70428809017e-05,744,624,False
1596,2.64637128566e-05,4.12315930589e-05,2245,2429,False
1597,1.97883164219e-05,3.41053382726e-05,767,1476,False
1598,2.37563508563e-05,3.75204290322e-05,1797,1882,False
1599,1.97551235033e-05,2.53591442743e-05,751,321,False
1600,2.53178859566e-05,3.6049503251e-05,2065,1695,False
1601,2.05354026548e-05,2.55755167018e-05,994,349,False
1602,2.7649823096e-05,4.0661667299e-05,2437,2359,False
1603,3.63876861229e-05,5.89709052292e-05,2934,2900,False
1604,1.90184455278e-05,2.8635835406e-05,529,836,False
1605,2.22036323976e-05,3.31960654876e-05,1446,1360,False
1606,1.97081772058e-05,2.9686400012e-05,731,954,False
1607,1.5853842342e-05,2.9196144169e-05,17,900,False
1608,1.96365162992e-05,2.57858955592e-05,705,385,False
1609,3.2469353755e-05,4.55860135844e-05,2798,2760,False
1610,2.04010739253e-05,2.87087441393e-05,954,844,False
1611,2.847482574e-05,4.45566001872e-05,2536,2724,False
1612,2.5326749892e-05,3.82685211662e-05,2067,1977,False
1613,2.62711091636e-05,4.14836795244e-05,2214,2455,False
1614,2.10213220271e-05,2.64914124273e-05,1138,512,False
1615,2.89414329018e-05,4.04374659411e-05,2584,2319,False
1616,2.23215702135e-05,2.9087814255e-05,1475,884,False
1617,2.97956830764e-05,4.2173986003e-05,2650,2543,False
1618,3.69605222659e-05,5.9858764871e-05,2944,2916,False
1619,2.05291635211e-05,2.85981004708e-05,992,827,False
1620,2.1937827114e-05,3.39706384693e-05,1376,1455,False
1621,2.24854411499e-05,3.445872062e-05,1522,1518,False
1622,1.86298711924e-05,3.21460138366e-05,423,1243,False
1623,2.04262196348e-05,2.73556888715e-05,963,665,False
1624,3.11883595714e-05,4.58542999695e-05,2745,2767,False
1625,2.02992832783e-05,2.73529349215e-05,924,664,False
1626,3.09244969685e-05,4.54139262729e-05,2734,2756,False
1627,2.22299750021e-05,3.57098069799e-05,1451,1664,False
1628,2.31739377341e-05,3.83559381589e-05,1689,1990,False
1629,1.92653169506e-05,2.63947385974e-05,601,494,False
1630,2.55937029578e-05,3.73991388187e-05,2114,1867,False
1631,2.03605268325e-05,2.56188213825e-05,944,358,False
1632,2.42997266469e-05,3.42640123563e-05,1892,1496,False
1633,3.35519252985e-05,5.85443012824e-05,2852,2888,False
1634,1.78996851901e-05,2.69549018412e-05,241,610,False
1635,2.2037736926e-05,3.25264372805e-05,1403,1284,False
1636,2.3970458642e-05,3.61787024303e-05,1834,1716,False
1637,1.80748338607e-05,3.08253220282e-05,286,1092,False
1638,1.84865439223e-05,2.57307074207e-05,381,378,False
1639,2.90163861791e-05,4.1746730858e-05,2590,2491,False
1640,1.98729576368e-05,2.7165571737e-05,795,641,False
1641,2.67316954705e-05,4.38926654169e-05,2287,2681,False
1642,2.40694498643e-05,3.93379013985e-05,1856,2140,False
1643,2.44848906732e-05,4.14906426158e-05,1930,2458,False
1644,2.18537606997e-05,2.749154919e-05,1355,684,False
1645,2.61835521087e-05,3.73654875148e-05,2201,1860,False
1646,1.72487143573e-05,2.25023050007e-05,140,37,False
1647,2.53889211308e-05,3.93596783397e-05,2072,2144,False
1648,3.43547471857e-05,5.80765663472e-05,2876,2875,False
1649,1.69597260538e-05,2.51911824307e-05,98,294,False
1650,2.10749149119e-05,3.14808130497e-05,1152,1165,False
1651,2.37084277614e-05,3.50414957211e-05,1787,1585,False
1652,2.27709770115e-05,3.75267336494e-05,1586,1884,False
1653,1.83850879694e-05,2.43205104198e-05,347,170,False
1654,3.02479656966e-05,4.18205308961e-05,2683,2504,False
1655,1.98826874112e-05,2.85676669591e-05,800,824,False
1656,2.62078428932e-05,4.24277168349e-05,2203,2570,False
1657,2.44353304879e-05,3.77743817808e-05,1917,1918,False
1658,2.04931948247e-05,3.25927649101e-05,985,1290,False
1659,1.79269300133e-05,2.41062261921e-05,251,143,False
1660,2.92133208859e-05,3.97893090849e-05,2606,2210,False
1661,2.05177857424e-05,2.39858982241e-05,991,130,False
1662,2.99180428556e-05,4.16120674345e-05,2663,2474,False
1663,3.29886752297e-05,5.47575582459e-05,2828,2824,False
1664,1.85039716598e-05,2.66350543825e-05,384,536,False
1665,1.96401379071e-05,3.04777440761e-05,707,1045,False
1666,2.15220115933e-05,3.10834802804e-05,1270,1126,False
1667,1.79481939995e-05,2.99676194118e-05,256,980,False
1668,1.6549760403e-05,2.34139133681e-05,54,86,False
1669,3.33304451487e-05,4.67187346658e-05,2845,2782,False
1670,2.19284102059e-05,3.09527786158e-05,1371,1111,False
1671,2.58400759776e-05,4.15859358327e-05,2148,2471,False
1672,2.40915051108e-05,4.03288904636e-05,1861,2301,False
1673,2.55933791777e-05,4.08296364185e-05,2113,2379,False
1674,2.11924289033e-05,3.08331655106e-05,1189,1094,False
1675,2.62182293227e-05,3.71134119632e-05,2205,1829,False
1676,1.89873899217e-05,2.53968573816e-05,523,327,False
1677,2.58959880739e-05,3.62902210327e-05,2159,1734,False
1678,3.13454474963e-05,5.54633916181e-05,2751,2834,False
1679,1.74473407242e-05,2.43020003836e-05,165,167,False
1680,2.07700450119e-05,3.19750179187e-05,1062,1222,False
1681,2.29939178098e-05,3.36662997142e-05,1650,1421,False
1682,1.95031298063e-05,3.37457131536e-05,665,1432,False
1683,2.10649923247e-05,2.65572962235e-05,1150,522,False
1684,3.32685558533e-05,4.76668792544e-05,2838,2798,False
1685,1.95680113393e-05,2.78548559436e-05,685,740,False
1686,2.44522198045e-05,3.88353182643e-05,1923,2060,False
1687,2.44101993303e-05,3.86962929042e-05,1909,2042,False
1688,2.83864847006e-05,4.34998255514e-05,2525,2654,False
1689,2.03562412935e-05,2.66856914095e-05,941,545,False
1690,2.60243268713e-05,3.65548767149e-05,2175,1761,False
1691,1.89968250197e-05,2.32443217101e-05,525,76,False
1692,2.52049394476e-05,3.56256932719e-05,2046,1651,False
1693,3.28360001731e-05,5.6079501519e-05,2820,2842,False
1694,1.63093973242e-05,2.51573874266e-05,36,290,False
1695,2.13048097066e-05,3.2084655686e-05,1220,1233,False
1696,2.07866287383e-05,3.10112154693e-05,1069,1117,False
1697,1.71876254171e-05,3.21992338286e-05,135,1247,False
1698,1.94693438971e-05,2.6869109206e-05,655,591,False
1699,3.3052991057e-05,4.71104031021e-05,2831,2788,False
1700,2.22542184929e-05,3.0429866456e-05,1461,1035,False
1701,2.88883784378e-05,4.72140382044e-05,2578,2790,False
1702,2.76583250525e-05,4.42016062152e-05,2440,2700,False
1703,2.21901009354e-05,3.61468155461e-05,1440,1713,False
1704,1.97810750251e-05,2.68100138783e-05,763,572,False
1705,2.82842702291e-05,4.09218300774e-05,2507,2386,False
1706,2.11488677451e-05,2.69309712166e-05,1172,606,False
1707,2.96834041364e-05,4.36660011474e-05,2642,2665,False
1708,3.75506424461e-05,6.30801223451e-05,2956,2958,False
1709,1.90389055206e-05,2.84452798951e-05,538,814,False
1710,2.25068270083e-05,3.36198972946e-05,1527,1409,False
1711,2.438896081e-05,3.57332319254e-05,1905,1668,False
1712,1.9496303139e-05,3.40921214956e-05,662,1471,False
1713,1.9056335077e-05,2.67368723144e-05,543,556,False
1714,2.78857805824e-05,4.05497921747e-05,2463,2341,False
1715,1.72706550075e-05,2.43166487053e-05,142,169,False
1716,2.61053100985e-05,4.26773476647e-05,2185,2595,False
1717,2.55345221376e-05,3.99770506192e-05,2101,2245,False
1718,2.21842201427e-05,3.39245016221e-05,1439,1447,False
1719,1.84798263945e-05,2.38284337684e-05,377,115,False
1720,2.59727985394e-05,3.51160961145e-05,2169,1595,False
1721,2.09383106267e-05,2.53077632806e-05,1119,311,False
1722,2.76161536021e-05,4.02218211093e-05,2433,2285,False
1723,3.93663503928e-05,6.55775220366e-05,2985,2983,False
1724,1.74852339114e-05,2.52101981459e-05,169,296,False
1725,2.12859613384e-05,3.51445232809e-05,1210,1598,False
1726,2.3180307835e-05,3.67562643078e-05,1693,1793,False
1727,1.84321688721e-05,3.34173637384e-05,364,1385,False
1728,1.98709421966e-05,2.67457780865e-05,793,559,False
1729,2.79953001154e-05,4.11682158301e-05,2473,2424,False
1730,2.22993730858e-05,2.88827031909e-05,1468,864,False
1731,2.54672395386e-05,4.24498284701e-05,2092,2572,False
1732,2.45226365223e-05,3.98474003305e-05,1938,2225,False
1733,2.23088500206e-05,3.58676516043e-05,1471,1680,False
1734,2.00652866624e-05,2.71489625447e-05,851,638,False
1735,2.62243866018e-05,3.98025367758e-05,2207,2215,False
1736,1.98716570594e-05,2.52332756645e-05,794,299,False
1737,2.64121645159e-05,3.98850352212e-05,2238,2231,False
1738,3.29842878273e-05,5.71576529182e-05,2827,2858,False
1739,2.08264136745e-05,2.95616246149e-05,1083,938,False
1740,2.2989077479e-05,3.43376013916e-05,1649,1506,False
1741,2.47151328949e-05,3.91592584492e-05,1967,2120,False
1742,2.05880860449e-05,3.44911168213e-05,1005,1524,False
1743,1.97765857592e-05,2.72495508398e-05,761,649,False
1744,3.26281842717e-05,4.50865190942e-05,2807,2748,False
1745,1.89351667359e-05,2.53530943155e-05,508,320,False
1746,2.84280704363e-05,4.4543074182e-05,2530,2722,False
1747,2.6340578188e-05,4.03582234867e-05,2229,2303,False
1748,2.34619074035e-05,3.83570622944e-05,1735,1991,False
1749,2.05483756872e-05,2.64614591288e-05,996,503,False
1750,3.4227661672e-05,4.74251028209e-05,2870,2792,False
1751,1.95450284082e-05,2.46870768024e-05,679,218,False
1752,2.61409659288e-05,3.84618288081e-05,2195,2013,False
1753,3.25045148202e-05,5.53080462851e-05,2802,2830,False
1754,1.87637324416e-05,2.82901892206e-05,457,787,False
1755,2.31939702644e-05,3.3210581023e-05,1696,1361,False
1756,2.39841137954e-05,3.50399895979e-05,1837,1584,False
1757,2.13131406781e-05,3.50719092239e-05,1225,1589,False
1758,1.91909057321e-05,2.39301698457e-05,575,121,False
1759,2.45673945756e-05,3.1587875128e-05,1946,1177,False
1760,1.84011751116e-05,2.42647856794e-05,354,160,False
1761,2.46135441557e-05,3.90013556171e-05,1953,2093,False
1762,2.18352142838e-05,3.3594751585e-05,1349,1405,False
1763,2.09033005376e-05,3.08495364152e-05,1107,1096,False
1764,2.12620943785e-05,2.8114336601e-05,1204,765,False
1765,2.41193974944e-05,3.41355735145e-05,1864,1479,False
1766,1.59653682203e-05,1.9724790036e-05,19,4,False
1767,2.72376037174e-05,3.73686743842e-05,2375,1861,False
1768,3.47580353264e-05,5.80456180614e-05,2889,2874,False
1769,1.55267407536e-05,2.40831977862e-05,14,138,False
1770,2.0131788915e-05,3.16285986628e-05,876,1182,False
1771,2.30190871662e-05,3.36375815095e-05,1652,1413,False
1772,1.71931751538e-05,3.05716203002e-05,137,1054,False
1773,1.95688880922e-05,2.66259266937e-05,687,535,False
1774,2.83743083855e-05,4.08263367717e-05,2521,2378,False
1775,1.91385515791e-05,2.68478670478e-05,560,585,False
1776,2.48292508331e-05,3.97120093112e-05,1988,2194,False
1777,2.61806671915e-05,4.21646764153e-05,2200,2542,False
1778,2.10312155104e-05,3.48511639459e-05,1142,1567,False
1779,1.99111127586e-05,2.57374285866e-05,805,380,False
1780,3.30986040353e-05,4.59702168882e-05,2832,2771,False
1781,1.86236757145e-05,2.36611049331e-05,418,104,False
1782,2.44496623054e-05,3.55081901944e-05,1921,1644,False
1783,3.96204704884e-05,6.72282913001e-05,2988,2995,False
1784,1.90215741895e-05,2.73892546829e-05,532,668,False
1785,2.23679453484e-05,3.22573687299e-05,1494,1253,False
1786,2.35178122239e-05,3.48836874764e-05,1748,1569,False
1787,1.79247490451e-05,3.07423906634e-05,247,1079,False
1788,1.93141841009e-05,2.51640794886e-05,612,291,False
1789,3.06489928334e-05,4.17561859649e-05,2718,2494,False
1790,2.07182638405e-05,2.88138398901e-05,1046,856,False
1791,2.90581356239e-05,4.67617610411e-05,2595,2783,False
1792,2.08217934414e-05,3.49470683432e-05,1081,1576,False
1793,2.38483025896e-05,3.81256722903e-05,1815,1954,False
1794,1.87986152014e-05,2.41026955337e-05,466,142,False
1795,2.58461550402e-05,3.6667654058e-05,2149,1782,False
1796,1.93784289877e-05,2.52354620898e-05,626,301,False
1797,2.65437629423e-05,4.16194488935e-05,2255,2477,False
1798,3.39553880622e-05,5.91500393057e-05,2860,2904,False
1799,1.77043166332e-05,2.7098283681e-05,205,628,False
1800,2.1851315978e-05,3.26759000018e-05,1354,1299,False
1801,2.33537521126e-05,3.31295304932e-05,1718,1351,False
1802,1.92706138478e-05,3.43515894201e-05,602,1507,False
1803,1.73569769686e-05,2.66452298092e-05,151,537,False
1804,3.19665232382e-05,4.48024838988e-05,2779,2734,False
1805,1.84090913535e-05,2.50187367783e-05,356,268,False
1806,2.59145945165e-05,3.98997399316e-05,2161,2233,False
1807,2.20030415221e-05,3.68306864402e-05,1392,1801,False
1808,2.20664878725e-05,3.50215777871e-05,1408,1582,False
1809,2.05649885174e-05,2.62615085376e-05,1001,467,False
1810,2.78969982901e-05,3.83820297429e-05,2467,1998,False
1811,1.92710194824e-05,2.50612247328e-05,603,276,False
1812,2.41085508605e-05,3.56735072273e-05,1863,1657,False
1813,3.66761487385e-05,5.92235955992e-05,2939,2907,False
1814,1.63559088833e-05,2.49613221968e-05,40,257,False
1815,2.1777503207e-05,3.35168115271e-05,1342,1399,False
1816,2.15412856051e-05,3.38744430337e-05,1275,1445,False
1817,1.84837499546e-05,3.19528990076e-05,379,1218,False
1818,1.7518957975e-05,2.41733960138e-05,180,148,False
1819,2.85815203824e-05,4.00035060011e-05,2554,2257,False
1820,1.97502686206e-05,2.8435513741e-05,749,813,False
1821,2.73204332188e-05,4.1028677515e-05,2397,2399,False
1822,2.42501610046e-05,3.96458053729e-05,1880,2183,False
1823,2.38255270233e-05,3.83291262551e-05,1812,1984,False
1824,2.27998461924e-05,3.09392708004e-05,1592,1110,False
1825,2.72562665486e-05,3.98542179028e-05,2382,2226,False
1826,1.97185345314e-05,2.45137071033e-05,734,196,False
1827,2.49193763011e-05,3.58775359928e-05,1999,1681,False
1828,3.32920790242e-05,5.95540914219e-05,2841,2911,False
1829,1.62730793818e-05,2.34940671362e-05,34,93,False
1830,2.02070405066e-05,3.14285571221e-05,905,1160,False
1831,2.13208641071e-05,3.31273877237e-05,1229,1350,False
1832,2.06420008908e-05,3.61562597391e-05,1022,1714,False
1833,1.97829067474e-05,2.57084029727e-05,766,377,False
1834,2.76831997326e-05,3.86359970435e-05,2441,2032,False
1835,1.98553116206e-05,2.83656972897e-05,789,800,False
1836,2.69038137048e-05,4.28561506851e-05,2314,2609,False
1837,2.64349382633e-05,4.01051911467e-05,2243,2270,False
1838,2.10005327972e-05,3.47431814589e-05,1134,1553,False
1839,2.09609243029e-05,2.63120837189e-05,1126,478,False
1840,3.03702654492e-05,4.22604061896e-05,2688,2553,False
1841,2.03538056667e-05,2.68581698037e-05,939,588,False
1842,2.55122649833e-05,3.90741151932e-05,2097,2102,False
1843,3.61346719728e-05,6.09377639194e-05,2929,2932,False
1844,1.87006098713e-05,2.76438495348e-05,446,711,False
1845,2.36052510445e-05,3.51559065166e-05,1763,1601,False
1846,2.5806712074e-05,3.64591396647e-05,2144,1753,False
1847,1.96810724447e-05,3.3188785892e-05,725,1359,False
1848,2.05637479667e-05,2.58869422396e-05,1000,399,False
1849,2.98265113088e-05,4.26776932727e-05,2654,2596,False
1850,1.73795560841e-05,2.25658131967e-05,153,40,False
1851,2.424991726e-05,3.76971875085e-05,1879,1909,False
1852,2.50514949585e-05,3.98313168262e-05,2023,2223,False
1853,2.28353983402e-05,3.48446883436e-05,1607,1564,False
1854,1.95623106265e-05,2.54699643847e-05,683,338,False
1855,2.91588457912e-05,3.91808607674e-05,2600,2122,False
1856,1.75338482222e-05,2.22844755626e-05,182,27,False
1857,2.69757856586e-05,3.77614996978e-05,2329,1917,False
1858,3.44481741195e-05,5.20553330716e-05,2879,2807,False
1859,1.64209559443e-05,2.46367198997e-05,43,213,False
1860,2.09794088732e-05,3.23780150211e-05,1129,1267,False
1861,2.21976588364e-05,3.14086864819e-05,1443,1159,False
1862,2.4709290301e-05,4.1989118472e-05,1965,2517,False
1863,2.23134738917e-05,2.89542458631e-05,1472,868,False
1864,2.78956049442e-05,4.16149850935e-05,2466,2475,False
1865,1.94413532881e-05,2.70377604465e-05,644,621,False
1866,2.69548690994e-05,4.33500026702e-05,2321,2642,False
1867,2.41303005168e-05,3.91540816054e-05,1868,2119,False
1868,1.87932673725e-05,3.1744089938e-05,465,1199,False
1869,2.07967150345e-05,2.84015823127e-05,1071,806,False
1870,2.98908598779e-05,4.15394788433e-05,2660,2464,False
1871,1.83530282811e-05,2.39375694946e-05,338,122,False
1872,2.80947151623e-05,3.93923510273e-05,2484,2148,False
1873,3.57932585757e-05,6.02834807069e-05,2922,2921,False
1874,1.73431326402e-05,2.62454559561e-05,147,464,False
1875,2.07025332202e-05,3.04603745462e-05,1040,1041,False
1876,2.25120547839e-05,3.30241782649e-05,1529,1341,False
1877,1.76485718839e-05,2.91198211926e-05,197,888,False
1878,1.86971574294e-05,2.65322105406e-05,444,519,False
1879,3.07211521431e-05,4.16371913161e-05,2722,2478,False
1880,2.06290642382e-05,2.86161721306e-05,1014,831,False
1881,2.3220989533e-05,4.12634799432e-05,1699,2434,False
1882,2.54636088357e-05,4.0981118218e-05,2090,2391,False
1883,2.3175669412e-05,3.70987218048e-05,1691,1828,False
1884,2.11532351386e-05,2.7677979233e-05,1176,712,False
1885,2.89988711302e-05,4.13740708609e-05,2589,2445,False
1886,2.02499104489e-05,2.66060797003e-05,916,533,False
1887,2.34867038671e-05,3.51034905179e-05,1741,1592,False
1888,3.66012900486e-05,6.06177491136e-05,2938,2928,False
1889,1.84018499567e-05,2.67122413788e-05,355,552,False
1890,1.88112881006e-05,2.99736293528e-05,470,982,False
1891,2.26001502597e-05,3.31017945427e-05,1550,1348,False
1892,1.69271752384e-05,2.91601845674e-05,92,893,False
1893,1.86313973245e-05,2.43849917752e-05,425,181,False
1894,2.9290544262e-05,3.95658971684e-05,2614,2174,False
1895,2.20341516979e-05,3.16514378937e-05,1401,1186,False
1896,2.78299467027e-05,4.26008300565e-05,2455,2586,False
1897,2.73718451353e-05,4.14400274167e-05,2405,2450,False
1898,2.2975007596e-05,3.76964489988e-05,1644,1908,False
1899,1.94150725292e-05,2.6567513487e-05,637,526,False
1900,2.44285238296e-05,3.36430130119e-05,1916,1416,False
1901,1.87605328392e-05,2.570318793e-05,456,376,False
1902,2.31576668739e-05,3.34795222443e-05,1685,1392,False
1903,4.42107921117e-05,7.22622862668e-05,3000,3000,False
1904,1.85494754987e-05,2.6900013836e-05,397,598,False
1905,2.35333664023e-05,3.57401113433e-05,1750,1669,False
1906,2.4177652449e-05,3.72211216018e-05,1871,1842,False
1907,2.0735185899e-05,3.74922565243e-05,1051,1879,False
1908,1.70115727087e-05,2.26830925385e-05,105,47,False
1909,2.77087729046e-05,4.04634884035e-05,2442,2324,False
1910,2.06459026231e-05,2.80332733382e-05,1024,758,False
1911,2.88056526188e-05,4.49089238828e-05,2572,2738,False
1912,2.65198323177e-05,4.26390834036e-05,2251,2591,False
1913,2.22940725507e-05,3.84656595998e-05,1466,2014,False
1914,1.88735648408e-05,2.49890563282e-05,489,261,False
1915,3.18280217471e-05,4.60111987195e-05,2775,2774,False
1916,1.95458997041e-05,2.67595023615e-05,680,560,False
1917,2.36289743043e-05,3.71465612261e-05,1773,1835,False
1918,4.23621531809e-05,6.94304471835e-05,2999,2998,False
1919,2.05546766665e-05,2.91892301902e-05,999,899,False
1920,2.05320047826e-05,3.18756174238e-05,993,1210,False
1921,2.11727128772e-05,3.48153116647e-05,1185,1561,False
1922,1.79303660843e-05,3.08534763462e-05,252,1097,False
1923,1.84516557056e-05,2.40792469413e-05,370,137,False
1924,3.14100907417e-05,4.34741014033e-05,2757,2650,False
1925,1.9278291802e-05,2.7806026992e-05,606,733,False
1926,2.75798756775e-05,4.15922513639e-05,2430,2472,False
1927,2.29388224398e-05,3.68716573576e-05,1633,1805,False
1928,2.44529583142e-05,3.98204065277e-05,1924,2219,False
1929,2.02653845918e-05,2.56476778304e-05,918,367,False
1930,2.61845652858e-05,3.71862915927e-05,2202,1839,False
1931,2.11086153286e-05,2.53248217632e-05,1167,317,False
1932,2.51220644714e-05,3.77031683456e-05,2033,1910,False
1933,3.45900261891e-05,5.87235335843e-05,2884,2891,False
1934,1.80820152309e-05,2.63515721599e-05,289,489,False
1935,2.02449009521e-05,3.15807592415e-05,915,1175,False
1936,2.28357512242e-05,3.34953110723e-05,1608,1394,False
1937,1.89565671462e-05,3.16884179483e-05,516,1192,False
1938,2.13527473534e-05,2.66907154582e-05,1235,547,False
1939,2.4961273084e-05,3.83973856515e-05,2006,2001,False
1940,2.0508077796e-05,2.75672118732e-05,987,701,False
1941,2.5966699468e-05,4.00395801989e-05,2167,2261,False
1942,2.26242627832e-05,3.58366087312e-05,1553,1675,False
1943,2.47849729931e-05,3.85032653867e-05,1980,2019,False
1944,2.01402526727e-05,2.61227942246e-05,881,438,False
1945,2.72353099717e-05,4.20415526605e-05,2374,2523,False
1946,2.08373639907e-05,2.59924927377e-05,1088,412,False
1947,2.11527421925e-05,2.96013568004e-05,1175,943,False
1948,3.40274600603e-05,5.89042210777e-05,2866,2896,False
1949,1.84633736353e-05,2.48370415648e-05,374,236,False
1950,2.07069224416e-05,3.21639454341e-05,1042,1245,False
1951,2.24325885938e-05,3.32884774252e-05,1507,1365,False
1952,1.65240890055e-05,3.05476605718e-05,51,1052,False
1953,1.9188868464e-05,2.53176112892e-05,573,316,False
1954,3.15787146974e-05,4.5911197958e-05,2764,2768,False
1955,2.20204383368e-05,3.22757805407e-05,1400,1254,False
1956,2.69623906206e-05,4.27906379628e-05,2324,2603,False
1957,2.18003970076e-05,3.39712205459e-05,1345,1456,False
1958,2.88757491944e-05,4.40320727648e-05,2577,2689,False
1959,2.07374996535e-05,2.87651273538e-05,1053,851,False
1960,2.90936295642e-05,4.14280584664e-05,2596,2449,False
1961,2.08929177461e-05,2.8164458854e-05,1105,771,False
1962,2.94408509944e-05,4.14526402892e-05,2621,2452,False
1963,3.15404722642e-05,5.50096337975e-05,2760,2827,False
1964,1.68149526871e-05,2.53887646977e-05,78,325,False
1965,2.19945159188e-05,3.31593801093e-05,1388,1353,False
1966,2.19240864681e-05,3.27467787429e-05,1369,1308,False
1967,1.87780424312e-05,3.1928284443e-05,459,1216,False
1968,1.73863863893e-05,2.23220813496e-05,154,29,False
1969,3.27375855704e-05,4.36990376329e-05,2813,2667,False
1970,1.9045528461e-05,2.70427772193e-05,541,623,False
1971,2.5785080652e-05,4.22715165769e-05,2141,2555,False
1972,2.57210049313e-05,4.07623265346e-05,2131,2371,False
1973,2.49762888416e-05,4.10903412558e-05,2010,2412,False
1974,1.89167149074e-05,2.58769014181e-05,501,397,False
1975,2.96679645544e-05,4.17624796683e-05,2640,2496,False
1976,1.85951539606e-05,2.47418884101e-05,415,226,False
1977,2.82091950794e-05,4.10313004977e-05,2498,2400,False
1978,3.91390276491e-05,6.51116424706e-05,2982,2980,False
1979,1.80331444426e-05,2.7841395422e-05,275,738,False
1980,2.1105275664e-05,3.212208685e-05,1166,1238,False
1981,2.08532255783e-05,3.33367752319e-05,1093,1373,False
1982,2.07795128517e-05,3.65355663234e-05,1067,1759,False
1983,2.08444471355e-05,2.64015616267e-05,1091,495,False
1984,3.1748044421e-05,4.37534763478e-05,2771,2675,False
1985,2.01267903321e-05,2.85060214082e-05,872,818,False
1986,2.3779224648e-05,3.54322874045e-05,1804,1633,False
1987,2.26561023737e-05,3.72927752323e-05,1562,1851,False
1988,2.31488374993e-05,3.84818449675e-05,1684,2016,False
1989,1.90010232473e-05,2.63569982053e-05,527,491,False
1990,3.15037032124e-05,4.59265647805e-05,2758,2770,False
1991,1.94613367057e-05,2.42652640736e-05,651,161,False
1992,2.62283610937e-05,3.75344752683e-05,2209,1885,False
1993,3.33978496201e-05,5.89667397435e-05,2846,2899,False
1994,1.70170478668e-05,2.68445091933e-05,108,583,False
1995,2.30855803238e-05,3.76543248422e-05,1665,1905,False
1996,2.39751625486e-05,3.82182661269e-05,1836,1968,False
1997,2.31361336773e-05,3.91318208131e-05,1678,2114,False
1998,1.88547819562e-05,2.40876470343e-05,484,140,False
1999,2.92405366054e-05,3.93914560846e-05,2609,2147,False
2000,2.0327313905e-05,2.68230633083e-05,932,578,False
2001,2.8004122214e-05,4.42507480329e-05,2474,2705,False
2002,2.24164850806e-05,3.43860192515e-05,1504,1514,False
2003,1.95967895706e-05,3.26978151861e-05,697,1303,False
2004,1.69280883711e-05,2.14754199988e-05,93,15,False
2005,2.82655491901e-05,3.98306074203e-05,2503,2222,False
2006,1.78200261871e-05,2.28622375289e-05,230,53,False
2007,2.71045464615e-05,3.9978294808e-05,2349,2246,False
2008,3.91372523154e-05,6.65436600684e-05,2981,2988,False
2009,1.67269827216e-05,2.43463618972e-05,67,175,False
2010,2.09879763133e-05,3.19764803862e-05,1132,1223,False
2011,2.0927789592e-05,3.22054183926e-05,1115,1249,False
2012,1.96192813746e-05,3.4671924368e-05,699,1545,False
2013,1.76787143573e-05,2.35206116486e-05,203,95,False
2014,3.01890049741e-05,4.21427212132e-05,2678,2538,False
2015,2.55466638919e-05,3.46287888533e-05,2103,1541,False
2016,2.28382505156e-05,3.95853130613e-05,1609,2175,False
2017,2.51830388152e-05,3.94682465412e-05,2042,2162,False
2018,2.30715304497e-05,3.55594820576e-05,1663,1647,False
2019,2.06767981581e-05,2.92952481686e-05,1032,912,False
2020,2.7058284104e-05,3.89293672924e-05,2340,2076,False
2021,1.98081688723e-05,2.455667709e-05,776,201,False
2022,2.31728972722e-05,3.49325564457e-05,1688,1574,False
2023,3.24663742504e-05,5.70787196921e-05,2797,2856,False
2024,1.761198655e-05,2.74311096291e-05,191,671,False
2025,1.99399928533e-05,3.12016672979e-05,813,1137,False
2026,2.06272579817e-05,3.07931950374e-05,1013,1088,False
2027,1.88740250451e-05,3.40430306096e-05,490,1464,False
2028,1.86643028428e-05,2.45910305239e-05,435,205,False
2029,2.75776510534e-05,3.8483645767e-05,2429,2017,False
2030,2.25352268899e-05,3.01395339193e-05,1536,1000,False
2031,2.47540738201e-05,4.12441986555e-05,1973,2432,False
2032,2.254395622e-05,3.62143582606e-05,1541,1720,False
2033,2.37803124037e-05,3.87285654142e-05,1806,2047,False
2034,1.93845189642e-05,2.5910050681e-05,629,403,False
2035,2.8737285902e-05,4.02743498853e-05,2565,2294,False
2036,2.08359033422e-05,2.71127628366e-05,1087,630,False
2037,2.41461166297e-05,3.64499428542e-05,1869,1751,False
2038,3.51975977537e-05,6.16032702965e-05,2899,2940,False
2039,2.00700487767e-05,3.06373403873e-05,854,1066,False
2040,2.11664846574e-05,3.08766029775e-05,1183,1103,False
2041,2.39478977164e-05,3.61687161785e-05,1830,1715,False
2042,1.85474909813e-05,3.410647696e-05,395,1477,False
2043,1.83907050086e-05,2.41404923145e-05,351,145,False
2044,2.99297425954e-05,4.24230856879e-05,2664,2568,False
2045,1.78517329914e-05,2.61010627582e-05,234,436,False
2046,2.59463213297e-05,4.15544418502e-05,2164,2465,False
2047,2.55419654422e-05,4.17771552748e-05,2102,2499,False
2048,2.01541588467e-05,3.38092468155e-05,889,1438,False
2049,2.06683271244e-05,2.56927833107e-05,1030,373,False
2050,2.67212290055e-05,3.75962772523e-05,2284,1897,False
2051,1.60513991432e-05,2.17135329876e-05,25,17,False
2052,2.47956886597e-05,3.70621928596e-05,1983,1819,False
2053,3.90796594729e-05,6.48866553092e-05,2980,2977,False
2054,2.13517014345e-05,3.18892380164e-05,1234,1211,False
2055,2.27270047617e-05,3.39665202773e-05,1577,1454,False
2056,2.289449003e-05,3.47207133018e-05,1621,1551,False
2057,1.85097051144e-05,3.28419155267e-05,388,1318,False
2058,1.82751282409e-05,2.50980046985e-05,321,284,False
2059,2.90545813186e-05,4.12355511799e-05,2593,2430,False
2060,1.8987504518e-05,2.62657886196e-05,524,468,False
2061,2.52188820014e-05,4.17792289227e-05,2048,2500,False
2062,2.28346289077e-05,3.66502390534e-05,1606,1776,False
2063,2.42795249505e-05,3.73795810447e-05,1887,1866,False
2064,1.89468501048e-05,2.61660188698e-05,511,446,False
2065,2.60079996224e-05,3.85601524613e-05,2172,2024,False
2066,2.33430564549e-05,2.91562955681e-05,1714,890,False
2067,2.52905683737e-05,3.80893616239e-05,2061,1949,False
2068,3.49408001057e-05,5.91811149206e-05,2894,2905,False
2069,1.94974927581e-05,3.07426489599e-05,663,1080,False
2070,1.91964027181e-05,3.01627751469e-05,578,1001,False
2071,2.12695013033e-05,3.15716570185e-05,1206,1174,False
2072,2.01842030947e-05,3.46107190126e-05,899,1539,False
2073,2.16475673369e-05,2.94687688438e-05,1308,933,False
2074,3.07804075419e-05,4.43900134997e-05,2727,2715,False
2075,1.98100005946e-05,2.83747249341e-05,777,802,False
2076,2.50456905633e-05,4.11131804867e-05,2021,2415,False
2077,2.29558791034e-05,3.7620528019e-05,1637,1902,False
2078,2.44777238549e-05,3.82645084755e-05,1927,1976,False
2079,2.07547891478e-05,2.84878260572e-05,1060,817,False
2080,2.62896955974e-05,3.82135658583e-05,2218,1966,False
2081,1.82897201739e-05,2.29560137086e-05,323,60,False
2082,2.41198522417e-05,3.74219634978e-05,1865,1871,False
2083,3.69740810129e-05,6.73374379403e-05,2945,2996,False
2084,2.27142081712e-05,3.23066633428e-05,1573,1257,False
2085,1.83605316124e-05,2.94055353152e-05,341,924,False
2086,2.12347476918e-05,3.20963699778e-05,1196,1234,False
2087,2.10779508052e-05,3.394992018e-05,1153,1451,False
2088,1.89445490832e-05,2.47219668381e-05,510,223,False
2089,3.04507375404e-05,4.12860208598e-05,2693,2437,False
2090,2.18974655581e-05,3.08588132611e-05,1361,1101,False
2091,2.42170081037e-05,3.64511179214e-05,1874,1752,False
2092,2.55074137385e-05,4.01939505537e-05,2096,2280,False
2093,2.54626065725e-05,4.01356410293e-05,2089,2275,False
2094,2.24790874199e-05,2.82910605165e-05,1519,789,False
2095,2.80303120235e-05,3.89259002986e-05,2477,2075,False
2096,1.94635322259e-05,2.54353180935e-05,652,332,False
2097,2.71794433502e-05,4.08478590543e-05,2364,2380,False
2098,3.39604048349e-05,5.70725678699e-05,2861,2855,False
2099,1.67439829966e-05,2.56770526903e-05,71,371,False
2100,2.28985027206e-05,3.36365374096e-05,1624,1412,False
2101,2.26872489293e-05,3.47568457073e-05,1569,1556,False
2102,1.77254241862e-05,3.04389959638e-05,211,1038,False
2103,1.90557220776e-05,2.42416117544e-05,542,157,False
2104,3.11937255901e-05,4.60050832771e-05,2746,2773,False
2105,2.19214598474e-05,2.99744860968e-05,1368,983,False
2106,2.41998841375e-05,3.8550409954e-05,1873,2023,False
2107,2.28343706112e-05,3.69168883481e-05,1605,1810,False
2108,2.37477470364e-05,3.84312988899e-05,1795,2009,False
2109,2.02363717108e-05,2.65879716608e-05,911,532,False
2110,2.42468959186e-05,3.72511567548e-05,1877,1845,False
2111,2.26415813813e-05,2.80438398477e-05,1559,759,False
2112,2.69146876235e-05,3.81678619306e-05,2315,1957,False
2113,3.26810659317e-05,5.56328668608e-05,2809,2836,False
2114,2.12402319448e-05,3.07347472699e-05,1200,1077,False
2115,2.39928849624e-05,3.66673557437e-05,1842,1781,False
2116,2.33531918639e-05,3.44683212461e-05,1717,1519,False
2117,1.69925151567e-05,3.04604291159e-05,102,1042,False
2118,1.75269215106e-05,2.48944706982e-05,181,248,False
2119,3.27918533003e-05,4.76092900499e-05,2816,2796,False
2120,2.01515031222e-05,2.84084526356e-05,887,808,False
2121,2.84691304842e-05,4.54012770206e-05,2533,2753,False
2122,2.23276820179e-05,3.46740343957e-05,1479,1546,False
2123,2.56908133451e-05,3.99912496505e-05,2124,2251,False
2124,1.94845015358e-05,2.54409314948e-05,659,334,False
2125,3.21773150063e-05,4.4194264774e-05,2789,2699,False
2126,2.29531306104e-05,3.10257310048e-05,1636,1118,False
2127,2.78699335468e-05,4.17253031628e-05,2461,2490,False
2128,3.57446770067e-05,5.98409060331e-05,2919,2915,False
2129,1.87581299542e-05,2.77875587926e-05,454,728,False
2130,2.16981206904e-05,3.11928997689e-05,1323,1136,False
2131,2.24783652811e-05,3.29999020323e-05,1518,1336,False
2132,1.86897832464e-05,3.30209550157e-05,440,1339,False
2133,1.68111637322e-05,2.32101374422e-05,75,74,False
2134,3.08300695906e-05,4.15737340518e-05,2728,2467,False
2135,2.19258381549e-05,2.96352081932e-05,1370,949,False
2136,2.61313689407e-05,4.33885616076e-05,2192,2645,False
2137,2.36082851188e-05,3.7573845475e-05,1764,1896,False
2138,2.5648954761e-05,3.91873509216e-05,2119,2123,False
2139,1.86400920938e-05,2.39788805629e-05,428,128,False
2140,2.75171732937e-05,3.90415880247e-05,2424,2099,False
2141,2.16658263525e-05,2.77316758002e-05,1313,723,False
2142,2.44283437496e-05,3.5631328501e-05,1915,1652,False
2143,3.89086490031e-05,6.38583514956e-05,2974,2967,False
2144,1.98329962586e-05,2.92367603834e-05,785,907,False
2145,2.26879037655e-05,3.45553016814e-05,1570,1535,False
2146,2.36664236581e-05,3.78251388611e-05,1782,1926,False
2147,2.07833563763e-05,3.55344236596e-05,1068,1646,False
2148,1.71518895513e-05,2.36096002482e-05,126,101,False
2149,2.98169779853e-05,4.25774196628e-05,2652,2584,False
2150,2.22041780944e-05,3.04382519971e-05,1447,1037,False
2151,2.42536571022e-05,3.70667330571e-05,1881,1820,False
2152,2.36306223087e-05,3.87042491639e-05,1774,2044,False
2153,2.33712253248e-05,3.70031375496e-05,1720,1817,False
2154,2.10621219594e-05,2.717415191e-05,1149,643,False
2155,2.68064068223e-05,3.68234505004e-05,2299,1800,False
2156,2.14272495214e-05,2.64508053078e-05,1248,501,False
2157,2.68913063337e-05,3.93936497858e-05,2312,2149,False
2158,3.84187042073e-05,6.44511310384e-05,2967,2973,False
2159,1.84320524568e-05,2.82305081782e-05,363,780,False
2160,2.22769540414e-05,3.48449939338e-05,1465,1565,False
2161,2.10213602259e-05,3.24553257087e-05,1139,1277,False
2162,1.82532421604e-05,3.06516194541e-05,317,1068,False
2163,1.62402975548e-05,2.09095251194e-05,33,11,False
2164,2.69558422588e-05,4.0482802433e-05,2322,2326,False
2165,1.97061435756e-05,2.6902249374e-05,730,600,False
2166,2.69785814453e-05,4.15086215071e-05,2330,2460,False
2167,2.37713429669e-05,3.85849089071e-05,1802,2028,False
2168,2.25879739446e-05,3.7677011278e-05,1549,1907,False
2169,2.0726602088e-05,2.62708399532e-05,1049,469,False
2170,3.0510202123e-05,4.42279997515e-05,2704,2702,False
2171,1.8883989469e-05,2.52903228102e-05,492,308,False
2172,2.71184435405e-05,3.83335900551e-05,2351,1985,False
2173,3.22784035234e-05,5.5389758927e-05,2793,2833,False
2174,1.77891070052e-05,2.65704147751e-05,224,528,False
2175,2.2104677555e-05,3.26838780893e-05,1420,1301,False
2176,2.27507025556e-05,3.40573205904e-05,1581,1467,False
2177,1.77060137503e-05,3.41521481459e-05,206,1481,False
2178,1.98131092475e-05,2.68384137598e-05,778,580,False
2179,3.26500703522e-05,4.46263802587e-05,2808,2728,False
2180,1.77412293851e-05,2.47678108281e-05,213,230,False
2181,2.58215568465e-05,3.95528295485e-05,2146,2171,False
2182,2.35022816923e-05,3.75663621526e-05,1745,1893,False
2183,2.12768845813e-05,3.41782761097e-05,1208,1488,False
2184,1.76911162271e-05,2.31595113291e-05,204,71,False
2185,2.69636875601e-05,3.78044787794e-05,2325,1924,False
2186,1.79791240953e-05,2.34371746046e-05,262,90,False
2187,2.62245648628e-05,3.71381793229e-05,2208,1833,False
2188,3.56575365004e-05,5.73157594772e-05,2913,2862,False
2189,1.71867086465e-05,2.69866013696e-05,134,612,False
2190,2.12388022192e-05,3.1543597288e-05,1199,1171,False
2191,2.08282908716e-05,3.01371401292e-05,1084,999,False
2192,1.89327165572e-05,3.41692684742e-05,507,1485,False
2193,1.99356491066e-05,2.62372013822e-05,810,462,False
2194,3.06366528093e-05,4.25600810559e-05,2717,2582,False
2195,1.9083299776e-05,2.5095683668e-05,549,283,False
2196,2.30475307035e-05,3.70067318727e-05,1659,1818,False
2197,2.31931171584e-05,3.71968453692e-05,1695,1840,False
2198,2.45039282163e-05,4.02467339882e-05,1933,2288,False
2199,2.01895109058e-05,2.80330023088e-05,901,757,False
2200,2.60216802417e-05,3.73562143068e-05,2174,1858,False
2201,2.3929595045e-05,3.06059228024e-05,1827,1061,False
2202,2.84746329271e-05,4.21268341597e-05,2535,2534,False
2203,3.98098491132e-05,6.6932712798e-05,2992,2991,False
2204,2.08851452044e-05,3.06170331896e-05,1100,1064,False
2205,1.88358026207e-05,2.89634026558e-05,476,869,False
2206,1.97606259462e-05,3.01842937915e-05,755,1005,False
2207,1.79931012099e-05,3.02565531456e-05,267,1011,False
2208,1.78006939677e-05,2.4887975087e-05,226,245,False
2209,2.4954408218e-05,3.56745076715e-05,2005,1658,False
2210,1.9804094336e-05,2.99791718135e-05,775,985,False
2211,2.45158043981e-05,4.10321554227e-05,1935,2401,False
2212,2.46482049988e-05,3.99278360419e-05,1957,2236,False
2213,2.23641218327e-05,3.97813746531e-05,1492,2206,False
2214,1.79824801307e-05,2.63342062681e-05,264,486,False
2215,3.01795626001e-05,4.36061964137e-05,2677,2661,False
2216,2.06644344871e-05,2.77262824966e-05,1028,721,False
2217,2.50171506195e-05,3.94933267671e-05,2018,2168,False
2218,3.62111786671e-05,6.20141800027e-05,2932,2942,False
2219,1.65943238244e-05,2.40235713136e-05,58,134,False
2220,1.99691949092e-05,2.9948520023e-05,820,978,False
2221,2.06261156563e-05,3.08897579089e-05,1012,1104,False
2222,1.99202040676e-05,3.36073499057e-05,808,1408,False
2223,2.01564616873e-05,2.61594595941e-05,890,444,False
2224,2.91525648208e-05,4.27139129897e-05,2599,2599,False
2225,2.06256900128e-05,2.72510133073e-05,1011,650,False
2226,2.63737401838e-05,4.26286460424e-05,2234,2589,False
2227,2.62669473159e-05,4.23417586717e-05,2213,2561,False
2228,2.17131910176e-05,3.67200846085e-05,1326,1788,False
2229,2.17538672587e-05,3.16044206556e-05,1335,1178,False
2230,2.8513963116e-05,4.04083184549e-05,2543,2313,False
2231,2.3078506274e-05,2.79771320493e-05,1664,752,False
2232,2.83853423753e-05,3.96687137254e-05,2524,2186,False
2233,3.57146927854e-05,6.05508357694e-05,2918,2925,False
2234,1.80227871169e-05,2.81668781099e-05,272,772,False
2235,2.14752490137e-05,3.40272235917e-05,1254,1462,False
2236,2.36116629821e-05,3.89851084037e-05,1766,2091,False
2237,1.78780173883e-05,3.22290688928e-05,238,1252,False
2238,2.01574948733e-05,2.53094203799e-05,891,313,False
2239,3.12477641273e-05,4.43355711468e-05,2747,2713,False
2240,1.94754702534e-05,2.50879293162e-05,658,282,False
2241,2.60446377069e-05,4.00744720537e-05,2179,2267,False
2242,2.25638541451e-05,3.6653742427e-05,1543,1778,False
2243,2.55867107626e-05,3.99512282456e-05,2111,2238,False
2244,2.22410872084e-05,2.73480582109e-05,1457,663,False
2245,2.54209680861e-05,3.69813569705e-05,2077,1815,False
2246,1.96800319827e-05,2.50217744906e-05,724,269,False
2247,2.67860777967e-05,3.91448666051e-05,2297,2118,False
2248,3.054589979e-05,5.62681016163e-05,2708,2844,False
2249,2.11630958802e-05,3.276409916e-05,1181,1309,False
2250,2.17097604036e-05,3.33674179274e-05,1324,1381,False
2251,2.33382997976e-05,3.44830295944e-05,1710,1523,False
2252,1.70837847691e-05,3.23158528772e-05,118,1260,False
2253,2.29622110055e-05,2.99283128697e-05,1639,976,False
2254,2.84740635834e-05,4.02552213927e-05,2534,2289,False
2255,2.00012491405e-05,2.63086894847e-05,830,477,False
2256,2.56979164988e-05,4.17663395638e-05,2127,2498,False
2257,2.36434898397e-05,3.66379790648e-05,1775,1775,False
2258,2.10418475035e-05,3.35017903126e-05,1144,1396,False
2259,1.96814198716e-05,2.67722771241e-05,726,563,False
2260,2.83307163045e-05,4.31368898717e-05,2512,2630,False
2261,1.97753051907e-05,2.5959488994e-05,759,409,False
2262,2.73048644885e-05,4.03863705287e-05,2396,2310,False
2263,3.90604036511e-05,6.67039348627e-05,2978,2990,False
2264,1.60392082762e-05,2.35392053582e-05,24,96,False
2265,2.18601689994e-05,3.25914952555e-05,1357,1289,False
2266,2.15688651224e-05,3.1490377296e-05,1284,1167,False
2267,1.80842416739e-05,3.03651922877e-05,290,1026,False
2268,1.86282668437e-05,2.48440028372e-05,421,239,False
2269,2.83698191197e-05,3.89988999814e-05,2519,2092,False
2270,2.16973076022e-05,2.88937317237e-05,1322,865,False
2271,2.71323078778e-05,4.26861515734e-05,2356,2597,False
2272,2.25393578148e-05,3.58549004886e-05,1538,1679,False
2273,2.11836450035e-05,3.39715152222e-05,1188,1457,False
2274,2.03109339054e-05,2.6333365895e-05,927,485,False
2275,2.61162531388e-05,3.73744442186e-05,2188,1863,False
2276,2.24797113333e-05,2.65624203166e-05,1521,524,False
2277,2.85979149339e-05,4.12212648371e-05,2556,2427,False
2278,3.65422274626e-05,6.02438958595e-05,2937,2920,False
2279,1.68141705217e-05,2.57955180132e-05,77,388,False
2280,2.33965020016e-05,3.27404741256e-05,1726,1306,False
2281,2.29360630328e-05,3.46452980011e-05,1631,1543,False
2282,1.91908984561e-05,3.25093860738e-05,574,1283,False
2283,2.00344074983e-05,2.69223910436e-05,840,604,False
2284,2.72933866654e-05,4.00258795707e-05,2392,2259,False
2285,1.75066925294e-05,2.49876084126e-05,173,260,False
2286,2.77932776953e-05,4.32097986049e-05,2452,2633,False
2287,2.49208005698e-05,4.00016615458e-05,2000,2255,False
2288,2.31038029597e-05,3.65847627108e-05,1668,1765,False
2289,1.9500941562e-05,2.55805171037e-05,664,350,False
2290,2.81722277578e-05,4.03742669732e-05,2494,2306,False
2291,2.10960588447e-05,2.68057374342e-05,1162,570,False
2292,2.75807051366e-05,3.95969946112e-05,2431,2176,False
2293,3.34644282702e-05,5.78064609726e-05,2848,2868,False
2294,1.75058303284e-05,2.6042394893e-05,172,423,False
2295,2.12881714106e-05,3.36605844495e-05,1211,1420,False
2296,2.36761297856e-05,3.75732161046e-05,1783,1895,False
2297,2.07785651583e-05,3.77239157388e-05,1065,1913,False
2298,1.94588064915e-05,2.65019589278e-05,650,514,False
2299,3.00198298646e-05,4.23929850513e-05,2669,2566,False
2300,2.20973706746e-05,3.08562157443e-05,1417,1099,False
2301,2.27223408729e-05,3.88194930565e-05,1576,2058,False
2302,2.4421751732e-05,3.95606148231e-05,1911,2172,False
2303,2.27800865105e-05,3.44765612681e-05,1588,1520,False
2304,1.9253915525e-05,2.4763521651e-05,598,229,False
2305,2.79389860225e-05,4.07903207815e-05,2470,2376,False
2306,1.6544265236e-05,2.18174591282e-05,52,19,False
2307,2.70358359558e-05,4.03060330427e-05,2336,2298,False
2308,3.19810460496e-05,5.38546009921e-05,2780,2813,False
2309,2.00891536224e-05,2.93802550004e-05,857,918,False
2310,2.10564739973e-05,3.03420383716e-05,1147,1018,False
2311,2.38946940954e-05,3.39609614457e-05,1822,1453,False
2312,1.86471206689e-05,3.16220721288e-05,430,1180,False
2313,2.01617131097e-05,2.65174803644e-05,892,516,False
2314,3.10397153953e-05,4.52200292784e-05,2739,2749,False
2315,1.86957986443e-05,2.5997080229e-05,442,414,False
2316,2.83314584522e-05,4.15737413277e-05,2513,2468,False
2317,2.15870732063e-05,3.51497765223e-05,1288,1599,False
2318,2.17426804738e-05,3.66513850167e-05,1332,1777,False
2319,2.28145800065e-05,3.00418796542e-05,1594,991,False
2320,2.76188147836e-05,4.03775229643e-05,2434,2307,False
2321,1.99358782993e-05,2.62111589109e-05,811,458,False
2322,2.31314716075e-05,3.40995247825e-05,1675,1474,False
2323,3.24954016833e-05,5.44218928553e-05,2801,2820,False
2324,2.00392059924e-05,2.90394946205e-05,842,876,False
2325,2.26453212235e-05,3.45816042682e-05,1560,1537,False
2326,2.39371311181e-05,3.59514233423e-05,1828,1687,False
2327,1.94055337488e-05,3.49453512172e-05,634,1575,False
2328,1.944034193e-05,2.4389826649e-05,643,182,False
2329,2.80993790511e-05,3.89620690839e-05,2485,2082,False
2330,2.31787798839e-05,2.96014022751e-05,1692,944,False
2331,2.6079476811e-05,4.31107109762e-05,2181,2626,False
2332,2.54339902312e-05,4.07490188081e-05,2082,2369,False
2333,2.39115561271e-05,3.57045173587e-05,1824,1662,False
2334,1.99125024665e-05,2.64106693066e-05,806,496,False
2335,2.72420875262e-05,3.73762195522e-05,2376,1864,False
2336,1.77110905497e-05,2.48209016718e-05,207,232,False
2337,2.72429533652e-05,4.06110775657e-05,2377,2352,False
2338,3.49871879735e-05,5.89004957874e-05,2896,2895,False
2339,2.03037707251e-05,2.9234926842e-05,925,906,False
2340,2.39066303038e-05,3.56488671969e-05,1823,1655,False
2341,2.26308784477e-05,3.62145765394e-05,1554,1721,False
2342,2.16325825022e-05,3.75677773263e-05,1300,1894,False
2343,2.21123427764e-05,2.77177223325e-05,1421,718,False
2344,2.92119493679e-05,4.0237831854e-05,2605,2286,False
2345,2.10833968595e-05,2.82761629933e-05,1156,784,False
2346,2.48557917075e-05,4.08914238506e-05,1990,2384,False
2347,2.37672284129e-05,3.6812358303e-05,1800,1799,False
2348,2.21349819185e-05,3.47310196958e-05,1430,1552,False
2349,1.85562348634e-05,2.48326396104e-05,402,234,False
2350,2.95684912999e-05,4.17563096562e-05,2630,2495,False
2351,1.80549650395e-05,2.29967572523e-05,279,63,False
2352,2.78737879853e-05,3.97879703087e-05,2462,2209,False
2353,3.78029617423e-05,5.94717130298e-05,2960,2909,False
2354,2.08896963159e-05,3.03971410176e-05,1102,1029,False
2355,2.17228443944e-05,3.07026530209e-05,1329,1073,False
2356,2.08413184737e-05,2.91045798804e-05,1089,885,False
2357,1.67288199009e-05,2.92308632197e-05,68,904,False
2358,1.77181500476e-05,2.47482130362e-05,209,227,False
2359,3.32588861056e-05,4.72114734293e-05,2837,2789,False
2360,2.38543270825e-05,3.29956892529e-05,1816,1335,False
2361,2.3624383175e-05,3.82503094443e-05,1771,1972,False
2362,2.48940214078e-05,4.00565731979e-05,1996,2264,False
2363,2.76573882729e-05,4.10689972341e-05,2439,2408,False
2364,2.11540173041e-05,2.72915058304e-05,1177,655,False
2365,2.73641035164e-05,3.96090254071e-05,2402,2179,False
2366,2.07540761039e-05,2.69270385616e-05,1057,605,False
2367,2.66230817942e-05,3.94636626879e-05,2274,2161,False
2368,3.3420859836e-05,5.6574568589e-05,2847,2847,False
2369,1.76075118361e-05,2.74955109489e-05,190,687,False
2370,1.99957412406e-05,3.05106568703e-05,829,1048,False
2371,1.97812169063e-05,2.85238420474e-05,764,821,False
2372,1.68680871866e-05,2.83389690594e-05,87,797,False
2373,1.82994481293e-05,2.43250942731e-05,325,174,False
2374,3.04267377942e-05,4.29269821325e-05,2690,2614,False
2375,2.28595345106e-05,3.03589913528e-05,1612,1025,False
2376,2.44361835939e-05,4.05369282817e-05,1918,2338,False
2377,2.27862437896e-05,4.04521670134e-05,1591,2321,False
2378,2.61127352132e-05,3.85433195333e-05,2187,2022,False
2379,2.08830606425e-05,2.76037571894e-05,1099,709,False
2380,3.09753231704e-05,4.28628372902e-05,2736,2610,False
2381,1.97584467969e-05,2.45902665483e-05,753,204,False
2382,2.69896354439e-05,4.02734876843e-05,2332,2293,False
2383,3.04541536025e-05,5.34031823918e-05,2695,2811,False
2384,1.84792024811e-05,2.77149320027e-05,376,716,False
2385,2.16154276131e-05,3.28556889144e-05,1295,1320,False
2386,2.15263298742e-05,3.21311636071e-05,1272,1239,False
2387,1.79097041837e-05,2.92096065095e-05,245,901,False
2388,1.76458343049e-05,2.36169416894e-05,194,102,False
2389,2.94590045087e-05,4.15702525061e-05,2622,2466,False
2390,2.17112610699e-05,2.97594069707e-05,1325,960,False
2391,2.98613085761e-05,4.6893266699e-05,2657,2784,False
2392,2.54043079622e-05,3.84394661523e-05,2074,2011,False
2393,2.40651716013e-05,3.87311192753e-05,1855,2049,False
2394,1.78742593562e-05,2.29283778026e-05,237,59,False
2395,2.46334566327e-05,3.48993889929e-05,1955,1571,False
2396,1.99033493118e-05,2.44066686719e-05,804,187,False
2397,2.42406295001e-05,3.36901284754e-05,1876,1424,False
2398,3.56270575139e-05,5.73664037802e-05,2911,2864,False
2399,1.67420039361e-05,2.79596097243e-05,70,750,False
2400,2.1424224542e-05,3.38565223501e-05,1246,1443,False
2401,2.1236248358e-05,3.16074729199e-05,1198,1179,False
2402,1.82028579729e-05,3.32889394485e-05,308,1366,False
2403,1.85520948435e-05,2.61680015683e-05,401,447,False
2404,2.64276332018e-05,3.88439912058e-05,2241,2061,False
2405,2.15209711314e-05,3.01162581309e-05,1269,998,False
2406,2.80591539195e-05,4.4265507313e-05,2482,2706,False
2407,2.64676909865e-05,4.21216245741e-05,2246,2532,False
2408,2.0111194317e-05,3.36572120432e-05,864,1419,False
2409,2.01169277716e-05,2.67661616817e-05,867,561,False
2410,2.74991252809e-05,3.84136947105e-05,2418,2006,False
2411,2.0481804313e-05,2.64617410721e-05,981,504,False
2412,2.6321338737e-05,3.78619697585e-05,2222,1931,False
2413,3.59048208338e-05,6.23367741355e-05,2924,2949,False
2414,1.67447269632e-05,2.55819377344e-05,72,351,False
2415,2.1247760742e-05,3.19808314089e-05,1202,1225,False
2416,2.19922549149e-05,3.23513122567e-05,1387,1265,False
2417,2.0677502107e-05,3.58942015737e-05,1033,1683,False
2418,1.81419272849e-05,2.3947626687e-05,298,123,False
2419,2.67379200523e-05,3.57505014108e-05,2288,1671,False
2420,2.04539628612e-05,2.68807343673e-05,969,595,False
2421,2.67201667157e-05,4.06734325225e-05,2282,2362,False
2422,2.49988606811e-05,3.89613414882e-05,2017,2081,False
2423,2.20681304199e-05,3.43000974681e-05,1411,1501,False
2424,1.85308508662e-05,2.31764533964e-05,390,73,False
2425,2.47910538747e-05,3.51894668711e-05,1981,1607,False
2426,1.85426979442e-05,2.28946792049e-05,394,56,False
2427,2.58685649897e-05,3.80580859201e-05,2155,1946,False
2428,3.39941216225e-05,5.72070493945e-05,2865,2859,False
2429,1.83621596079e-05,2.43231806962e-05,343,172,False
2430,2.04146163014e-05,2.95751306112e-05,961,940,False
2431,2.16652751988e-05,3.18186503137e-05,1312,1207,False
2432,1.70443890966e-05,3.11410367431e-05,113,1129,False
2433,1.75110017153e-05,2.29685083468e-05,175,61,False
2434,2.81049797195e-05,4.01290817535e-05,2486,2273,False
2435,2.04907883017e-05,2.68174699158e-05,984,577,False
2436,2.47688167292e-05,4.07496409025e-05,1977,2370,False
2437,2.29375400522e-05,3.83578917535e-05,1632,1992,False
2438,2.50919674727e-05,4.09860222135e-05,2027,2392,False
2439,1.91838480532e-05,2.5444855055e-05,572,335,False
2440,2.92004933726e-05,4.10374414059e-05,2602,2403,False
2441,1.81129798875e-05,2.45878763963e-05,293,203,False
2442,2.72621673503e-05,3.99923119403e-05,2384,2252,False
2443,3.45908374584e-05,5.83930923312e-05,2885,2882,False
2444,1.84392629308e-05,2.91331616609e-05,366,889,False
2445,2.22499911615e-05,3.29214017256e-05,1459,1327,False
2446,2.25679359573e-05,3.61368474842e-05,1546,1710,False
2447,1.92974712263e-05,3.48268113157e-05,609,1562,False
2448,1.88538142538e-05,2.7501851946e-05,483,690,False
2449,2.95318568533e-05,4.24809441029e-05,2627,2576,False
2450,2.15384097828e-05,2.85442711174e-05,1273,823,False
2451,2.68262701866e-05,4.37241687905e-05,2301,2668,False
2452,2.55740014836e-05,4.10380052926e-05,2106,2404,False
2453,2.50980283454e-05,3.86632709706e-05,2028,2034,False
2454,2.07028115256e-05,2.60497690761e-05,1041,425,False
2455,3.0148341466e-05,4.24193931394e-05,2674,2567,False
2456,2.00453850994e-05,2.63178390014e-05,844,481,False
2457,2.37388612732e-05,3.54289259121e-05,1793,1632,False
2458,3.809277041e-05,6.51042719255e-05,2963,2979,False
2459,1.63572003657e-05,2.5181177989e-05,41,293,False
2460,2.23906299652e-05,3.27984707837e-05,1498,1312,False
2461,2.18022742047e-05,3.04689201585e-05,1346,1043,False
2462,1.86410725291e-05,3.32889721903e-05,429,1367,False
2463,2.42719906964e-05,3.11547628371e-05,1882,1130,False
2464,2.69682295766e-05,3.74172486772e-05,2327,1870,False
2465,1.94063177332e-05,2.77194048977e-05,635,719,False
2466,2.40584631683e-05,3.82637008443e-05,1853,1975,False
2467,2.6496263672e-05,3.98557349399e-05,2249,2227,False
2468,1.99863006856e-05,3.34785218001e-05,825,1391,False
2469,1.83985048352e-05,2.5014667699e-05,353,267,False
2470,2.85248916043e-05,3.6906600144e-05,2546,1809,False
2471,1.70720395545e-05,2.1458383344e-05,116,14,False
2472,2.71874596365e-05,3.79173216061e-05,2367,1932,False
2473,2.87523780571e-05,4.77922731079e-05,2566,2799,False
2474,1.93170671992e-05,2.83825193037e-05,613,803,False
2475,1.98011930479e-05,3.01726577163e-05,774,1003,False
2476,2.16425869439e-05,3.2928193832e-05,1303,1329,False
2477,1.86548531929e-05,3.2110066968e-05,432,1237,False
2478,1.72269137693e-05,2.4400982511e-05,139,185,False
2479,2.72841953119e-05,3.83972183045e-05,2391,2000,False
2480,1.99654259632e-05,2.91158958134e-05,818,887,False
2481,2.8717728128e-05,4.74679254694e-05,2562,2794,False
2482,2.73021651083e-05,4.35830006609e-05,2394,2659,False
2483,2.54209480772e-05,4.01548495574e-05,2076,2277,False
2484,2.19304838538e-05,2.98841805488e-05,1372,972,False
2485,2.62601115537e-05,3.79462726414e-05,2212,1935,False
2486,2.11262995435e-05,2.63429246843e-05,1170,487,False
2487,2.67626346613e-05,3.86226383853e-05,2294,2030,False
2488,3.81201498385e-05,6.65709012537e-05,2964,2989,False
2489,1.8077365894e-05,2.86578761006e-05,287,838,False
2490,2.0686420612e-05,3.07769369101e-05,1036,1086,False
2491,2.27032305702e-05,3.16607147397e-05,1572,1188,False
2492,2.2463102141e-05,3.9117065171e-05,1513,2110,False
2493,1.7752756321e-05,2.48968844971e-05,215,249,False
2494,3.01381023746e-05,4.37603230239e-05,2673,2676,False
2495,1.76720332092e-05,2.52797726716e-05,202,306,False
2496,2.4723192837e-05,4.06482868129e-05,1968,2356,False
2497,2.18078275793e-05,3.75397576136e-05,1347,1888,False
2498,2.2066567908e-05,3.67523207387e-05,1409,1792,False
2499,1.90828413906e-05,2.54821316048e-05,548,340,False
2500,2.87225793727e-05,4.05959835916e-05,2563,2347,False
2501,2.62850571744e-05,3.13441123581e-05,2217,1153,False
2502,2.42901769525e-05,3.64112856914e-05,1889,1745,False
2503,3.32913041348e-05,5.8088273363e-05,2840,2877,False
2504,2.00460726774e-05,3.0769399018e-05,845,1084,False
2505,1.97360986931e-05,3.04946188407e-05,738,1046,False
2506,2.24795167014e-05,3.23336607835e-05,1520,1262,False
2507,2.11089354707e-05,3.50964255631e-05,1168,1590,False
2508,2.13094808714e-05,2.86987833533e-05,1223,843,False
2509,3.05962530547e-05,4.38956885773e-05,2714,2683,False
2510,2.07182674785e-05,2.97831957141e-05,1047,962,False
2511,2.56698804151e-05,3.92012916564e-05,2120,2126,False
2512,2.63737274508e-05,4.13720263168e-05,2233,2444,False
2513,2.19912835746e-05,3.53876203008e-05,1386,1627,False
2514,2.01536677196e-05,2.94390847557e-05,888,929,False
2515,3.09523165924e-05,4.31666157965e-05,2735,2631,False
2516,2.20163328777e-05,2.88464398182e-05,1398,861,False
2517,2.63236452156e-05,3.73553448298e-05,2223,1857,False
2518,3.57905701094e-05,5.8905028709e-05,2921,2897,False
2519,1.86103316082e-05,2.56628190982e-05,417,370,False
2520,2.31050580624e-05,3.30655166181e-05,1669,1345,False
2521,2.31870944845e-05,3.36315933964e-05,1694,1411,False
2522,2.25706426136e-05,3.93541122321e-05,1547,2142,False
2523,1.93178984773e-05,2.52329355135e-05,614,298,False
2524,2.94735054922e-05,4.32737433584e-05,2623,2636,False
2525,1.91201452253e-05,2.68808853434e-05,556,596,False
2526,2.71435874311e-05,4.23832971137e-05,2359,2565,False
2527,2.81643788185e-05,4.32982960774e-05,2492,2638,False
2528,2.45882401941e-05,3.94618218706e-05,1948,2160,False
2529,1.9647708541e-05,2.53922626143e-05,712,326,False
2530,2.83099834633e-05,4.0422022721e-05,2509,2317,False
2531,1.96449818759e-05,2.50480443356e-05,710,272,False
2532,2.63585534412e-05,3.89156921301e-05,2231,2073,False
2533,3.43200081261e-05,5.47279232705e-05,2875,2823,False
2534,2.02711635211e-05,2.917295933e-05,919,897,False
2535,2.23582374019e-05,3.38405116054e-05,1488,1442,False
2536,2.34093113249e-05,3.33423231496e-05,1727,1376,False
2537,1.71376414073e-05,3.06826805172e-05,125,1069,False
2538,1.71901356225e-05,2.32703769143e-05,136,79,False
2539,3.04786008201e-05,4.17137889599e-05,2699,2487,False
2540,2.24597515626e-05,3.12068514177e-05,1511,1139,False
2541,2.35184361372e-05,3.78307158826e-05,1749,1928,False
2542,2.28857588809e-05,3.671090235e-05,1619,1785,False
2543,2.28150875046e-05,3.83811966458e-05,1595,1996,False
2544,2.07543907891e-05,2.82768214674e-05,1059,785,False
2545,2.81512875517e-05,3.94425005652e-05,2490,2156,False
2546,1.89473739738e-05,2.45484861807e-05,512,200,False
2547,2.89798772428e-05,4.05347782362e-05,2587,2337,False
2548,3.27242159983e-05,5.58255887881e-05,2811,2839,False
2549,1.82170442713e-05,3.1061052141e-05,311,1123,False
2550,2.0886074708e-05,3.25570144923e-05,1101,1287,False
2551,2.18445766222e-05,3.39859288943e-05,1351,1460,False
2552,1.71842784766e-05,3.09310780722e-05,133,1108,False
2553,1.93958476302e-05,2.51160563494e-05,631,286,False
2554,2.74625908787e-05,3.96729301428e-05,2414,2187,False
2555,2.23619845201e-05,3.13760647259e-05,1491,1157,False
2556,2.55830564129e-05,4.41036936536e-05,2109,2693,False
2557,2.72578618024e-05,4.37461530964e-05,2383,2673,False
2558,2.29223387578e-05,3.52291790477e-05,1628,1611,False
2559,1.97414519789e-05,2.66894548986e-05,741,546,False
2560,3.25477667502e-05,4.61558374809e-05,2805,2777,False
2561,1.77839447133e-05,2.41721008933e-05,221,146,False
2562,2.6344525395e-05,3.92081346945e-05,2230,2128,False
2563,3.34934156854e-05,5.81778076594e-05,2850,2878,False
2564,1.89233232959e-05,2.84678062599e-05,505,816,False
2565,2.31094891205e-05,3.40498154401e-05,1671,1466,False
2566,2.29033903452e-05,3.4532196878e-05,1625,1532,False
2567,1.93254745682e-05,3.03468168568e-05,618,1020,False
2568,2.11011974898e-05,2.70095151791e-05,1164,617,False
2569,3.04753139062e-05,4.11533510487e-05,2698,2422,False
2570,1.88928443094e-05,2.74872709269e-05,495,683,False
2571,2.72497109108e-05,4.29170504503e-05,2378,2613,False
2572,2.57881201833e-05,4.1104205593e-05,2142,2414,False
2573,2.29762299568e-05,3.36898156093e-05,1646,1423,False
2574,1.95911507035e-05,2.40276494878e-05,694,135,False
2575,2.57497740677e-05,3.72789618268e-05,2136,1848,False
2576,2.14892115764e-05,2.69323863904e-05,1255,608,False
2577,2.57176070591e-05,3.56754972017e-05,2130,1659,False
2578,3.57688513759e-05,6.03477419645e-05,2920,2923,False
2579,1.74915749085e-05,2.82771470665e-05,171,786,False
2580,2.2722319045e-05,3.34739925165e-05,1575,1390,False
2581,2.16641547013e-05,3.14849494316e-05,1311,1166,False
2582,2.15598774957e-05,3.54899239028e-05,1279,1640,False
2583,2.09000572795e-05,2.6864299798e-05,1106,589,False
2584,3.3011110645e-05,4.4875916501e-05,2829,2737,False
2585,2.24480336328e-05,2.77203071164e-05,1509,720,False
2586,2.32440852415e-05,3.87998697988e-05,1701,2054,False
2587,2.09584559343e-05,3.44276413671e-05,1125,1516,False
2588,2.27810123761e-05,3.8094996853e-05,1589,1950,False
2589,1.88410886039e-05,2.59186454059e-05,478,404,False
2590,2.67881150648e-05,3.99610507884e-05,2298,2239,False
2591,1.90325590665e-05,2.37551594182e-05,536,109,False
2592,2.65537073574e-05,3.99498821935e-05,2258,2237,False
2593,3.5662411392e-05,5.78667750233e-05,2915,2869,False
2594,1.71602623595e-05,2.66498736892e-05,130,539,False
2595,1.98569359782e-05,3.07816299028e-05,790,1087,False
2596,1.96445962501e-05,3.33413518092e-05,709,1375,False
2597,1.92557090486e-05,3.41900013154e-05,599,1490,False
2598,1.82296389539e-05,2.56072162301e-05,313,355,False
2599,2.9769489629e-05,4.27775194112e-05,2645,2602,False
2600,1.75577861228e-05,2.56084513239e-05,186,356,False
2601,2.88039336738e-05,4.3509844545e-05,2571,2655,False
2602,2.21470982069e-05,3.81230966013e-05,1432,1953,False
2603,2.71186145255e-05,4.34904359281e-05,2352,2653,False
2604,1.92423303815e-05,2.54647984548e-05,593,337,False
2605,2.72538854915e-05,3.96731047658e-05,2381,2188,False
2606,2.00200229301e-05,2.74266130873e-05,834,670,False
2607,2.77905510302e-05,4.20190335717e-05,2451,2520,False
2608,3.92958463635e-05,6.43936655251e-05,2984,2972,False
2609,2.17993328988e-05,3.2690280932e-05,1344,1302,False
2610,2.40535555349e-05,3.66149215552e-05,1852,1767,False
2611,2.21337813855e-05,3.41827580996e-05,1427,1489,False
2612,1.6822355974e-05,2.97028218483e-05,79,957,False
2613,2.00812592084e-05,2.56578950939e-05,856,368,False
2614,3.08411472361e-05,4.50489897048e-05,2729,2746,False
2615,1.86577781278e-05,2.604360634e-05,434,424,False
2616,2.61609275185e-05,4.29593601439e-05,2197,2616,False
2617,2.19357934839e-05,3.43324973073e-05,1374,1505,False
2618,2.52168974839e-05,3.70924535673e-05,2047,1826,False
2619,2.24864179472e-05,2.81888096652e-05,1523,775,False
2620,2.67202740361e-05,3.79562188755e-05,2283,1937,False
2621,2.46878935286e-05,3.10377290589e-05,1961,1120,False
2622,2.6084448109e-05,3.84137565561e-05,2182,2007,False
2623,3.04618424707e-05,5.09802957822e-05,2697,2803,False
2624,1.60835770657e-05,2.61860441242e-05,27,452,False
2625,2.25570711336e-05,3.22284795402e-05,1542,1251,False
2626,2.13123948924e-05,3.12974443659e-05,1224,1145,False
2627,2.21261543629e-05,3.62006539945e-05,1425,1717,False
2628,1.96881319425e-05,2.45410228672e-05,728,199,False
2629,2.56744388025e-05,3.24346256093e-05,2122,1274,False
2630,1.77112815436e-05,2.2622751203e-05,208,45,False
2631,2.47358639172e-05,3.78238983103e-05,1971,1925,False
2632,2.05529941013e-05,3.09875176754e-05,998,1113,False
2633,2.43785452767e-05,3.75527743017e-05,1900,1891,False
2634,1.84627006092e-05,2.25350177061e-05,373,39,False
2635,2.19369612751e-05,3.05929788738e-05,1375,1060,False
2636,1.87373861991e-05,2.28967110161e-05,449,58,False
2637,2.44673974521e-05,3.43084429915e-05,1926,1502,False
2638,3.34910328093e-05,5.12759979756e-05,2849,2804,False
2639,1.8035823814e-05,2.57335632341e-05,276,379,False
2640,2.35003935813e-05,3.54269686795e-05,1744,1631,False
2641,2.11515944102e-05,3.18982311001e-05,1174,1212,False
2642,1.79879025382e-05,3.04073910229e-05,265,1031,False
2643,1.76662924787e-05,2.43246286118e-05,201,173,False
2644,2.85796104436e-05,4.14896530856e-05,2553,2457,False
2645,1.91296257981e-05,2.74855083262e-05,558,682,False
2646,2.49018357863e-05,3.97823641833e-05,1997,2207,False
2647,2.31421254284e-05,3.62867904187e-05,1680,1733,False
2648,2.48403921432e-05,3.75417548639e-05,1989,1889,False
2649,1.92715870071e-05,2.63243255176e-05,604,484,False
2650,2.85715377686e-05,4.23594465246e-05,2552,2562,False
2651,2.31255926337e-05,3.07076625177e-05,1674,1074,False
2652,2.72228317044e-05,3.99674063374e-05,2370,2243,False
2653,3.62107166438e-05,6.03294392931e-05,2931,2922,False
2654,1.97819863388e-05,2.92505737889e-05,765,908,False
2655,1.91487397387e-05,2.81624597847e-05,562,769,False
2656,2.04284660867e-05,2.87322145596e-05,964,847,False
2657,1.93399137061e-05,3.19784703606e-05,621,1224,False
2658,2.11617134482e-05,2.82669880107e-05,1180,783,False
2659,2.87052080239e-05,3.97393487219e-05,2561,2199,False
2660,2.01070324692e-05,2.75623860944e-05,862,700,False
2661,2.82659002551e-05,4.46896847279e-05,2504,2730,False
2662,2.80577351077e-05,4.25786747655e-05,2481,2585,False
2663,2.28190783673e-05,3.91695793951e-05,1599,2121,False
2664,2.03437502933e-05,2.64658647211e-05,937,506,False
2665,2.92568838631e-05,4.21078475483e-05,2610,2531,False
2666,1.96526070795e-05,2.6029518267e-05,715,421,False
2667,2.57659721683e-05,3.89152774005e-05,2138,2072,False
2668,3.25847540807e-05,5.72121898585e-05,2806,2860,False
2669,1.60072377184e-05,2.45781466219e-05,20,202,False
2670,2.17756969505e-05,3.17943013215e-05,1340,1202,False
2671,2.01050679607e-05,3.00017763948e-05,861,987,False
2672,1.76038738573e-05,2.97962251352e-05,189,964,False
2673,1.6866128135e-05,2.40172757913e-05,86,133,False
2674,2.9227045161e-05,4.27608065365e-05,2607,2600,False
2675,1.70789371623e-05,2.49902623182e-05,117,262,False
2676,2.89651998173e-05,4.69728438475e-05,2585,2786,False
2677,2.56723596976e-05,4.12022964156e-05,2121,2426,False
2678,2.43979666266e-05,3.74088158424e-05,1906,1869,False
2679,1.95247630472e-05,2.61913719442e-05,673,453,False
2680,2.72650831903e-05,3.72371068806e-05,2385,1844,False
2681,1.97433964786e-05,2.77945528069e-05,743,730,False
2682,2.42212026933e-05,3.80689234589e-05,1875,1948,False
2683,3.53394971171e-05,6.20470600552e-05,2902,2944,False
2684,1.65819983522e-05,2.62839494098e-05,57,472,False
2685,2.24533687287e-05,3.50990776496e-05,1510,1591,False
2686,2.26360953093e-05,3.57201824954e-05,1557,1667,False
2687,1.97902700165e-05,3.48128014593e-05,768,1560,False
2688,1.82160256372e-05,2.47328334808e-05,310,225,False
2689,2.88634892058e-05,4.13177076553e-05,2575,2441,False
2690,1.96258079086e-05,2.74581179838e-05,702,678,False
2691,2.44029743044e-05,3.93767040805e-05,1907,2145,False
2692,2.71747830993e-05,4.35382353317e-05,2363,2657,False
2693,2.24900359171e-05,3.65790547221e-05,1524,1764,False
2694,2.01114780793e-05,2.66790520982e-05,865,544,False
2695,3.05813264276e-05,4.44465877081e-05,2711,2719,False
2696,1.77584097401e-05,2.47074567596e-05,216,221,False
2697,2.71268781944e-05,3.90110617445e-05,2355,2096,False
2698,3.4508168028e-05,6.25366374152e-05,2881,2952,False
2699,1.94716776605e-05,2.93855828204e-05,656,919,False
2700,2.25638632401e-05,3.29483518726e-05,1544,1333,False
2701,2.04670177482e-05,3.02983498841e-05,974,1013,False
2702,1.86717188626e-05,3.1224823033e-05,437,1140,False
2703,1.78983464139e-05,2.49157146754e-05,240,252,False
2704,3.11675830744e-05,4.3527699745e-05,2743,2656,False
2705,1.76377579919e-05,2.56054408965e-05,193,354,False
2706,2.6598401746e-05,4.12235967815e-05,2269,2428,False
2707,2.29737706832e-05,3.64311054e-05,1642,1748,False
2708,2.56212642853e-05,4.19411080657e-05,2118,2514,False
2709,2.23535407713e-05,3.05873109028e-05,1485,1057,False
2710,2.62759476755e-05,3.8822669012e-05,2215,2059,False
2711,1.71785068233e-05,2.23252955038e-05,132,31,False
2712,2.78136321867e-05,3.83777769457e-05,2454,1995,False
2713,3.23396234307e-05,5.6486842368e-05,2795,2846,False
2714,1.66473764693e-05,2.44452385232e-05,62,190,False
2715,1.77737347258e-05,2.98157428915e-05,220,966,False
2716,2.04754378501e-05,3.1795934774e-05,979,1203,False
2717,2.16807165998e-05,3.71765418095e-05,1317,1838,False
2718,1.99595706363e-05,2.45266019192e-05,817,198,False
2719,2.81345073745e-05,3.89718697988e-05,2488,2086,False
2720,2.12958584598e-05,2.99573075608e-05,1213,979,False
2721,2.52455974987e-05,4.26601072832e-05,2054,2593,False
2722,2.43370122917e-05,3.90431305277e-05,1893,2100,False
2723,2.15246163862e-05,3.46398483089e-05,1271,1542,False
2724,1.99462538149e-05,2.52604077104e-05,814,305,False
2725,2.7767066058e-05,3.75976342184e-05,2446,1898,False
2726,2.03421441256e-05,2.53706020885e-05,936,323,False
2727,2.48277192441e-05,3.65251326002e-05,1986,1757,False
2728,3.52957140421e-05,5.84296067245e-05,2901,2885,False
2729,1.70684361365e-05,2.62012144958e-05,115,456,False
2730,2.19650464715e-05,3.21845836879e-05,1382,1246,False
2731,2.15698255488e-05,3.1719540857e-05,1285,1198,False
2732,2.07184966712e-05,3.51706512447e-05,1048,1605,False
2733,2.20016754611e-05,2.80734911939e-05,1389,762,False
2734,3.18107340718e-05,4.42820964963e-05,2774,2708,False
2735,1.8368325982e-05,2.53086163866e-05,345,312,False
2736,2.54418482655e-05,3.99926393584e-05,2083,2253,False
2737,2.40018525801e-05,3.99838572775e-05,1843,2247,False
2738,2.49909899139e-05,3.87756917917e-05,2015,2053,False
2739,1.91985200217e-05,2.3549198886e-05,580,97,False
2740,2.72800771199e-05,3.75603231078e-05,2390,1892,False
2741,1.84812124644e-05,2.39533801505e-05,378,124,False
2742,2.97643855447e-05,4.23666533607e-05,2644,2563,False
2743,3.33058706019e-05,5.44124814041e-05,2843,2819,False
2744,1.70154271473e-05,2.55501818174e-05,106,346,False
2745,2.09253903449e-05,3.24920438288e-05,1113,1280,False
2746,2.326734284e-05,3.39828984579e-05,1704,1459,False
2747,1.73519729287e-05,3.0698854971e-05,150,1072,False
2748,1.87781497516e-05,2.62846861006e-05,460,473,False
2749,2.82634264295e-05,4.18285781052e-05,2501,2506,False
2750,1.98892848857e-05,2.80200056295e-05,802,756,False
2751,2.47500101977e-05,3.83418664569e-05,1972,1988,False
2752,2.78108964267e-05,4.35626243416e-05,2453,2658,False
2753,2.081123057e-05,3.58294419129e-05,1077,1674,False
2754,2.21248083108e-05,2.9170909329e-05,1423,896,False
2755,2.83401732304e-05,3.96387004002e-05,2516,2182,False
2756,1.92281495401e-05,2.48494125117e-05,590,240,False
2757,2.67740342679e-05,3.89400665881e-05,2296,2078,False
2758,3.84813756682e-05,6.31080911262e-05,2968,2959,False
2759,1.83507781912e-05,2.57483734458e-05,337,381,False
2760,2.0914052584e-05,3.24724278471e-05,1110,1279,False
2761,2.35726383835e-05,3.6537705455e-05,1755,1760,False
2762,1.8633720174e-05,3.42235689459e-05,426,1495,False
2763,1.89483562281e-05,2.5901803383e-05,515,401,False
2764,3.17758676829e-05,4.43952594651e-05,2772,2716,False
2765,2.01340408239e-05,2.75554666587e-05,878,698,False
2766,2.50179182331e-05,4.06199178542e-05,2019,2354,False
2767,2.84911748167e-05,4.44293436885e-05,2539,2718,False
2768,2.2929340048e-05,3.77852702513e-05,1630,1919,False
2769,2.02776391234e-05,2.53172765952e-05,921,315,False
2770,2.72700708592e-05,4.02197292715e-05,2387,2284,False
2771,1.8409533368e-05,2.41794386966e-05,357,149,False
2772,2.55667728197e-05,3.94556554966e-05,2105,2158,False
2773,3.97879593947e-05,6.58464632579e-05,2991,2986,False
2774,1.68538099388e-05,2.48398555414e-05,84,238,False
2775,2.0695524654e-05,3.12519114232e-05,1039,1141,False
2776,2.2231373805e-05,3.3119260479e-05,1453,1349,False
2777,2.16256557906e-05,3.70702146029e-05,1297,1823,False
2778,2.01720777113e-05,2.61701388808e-05,898,448,False
2779,2.63023866864e-05,3.82910475309e-05,2220,1980,False
2780,2.1248093617e-05,2.91579617624e-05,1203,892,False
2781,2.52898771578e-05,4.10478132835e-05,2060,2406,False
2782,2.24717205128e-05,3.6036104575e-05,1515,1692,False
2783,2.37723488681e-05,3.8038186176e-05,1803,1943,False
2784,2.03630752367e-05,2.53651451203e-05,946,322,False
2785,2.81422981061e-05,3.91123103327e-05,2489,2109,False
2786,1.92390416487e-05,2.4728169592e-05,592,224,False
2787,2.67510295089e-05,3.74889605155e-05,2292,1878,False
2788,3.54280709871e-05,5.90319978073e-05,2906,2902,False
2789,1.91815470316e-05,3.03223314404e-05,571,1017,False
2790,2.06400200113e-05,3.1750263588e-05,1019,1201,False
2791,2.15669697354e-05,3.13265481964e-05,1283,1150,False
2792,2.09258796531e-05,3.3937911212e-05,1114,1449,False
2793,1.60758390848e-05,2.28623521252e-05,26,54,False
2794,3.72223330487e-05,4.74490188935e-05,2950,2793,False
2795,1.69399099832e-05,2.46128529398e-05,95,211,False
2796,2.47634652624e-05,3.89565175283e-05,1975,2080,False
2797,2.45376031671e-05,3.81645913876e-05,1940,1956,False
2798,2.40525241679e-05,3.89030246879e-05,1851,2071,False
2799,1.85320204764e-05,2.48589276453e-05,391,242,False
2800,2.65500930254e-05,3.69712979591e-05,2256,1813,False
2801,1.80604656634e-05,2.42400965362e-05,281,155,False
2802,2.72516881523e-05,3.90685672755e-05,2380,2101,False
2803,3.30217444571e-05,5.7503937569e-05,2830,2865,False
2804,1.63500208146e-05,2.48503147304e-05,39,241,False
2805,2.42726200668e-05,3.76654934371e-05,1883,1906,False
2806,2.24711584451e-05,3.31723931595e-05,1514,1355,False
2807,1.83185584319e-05,3.24940592691e-05,328,1281,False
2808,1.9081575374e-05,2.46679464908e-05,547,217,False
2809,2.77529634332e-05,3.93231894122e-05,2445,2137,False
2810,1.89741458598e-05,2.48659653153e-05,519,243,False
2811,2.54947735812e-05,4.16586553911e-05,2095,2479,False
2812,2.21660629904e-05,3.60896774509e-05,1437,1703,False
2813,2.35920288105e-05,3.75523304683e-05,1760,1890,False
2814,1.9018583771e-05,2.469348874e-05,530,219,False
2815,2.95493537124e-05,4.07889674534e-05,2629,2375,False
2816,2.06064050872e-05,2.59923308477e-05,1009,411,False
2817,2.70707241725e-05,3.93274603994e-05,2341,2139,False
2818,3.72706344933e-05,6.12664662185e-05,2953,2934,False
2819,1.95420452656e-05,2.81880929833e-05,677,774,False
2820,2.29754459724e-05,3.52195565938e-05,1645,1610,False
2821,2.1771153115e-05,3.21537700074e-05,1337,1244,False
2822,1.77890233317e-05,2.9933597034e-05,223,977,False
2823,1.8594571884e-05,2.48339456448e-05,414,235,False
2824,3.07248919853e-05,4.37475791841e-05,2724,2674,False
2825,2.35851566686e-05,3.21384977724e-05,1758,1242,False
2826,2.58906256931e-05,4.19702773797e-05,2157,2515,False
2827,2.37627609749e-05,4.06514409406e-05,1799,2357,False
2828,2.65676517301e-05,4.04463935411e-05,2261,2320,False
2829,2.03212421184e-05,2.57647734543e-05,931,383,False
2830,2.86550475721e-05,4.00960016123e-05,2557,2269,False
2831,2.02961509785e-05,2.50049433816e-05,923,264,False
2832,2.47123462032e-05,3.73770344595e-05,1966,1865,False
2833,3.20721737808e-05,5.56432823942e-05,2783,2837,False
2834,1.46271122503e-05,2.50775883615e-05,4,280,False
2835,2.1049314455e-05,3.2649772038e-05,1146,1295,False
2836,2.44098464464e-05,3.52710449079e-05,1908,1612,False
2837,2.19105859287e-05,3.6139448639e-05,1363,1711,False
2838,1.84251966857e-05,2.38316570176e-05,362,116,False
2839,3.16883197229e-05,4.37432936451e-05,2769,2672,False
2840,1.909907769e-05,2.49612003245e-05,550,256,False
2841,2.72205543297e-05,4.47075617558e-05,2369,2731,False
2842,2.54436763498e-05,4.01536708523e-05,2084,2276,False
2843,1.98402813112e-05,3.13452801493e-05,787,1154,False
2844,1.80435108632e-05,2.37759049924e-05,277,111,False
2845,2.33418068092e-05,3.28307360178e-05,1713,1317,False
2846,1.8242841179e-05,2.19873290916e-05,314,23,False
2847,2.67227678705e-05,3.73282564397e-05,2285,1853,False
2848,3.17097437801e-05,5.38172607776e-05,2770,2812,False
2849,1.85400749615e-05,2.58995842159e-05,392,400,False
2850,2.04081006814e-05,3.06337497022e-05,958,1065,False
2851,2.22318376473e-05,3.44809595845e-05,1454,1522,False
2852,2.2129575882e-05,3.88635053241e-05,1426,2066,False
2853,1.97781573661e-05,2.4903261874e-05,762,250,False
2854,3.03666765831e-05,4.3475181883e-05,2687,2651,False
2855,2.45487299253e-05,3.14955759677e-05,1943,1169,False
2856,2.30220266531e-05,3.66159110854e-05,1653,1769,False
2857,2.4533506803e-05,3.95275892515e-05,1939,2169,False
2858,2.40724693867e-05,3.89739761886e-05,1858,2087,False
2859,2.12425275095e-05,2.71419739875e-05,1201,636,False
2860,2.83837925963e-05,3.97223775508e-05,2523,2196,False
2861,2.00030717679e-05,2.52176250797e-05,831,297,False
2862,2.47753177973e-05,3.71313290088e-05,1978,1832,False
2863,3.75721938326e-05,6.4493942773e-05,2958,2975,False
2864,1.90429909708e-05,2.91572050628e-05,539,891,False
2865,2.14983192564e-05,3.07250084006e-05,1259,1076,False
2866,1.99770256586e-05,2.94437777484e-05,823,930,False
2867,1.5492496459e-05,2.70317777904e-05,12,620,False
2868,1.80815568456e-05,2.58141462837e-05,288,389,False
2869,3.07423179038e-05,4.02641671826e-05,2725,2291,False
2870,2.08609799301e-05,2.92311087833e-05,1094,905,False
2871,2.70200980594e-05,4.41805859737e-05,2334,2698,False
2872,2.39696964854e-05,3.88734370063e-05,1833,2067,False
2873,2.32869278989e-05,3.76197276637e-05,1707,1901,False
2874,1.97978588403e-05,2.61150980805e-05,772,437,False
2875,2.78920797427e-05,3.97453331971e-05,2465,2201,False
2876,2.06790700759e-05,2.6019059078e-05,1034,420,False
2877,2.58930758719e-05,4.11509245168e-05,2158,2420,False
2878,3.72015820176e-05,6.47320921416e-05,2949,2976,False
2879,1.8786493456e-05,2.7837273592e-05,462,735,False
2880,2.06812183023e-05,3.23381500493e-05,1035,1264,False
2881,2.2316000468e-05,3.33967436745e-05,1474,1382,False
2882,2.04729585676e-05,3.5437707993e-05,978,1635,False
2883,2.04861298698e-05,2.8741920687e-05,983,849,False
2884,2.93685916404e-05,4.17654118792e-05,2617,2497,False
2885,1.89118727576e-05,2.72433208011e-05,500,648,False
2886,2.52887257375e-05,4.14873611589e-05,2059,2456,False
2887,2.63684796664e-05,4.0407088818e-05,2232,2312,False
2888,2.51694818871e-05,4.09907988796e-05,2039,2393,False
2889,2.29273591685e-05,2.88336614176e-05,1629,859,False
2890,2.72686193057e-05,3.89832930523e-05,2386,2090,False
2891,2.2082713258e-05,2.74556095974e-05,1414,676,False
2892,2.77102208202e-05,4.05002610933e-05,2443,2333,False
2893,3.20146064041e-05,5.71290402149e-05,2781,2857,False
2894,1.79372709681e-05,2.73343412118e-05,254,661,False
2895,2.25332532864e-05,3.33456046064e-05,1535,1377,False
2896,2.14128140215e-05,2.87935381493e-05,1245,854,False
2897,1.98136203835e-05,3.28607493429e-05,780,1321,False
2898,1.6926718672e-05,2.30294608627e-05,91,65,False
2899,2.67678969976e-05,3.62692517228e-05,2295,1731,False
2900,1.96733726625e-05,2.64676455117e-05,721,507,False
2901,2.59765311057e-05,4.2178970034e-05,2170,2544,False
2902,2.23318602366e-05,3.56625278073e-05,1480,1656,False
2903,2.14605188376e-05,3.29417125613e-05,1251,1331,False
2904,1.9402241378e-05,2.49735767284e-05,632,258,False
2905,2.83150457108e-05,3.99899981858e-05,2510,2250,False
2906,1.84125347005e-05,2.3096024961e-05,358,68,False
2907,2.42773148784e-05,3.4848388168e-05,1886,1566,False
2908,3.70855050278e-05,6.01571482548e-05,2946,2918,False
2909,2.11289425351e-05,2.90542284347e-05,1171,880,False
2910,2.40379522438e-05,3.45387088601e-05,1847,1533,False
2911,2.16549542529e-05,3.150307748e-05,1310,1170,False
2912,1.48317540152e-05,2.73045097856e-05,6,657,False
2913,1.85932913155e-05,2.66940605798e-05,413,549,False
2914,3.18003476423e-05,4.45216646767e-05,2773,2721,False
2915,2.14668143599e-05,2.93039520329e-05,1253,914,False
2916,2.7958298233e-05,4.22675911977e-05,2471,2554,False
2917,2.74781832559e-05,4.24932368333e-05,2415,2577,False
2918,2.45536302828e-05,3.89357301174e-05,1944,2077,False
2919,1.95855354832e-05,2.60187334788e-05,693,419,False
2920,2.84647285298e-05,4.08907326346e-05,2531,2383,False
2921,2.23922597797e-05,2.8247202863e-05,1500,781,False
2922,2.62962294073e-05,3.90336281271e-05,2219,2098,False
2923,3.15486249747e-05,5.49608557776e-05,2761,2826,False
2924,1.89482434507e-05,2.87910515908e-05,514,853,False
2925,2.21163154492e-05,3.33010211762e-05,1422,1371,False
2926,2.0513225536e-05,3.12025440508e-05,989,1138,False
2927,1.78323771252e-05,3.22050145769e-05,232,1248,False
2928,1.7431069864e-05,2.34872113651e-05,162,92,False
2929,2.98353825201e-05,4.38357164967e-05,2655,2680,False
2930,2.30252317124e-05,3.20649887726e-05,1654,1231,False
2931,2.66014485533e-05,4.58443792013e-05,2270,2766,False
2932,2.33913688135e-05,3.71278074454e-05,1725,1830,False
2933,2.2036194423e-05,3.80679375667e-05,1402,1947,False
2934,1.86643483175e-05,2.5302028007e-05,436,310,False
2935,2.87577913696e-05,3.98272495659e-05,2569,2220,False
2936,1.8166794689e-05,2.42309106397e-05,302,152,False
2937,2.65595008386e-05,3.97452313337e-05,2259,2200,False
2938,3.89948982047e-05,6.70854351483e-05,2976,2993,False
2939,1.66541922226e-05,2.74764006463e-05,63,680,False
2940,2.15733452933e-05,3.41938430211e-05,1287,1491,False
2941,2.38890806941e-05,3.53448558599e-05,1821,1622,False
2942,1.91725139302e-05,3.2877393096e-05,568,1323,False
2943,1.98372763407e-05,2.48939049925e-05,786,247,False
2944,2.67503546638e-05,3.94718044845e-05,2291,2163,False
2945,1.8626153178e-05,2.70394084509e-05,420,622,False
2946,2.41081888817e-05,3.97863914259e-05,1862,2208,False
2947,2.47664320341e-05,3.92523907067e-05,1976,2130,False
2948,2.48282594839e-05,4.16037146351e-05,1987,2473,False
2949,1.86242596101e-05,2.43230988417e-05,419,171,False
2950,3.16655095958e-05,4.41739830421e-05,2767,2697,False
2951,1.92929110199e-05,2.64134978352e-05,608,497,False
2952,2.75161510217e-05,4.10804022977e-05,2423,2411,False
2953,3.25351538777e-05,5.43482710782e-05,2804,2818,False
2954,2.04098541872e-05,3.03105207422e-05,959,1015,False
2955,2.26344000112e-05,3.27444067807e-05,1556,1307,False
2956,2.34979106608e-05,3.66262393072e-05,1743,1772,False
2957,2.14101855818e-05,3.47175082425e-05,1244,1549,False
2958,1.77869969775e-05,2.34955186897e-05,222,94,False
2959,3.42409184668e-05,4.50602565252e-05,2872,2747,False
2960,2.46699000854e-05,3.21339211951e-05,1959,1241,False
2961,2.17405649892e-05,3.26677400153e-05,1331,1297,False
2962,2.10037924262e-05,3.2672436646e-05,1135,1298,False
2963,2.36542782659e-05,3.50067166437e-05,1777,1580,False
2964,2.0656038032e-05,2.5522953365e-05,1025,344,False
2965,2.54436781688e-05,3.50664777216e-05,2085,1588,False
2966,1.70166931639e-05,2.01894836209e-05,107,6,False
2967,2.03118324862e-05,2.83733315882e-05,928,801,False
2968,3.88121297874e-05,6.22441075393e-05,2973,2947,False
2969,1.60151248565e-05,2.34305371123e-05,21,88,False
2970,2.08098736039e-05,3.36499106197e-05,1076,1418,False
2971,2.19381527131e-05,3.13002128678e-05,1377,1146,False
2972,2.02331975743e-05,3.34246979037e-05,910,1386,False
2973,1.76471003215e-05,2.54327769653e-05,196,331,False
2974,3.04559034703e-05,4.40917901869e-05,2696,2692,False
2975,2.09860354516e-05,2.82927067019e-05,1130,790,False
2976,2.71267326752e-05,4.10241555073e-05,2354,2397,False
2977,2.44841594395e-05,4.03601297876e-05,1929,2304,False
2978,2.46263007284e-05,4.00525641453e-05,1954,2263,False
2979,2.03836625587e-05,2.93645225611e-05,950,916,False
2980,2.44265738729e-05,3.60402045771e-05,1913,1694,False
2981,2.16970365727e-05,2.75026905001e-05,1321,691,False
2982,2.78682837234e-05,3.97795593017e-05,2459,2205,False
2983,3.48368230334e-05,5.86154746998e-05,2890,2889,False
2984,1.85824537766e-05,2.61651675828e-05,407,445,False
2985,2.33386017499e-05,3.45104926964e-05,1711,1529,False
2986,2.45579394687e-05,3.53853574779e-05,1945,1626,False
2987,1.97949866561e-05,3.419505083e-05,770,1492,False
2988,1.88195845112e-05,2.64136324404e-05,474,498,False
2989,3.05126195599e-05,4.41615156888e-05,2706,2695,False
2990,1.84503915079e-05,2.69008487521e-05,369,599,False
2991,2.57101037278e-05,4.10019492847e-05,2128,2394,False
2992,2.54182177741e-05,3.98573902203e-05,2075,2228,False
2993,2.33333521464e-05,3.80163255613e-05,1708,1940,False
2994,1.76246103365e-05,2.18215009227e-05,192,20,False
2995,2.81981920125e-05,4.07410188927e-05,2497,2366,False
2996,1.69750037458e-05,2.2737587642e-05,100,49,False
2997,2.59795342572e-05,3.97102012357e-05,2171,2192,False
2998,3.98835545639e-05,6.50807342026e-05,2993,2978,False
2999,1.79715498234e-05,2.56306630035e-05,260,363,False
