feature_index_zero_based,gxi_mean_absolute,ig_mean_absolute,gxi_rank_ascending,ig_rank_ascending,common_structural_zero
0,0,0,1,1,True
1,0,0,2,2,True
2,0.000107952182589,0.00031913764542,12765,12636,False
3,0,0,3,3,True
4,0,0,4,4,True
5,0,0,5,5,True
6,0,0,6,6,True
7,0,0,7,7,True
8,0.0010842543561,0.0036321929656,18459,18454,False
9,0,0,8,8,True
10,0.000147883707541,0.000480641523609,13211,13164,False
11,0,0,9,9,True
12,0,0,10,10,True
13,0.000687488587573,0.00221519987099,16922,16759,False
14,0.000381047924748,0.00127881148364,14792,14797,False
15,0,0,11,11,True
16,0,0,12,12,True
17,0.00107505044434,0.00359946442768,18439,18429,False
18,0,0,13,13,True
19,0.000297704420518,0.00104252737947,14303,14378,False
20,0.000468714832095,0.00160714366939,15335,15424,False
21,0,0,14,14,True
22,0,0,15,15,True
23,0,0,16,16,True
24,0.000314258766593,0.000975987117272,14387,14259,False
25,0,0,17,17,True
26,0,0,18,18,True
27,0.000388375367038,0.00130218442064,14841,14838,False
28,0.000795086147264,0.00261885207146,17503,17441,False
29,0.000524400500581,0.00173074670602,15732,15662,False
30,0,0,19,19,True
31,0,0,20,20,True
32,0,0,21,21,True
33,0,0,22,22,True
34,0.000322569045238,0.00114689138718,14432,14561,False
35,0.000567762879655,0.00196509878151,16058,16240,False
36,0.000577231869102,0.00189677707385,16146,16052,False
37,0.00245872419327,0.00834056083113,19787,19794,False
38,0,0,23,23,True
39,0.000351000169758,0.00131207727827,14609,14857,False
40,0,0,24,24,True
41,8.96077399375e-05,0.000290460593533,12572,12545,False
42,0,0,25,25,True
43,0.000565464026295,0.00193672266323,16040,16161,False
44,0.00146298576146,0.0048620281741,19122,19097,False
45,0,0,26,26,True
46,0.000384972605389,0.00130047881976,14814,14834,False
47,0.000490615144372,0.00165939063299,15486,15517,False
48,0,0,27,27,True
49,0.000557538180146,0.00184560078196,15982,15940,False
50,0.000235164072365,0.000775329477619,13916,13877,False
51,0,0,28,28,True
52,0,0,29,29,True
53,0,0,30,30,True
54,0.000716492533684,0.00248013692908,17083,17223,False
55,0,0,31,31,True
56,0.00024700423819,0.000789776211604,13988,13903,False
57,0,0,32,32,True
58,0,0,33,33,True
59,0,0,34,34,True
60,0,0,35,35,True
61,0,0,36,36,True
62,0,0,37,37,True
63,0.000177350913873,0.000606701243669,13493,13517,False
64,0,0,38,38,True
65,0.000496454245877,0.00174690946005,15534,15706,False
66,0,0,39,39,True
67,0.000756028864998,0.00260607386008,17314,17419,False
68,0.00076707242988,0.00258665741421,17370,17392,False
69,0,0,40,40,True
70,0.00117533933371,0.00402819784358,18649,18690,False
71,0.000119105599879,0.000410918961279,12911,12949,False
72,0,0,41,41,True
73,5.49183387193e-05,0.000165084013133,12128,12063,False
74,0.00108130578883,0.00358004053123,18453,18421,False
75,0,0,42,42,True
76,0,0,43,43,True
77,0,0,44,44,True
78,0,0,45,45,True
79,0.000400198681746,0.00151568837464,14911,15246,False
80,0.000150675841724,0.00039358556387,13243,12895,False
81,0,0,46,46,True
82,0.000573636440095,0.00196688110009,16110,16245,False
83,0.00141550868284,0.00475334329531,19052,19045,False
84,0.000200598675292,0.000692809466273,13674,13701,False
85,0,0,47,47,True
86,0,0,48,48,True
87,0,0,49,49,True
88,0.000288022711175,0.000941653561313,14253,14212,False
89,0.000566496397369,0.00178517773747,16049,15798,False
90,0,0,50,50,True
91,7.2321294283e-05,0.000267085822998,12350,12463,False
92,0,0,51,51,True
93,0,0,52,52,True
94,0,0,53,53,True
95,0.00104960729368,0.00357100693509,18381,18416,False
96,0,0,54,54,True
97,0,0,55,55,True
98,0,0,56,56,True
99,0,0,57,57,True
100,0,0,58,58,True
101,0,0,59,59,True
102,0,0,60,60,True
103,0,0,61,61,True
104,0,0,62,62,True
105,0,0,63,63,True
106,0,0,64,64,True
107,0,0,65,65,True
108,0.0015124444617,0.00521572679281,19184,19218,False
109,0,0,66,66,True
110,0,0,67,67,True
111,0,0,68,68,True
112,0,0,69,69,True
113,4.90606398671e-05,0.000150542822666,12051,12011,False
114,0,0,70,70,True
115,0,0,71,71,True
116,0,0,72,72,True
117,0,0,73,73,True
118,0,0,74,74,True
119,0.000214996252907,0.000731389969587,13776,13781,False
120,0,0,75,75,True
121,0,0,76,76,True
122,3.63718354492e-05,0.000135252892505,11902,11943,False
123,0.000746897188947,0.00246305484325,17267,17191,False
124,0,0,77,77,True
125,0,0,78,78,True
126,0.000660223304294,0.00229896791279,16764,16905,False
127,0,0,79,79,True
128,0.000176098823431,0.000524416333064,13480,13273,False
129,0,0,80,80,True
130,0,0,81,81,True
131,0.000274361256743,0.000919131445698,14170,14166,False
132,0.000370471505448,0.00120648439042,14708,14663,False
133,0,0,82,82,True
134,0,0,83,83,True
135,0,0,84,84,True
136,0.000501465343405,0.00160699605476,15566,15423,False
137,0.00195241824258,0.00653167068958,19575,19574,False
138,0.000556507671718,0.00183649396058,15973,15916,False
139,0.000574878824409,0.00193990487605,16120,16172,False
140,0.000698284013197,0.00235166051425,16985,17000,False
141,0.000815745210275,0.00270173326135,17591,17546,False
142,0.000346529326634,0.0011546331225,14585,14574,False
143,0.00055012392113,0.00183814181946,15920,15922,False
144,0,0,85,85,True
145,0,0,86,86,True
146,0.000755802553613,0.0026029383298,17312,17414,False
147,0.000119841650303,0.000411449058447,12921,12951,False
148,0,0,87,87,True
149,0.00131714146119,0.00430341297761,18906,18837,False
150,0.00157328206114,0.00531816482544,19247,19251,False
151,0.000481549155666,0.00158167316113,15417,15373,False
152,0,0,88,88,True
153,0,0,89,89,True
154,0.000505787553266,0.00179746421054,15595,15832,False
155,0.000799289264251,0.00263900961727,17522,17467,False
156,0,0,90,90,True
157,0.00143013079651,0.00490382872522,19071,19112,False
158,0,0,91,91,True
159,0.000659806129988,0.002211650135,16761,16753,False
160,0,0,92,92,True
161,0,0,93,93,True
162,0,0,94,94,True
163,0.000863755238242,0.00287922169082,17798,17767,False
164,0,0,95,95,True
165,0.000897653808352,0.00305808521807,17924,17975,False
166,0.00071702490095,0.00238917185925,17087,17066,False
167,0,0,96,96,True
168,0,0,97,97,True
169,0,0,98,98,True
170,0.00055515114218,0.00182481401134,15961,15898,False
171,0,0,99,99,True
172,0,0,100,100,True
173,0,0,101,101,True
174,0,0,102,102,True
175,0.000978813273832,0.00337474420667,18200,18266,False
176,0,0,103,103,True
177,0.000606674235314,0.00193803280126,16389,16168,False
178,0,0,104,104,True
179,0,0,105,105,True
180,9.16315620998e-05,0.000323889922583,12594,12655,False
181,0,0,106,106,True
182,0,0,107,107,True
183,0.000985436723568,0.0032558105886,18219,18166,False
184,0.00139864673838,0.00465637492016,19028,18996,False
185,0,0,108,108,True
186,0.000528940639924,0.00171851390041,15772,15642,False
187,0.00125827139709,0.00426383549348,18807,18820,False
188,0,0,109,109,True
189,0.000110821078124,0.00035241743899,12804,12732,False
190,0,0,110,110,True
191,0.000769517791923,0.00256551546045,17380,17362,False
192,0,0,111,111,True
193,0,0,112,112,True
194,0,0,113,113,True
195,0.000154949855641,0.000527295051143,13283,13279,False
196,0.000659059500322,0.00225883536041,16758,16835,False
197,0.00116403808352,0.0039097960107,18628,18632,False
198,0,0,114,114,True
199,0.000561369757634,0.00190766341984,16011,16084,False
200,0.00064279983053,0.0021813607309,16649,16689,False
201,0,0,115,115,True
202,0.000732096435968,0.00241428846493,17182,17111,False
203,0,0,116,116,True
204,0,0,117,117,True
205,0,0,118,118,True
206,0.000238921522396,0.000798548047896,13936,13921,False
207,0.00117669894826,0.00397737137973,18652,18668,False
208,0.000201753384317,0.000713651592378,13685,13745,False
209,0,0,119,119,True
210,0,0,120,120,True
211,0,0,121,121,True
212,0.000931791902985,0.00308451429009,18042,18005,False
213,0,0,122,122,True
214,0.000781961833127,0.00266052805819,17441,17497,False
215,0,0,123,123,True
216,0,0,124,124,True
217,0,0,125,125,True
218,0,0,126,126,True
219,0,0,127,127,True
220,0,0,128,128,True
221,0,0,129,129,True
222,0.00152011646423,0.00541057996452,19197,19277,False
223,0.000826112926006,0.00281349103898,17646,17684,False
224,0.000681336328853,0.00227931304835,16887,16863,False
225,0.000182366900844,0.000621584127657,13542,13549,False
226,0,0,130,130,True
227,0.000585034547839,0.00189807475545,16214,16057,False
228,0.000750195409637,0.00253784540109,17285,17326,False
229,0.000380553043215,0.00131150276866,14785,14856,False
230,0,0,131,131,True
231,0.000708464067429,0.00220253155567,17035,16730,False
232,0,0,132,132,True
233,0.00175817182753,0.00584260327742,19418,19385,False
234,0.000914056028705,0.00304538570344,17982,17954,False
235,0.000888024282176,0.00294121331535,17894,17840,False
236,0,0,133,133,True
237,0.000372757291188,0.0012591247214,14728,14756,False
238,0,0,134,134,True
239,0.00037352196523,0.00125603948254,14736,14747,False
240,0,0,135,135,True
241,0,0,136,136,True
242,0.000285247748252,0.000936626282055,14237,14201,False
243,0.00145037658513,0.00497275684029,19107,19134,False
244,0,0,137,137,True
245,0,0,138,138,True
246,5.79184670642e-05,0.00017038754595,12158,12084,False
247,0.000344611733453,0.00110479397699,14577,14478,False
248,0,0,139,139,True
249,0.00087227037875,0.00302008073777,17823,17924,False
250,0.000269513751846,0.000966986990534,14141,14252,False
251,0.000165660967468,0.000544733600691,13385,13338,False
252,0.000695718917996,0.00237474939786,16967,17032,False
253,0,0,140,140,True
254,0.000253775448073,0.000785576121416,14045,13900,False
255,0,0,141,141,True
256,0.000514092389494,0.00169674295466,15656,15598,False
257,0,0,142,142,True
258,0,0,143,143,True
259,0,0,144,144,True
260,0.00138314452488,0.00484858825803,19005,19090,False
261,3.986842421e-05,0.0001344600023,11948,11940,False
262,0.000748847960494,0.00248849648051,17279,17238,False
263,0.000189548401977,0.000691946304869,13589,13700,False
264,0,0,145,145,True
265,0,0,146,146,True
266,0,0,147,147,True
267,0,0,148,148,True
268,0.000372799840989,0.00128451548517,14729,14804,False
269,0,0,149,149,True
270,0.000598377897404,0.00202655768953,16323,16384,False
271,0,0,150,150,True
272,0,0,151,151,True
273,0.00145788467489,0.00490870559588,19115,19114,False
274,0,0,152,152,True
275,0,0,153,153,True
276,0,0,154,154,True
277,3.38098179782e-05,0.000119599077152,11876,11889,False
278,0.000558369327337,0.00187668937724,15987,16007,False
279,0.000412672321545,0.00135164230596,14975,14919,False
280,0.000898895203136,0.00308906915598,17928,18008,False
281,0,0,155,155,True
282,0.000535002502147,0.00173733069096,15815,15680,False
283,0,0,156,156,True
284,0.000538376218174,0.00184317061212,15840,15934,False
285,0,0,157,157,True
286,0,0,158,158,True
287,0.00021774074412,0.00079450168414,13794,13911,False
288,0.000298258120893,0.000954236718826,14305,14233,False
289,0,0,159,159,True
290,0,0,160,160,True
291,0,0,161,161,True
292,0,0,162,162,True
293,0,0,163,163,True
294,0.000788231263869,0.00261519174092,17470,17435,False
295,0.00110379280522,0.00376123539172,18509,18546,False
296,0.000622442807071,0.00198974483646,16494,16296,False
297,0.000528614036739,0.0017691164976,15768,15755,False
298,0.00012249701831,0.000429459207226,12946,13003,False
299,0,0,164,164,True
300,0.00137741456274,0.00453898077831,18996,18944,False
301,0,0,165,165,True
302,0,0,166,166,True
303,0,0,167,167,True
304,0,0,168,168,True
305,0,0,169,169,True
306,0,0,170,170,True
307,0,0,171,171,True
308,0.00111801829189,0.00367986573838,18543,18490,False
309,0.000747547368519,0.00260933022946,17273,17424,False
310,0.000823764246888,0.00279651465826,17636,17656,False
311,0.000238592678215,0.00087260059081,13931,14080,False
312,0,0,172,172,True
313,0,0,173,173,True
314,0,0,174,174,True
315,0,0,175,175,True
316,0,0,176,176,True
317,0.000715965754353,0.00227538798936,17079,16859,False
318,0,0,177,177,True
319,0,0,178,178,True
320,0,0,179,179,True
321,0,0,180,180,True
322,8.56562401168e-05,0.000304426823277,12517,12585,False
323,0,0,181,181,True
324,0,0,182,182,True
325,0,0,183,183,True
326,0,0,184,184,True
327,0,0,185,185,True
328,0.00130016240291,0.00435095420107,18865,18861,False
329,0.000672157038935,0.00222462252714,16837,16775,False
330,0.00176421517972,0.0061017521657,19425,19475,False
331,0,0,186,186,True
332,0,0,187,187,True
333,0,0,188,188,True
334,0,0,189,189,True
335,0,0,190,190,True
336,0,0,191,191,True
337,9.82889469014e-05,0.000318316015182,12665,12634,False
338,0,0,192,192,True
339,0,0,193,193,True
340,0,0,194,194,True
341,0,0,195,195,True
342,0.000284993642708,0.00100474432111,14235,14317,False
343,0.000642770377453,0.00232550199144,16647,16955,False
344,2.22740600293e-05,8.66878544912e-05,11804,11815,False
345,0,0,196,196,True
346,0.00124289677478,0.00419692276046,18773,18788,False
347,1.90735372598e-05,6.12252333667e-05,11794,11794,False
348,4.99129710079e-05,0.000200718495762,12063,12205,False
349,0,0,197,197,True
350,0,0,198,198,True
351,9.56823787419e-05,0.000356951815775,12632,12749,False
352,0.00187220273074,0.00626000994816,19523,19516,False
353,0,0,199,199,True
354,0,0,200,200,True
355,0,0,201,201,True
356,0,0,202,202,True
357,0.00135865854099,0.00456065591425,18972,18961,False
358,0.000716694514267,0.00249774078839,17084,17251,False
359,0.00089708348969,0.00293069519103,17921,17829,False
360,0.000656998890918,0.00224628159776,16744,16813,False
361,0.00118211389054,0.00401798542589,18665,18682,False
362,0,0,203,203,True
363,0.00065371702658,0.00216930615716,16723,16665,False
364,0,0,204,204,True
365,0,0,205,205,True
366,0,0,206,206,True
367,0.000143440047395,0.000533455109689,13167,13311,False
368,0.000387826992664,0.0012983790366,14832,14828,False
369,0.0002848659351,0.000946380198002,14232,14220,False
370,0,0,207,207,True
371,0.000662472157273,0.00220143282786,16785,16728,False
372,0,0,208,208,True
373,0,0,209,209,True
374,0.000318993697874,0.00098731846083,14410,14287,False
375,0.000121066834254,0.000456733076135,12931,13086,False
376,0,0,210,210,True
377,0,0,211,211,True
378,0,0,212,212,True
379,0,0,213,213,True
380,0,0,214,214,True
381,0.00010203931015,0.000332668365445,12708,12674,False
382,0.000518698710948,0.00170386489481,15688,15608,False
383,0,0,215,215,True
384,0,0,216,216,True
385,0,0,217,217,True
386,0,0,218,218,True
387,0,0,219,219,True
388,0,0,220,220,True
389,7.57530797273e-05,0.000252682890277,12386,12404,False
390,0.000962765363511,0.00338717759587,18142,18274,False
391,0.0013937628828,0.00479321181774,19018,19065,False
392,0.000872988021001,0.00286604231223,17825,17751,False
393,0,0,221,221,True
394,0.00117234163918,0.00399749260396,18645,18676,False
395,0,0,222,222,True
396,0,0,223,223,True
397,0,0,224,224,True
398,0.00172722327989,0.00593557395041,19392,19418,False
399,0.000749884755351,0.00250056805089,17283,17261,False
400,0,0,225,225,True
401,0,0,226,226,True
402,0,0,227,227,True
403,0,0,228,228,True
404,0.000384594372008,0.00135994155426,14812,14932,False
405,0.000717755581718,0.00244966475293,17093,17175,False
406,0.000264091067947,0.000873207463883,14113,14083,False
407,0,0,229,229,True
408,0,0,230,230,True
409,0,0,231,231,True
410,0.00157061999198,0.00508581567556,19244,19170,False
411,0.000161284595379,0.000541503191926,13339,13328,False
412,0,0,232,232,True
413,0,0,233,233,True
414,0,0,234,234,True
415,0,0,235,235,True
416,0,0,236,236,True
417,0,0,237,237,True
418,0,0,238,238,True
419,0,0,239,239,True
420,0,0,240,240,True
421,0.000158792565344,0.000509933626745,13315,13237,False
422,0.000243912203587,0.000800101493951,13970,13931,False
423,0,0,241,241,True
424,0,0,242,242,True
425,0,0,243,243,True
426,0,0,244,244,True
427,0,0,245,245,True
428,0,0,246,246,True
429,0,0,247,247,True
430,0,0,248,248,True
431,0.000219390218263,0.000779247027822,13808,13887,False
432,0,0,249,249,True
433,0,0,250,250,True
434,0.000723673554603,0.00228327605873,17135,16872,False
435,0.000721031683497,0.00244686217047,17116,17168,False
436,0,0,251,251,True
437,0,0,252,252,True
438,0,0,253,253,True
439,0,0,254,254,True
440,0.00115512975026,0.00400557881221,18612,18679,False
441,7.66171506257e-05,0.000248287513386,12394,12380,False
442,0.00110402214341,0.00375955412164,18510,18543,False
443,0,0,255,255,True
444,0.000446883757832,0.00153047114145,15203,15277,False
445,0.000642042257823,0.00218322779983,16642,16694,False
446,0,0,256,256,True
447,0,0,257,257,True
448,0,0,258,258,True
449,0,0,259,259,True
450,0.000618647434749,0.00218893657438,16463,16702,False
451,0,0,260,260,True
452,0.000342512736097,0.00108793133404,14563,14448,False
453,0,0,261,261,True
454,0,0,262,262,True
455,0.000384192768252,0.00126730254851,14809,14771,False
456,0,0,263,263,True
457,0,0,264,264,True
458,5.85219167988e-05,0.000191371975234,12167,12170,False
459,0,0,265,265,True
460,0.000430989835877,0.00143558590207,15089,15097,False
461,2.02483806788e-05,7.00848177075e-05,11800,11802,False
462,0,0,266,266,True
463,0.000181276511285,0.000608347298112,13529,13521,False
464,0.000224706876907,0.000779374851845,13838,13888,False
465,0,0,267,267,True
466,0.00173358723987,0.00591993890703,19399,19413,False
467,0.00143853737973,0.00489634508267,19085,19109,False
468,0.000613731332123,0.00210800208151,16433,16539,False
469,0.000799066619948,0.00260995025747,17520,17425,False
470,0.000545846763998,0.00186603958718,15884,15979,False
471,0.000223991592065,0.000731112377252,13834,13780,False
472,0,0,268,268,True
473,0,0,269,269,True
474,0,0,270,270,True
475,0.00165837293025,0.00559053989127,19323,19318,False
476,0.00135258585215,0.00460392422974,18955,18979,False
477,0,0,271,271,True
478,0.0015823970316,0.00518798036501,19255,19208,False
479,0.000167822654475,0.000580794934649,13398,13456,False
480,0,0,272,272,True
481,0,0,273,273,True
482,0.000162833515787,0.000617448124103,13360,13541,False
483,0.00196725013666,0.00675056083128,19585,19614,False
484,0.000356960284989,0.00116560864262,14644,14596,False
485,0.000351389171556,0.0011816957267,14612,14629,False
486,0.000885607907549,0.0029138349928,17882,17812,False
487,0,0,274,274,True
488,0,0,275,275,True
489,0,0,276,276,True
490,0,0,277,277,True
491,0.00154886790551,0.00508630322292,19225,19171,False
492,0,0,278,278,True
493,0.000808567041531,0.00267132860608,17556,17509,False
494,0,0,279,279,True
495,0.000249837292358,0.000808890268672,14013,13951,False
496,0,0,280,280,True
497,0,0,281,281,True
498,0,0,282,282,True
499,0.000635376316495,0.00219539855607,16592,16713,False
500,0,0,283,283,True
501,0,0,284,284,True
502,0,0,285,285,True
503,0,0,286,286,True
504,0,0,287,287,True
505,0.000801467744168,0.00271446653642,17534,17562,False
506,0,0,288,288,True
507,0.000485344731715,0.00165112246759,15447,15502,False
508,0,0,289,289,True
509,0,0,290,290,True
510,0,0,291,291,True
511,0,0,292,292,True
512,0,0,293,293,True
513,0.000703147496097,0.00235567288473,17012,17002,False
514,0,0,294,294,True
515,0.000360678328434,0.00121926469728,14663,14680,False
516,0,0,295,295,True
517,0,0,296,296,True
518,0,0,297,297,True
519,0,0,298,298,True
520,6.06238936598e-05,0.000181654730113,12201,12129,False
521,0,0,299,299,True
522,0,0,300,300,True
523,0,0,301,301,True
524,0,0,302,302,True
525,0.000198467314476,0.000707287283149,13656,13731,False
526,0,0,303,303,True
527,0.000211585502257,0.00069185072789,13755,13699,False
528,0,0,304,304,True
529,0,0,305,305,True
530,6.24737222097e-05,0.000205686723348,12222,12219,False
531,0,0,306,306,True
532,0,0,307,307,True
533,0,0,308,308,True
534,0,0,309,309,True
535,9.72139023361e-05,0.000264414440608,12653,12451,False
536,0,0,310,310,True
537,0,0,311,311,True
538,0,0,312,312,True
539,0,0,313,313,True
540,0.000751883548219,0.00262755085714,17297,17449,False
541,0,0,314,314,True
542,0.000112410212751,0.000395817362005,12827,12900,False
543,5.04895360791e-05,0.000139460316859,12068,11960,False
544,0,0,315,315,True
545,0.000276043749182,0.000981076038443,14181,14273,False
546,0,0,316,316,True
547,0.000580817111768,0.00189647160005,16176,16051,False
548,0,0,317,317,True
549,0,0,318,318,True
550,0,0,319,319,True
551,0,0,320,320,True
552,0,0,321,321,True
553,0,0,322,322,True
554,0,0,323,323,True
555,0,0,324,324,True
556,0,0,325,325,True
557,0,0,326,326,True
558,0,0,327,327,True
559,0,0,328,328,True
560,0,0,329,329,True
561,0,0,330,330,True
562,0,0,331,331,True
563,0,0,332,332,True
564,0.0001844826038,0.000588731025346,13553,13475,False
565,0,0,333,333,True
566,0,0,334,334,True
567,0,0,335,335,True
568,0.000111573586764,0.000375683128368,12814,12837,False
569,0,0,336,336,True
570,0.000520029279869,0.00176375964656,15701,15741,False
571,0,0,337,337,True
572,0.000225179479457,0.000838469481096,13841,14007,False
573,0.000169732986251,0.000522628950421,13416,13267,False
574,0,0,338,338,True
575,0,0,339,339,True
576,0,0,340,340,True
577,0,0,341,341,True
578,0.000891703530215,0.00287264189683,17907,17759,False
579,0,0,342,342,True
580,0.00138365989551,0.00454984745011,19007,18956,False
581,0,0,343,343,True
582,0,0,344,344,True
583,0.00035835953895,0.00115243741311,14652,14568,False
584,0.000222552407649,0.000723520235624,13826,13770,False
585,0.00131670176052,0.00429190788418,18904,18831,False
586,0,0,345,345,True
587,0,0,346,346,True
588,0,0,347,347,True
589,0,0,348,348,True
590,0,0,349,349,True
591,0.000130945220008,0.000409057101933,13032,12939,False
592,0,0,350,350,True
593,0.00051086692838,0.00185443123337,15631,15955,False
594,0,0,351,351,True
595,0.000542484864127,0.00187249982264,15863,15997,False
596,0.0014145609457,0.00471542170271,19048,19020,False
597,0.000634971715044,0.00216382509097,16590,16655,False
598,6.52899907436e-05,0.000239775705268,12262,12350,False
599,0,0,352,352,True
600,8.40582069941e-05,0.000289871619316,12497,12543,False
601,0,0,353,353,True
602,0.00101499957964,0.00353380199522,18293,18389,False
603,0,0,354,354,True
604,0,0,355,355,True
605,0.000638904282823,0.00227665062994,16615,16860,False
606,0,0,356,356,True
607,0.000138891089591,0.000469115911983,13128,13131,False
608,0,0,357,357,True
609,0,0,358,358,True
610,0.000118873133033,0.000413421948906,12910,12961,False
611,0,0,359,359,True
612,0,0,360,360,True
613,0.00135844061151,0.00465818215162,18971,18999,False
614,0,0,361,361,True
615,0.00109297351446,0.0036629838869,18479,18482,False
616,0,0,362,362,True
617,0.000228040837101,0.000737636932172,13866,13790,False
618,0.000736357294954,0.00252838945016,17210,17311,False
619,0,0,363,363,True
620,0.000655994866975,0.0022042626515,16739,16733,False
621,0,0,364,364,True
622,0.000566055183299,0.00188623298891,16043,16027,False
623,0,0,365,365,True
624,0,0,366,366,True
625,0.000128975880216,0.000426209153375,13010,12993,False
626,0,0,367,367,True
627,1.14143331302e-05,5.73051693209e-05,11785,11790,False
628,0,0,368,368,True
629,0,0,369,369,True
630,0.00143775355536,0.00483685173094,19081,19086,False
631,0.00301459012553,0.0100767491385,19860,19860,False
632,0,0,370,370,True
633,0.000197462897631,0.000658062694129,13651,13634,False
634,0.000620165432338,0.00205908808857,16476,16450,False
635,0,0,371,371,True
636,0,0,372,372,True
637,0.000383140315535,0.00125879829284,14801,14755,False
638,0,0,373,373,True
639,0,0,374,374,True
640,0.000409887434216,0.0013730408391,14964,14964,False
641,0,0,375,375,True
642,0,0,376,376,True
643,0,0,377,377,True
644,0,0,378,378,True
645,0.00101597374305,0.00349510414526,18296,18358,False
646,0,0,379,379,True
647,0,0,380,380,True
648,0,0,381,381,True
649,0,0,382,382,True
650,0.000850494485348,0.00263567524962,17754,17460,False
651,0.000962047604844,0.00323654641397,18139,18154,False
652,0,0,383,383,True
653,0.000705080339685,0.0023001441732,17019,16908,False
654,0,0,384,384,True
655,0.000666973006446,0.00221260590479,16811,16756,False
656,0,0,385,385,True
657,0.000148510007421,0.000534481194336,13215,13313,False
658,0.000292877666652,0.000980381038971,14278,14271,False
659,0,0,386,386,True
660,0,0,387,387,True
661,0,0,388,388,True
662,0.000287471077172,0.000906122208107,14248,14140,False
663,0,0,389,389,True
664,0.000476721004816,0.00156876479741,15380,15343,False
665,0.000609452894423,0.00189809408039,16400,16058,False
666,0.000196717708604,0.000655877054669,13642,13629,False
667,0,0,390,390,True
668,0,0,391,391,True
669,0,0,392,392,True
670,0,0,393,393,True
671,0,0,394,394,True
672,0,0,395,395,True
673,1.93596406461e-05,5.98635415372e-05,11795,11793,False
674,0,0,396,396,True
675,0.000212546365219,0.000637780874968,13761,13590,False
676,0,0,397,397,True
677,0,0,398,398,True
678,0,0,399,399,True
679,0.00203452887945,0.00681362813339,19637,19627,False
680,0.000104684098915,0.000346478249412,12732,12716,False
681,0,0,400,400,True
682,0,0,401,401,True
683,0,0,402,402,True
684,0,0,403,403,True
685,8.95034681889e-05,0.00028367395862,12570,12528,False
686,0.000332496245392,0.00108458963223,14494,14445,False
687,0,0,404,404,True
688,0,0,405,405,True
689,0,0,406,406,True
690,0.000497506232932,0.00157234584913,15541,15351,False
691,0,0,407,407,True
692,0,0,408,408,True
693,0.000176037487108,0.000596689234953,13479,13493,False
694,0,0,409,409,True
695,0,0,410,410,True
696,0,0,411,411,True
697,0.000533329439349,0.00170474569313,15802,15610,False
698,0,0,412,412,True
699,0,0,413,413,True
700,0.000402752571972,0.00137633818667,14923,14972,False
701,0,0,414,414,True
702,0,0,415,415,True
703,0,0,416,416,True
704,0.000830325414427,0.00280955806375,17668,17674,False
705,0,0,417,417,True
706,0,0,418,418,True
707,0,0,419,419,True
708,7.88853649283e-05,0.000257644278463,12428,12422,False
709,0,0,420,420,True
710,0,0,421,421,True
711,0,0,422,422,True
712,0,0,423,423,True
713,0.000249062140938,0.000834351521917,14005,13999,False
714,0.000174640706973,0.000595522345975,13464,13491,False
715,0.00017180411669,0.000611058261711,13440,13526,False
716,0,0,424,424,True
717,0.000540109991562,0.0019038830651,15848,16075,False
718,0.00174912496004,0.0060737025924,19404,19467,False
719,0,0,425,425,True
720,0.00131424097344,0.00447560753673,18900,18910,False
721,0,0,426,426,True
722,0.00178094475996,0.00596602307633,19446,19435,False
723,0,0,427,427,True
724,0,0,428,428,True
725,0.000140456904774,0.000432564527728,13141,13017,False
726,0,0,429,429,True
727,0,0,430,430,True
728,0,0,431,431,True
729,0,0,432,432,True
730,0,0,433,433,True
731,0.000663291546516,0.00223849224858,16794,16797,False
732,0.00148486590479,0.00515839783475,19144,19199,False
733,0.000165118122823,0.00054512382485,13381,13341,False
734,0,0,434,434,True
735,0,0,435,435,True
736,0.000825765135232,0.00280790007673,17644,17672,False
737,0,0,436,436,True
738,0,0,437,437,True
739,0,0,438,438,True
740,0,0,439,439,True
741,0,0,440,440,True
742,0,0,441,441,True
743,0,0,442,442,True
744,0,0,443,443,True
745,0.00109814375173,0.00379423494451,18492,18568,False
746,0,0,444,444,True
747,0,0,445,445,True
748,0,0,446,446,True
749,0.000649219495244,0.00203087553382,16686,16397,False
750,0,0,447,447,True
751,0,0,448,448,True
752,0,0,449,449,True
753,0.00031316379318,0.00105391407851,14381,14395,False
754,0.00229788501747,0.00779806962237,19750,19755,False
755,0.00100753188599,0.00344121316448,18271,18320,False
756,0,0,450,450,True
757,0.000385104911402,0.00130021106452,14815,14832,False
758,0.000592419877648,0.00192436436191,16266,16131,False
759,0,0,451,451,True
760,0,0,452,452,True
761,0.00047300112783,0.00158601440489,15360,15379,False
762,0.000568473536987,0.00192267575767,16064,16126,False
763,9.52725167735e-05,0.000304376939312,12627,12583,False
764,0,0,453,453,True
765,0.000163246062584,0.000565775961149,13365,13408,False
766,0,0,454,454,True
767,0.000554638099857,0.00187256385107,15955,15998,False
768,0.000387950974982,0.0013958067866,14836,15018,False
769,0.00140982284211,0.00459416816011,19044,18973,False
770,9.24116466194e-05,0.000254189391853,12600,12408,False
771,0,0,455,455,True
772,0.000938975368626,0.00311485934071,18059,18035,False
773,7.41764742997e-05,0.000259999796981,12366,12432,False
774,0,0,456,456,True
775,0,0,457,457,True
776,0,0,458,458,True
777,0.000265445502009,0.000887459842488,14121,14106,False
778,0,0,459,459,True
779,0,0,460,460,True
780,0.000464453856694,0.00158479367383,15311,15377,False
781,0,0,461,461,True
782,0,0,462,462,True
783,0.000364198960597,0.00114587694407,14676,14558,False
784,0.000431589229265,0.00145328964572,15092,15127,False
785,0,0,463,463,True
786,0,0,464,464,True
787,0,0,465,465,True
788,0,0,466,466,True
789,0,0,467,467,True
790,0,0,468,468,True
791,0,0,469,469,True
792,0,0,470,470,True
793,0,0,471,471,True
794,0,0,472,472,True
795,3.9052531065e-05,0.000139483774547,11933,11961,False
796,0,0,473,473,True
797,0,0,474,474,True
798,0,0,475,475,True
799,0.000304692337522,0.00104196835309,14339,14375,False
800,0.000420452357503,0.00142654555384,15032,15072,False
801,0,0,476,476,True
802,6.73471877235e-05,0.000229131052038,12293,12310,False
803,0.000969155866187,0.00330485473387,18157,18208,False
804,0,0,477,477,True
805,0.000556216575205,0.00188310979865,15969,16019,False
806,0.000407404935686,0.00136490119621,14947,14947,False
807,0.0007197856321,0.00233540334739,17106,16972,False
808,0,0,478,478,True
809,0.000101857091067,0.000340888655046,12706,12700,False
810,0,0,479,479,True
811,0,0,480,480,True
812,0.00196529366076,0.00676766829565,19584,19618,False
813,0.000134910471388,0.000544063688722,13081,13336,False
814,0.000342469546013,0.00114904739894,14562,14564,False
815,5.31509867869e-05,0.000157785732881,12104,12040,False
816,0,0,481,481,True
817,0,0,482,482,True
818,0,0,483,483,True
819,0,0,484,484,True
820,0,0,485,485,True
821,0.000420989235863,0.00151076633483,15034,15236,False
822,0,0,486,486,True
823,0,0,487,487,True
824,0,0,488,488,True
825,0,0,489,489,True
826,0,0,490,490,True
827,0,0,491,491,True
828,0.000307732232613,0.00125507928897,14353,14743,False
829,0,0,492,492,True
830,0.00118836853653,0.00391993112862,18677,18637,False
831,0,0,493,493,True
832,0,0,494,494,True
833,0.000782551011071,0.0026843235828,17443,17532,False
834,0,0,495,495,True
835,0,0,496,496,True
836,0,0,497,497,True
837,0,0,498,498,True
838,0,0,499,499,True
839,0,0,500,500,True
840,0,0,501,501,True
841,0,0,502,502,True
842,0.000643041334115,0.0020408378914,16653,16417,False
843,0,0,503,503,True
844,0,0,504,504,True
845,0.000765305419918,0.00261509232223,17364,17434,False
846,0.00184288911987,0.00593903847039,19498,19422,False
847,0,0,505,505,True
848,0,0,506,506,True
849,0,0,507,507,True
850,0,0,508,508,True
851,0.000676194031257,0.00233514257707,16857,16970,False
852,0,0,509,509,True
853,0,0,510,510,True
854,0,0,511,511,True
855,0,0,512,512,True
856,0,0,513,513,True
857,0,0,514,514,True
858,0.00231679179706,0.00793720036745,19755,19761,False
859,0,0,515,515,True
860,0,0,516,516,True
861,0,0,517,517,True
862,0.000468618352897,0.00156025285833,15334,15333,False
863,0.000523713359144,0.00184459460434,15728,15938,False
864,0,0,518,518,True
865,0.000806596013717,0.00264595332555,17548,17475,False
866,0.000768304569647,0.00268901442178,17373,17534,False
867,0,0,519,519,True
868,0,0,520,520,True
869,0,0,521,521,True
870,0,0,522,522,True
871,0.000776003289502,0.00262207444757,17411,17443,False
872,0.000550232478417,0.00192304234952,15922,16127,False
873,0,0,523,523,True
874,0,0,524,524,True
875,0,0,525,525,True
876,0,0,526,526,True
877,0,0,527,527,True
878,0.00269117555581,0.00917074270546,19826,19829,False
879,0.00137250474654,0.00450619310141,18989,18921,False
880,0,0,528,528,True
881,0,0,529,529,True
882,0.000543513917364,0.00184156699106,15870,15928,False
883,0,0,530,530,True
884,0,0,531,531,True
885,0,0,532,532,True
886,0.000169894236024,0.000587229907978,13421,13470,False
887,0.00290671386756,0.00993735622615,19853,19854,False
888,0,0,533,533,True
889,0.00102819665335,0.00333212199621,18331,18235,False
890,0,0,534,534,True
891,0.000580868159886,0.00204559159465,16180,16426,False
892,0.000254418089753,0.0008994890959,14050,14129,False
893,0,0,535,535,True
894,0,0,536,536,True
895,0,0,537,537,True
896,0.000315942219459,0.000977346324362,14395,14262,False
897,0,0,538,538,True
898,0.00012759132369,0.000341913255397,13000,12704,False
899,0.000499836634845,0.00165868143085,15556,15515,False
900,0.000952236296143,0.0031004997436,18110,18022,False
901,0,0,539,539,True
902,0.00204424629919,0.00692937895656,19644,19646,False
903,0.00175668625161,0.00594836240634,19415,19427,False
904,0,0,540,540,True
905,4.9390069762e-05,0.000165271558217,12057,12066,False
906,0,0,541,541,True
907,0,0,542,542,True
908,0,0,543,543,True
909,0,0,544,544,True
910,0.000125401726109,0.000453301065136,12979,13076,False
911,0,0,545,545,True
912,0,0,546,546,True
913,0.000231211379287,0.000760328781325,13886,13842,False
914,0,0,547,547,True
915,0,0,548,548,True
916,0,0,549,549,True
917,0,0,550,550,True
918,9.21410683077e-05,0.000332942174282,12598,12676,False
919,0,0,551,551,True
920,0,0,552,552,True
921,0.000254471931839,0.000977850053459,14051,14268,False
922,0,0,553,553,True
923,9.33855189942e-05,0.000351634284016,12610,12728,False
924,0,0,554,554,True
925,0,0,555,555,True
926,0,0,556,556,True
927,0,0,557,557,True
928,0,0,558,558,True
929,0,0,559,559,True
930,0,0,560,560,True
931,0,0,561,561,True
932,0,0,562,562,True
933,0,0,563,563,True
934,0,0,564,564,True
935,0,0,565,565,True
936,0,0,566,566,True
937,0,0,567,567,True
938,0,0,568,568,True
939,0,0,569,569,True
940,0,0,570,570,True
941,4.8613477702e-05,0.000146023943671,12044,11990,False
942,0,0,571,571,True
943,0,0,572,572,True
944,0.00032953909249,0.00108816137072,14472,14449,False
945,0.000267461495241,0.000884479784872,14127,14103,False
946,0.000514904269949,0.00172857334837,15661,15659,False
947,0.00241028168239,0.00788250193,19779,19756,False
948,0.000126090206322,0.00040337399696,12988,12926,False
949,0.000976127455942,0.00322875985876,18188,18147,False
950,0,0,573,573,True
951,0.000826877134386,0.00276082404889,17652,17618,False
952,0,0,574,574,True
953,0.000714952650014,0.00240662624128,17075,17095,False
954,0,0,575,575,True
955,0,0,576,576,True
956,0.000545080809388,0.00180935068056,15880,15865,False
957,0.000175690787728,0.000588235037867,13475,13473,False
958,0,0,577,577,True
959,0.000186940684216,0.000575303274672,13571,13434,False
960,0,0,578,578,True
961,8.82322347024e-05,0.00030147889629,12553,12576,False
962,0,0,579,579,True
963,0.000510522397235,0.00171496684197,15629,15630,False
964,0.000899749225937,0.00302231241949,17932,17929,False
965,0.00105304073077,0.00346911512315,18385,18339,False
966,0.00079177331645,0.00265501113608,17489,17489,False
967,0,0,580,580,True
968,0,0,581,581,True
969,0.000564037356526,0.00193740974646,16031,16166,False
970,0,0,582,582,True
971,0.00046539993491,0.00151880597696,15319,15251,False
972,0,0,583,583,True
973,0.000661305733956,0.00217199278995,16771,16675,False
974,0,0,584,584,True
975,0,0,585,585,True
976,0.000799532048404,0.00269575649872,17523,17542,False
977,0,0,586,586,True
978,0.000888980401214,0.00295506231487,17900,17856,False
979,0,0,587,587,True
980,0.000590943847783,0.00199393858202,16260,16303,False
981,0,0,588,588,True
982,0,0,589,589,True
983,0,0,590,590,True
984,0,0,591,591,True
985,0,0,592,592,True
986,0,0,593,593,True
987,0,0,594,594,True
988,0.00104480143636,0.00349558307789,18366,18359,False
989,0,0,595,595,True
990,0.000323904445395,0.00101165624801,14436,14332,False
991,0,0,596,596,True
992,0,0,597,597,True
993,0,0,598,598,True
994,0.00124011433218,0.00437257997692,18768,18868,False
995,0,0,599,599,True
996,5.10952486366e-05,0.00018005068705,12076,12123,False
997,0.000794728461187,0.00265421066433,17502,17487,False
998,0,0,600,600,True
999,0,0,601,601,True
1000,0,0,602,602,True
1001,0,0,603,603,True
1002,0.000605902983807,0.00206778408028,16382,16464,False
1003,0.000730697938707,0.00251118722372,17171,17282,False
1004,0.00128919235431,0.00437258370221,18855,18869,False
1005,0,0,604,604,True
1006,6.18708872935e-05,0.000213824954699,12214,12249,False
1007,7.82972638262e-05,0.00024691503495,12416,12373,False
1008,0,0,605,605,True
1009,0,0,606,606,True
1010,0.00165148009546,0.00567252142355,19315,19339,False
1011,0.000696067640092,0.0023562524002,16970,17003,False
1012,0.000407069834182,0.00135188258719,14944,14920,False
1013,5.52894998691e-05,0.000189847909496,12133,12165,False
1014,0.000983241247013,0.00325439940207,18214,18164,False
1015,0,0,607,607,True
1016,0,0,608,608,True
1017,0.000844623602461,0.00286787142977,17726,17756,False
1018,0.00127287500072,0.00419822102413,18833,18790,False
1019,0,0,609,609,True
1020,0.000790551130194,0.00263659073971,17483,17463,False
1021,0.00131342140958,0.00437479373068,18896,18871,False
1022,0,0,610,610,True
1023,0.000817756808829,0.00271493126638,17600,17565,False
1024,0.000430104206316,0.00143122707959,15086,15082,False
1025,0,0,611,611,True
1026,0,0,612,612,True
1027,0.0005836529308,0.0019195091445,16200,16113,False
1028,0,0,613,613,True
1029,0.00102036527824,0.00344107928686,18305,18319,False
1030,0,0,614,614,True
1031,0,0,615,615,True
1032,0.000583079876378,0.00189414259512,16195,16042,False
1033,0,0,616,616,True
1034,0,0,617,617,True
1035,0.000577615108341,0.00196478515863,16148,16238,False
1036,0.000127034989418,0.000425503181759,12995,12991,False
1037,0,0,618,618,True
1038,0.000169281571289,0.000581362051889,13413,13460,False
1039,0,0,619,619,True
1040,0,0,620,620,True
1041,0.000113416193926,0.000352017494151,12844,12729,False
1042,0.000261185690761,0.000844509573653,14090,14014,False
1043,0,0,621,621,True
1044,0,0,622,622,True
1045,0,0,623,623,True
1046,1.41926066135e-05,4.36473783338e-05,11786,11785,False
1047,0,0,624,624,True
1048,0,0,625,625,True
1049,0.0011151812505,0.00373929762281,18534,18528,False
1050,0.000145557845826,0.000553769466933,13189,13369,False
1051,0.000687722058501,0.00240508443676,16925,17091,False
1052,0.000748564838432,0.00249489280395,17276,17245,False
1053,0.000124224941828,0.000437430280726,12969,13028,False
1054,0.00201780674979,0.00659944815561,19625,19588,False
1055,0,0,626,626,True
1056,0,0,627,627,True
1057,0,0,628,628,True
1058,0,0,629,629,True
1059,0,0,630,630,True
1060,0.000254149257671,0.000892570242286,14047,14119,False
1061,0,0,631,631,True
1062,0.000216249391087,0.000705686397851,13785,13729,False
1063,0,0,632,632,True
1064,0,0,633,633,True
1065,0,0,634,634,True
1066,0,0,635,635,True
1067,0.000406649400247,0.00144645373803,14943,15113,False
1068,0,0,636,636,True
1069,0,0,637,637,True
1070,0,0,638,638,True
1071,0,0,639,639,True
1072,0.00146916124504,0.00492154061794,19130,19120,False
1073,0.000161376534379,0.000506152107846,13341,13230,False
1074,0.000672697089612,0.00219424976967,16843,16710,False
1075,0,0,640,640,True
1076,0,0,641,641,True
1077,0,0,642,642,True
1078,0,0,643,643,True
1079,6.25111060799e-05,0.000215454041609,12223,12251,False
1080,0.000266472663498,0.000880917243194,14124,14097,False
1081,0.000348205270711,0.0011741562048,14591,14611,False
1082,0.00274652568623,0.00917207542807,19833,19830,False
1083,0,0,644,644,True
1084,0,0,645,645,True
1085,0.000722449563909,0.00242307945155,17127,17129,False
1086,0,0,646,646,True
1087,0,0,647,647,True
1088,0.0001269083441,0.000443895522039,12992,13050,False
1089,0,0,648,648,True
1090,0,0,649,649,True
1091,0.000168503655004,0.000546988507267,13405,13347,False
1092,0,0,650,650,True
1093,0,0,651,651,True
1094,0,0,652,652,True
1095,0.000261098699411,0.000908322341274,14088,14145,False
1096,0.000556717510335,0.00188124761917,15974,16016,False
1097,0,0,653,653,True
1098,0,0,654,654,True
1099,0.000136243776069,0.000486681354232,13097,13185,False
1100,0,0,655,655,True
1101,0,0,656,656,True
1102,0.000828514690511,0.00280384882353,17660,17668,False
1103,0.000160798401339,0.000551791978069,13336,13365,False
1104,0,0,657,657,True
1105,0,0,658,658,True
1106,0,0,659,659,True
1107,0,0,660,660,True
1108,0.000131138935103,0.000459412694909,13034,13097,False
1109,0.00051855656784,0.00174427044112,15687,15702,False
1110,0,0,661,661,True
1111,0,0,662,662,True
1112,0,0,663,663,True
1113,0.000244168651989,0.000862225075252,13971,14061,False
1114,0,0,664,664,True
1115,7.19896779628e-05,0.000233642684179,12345,12329,False
1116,0.000213191553485,0.000675290473737,13763,13667,False
1117,0,0,665,665,True
1118,0,0,666,666,True
1119,0.00216250307858,0.00713264802471,19704,19688,False
1120,0.000864297209773,0.0028388267383,17801,17715,False
1121,0,0,667,667,True
1122,0,0,668,668,True
1123,0,0,669,669,True
1124,0.00185777409934,0.00616014935076,19509,19488,False
1125,0,0,670,670,True
1126,0,0,671,671,True
1127,0,0,672,672,True
1128,0.000379561301088,0.00124702113681,14771,14728,False
1129,0.00118211610243,0.00404142029583,18666,18698,False
1130,0.00180463388097,0.00596364494413,19464,19434,False
1131,0,0,673,673,True
1132,0.00119424203876,0.00402068905532,18686,18683,False
1133,0.000569009454921,0.00198208517395,16071,16277,False
1134,0,0,674,674,True
1135,0,0,675,675,True
1136,0,0,676,676,True
1137,0,0,677,677,True
1138,0.00113904674072,0.00382105703466,18579,18580,False
1139,0.00176627130713,0.00596801564097,19430,19436,False
1140,0,0,678,678,True
1141,0,0,679,679,True
1142,0,0,680,680,True
1143,0,0,681,681,True
1144,0,0,682,682,True
1145,0.00180119741708,0.00593824731186,19462,19421,False
1146,0.00111768383067,0.003695119638,18542,18503,False
1147,0,0,683,683,True
1148,0,0,684,684,True
1149,0.000958246702794,0.00334666948766,18126,18248,False
1150,0,0,685,685,True
1151,0,0,686,686,True
1152,0.000536034465767,0.00168157753069,15822,15559,False
1153,0,0,687,687,True
1154,0,0,688,688,True
1155,0,0,689,689,True
1156,0.000443815428298,0.00144706410356,15184,15114,False
1157,0,0,690,690,True
1158,0,0,691,691,True
1159,0.00170557724778,0.00568131310865,19366,19342,False
1160,0,0,692,692,True
1161,0,0,693,693,True
1162,0.00035044742981,0.00118962861598,14605,14639,False
1163,0,0,694,694,True
1164,0,0,695,695,True
1165,0,0,696,696,True
1166,0,0,697,697,True
1167,0.000706576451194,0.00225043063983,17026,16821,False
1168,0.000222229049541,0.000754321750719,13822,13825,False
1169,0.00151575286873,0.00511790439487,19192,19186,False
1170,0.00113587174565,0.00383122521453,18572,18587,False
1171,0,0,698,698,True
1172,0.000232073653024,0.000746214296669,13893,13812,False
1173,0.00075262109749,0.00257838517427,17299,17377,False
1174,0,0,699,699,True
1175,0,0,700,700,True
1176,0,0,701,701,True
1177,0,0,702,702,True
1178,0,0,703,703,True
1179,0,0,704,704,True
1180,0,0,705,705,True
1181,0.00154558790382,0.0054004820995,19220,19273,False
1182,0,0,706,706,True
1183,0,0,707,707,True
1184,0,0,708,708,True
1185,0.000268653064268,0.00100157561246,14134,14308,False
1186,0,0,709,709,True
1187,0,0,710,710,True
1188,0.000288645154797,0.000953851384111,14257,14230,False
1189,0,0,711,711,True
1190,0,0,712,712,True
1191,0,0,713,713,True
1192,6.83112302795e-05,0.000224651535973,12306,12291,False
1193,0.000508138386067,0.00172833830584,15613,15658,False
1194,0,0,714,714,True
1195,0.000159177303431,0.000532326637767,13320,13305,False
1196,0,0,715,715,True
1197,0.000458507682197,0.00153345661238,15272,15281,False
1198,0,0,716,716,True
1199,0,0,717,717,True
1200,0,0,718,718,True
1201,0,0,719,719,True
1202,0,0,720,720,True
1203,0,0,721,721,True
1204,0.000463025906356,0.00155469693709,15296,15323,False
1205,0,0,722,722,True
1206,0,0,723,723,True
1207,0,0,724,724,True
1208,0,0,725,725,True
1209,0.000433293316746,0.00146923959255,15105,15164,False
1210,0,0,726,726,True
1211,1.9788123609e-05,7.51236220822e-05,11797,11806,False
1212,0,0,727,727,True
1213,0,0,728,728,True
1214,0.000522266258486,0.00167516979855,15717,15545,False
1215,0.000128180196043,0.000439261697466,13005,13033,False
1216,0.000156552443514,0.000514028244652,13298,13247,False
1217,0,0,729,729,True
1218,0,0,730,730,True
1219,0,0,731,731,True
1220,0.000636136042885,0.00220981216989,16601,16748,False
1221,0.0010120770894,0.00350736710243,18277,18368,False
1222,0,0,732,732,True
1223,0,0,733,733,True
1224,0,0,734,734,True
1225,0,0,735,735,True
1226,0.000920487858821,0.00312905129977,18001,18050,False
1227,0.00217427033931,0.00725327804685,19708,19705,False
1228,0.000185492521268,0.00057336332975,13562,13430,False
1229,0.00114887265954,0.00378070655279,18604,18560,False
1230,0.000550830736756,0.00191463320516,15924,16098,False
1231,0,0,736,736,True
1232,0,0,737,737,True
1233,0,0,738,738,True
1234,0,0,739,739,True
1235,0.00239439378493,0.00810155458748,19777,19779,False
1236,0,0,740,740,True
1237,0,0,741,741,True
1238,0.000848904950544,0.00297701498494,17745,17877,False
1239,0.000109646229248,0.000366541673429,12788,12794,False
1240,0,0,742,742,True
1241,0,0,743,743,True
1242,0.000813270686194,0.00267945369706,17578,17523,False
1243,0.0017811342841,0.00594577146694,19447,19424,False
1244,0,0,744,744,True
1245,0.000650828995276,0.00234242435545,16703,16984,False
1246,0.00200305157341,0.00667754840106,19612,19604,False
1247,0.00011321221973,0.000380580109777,12841,12854,False
1248,0.000610795803368,0.00215453514829,16409,16637,False
1249,0.000459922797745,0.00152680533938,15276,15264,False
1250,0,0,745,745,True
1251,0.000891450268682,0.00321245077066,17906,18127,False
1252,0.000418722862378,0.00151185819414,15022,15240,False
1253,0.0014387461124,0.00473026512191,19086,19031,False
1254,0.00222334475257,0.00746452854946,19727,19727,False
1255,0,0,746,746,True
1256,0.000931124493945,0.00314181949943,18039,18066,False
1257,0,0,747,747,True
1258,0,0,748,748,True
1259,0,0,749,749,True
1260,0,0,750,750,True
1261,0.000899254402611,0.00293456576765,17929,17831,False
1262,0,0,751,751,True
1263,0,0,752,752,True
1264,0.000533635495231,0.0017724421341,15803,15773,False
1265,0.000501005910337,0.00163089379203,15564,15457,False
1266,0.00018600479234,0.000681550998706,13564,13679,False
1267,0.000685630890075,0.00234012654983,16912,16979,False
1268,0.000568522664253,0.00185930309817,16065,15964,False
1269,0.000388127722545,0.00123108853586,14840,14696,False
1270,0.000589512113947,0.00206646439619,16251,16463,False
1271,0.000106573759695,0.000330314302118,12750,12667,False
1272,0.00161350262351,0.00542957661673,19284,19280,False
1273,0.00139719934668,0.00461390800774,19024,18983,False
1274,0,0,753,753,True
1275,0,0,754,754,True
1276,0,0,755,755,True
1277,0.000132177505293,0.000534854945727,13043,13314,False
1278,0,0,756,756,True
1279,0.000816983054392,0.00286620017141,17597,17752,False
1280,0.000780203728937,0.00244458974339,17427,17164,False
1281,0,0,757,757,True
1282,0,0,758,758,True
1283,0,0,759,759,True
1284,0.000189804137335,0.000742982083466,13592,13802,False
1285,0.000149360392243,0.00052473921096,13226,13275,False
1286,0.000384366692742,0.00155892921612,14810,15330,False
1287,4.26917940786e-05,0.000137019727845,11975,11950,False
1288,0,0,760,760,True
1289,0.00104105484206,0.00345878442749,18352,18334,False
1290,0,0,761,761,True
1291,0,0,762,762,True
1292,0.00119742518291,0.00408321199939,18694,18723,False
1293,0.00203690538183,0.00660403445363,19640,19589,False
1294,0,0,763,763,True
1295,0.000351672264514,0.00113701843657,14613,14539,False
1296,0.000731581996661,0.00245031155646,17178,17176,False
1297,0.00202054670081,0.00662221573293,19628,19592,False
1298,0,0,764,764,True
1299,0,0,765,765,True
1300,0,0,766,766,True
1301,0.000318802078255,0.00102846603841,14409,14357,False
1302,0.000618250283878,0.00203009694815,16459,16394,False
1303,0.0020222608,0.00673576351255,19630,19612,False
1304,0,0,767,767,True
1305,0,0,768,768,True
1306,0,0,769,769,True
1307,0,0,770,770,True
1308,0,0,771,771,True
1309,0,0,772,772,True
1310,0,0,773,773,True
1311,0,0,774,774,True
1312,8.21437643026e-05,0.00023817611509,12476,12342,False
1313,0.0011726336088,0.00413538794965,18646,18745,False
1314,0.001725070877,0.00582193536684,19389,19380,False
1315,0,0,775,775,True
1316,0,0,776,776,True
1317,0,0,777,777,True
1318,0,0,778,778,True
1319,0.000618401740212,0.0020733254496,16461,16478,False
1320,0.000615979894064,0.00210289075039,16440,16529,False
1321,0.000130399974296,0.00038928410504,13022,12880,False
1322,0.000586872629356,0.00180649652611,16234,15858,False
1323,0,0,779,779,True
1324,0,0,780,780,True
1325,0.00016194244381,0.000550454366021,13349,13358,False
1326,0,0,781,781,True
1327,0.00152545131277,0.00508708553389,19203,19173,False
1328,0,0,782,782,True
1329,0.000180142713361,0.000574227771722,13516,13431,False
1330,0,0,783,783,True
1331,0.000747092301026,0.00253104302101,17269,17314,False
1332,0.000314154312946,0.0010085455142,14386,14326,False
1333,0,0,784,784,True
1334,0,0,785,785,True
1335,0,0,786,786,True
1336,0.000973284535576,0.00324798561633,18173,18161,False
1337,0,0,787,787,True
1338,0,0,788,788,True
1339,0,0,789,789,True
1340,0,0,790,790,True
1341,0,0,791,791,True
1342,0.000676691124681,0.00223316904157,16864,16785,False
1343,0,0,792,792,True
1344,0.00151294854004,0.0047583556734,19187,19050,False
1345,0.00101221422665,0.00343045173213,18279,18313,False
1346,0,0,793,793,True
1347,0,0,794,794,True
1348,0,0,795,795,True
1349,0,0,796,796,True
1350,0,0,797,797,True
1351,0,0,798,798,True
1352,0.000793814077042,0.00270505924709,17498,17552,False
1353,0,0,799,799,True
1354,0.000459240342025,0.00154802855104,15273,15310,False
1355,0,0,800,800,True
1356,0,0,801,801,True
1357,0.00123065931257,0.00405100779608,18752,18706,False
1358,4.318180072e-05,0.000149506551679,11984,12007,False
1359,2.87469520117e-05,9.07093417482e-05,11834,11822,False
1360,0,0,802,802,True
1361,0,0,803,803,True
1362,0,0,804,804,True
1363,0,0,805,805,True
1364,0,0,806,806,True
1365,0.000249315489782,0.000824531191029,14009,13983,False
1366,0,0,807,807,True
1367,0.000380683632102,0.00129572511651,14786,14821,False
1368,0.000936729309615,0.00310931517743,18056,18031,False
1369,0.000886305002496,0.0030115894042,17883,17916,False
1370,0,0,808,808,True
1371,4.50117368018e-05,0.000183344003744,12005,12140,False
1372,0,0,809,809,True
1373,0,0,810,810,True
1374,0.000191876577446,0.000682994839735,13603,13681,False
1375,0,0,811,811,True
1376,0,0,812,812,True
1377,0,0,813,813,True
1378,0,0,814,814,True
1379,0,0,815,815,True
1380,0,0,816,816,True
1381,0.000156580092153,0.000503518269397,13299,13224,False
1382,0,0,817,817,True
1383,0,0,818,818,True
1384,0,0,819,819,True
1385,0.000679614604451,0.00226292177103,16880,16838,False
1386,0,0,820,820,True
1387,0.000281239743344,0.000988733023405,14211,14290,False
1388,0.00139926967677,0.00472893984988,19029,19028,False
1389,0,0,821,821,True
1390,0,0,822,822,True
1391,0.000141529861139,0.000447019090643,13148,13057,False
1392,0,0,823,823,True
1393,0,0,824,824,True
1394,0,0,825,825,True
1395,0.000797667657025,0.00261503271759,17510,17433,False
1396,0,0,826,826,True
1397,0,0,827,827,True
1398,7.49246100895e-05,0.000236325300648,12375,12339,False
1399,0,0,828,828,True
1400,0,0,829,829,True
1401,0.000177108478965,0.000566127360798,13490,13410,False
1402,0,0,830,830,True
1403,0.000530032324605,0.00175686529838,15777,15730,False
1404,0.00116022047587,0.00411675916985,18619,18737,False
1405,0.000511855876539,0.00178032473195,15639,15788,False
1406,0,0,831,831,True
1407,0,0,832,832,True
1408,0,0,833,833,True
1409,0.00170412473381,0.00569455651566,19364,19346,False
1410,0,0,834,834,True
1411,0,0,835,835,True
1412,0.00044065475231,0.00144806259777,15153,15116,False
1413,0,0,836,836,True
1414,0.000424928730354,0.0014313912252,15066,15085,False
1415,0,0,837,837,True
1416,0,0,838,838,True
1417,0,0,839,839,True
1418,5.8152803831e-05,0.00020549655892,12160,12218,False
1419,7.18182345736e-05,0.000245713017648,12341,12368,False
1420,0.00105813890696,0.00374303315766,18400,18534,False
1421,0.000975859467871,0.00330887641758,18185,18215,False
1422,0.00119510141667,0.00392770208418,18688,18644,False
1423,0,0,840,840,True
1424,0.000277823652141,0.000846394337714,14194,14017,False
1425,0,0,841,841,True
1426,0,0,842,842,True
1427,0,0,843,843,True
1428,0,0,844,844,True
1429,0,0,845,845,True
1430,0.000113021364086,0.00035779515747,12835,12753,False
1431,0.000321224913932,0.00103880395181,14427,14372,False
1432,5.01826725667e-05,0.000184757722309,12066,12149,False
1433,0,0,846,846,True
1434,0.000347816734575,0.00112049572635,14590,14505,False
1435,0,0,847,847,True
1436,0,0,848,848,True
1437,0.00192926777527,0.0063116136007,19558,19528,False
1438,0,0,849,849,True
1439,0.000652127084322,0.00215675891377,16709,16640,False
1440,0,0,850,850,True
1441,0,0,851,851,True
1442,0,0,852,852,True
1443,0,0,853,853,True
1444,0.000601329957135,0.00211942824535,16349,16567,False
1445,0.000681468984112,0.00222380948253,16888,16772,False
1446,0,0,854,854,True
1447,0.000349598063622,0.00111213233322,14602,14492,False
1448,0,0,855,855,True
1449,0.000431251653936,0.00141140096821,15090,15047,False
1450,0.000594091485254,0.00192107597832,16287,16117,False
1451,0.000744758115616,0.00259945774451,17252,17410,False
1452,0,0,856,856,True
1453,0.000334583513904,0.00116290058941,14509,14590,False
1454,0,0,857,857,True
1455,0.00064129778184,0.00207301438786,16635,16475,False
1456,0,0,858,858,True
1457,0.000705170095898,0.00243760296144,17020,17147,False
1458,0.000576361780986,0.00194810226094,16136,16189,False
1459,0,0,859,859,True
1460,0,0,860,860,True
1461,0,0,861,861,True
1462,0.00077491637785,0.0024887479376,17403,17240,False
1463,0,0,862,862,True
1464,0,0,863,863,True
1465,0,0,864,864,True
1466,0,0,865,865,True
1467,0,0,866,866,True
1468,0,0,867,867,True
1469,0,0,868,868,True
1470,0,0,869,869,True
1471,0,0,870,870,True
1472,0,0,871,871,True
1473,0,0,872,872,True
1474,0,0,873,873,True
1475,0,0,874,874,True
1476,0,0,875,875,True
1477,0,0,876,876,True
1478,0.00115649728104,0.00375749962404,18615,18542,False
1479,0,0,877,877,True
1480,0,0,878,878,True
1481,0,0,879,879,True
1482,0.000460395938717,0.00155826983973,15280,15329,False
1483,4.40723451902e-05,0.000135700596729,11994,11947,False
1484,0,0,880,880,True
1485,0.00133844092488,0.00453559821472,18938,18939,False
1486,0,0,881,881,True
1487,3.71301175619e-05,0.000125260528876,11912,11917,False
1488,0.000181645111297,0.000577376631554,13535,13442,False
1489,0.000172905434738,0.00061409897171,13448,13533,False
1490,0,0,882,882,True
1491,0,0,883,883,True
1492,0.000526240211911,0.0017417242052,15749,15692,False
1493,0,0,884,884,True
1494,0.000174703163793,0.000555218604859,13466,13376,False
1495,0,0,885,885,True
1496,0,0,886,886,True
1497,0,0,887,887,True
1498,0.00186259998009,0.00615766458213,19513,19487,False
1499,0,0,888,888,True
1500,0,0,889,889,True
1501,0.000495802843943,0.00167931930628,15524,15550,False
1502,0,0,890,890,True
1503,0.000883627100848,0.0030017583631,17877,17904,False
1504,0.000196498134756,0.000612262228969,13639,13531,False
1505,0,0,891,891,True
1506,0,0,892,892,True
1507,6.74453767715e-05,0.000200568640139,12294,12204,False
1508,0,0,893,893,True
1509,0,0,894,894,True
1510,0.000414226407884,0.00137344817631,14984,14965,False
1511,0.000115328664833,0.000365492451238,12866,12785,False
1512,0,0,895,895,True
1513,0,0,896,896,True
1514,0,0,897,897,True
1515,0,0,898,898,True
1516,0.00149473664351,0.00509465904906,19153,19177,False
1517,0,0,899,899,True
1518,0.000263501686277,0.000961063487921,14107,14243,False
1519,0,0,900,900,True
1520,0,0,901,901,True
1521,0,0,902,902,True
1522,0,0,903,903,True
1523,0.00130830565467,0.00447784457356,18880,18912,False
1524,8.54670652188e-05,0.000326279347064,12513,12660,False
1525,0,0,904,904,True
1526,0,0,905,905,True
1527,0.00259773130529,0.00876029860228,19810,19813,False
1528,0,0,906,906,True
1529,0,0,907,907,True
1530,0,0,908,908,True
1531,0,0,909,909,True
1532,0,0,910,910,True
1533,0.000487467768835,0.00161771685816,15465,15441,False
1534,0,0,911,911,True
1535,0.000352526752977,0.00117387960199,14616,14610,False
1536,0,0,912,912,True
1537,0.000941398204304,0.00302908360027,18069,17938,False
1538,0.000409554457292,0.00135099038016,14962,14918,False
1539,0,0,913,913,True
1540,0,0,914,914,True
1541,0,0,915,915,True
1542,0,0,916,916,True
1543,0.00069096632069,0.00231964490376,16942,16942,False
1544,0,0,917,917,True
1545,0.000755395216402,0.00254467083141,17309,17332,False
1546,0,0,918,918,True
1547,0,0,919,919,True
1548,0,0,920,920,True
1549,0,0,921,921,True
1550,0.000598385580815,0.00208087218925,16325,16497,False
1551,0,0,922,922,True
1552,0,0,923,923,True
1553,0,0,924,924,True
1554,0,0,925,925,True
1555,0.00036404497223,0.00119518639985,14675,14648,False
1556,0,0,926,926,True
1557,0,0,927,927,True
1558,0,0,928,928,True
1559,0,0,929,929,True
1560,0,0,930,930,True
1561,0,0,931,931,True
1562,0,0,932,932,True
1563,0.000921871163882,0.00300510996021,18006,17906,False
1564,0,0,933,933,True
1565,0.0001047443875,0.000320127583109,12733,12640,False
1566,0.00197830866091,0.00659243948758,19595,19585,False
1567,0,0,934,934,True
1568,0.001403094735,0.00471324520186,19032,19018,False
1569,0.00128324353136,0.00423581246287,18846,18806,False
1570,0,0,935,935,True
1571,0.000831429788377,0.00288143660873,17672,17772,False
1572,8.40079082991e-05,0.000268959760433,12495,12472,False
1573,0,0,936,936,True
1574,0.00032518999069,0.00112191075459,14444,14511,False
1575,0,0,937,937,True
1576,0.000454011867987,0.00150063063484,15245,15224,False
1577,0,0,938,938,True
1578,0,0,939,939,True
1579,0,0,940,940,True
1580,0,0,941,941,True
1581,0,0,942,942,True
1582,0.00101554137655,0.00355615187436,18295,18405,False
1583,0.00185359583702,0.006242537871,19502,19510,False
1584,0,0,943,943,True
1585,0,0,944,944,True
1586,0,0,945,945,True
1587,0.000495404470712,0.00163857033476,15521,15474,False
1588,0.000736056594178,0.00247999024577,17208,17221,False
1589,0,0,946,946,True
1590,4.3054609705e-05,0.000146190286614,11979,11992,False
1591,0.000402777717682,0.00137459172402,14924,14969,False
1592,0.000113491725642,0.00037962096394,12845,12846,False
1593,0.00107596023008,0.00353196193464,18444,18385,False
1594,0,0,947,947,True
1595,0.00107092992403,0.00344030326232,18429,18318,False
1596,0.000885468092747,0.00302801886573,17880,17936,False
1597,0,0,948,948,True
1598,0.000564648536965,0.00182036554907,16034,15890,False
1599,0,0,949,949,True
1600,0.000595848192461,0.00203712424263,16300,16413,False
1601,0,0,950,950,True
1602,0.00142280722503,0.00480152387172,19058,19069,False
1603,0.000231093959883,0.000857136154082,13885,14052,False
1604,0,0,951,951,True
1605,0,0,952,952,True
1606,0,0,953,953,True
1607,0,0,954,954,True
1608,0.000710903317668,0.00241901399568,17051,17122,False
1609,0.000476021581562,0.00153923593462,15377,15295,False
1610,0.000495889922604,0.00168122036848,15528,15558,False
1611,0.000133902809466,0.000428943661973,13065,13001,False
1612,0.000109978478577,0.000373583898181,12792,12820,False
1613,0,0,955,955,True
1614,0.000753218017053,0.00248999916948,17302,17241,False
1615,0,0,956,956,True
1616,0,0,957,957,True
1617,0.000494980078656,0.00167037860956,15518,15539,False
1618,0.000733832479455,0.00245140888728,17195,17179,False
1619,7.18581213732e-05,0.000267040944891,12342,12462,False
1620,0.000633915071376,0.00205199001357,16582,16441,False
1621,0.000113652597065,0.000306707137497,12850,12595,False
1622,0,0,958,958,True
1623,0.000258566520642,0.000877845275681,14073,14093,False
1624,7.12785913493e-05,0.000231086349231,12338,12319,False
1625,0,0,959,959,True
1626,7.57034431444e-05,0.000263130845269,12384,12443,False
1627,0.00163079320919,0.00555679062381,19294,19311,False
1628,0,0,960,960,True
1629,0.000130617700052,0.000428586441558,13028,12998,False
1630,0.000881165964529,0.00296583143063,17863,17867,False
1631,0.00013649702305,0.000464170938358,13102,13116,False
1632,0,0,961,961,True
1633,0,0,962,962,True
1634,0.00191595579963,0.0064101642929,19551,19550,False
1635,0.00104673672467,0.00345244910568,18370,18329,False
1636,0,0,963,963,True
1637,0,0,964,964,True
1638,4.18601775891e-05,0.000112415407784,11969,11867,False
1639,0,0,965,965,True
1640,0,0,966,966,True
1641,0.000579350918997,0.00195214734413,16165,16209,False
1642,0,0,967,967,True
1643,0,0,968,968,True
1644,0.0015896569239,0.00533201685175,19262,19259,False
1645,0,0,969,969,True
1646,0.000680103781633,0.00227420963347,16883,16856,False
1647,0.000648560700938,0.00213085045107,16683,16590,False
1648,0,0,970,970,True
1649,0,0,971,971,True
1650,0,0,972,972,True
1651,0,0,973,973,True
1652,6.49889334454e-05,0.000279585336102,12259,12512,False
1653,0,0,974,974,True
1654,0,0,975,975,True
1655,0.000166401601746,0.000605098437518,13391,13512,False
1656,0.000588864320889,0.00186648196541,16241,15981,False
1657,0,0,976,976,True
1658,0,0,977,977,True
1659,0.000596690282691,0.00205902010202,16314,16449,False
1660,0,0,978,978,True
1661,0.000574664445594,0.00181660766248,16119,15880,False
1662,0.000340129918186,0.00114249589387,14549,14551,False
1663,0,0,979,979,True
1664,0,0,980,980,True
1665,0.0010277335532,0.00343929301016,18330,18317,False
1666,0.000786654243711,0.00271371006966,17462,17559,False
1667,0,0,981,981,True
1668,0.000142749238876,0.000490634876769,13162,13192,False
1669,0.000673193368129,0.00229738629423,16844,16902,False
1670,0,0,982,982,True
1671,0.000169843260664,0.000623647531029,13417,13555,False
1672,0.000533826649189,0.00177368696313,15806,15775,False
1673,0.000517147884239,0.00169325200841,15675,15588,False
1674,0,0,983,983,True
1675,0.00046615768224,0.00157755683176,15324,15364,False
1676,0,0,984,984,True
1677,0.000646433676593,0.00217152922414,16666,16673,False
1678,0,0,985,985,True
1679,0,0,986,986,True
1680,0.000419067480834,0.0013935607858,15024,15013,False
1681,0.000165111006936,0.000518048938829,13380,13256,False
1682,0,0,987,987,True
1683,0,0,988,988,True
1684,0,0,989,989,True
1685,0,0,990,990,True
1686,0,0,991,991,True
1687,0.00180679990444,0.00577877368778,19466,19369,False
1688,0,0,992,992,True
1689,0,0,993,993,True
1690,0,0,994,994,True
1691,0,0,995,995,True
1692,0,0,996,996,True
1693,0.000231405414524,0.00085153488908,13888,14030,False
1694,0,0,997,997,True
1695,0,0,998,998,True
1696,0.000270380056463,0.000807393866125,14146,13948,False
1697,0.000399547774578,0.00135581742506,14909,14927,False
1698,0,0,999,999,True
1699,0.000152216045535,0.000485104566906,13257,13183,False
1700,0,0,1000,1000,True
1701,0,0,1001,1001,True
1702,0,0,1002,1002,True
1703,0,0,1003,1003,True
1704,0,0,1004,1004,True
1705,0,0,1005,1005,True
1706,0.000379047880415,0.00124461587984,14768,14723,False
1707,0.000859293097164,0.00289981765673,17785,17799,False
1708,0,0,1006,1006,True
1709,0.000701316108461,0.00238393223844,17002,17056,False
1710,0,0,1007,1007,True
1711,0,0,1008,1008,True
1712,0,0,1009,1009,True
1713,0,0,1010,1010,True
1714,0,0,1011,1011,True
1715,0,0,1012,1012,True
1716,0,0,1013,1013,True
1717,0.000630592985544,0.00209862086922,16550,16522,False
1718,0.000577627797611,0.00205037440173,16149,16437,False
1719,0.000780860253144,0.00255853729323,17431,17354,False
1720,0.0015743507538,0.00535389501601,19248,19264,False
1721,0.000570843636524,0.00198380416259,16085,16283,False
1722,0,0,1014,1014,True
1723,0.000707835424691,0.00230627669953,17033,16923,False
1724,0,0,1015,1015,True
1725,0,0,1016,1016,True
1726,0,0,1017,1017,True
1727,0,0,1018,1018,True
1728,0.000408588064602,0.0013846962247,14956,14993,False
1729,0,0,1019,1019,True
1730,0,0,1020,1020,True
1731,0.00169361848384,0.00568335969001,19354,19343,False
1732,0,0,1021,1021,True
1733,0,0,1022,1022,True
1734,0,0,1023,1023,True
1735,0,0,1024,1024,True
1736,0,0,1025,1025,True
1737,0,0,1026,1026,True
1738,0.000923631771002,0.00315070804209,18011,18074,False
1739,0.000237199172261,0.000768085126765,13926,13861,False
1740,0,0,1027,1027,True
1741,7.32749685994e-05,0.000239955988945,12360,12351,False
1742,0,0,1028,1028,True
1743,0,0,1029,1029,True
1744,0.000835167069454,0.00284212315455,17688,17723,False
1745,0,0,1030,1030,True
1746,0.0011705342913,0.00390905281529,18638,18631,False
1747,8.80502338987e-05,0.000322444946505,12549,12649,False
1748,0,0,1031,1031,True
1749,0,0,1032,1032,True
1750,0.000144701072713,0.000491348153446,13179,13194,False
1751,0.000438245944679,0.00146783678792,15139,15161,False
1752,0,0,1033,1033,True
1753,0,0,1034,1034,True
1754,0.000159320363309,0.000649968162179,13324,13621,False
1755,0.0005963317235,0.00202513672411,16307,16381,False
1756,0.000706973893102,0.00241428636946,17030,17110,False
1757,0.000798557884991,0.00266145821661,17515,17498,False
1758,6.73191680107e-05,0.000235483341385,12292,12336,False
1759,0,0,1035,1035,True
1760,0,0,1036,1036,True
1761,0,0,1037,1037,True
1762,0,0,1038,1038,True
1763,0,0,1039,1039,True
1764,0.000553642923478,0.00185821030755,15946,15960,False
1765,0.00035526661668,0.00126744399313,14634,14773,False
1766,9.74801077973e-05,0.000315624638461,12656,12624,False
1767,0,0,1040,1040,True
1768,0.000609124370385,0.0021887011826,16398,16701,False
1769,0,0,1041,1041,True
1770,0.00036139212898,0.0011021917453,14666,14472,False
1771,9.86873055808e-05,0.000315750046866,12669,12625,False
1772,0,0,1042,1042,True
1773,0,0,1043,1043,True
1774,0,0,1044,1044,True
1775,0,0,1045,1045,True
1776,0.000418909592554,0.00142158556264,15023,15061,False
1777,0,0,1046,1046,True
1778,0,0,1047,1047,True
1779,0,0,1048,1048,True
1780,0.000213858482311,0.000691749562975,13772,13698,False
1781,0,0,1049,1049,True
1782,0,0,1050,1050,True
1783,0.000763515825383,0.00253034918569,17354,17313,False
1784,0,0,1051,1051,True
1785,0,0,1052,1052,True
1786,0,0,1053,1053,True
1787,0.00164694408886,0.00606946833432,19312,19466,False
1788,0,0,1054,1054,True
1789,0,0,1055,1055,True
1790,0,0,1056,1056,True
1791,0,0,1057,1057,True
1792,0,0,1058,1058,True
1793,0,0,1059,1059,True
1794,0.00187887228094,0.0063379984349,19528,19534,False
1795,0,0,1060,1060,True
1796,0,0,1061,1061,True
1797,0,0,1062,1062,True
1798,0,0,1063,1063,True
1799,0,0,1064,1064,True
1800,0,0,1065,1065,True
1801,0.00106048304588,0.00354458671063,18407,18400,False
1802,0,0,1066,1066,True
1803,0,0,1067,1067,True
1804,0,0,1068,1068,True
1805,0.00142151874024,0.0047791255638,19055,19057,False
1806,0,0,1069,1069,True
1807,0,0,1070,1070,True
1808,0.000811007805169,0.0027233553119,17565,17577,False
1809,0.000119690797874,0.0004715306859,12916,13136,False
1810,0,0,1071,1071,True
1811,8.5585990746e-05,0.000308846996631,12514,12598,False
1812,0.00117748300545,0.00387973408215,18653,18613,False
1813,0,0,1072,1072,True
1814,0,0,1073,1073,True
1815,0.00187783129513,0.0065860026516,19526,19582,False
1816,0,0,1074,1074,True
1817,0.000374524679501,0.00118620332796,14742,14633,False
1818,0.0005430773017,0.00182917178608,15867,15904,False
1819,0,0,1075,1075,True
1820,8.69811192388e-05,0.000293535413221,12533,12552,False
1821,0,0,1076,1076,True
1822,0.000524751434568,0.00173587480094,15737,15676,False
1823,0,0,1077,1077,True
1824,0,0,1078,1078,True
1825,0,0,1079,1079,True
1826,0,0,1080,1080,True
1827,0,0,1081,1081,True
1828,0,0,1082,1082,True
1829,0.000141153854202,0.000459700066131,13145,13098,False
1830,0,0,1083,1083,True
1831,0,0,1084,1084,True
1832,0.00109967368189,0.00376450247131,18496,18550,False
1833,0,0,1085,1085,True
1834,0.00114574353211,0.00384474126622,18595,18596,False
1835,0.00123746541794,0.00418575573713,18763,18779,False
1836,0.000334561133059,0.0010775012197,14507,14429,False
1837,0,0,1086,1086,True
1838,0,0,1087,1087,True
1839,0,0,1088,1088,True
1840,0,0,1089,1089,True
1841,0,0,1090,1090,True
1842,0,0,1091,1091,True
1843,0,0,1092,1092,True
1844,0,0,1093,1093,True
1845,0,0,1094,1094,True
1846,0,0,1095,1095,True
1847,0,0,1096,1096,True
1848,0.0012369104661,0.0041807689704,18761,18776,False
1849,0,0,1097,1097,True
1850,0,0,1098,1098,True
1851,0.000566841976251,0.00198225607164,16051,16278,False
1852,0,0,1099,1099,True
1853,0,0,1100,1100,True
1854,0,0,1101,1101,True
1855,0,0,1102,1102,True
1856,0.000611380906776,0.00202438933775,16414,16378,False
1857,0,0,1103,1103,True
1858,0.000761143048294,0.00257642730139,17346,17372,False
1859,0,0,1104,1104,True
1860,0,0,1105,1105,True
1861,0,0,1106,1106,True
1862,0,0,1107,1107,True
1863,0,0,1108,1108,True
1864,0,0,1109,1109,True
1865,0.00124155648518,0.00420813867822,18771,18791,False
1866,0.00150453066453,0.005160050001,19172,19201,False
1867,0,0,1110,1110,True
1868,0.00402366556227,0.0133936982602,19894,19894,False
1869,0.000963369617239,0.00317571591586,18145,18096,False
1870,0,0,1111,1111,True
1871,0.000343917286955,0.00121455115732,14573,14675,False
1872,0,0,1112,1112,True
1873,8.99238366401e-05,0.000247617077548,12575,12377,False
1874,0,0,1113,1113,True
1875,0.000351006630808,0.00110969739035,14610,14489,False
1876,0,0,1114,1114,True
1877,0.00131964683533,0.00441865855828,18908,18893,False
1878,0.000451507483376,0.00148910842836,15233,15200,False
1879,0,0,1115,1115,True
1880,0.000621019105893,0.00205235392787,16486,16442,False
1881,0,0,1116,1116,True
1882,0,0,1117,1117,True
1883,0,0,1118,1118,True
1884,0.00023024957045,0.000708561274223,13879,13735,False
1885,0,0,1119,1119,True
1886,0.000620203150902,0.00202011945657,16477,16365,False
1887,0.000453207961982,0.0014987437753,15240,15219,False
1888,0,0,1120,1120,True
1889,0,0,1121,1121,True
1890,0,0,1122,1122,True
1891,0,0,1123,1123,True
1892,0.000159847666509,0.000543692847714,13328,13333,False
1893,0,0,1124,1124,True
1894,0.00179400178604,0.00597195746377,19455,19438,False
1895,0.000133494235342,0.000425776466727,13060,12992,False
1896,0.000919328827877,0.00305975670926,17996,17979,False
1897,0,0,1125,1125,True
1898,0,0,1126,1126,True
1899,0,0,1127,1127,True
1900,0,0,1128,1128,True
1901,0,0,1129,1129,True
1902,0.000267621362582,0.000945316511206,14129,14219,False
1903,0.00084321713075,0.00277155311778,17718,17627,False
1904,0,0,1130,1130,True
1905,0,0,1131,1131,True
1906,0.00070198281901,0.00237907585688,17005,17044,False
1907,0,0,1132,1132,True
1908,0.000488284393214,0.00156140385661,15471,15334,False
1909,0.000821706082206,0.00277736387216,17623,17639,False
1910,0.000930466572754,0.00311713246629,18035,18038,False
1911,0,0,1133,1133,True
1912,0,0,1134,1134,True
1913,0.000499848159961,0.00159710389562,15557,15400,False
1914,0.000914808362722,0.00313710514456,17985,18062,False
1915,0.000475143373478,0.0014313220745,15370,15084,False
1916,0.000866474234499,0.00288609182462,17808,17777,False
1917,0.0002710246481,0.000936501077376,14149,14199,False
1918,0,0,1135,1135,True
1919,0.000600165803917,0.00201559974812,16344,16353,False
1920,0,0,1136,1136,True
1921,0.000619107158855,0.00221355026588,16468,16757,False
1922,0,0,1137,1137,True
1923,0.000703279278241,0.00238227075897,17015,17053,False
1924,0.000210185200558,0.000656704709399,13745,13630,False
1925,0,0,1138,1138,True
1926,0,0,1139,1139,True
1927,0,0,1140,1140,True
1928,0,0,1141,1141,True
1929,0,0,1142,1142,True
1930,0.000345789798303,0.00111295375973,14584,14494,False
1931,0,0,1143,1143,True
1932,0.00049487745855,0.00165483122692,15515,15508,False
1933,0.000133050809382,0.000437943264842,13052,13029,False
1934,0.000419309886638,0.00137979025021,15026,14979,False
1935,0,0,1144,1144,True
1936,0,0,1145,1145,True
1937,0,0,1146,1146,True
1938,0,0,1147,1147,True
1939,0,0,1148,1148,True
1940,0.000277849903796,0.000795484287664,14196,13914,False
1941,0,0,1149,1149,True
1942,0,0,1150,1150,True
1943,0,0,1151,1151,True
1944,0.000525377807207,0.00175297725946,15743,15719,False
1945,0.000484971504193,0.0016150054289,15444,15436,False
1946,0.00102276820689,0.00345489219762,18311,18330,False
1947,0.000781303679105,0.00274246372283,17436,17596,False
1948,0,0,1152,1152,True
1949,0.000918501929846,0.00313982437365,17994,18063,False
1950,0,0,1153,1153,True
1951,0,0,1154,1154,True
1952,0,0,1155,1155,True
1953,0,0,1156,1156,True
1954,0,0,1157,1157,True
1955,0,0,1158,1158,True
1956,0,0,1159,1159,True
1957,0,0,1160,1160,True
1958,0.000306638306938,0.00102137320209,14346,14340,False
1959,0.000321163446642,0.00114097644109,14426,14547,False
1960,0,0,1161,1161,True
1961,0,0,1162,1162,True
1962,0,0,1163,1163,True
1963,0,0,1164,1164,True
1964,0,0,1165,1165,True
1965,0.000399417476729,0.00138256046921,14908,14985,False
1966,0,0,1166,1166,True
1967,0,0,1167,1167,True
1968,7.12153778295e-05,0.000233259401284,12337,12327,False
1969,0,0,1168,1168,True
1970,0.000328362133587,0.0010645382572,14469,14410,False
1971,0,0,1169,1169,True
1972,0.00282740988769,0.00954887270927,19844,19840,False
1973,0,0,1170,1170,True
1974,0,0,1171,1171,True
1975,0.000114475609735,0.00036636099685,12858,12791,False
1976,0,0,1172,1172,True
1977,0,0,1173,1173,True
1978,0,0,1174,1174,True
1979,0,0,1175,1175,True
1980,0,0,1176,1176,True
1981,0,0,1177,1177,True
1982,0,0,1178,1178,True
1983,0,0,1179,1179,True
1984,0,0,1180,1180,True
1985,0,0,1181,1181,True
1986,0,0,1182,1182,True
1987,0,0,1183,1183,True
1988,0,0,1184,1184,True
1989,0.000338098325301,0.00140556821134,14532,15035,False
1990,0,0,1185,1185,True
1991,4.07288207498e-05,0.000141365249874,11962,11971,False
1992,0,0,1186,1186,True
1993,0,0,1187,1187,True
1994,0,0,1188,1188,True
1995,0,0,1189,1189,True
1996,0,0,1190,1190,True
1997,0,0,1191,1191,True
1998,0.000107821782876,0.000382730650017,12763,12862,False
1999,0.00161367340479,0.00543568842113,19285,19282,False
2000,0,0,1192,1192,True
2001,0,0,1193,1193,True
2002,0.000162266180268,0.000516414176673,13353,13253,False
2003,0,0,1194,1194,True
2004,0.000647985492833,0.00223125191405,16677,16782,False
2005,0,0,1195,1195,True
2006,0,0,1196,1196,True
2007,0.000328187947161,0.00108061858919,14467,14436,False
2008,0,0,1197,1197,True
2009,0,0,1198,1198,True
2010,0,0,1199,1199,True
2011,0,0,1200,1200,True
2012,0,0,1201,1201,True
2013,0,0,1202,1202,True
2014,0,0,1203,1203,True
2015,0.00028893398121,0.000866468180902,14260,14069,False
2016,0,0,1204,1204,True
2017,0.000454583845567,0.00142710702494,15249,15074,False
2018,0,0,1205,1205,True
2019,0,0,1206,1206,True
2020,0.00058366463054,0.0019084418891,16202,16086,False
2021,0,0,1207,1207,True
2022,0.00102755869739,0.00350102921948,18327,18363,False
2023,0.00101433426607,0.00345937535167,18288,18335,False
2024,0,0,1208,1208,True
2025,0.000514001585543,0.00171860109549,15655,15644,False
2026,0.000625691085588,0.00211520981975,16513,16554,False
2027,0,0,1209,1209,True
2028,0.00109348411206,0.00364304636605,18483,18465,False
2029,0,0,1210,1210,True
2030,0,0,1211,1211,True
2031,0,0,1212,1212,True
2032,0,0,1213,1213,True
2033,0.000489804602694,0.0016665168805,15481,15532,False
2034,0,0,1214,1214,True
2035,0,0,1215,1215,True
2036,0.00150209967978,0.00515941716731,19167,19200,False
2037,0,0,1216,1216,True
2038,0,0,1217,1217,True
2039,0.000372069102013,0.00123856484424,14724,14711,False
2040,0.000349774491042,0.00119407696184,14603,14645,False
2041,0,0,1218,1218,True
2042,0.00144109968096,0.00487066758797,19092,19099,False
2043,0.00173160980921,0.00586363347247,19396,19395,False
2044,0.000295101839583,0.00105224433355,14288,14391,False
2045,0,0,1219,1219,True
2046,0,0,1220,1220,True
2047,0.00182342180051,0.00636940076947,19482,19541,False
2048,0,0,1221,1221,True
2049,0,0,1222,1222,True
2050,0,0,1223,1223,True
2051,0.000890382681973,0.00297199259512,17902,17871,False
2052,0,0,1224,1224,True
2053,0,0,1225,1225,True
2054,0,0,1226,1226,True
2055,0,0,1227,1227,True
2056,0,0,1228,1228,True
2057,0,0,1229,1229,True
2058,0.00151313119568,0.00531575363129,19188,19250,False
2059,0,0,1230,1230,True
2060,0.000571041193325,0.00183601677418,16087,15915,False
2061,0.000100321623904,0.000341011473211,12689,12701,False
2062,0,0,1231,1231,True
2063,0,0,1232,1232,True
2064,0.000388436077628,0.00127802055795,14842,14796,False
2065,0,0,1233,1233,True
2066,0.000939468678553,0.00305239344016,18064,17964,False
2067,0,0,1234,1234,True
2068,0,0,1235,1235,True
2069,0.000286994472845,0.000900107668713,14244,14132,False
2070,0.000395147828385,0.00136581505649,14878,14948,False
2071,7.83120558481e-05,0.000265501759714,12417,12458,False
2072,0.00103422044776,0.00348677439615,18341,18350,False
2073,0,0,1236,1236,True
2074,0.00121784897055,0.00406004674733,18729,18713,False
2075,0.000569869589526,0.00184158340562,16081,15929,False
2076,0,0,1237,1237,True
2077,0,0,1238,1238,True
2078,0.000874411256518,0.00297883409075,17832,17879,False
2079,0,0,1239,1239,True
2080,0,0,1240,1240,True
2081,0.00100053846836,0.00335915805772,18252,18259,False
2082,0,0,1241,1241,True
2083,0.000117295399832,0.000389070017263,12887,12879,False
2084,0,0,1242,1242,True
2085,0,0,1243,1243,True
2086,2.59181397269e-05,8.43342058943e-05,11816,11812,False
2087,0.000484855379909,0.00165081652813,15441,15499,False
2088,0,0,1244,1244,True
2089,0.00109222636092,0.00364791881293,18477,18468,False
2090,0.00122949364595,0.00433808984235,18747,18856,False
2091,8.49970820127e-05,0.000292644574074,12505,12551,False
2092,0,0,1245,1245,True
2093,0.00107489014044,0.00370292388834,18438,18507,False
2094,0,0,1246,1246,True
2095,0,0,1247,1247,True
2096,0,0,1248,1248,True
2097,0.000664114370011,0.00223291036673,16796,16784,False
2098,0,0,1249,1249,True
2099,0,0,1250,1250,True
2100,0.00041367468657,0.00136630702764,14980,14951,False
2101,0,0,1251,1251,True
2102,0,0,1252,1252,True
2103,0,0,1253,1253,True
2104,0,0,1254,1254,True
2105,0,0,1255,1255,True
2106,4.74583393952e-05,0.000162062395248,12030,12054,False
2107,0.000969901157077,0.00323307630606,18160,18151,False
2108,0.000128562242026,0.000450573628768,13007,13069,False
2109,0,0,1256,1256,True
2110,0,0,1257,1257,True
2111,0.000559936626814,0.00186429463793,15998,15975,False
2112,0,0,1258,1258,True
2113,0,0,1259,1259,True
2114,0,0,1260,1260,True
2115,0.000370104768081,0.00126310472842,14705,14762,False
2116,0.000412236229749,0.0013423380442,14972,14899,False
2117,0.000299782317597,0.000997451716103,14320,14302,False
2118,0,0,1261,1261,True
2119,0,0,1262,1262,True
2120,0.000560391461477,0.0019013726851,16003,16068,False
2121,0,0,1263,1263,True
2122,0,0,1264,1264,True
2123,0,0,1265,1265,True
2124,0.000665522296913,0.00226510828361,16805,16841,False
2125,0.000353716313839,0.00111812481191,14625,14501,False
2126,0.000279274070635,0.000994442729279,14200,14294,False
2127,0,0,1266,1266,True
2128,0,0,1267,1267,True
2129,0,0,1268,1268,True
2130,0.000805105722975,0.00274614105001,17543,17600,False
2131,0,0,1269,1269,True
2132,0,0,1270,1270,True
2133,0.000237086453126,0.000744413526263,13925,13804,False
2134,0,0,1271,1271,True
2135,5.8330137108e-05,0.000191129351151,12165,12169,False
2136,0,0,1272,1272,True
2137,0,0,1273,1273,True
2138,0,0,1274,1274,True
2139,0.00194629828911,0.00653423415497,19573,19575,False
2140,0.000205756281503,0.000688825093675,13709,13692,False
2141,0,0,1275,1275,True
2142,0.000521488138475,0.00177934532985,15707,15787,False
2143,0,0,1276,1276,True
2144,0.000331874587573,0.0010506126564,14489,14390,False
2145,0.000112379646453,0.000360906298738,12826,12765,False
2146,0,0,1277,1277,True
2147,0,0,1278,1278,True
2148,0,0,1279,1279,True
2149,0,0,1280,1280,True
2150,0,0,1281,1281,True
2151,0.000369457353372,0.00116782414261,14700,14603,False
2152,0,0,1282,1282,True
2153,0.000620579288807,0.00216445280239,16484,16656,False
2154,0,0,1283,1283,True
2155,0.000111632936751,0.000352896546246,12816,12733,False
2156,0.000123331803479,0.000399260869017,12957,12909,False
2157,0.000808212382253,0.00280042132363,17551,17663,False
2158,0,0,1284,1284,True
2159,0,0,1285,1285,True
2160,0,0,1286,1286,True
2161,0.000508679135237,0.00169176945928,15616,15587,False
2162,0,0,1287,1287,True
2163,0,0,1288,1288,True
2164,0,0,1289,1289,True
2165,0.00014026320423,0.000465841119876,13140,13121,False
2166,0,0,1290,1290,True
2167,0.0014706493821,0.0050332271494,19134,19153,False
2168,0,0,1291,1291,True
2169,0.00063583208248,0.00217830669135,16597,16684,False
2170,7.01888056938e-05,0.000218992543523,12323,12269,False
2171,0,0,1292,1292,True
2172,0.000170444385731,0.000622143095825,13427,13550,False
2173,0,0,1293,1293,True
2174,0,0,1294,1294,True
2175,0,0,1295,1295,True
2176,0,0,1296,1296,True
2177,0.000176258821739,0.000592137454078,13483,13486,False
2178,0,0,1297,1297,True
2179,0,0,1298,1298,True
2180,0,0,1299,1299,True
2181,5.20959947607e-05,0.000176180808921,12093,12104,False
2182,0,0,1300,1300,True
2183,0,0,1301,1301,True
2184,0,0,1302,1302,True
2185,0,0,1303,1303,True
2186,0,0,1304,1304,True
2187,0,0,1305,1305,True
2188,0,0,1306,1306,True
2189,0.000151462169015,0.000457224959973,13252,13088,False
2190,0,0,1307,1307,True
2191,0.000147914601257,0.000476549961604,13212,13152,False
2192,0,0,1308,1308,True
2193,0,0,1309,1309,True
2194,0,0,1310,1310,True
2195,0,0,1311,1311,True
2196,0,0,1312,1312,True
2197,8.8669876277e-05,0.000268220464932,12558,12466,False
2198,0,0,1313,1313,True
2199,0.00013364267943,0.000456070149085,13062,13084,False
2200,0,0,1314,1314,True
2201,0.00017040509556,0.000505755655468,13426,13229,False
2202,0,0,1315,1315,True
2203,0.000416512746597,0.00139315566048,15003,15011,False
2204,0,0,1316,1316,True
2205,0,0,1317,1317,True
2206,0,0,1318,1318,True
2207,0.000187874742551,0.000602560176048,13580,13505,False
2208,0.000334512238624,0.00105343619362,14506,14392,False
2209,3.96255854866e-05,0.000126893632114,11942,11921,False
2210,0,0,1319,1319,True
2211,0.000989280291833,0.00335526070558,18224,18255,False
2212,0.0015788191231,0.0053367014043,19252,19260,False
2213,0,0,1320,1320,True
2214,0.000254682439845,0.000847688119393,14052,14020,False
2215,0.000365819840226,0.00121445883997,14685,14674,False
2216,0,0,1321,1321,True
2217,0,0,1322,1322,True
2218,0.000632914947346,0.00216892920434,16575,16664,False
2219,0,0,1323,1323,True
2220,0,0,1324,1324,True
2221,0.000443673518021,0.00152018736117,15182,15252,False
2222,0,0,1325,1325,True
2223,0.00186763599049,0.0060993777588,19517,19473,False
2224,0,0,1326,1326,True
2225,0.000245850504143,0.000838861218654,13981,14008,False
2226,0.000710317050107,0.00244763842784,17049,17170,False
2227,0,0,1327,1327,True
2228,0.000239204237005,0.000883515225723,13942,14100,False
2229,0,0,1328,1328,True
2230,0,0,1329,1329,True
2231,0.000515629420988,0.00168585509527,15667,15569,False
2232,0.00132652255706,0.00429305434227,18917,18832,False
2233,4.07246843679e-05,0.000179373906576,11961,12120,False
2234,0.000592961267103,0.00192160462029,16271,16118,False
2235,0,0,1330,1330,True
2236,0.000763521064073,0.00248352298513,17355,17228,False
2237,0.00306376279332,0.0102670555934,19864,19864,False
2238,0.00109658925794,0.00348904542625,18489,18352,False
2239,0.000348429486621,0.00124622439034,14594,14726,False
2240,0,0,1331,1331,True
2241,0.00038782187039,0.00133253540844,14831,14890,False
2242,0.000363882398233,0.00117549870629,14673,14616,False
2243,0.000834473583382,0.00275978655554,17684,17615,False
2244,0,0,1332,1332,True
2245,0.00053464109078,0.00182993256021,15812,15907,False
2246,0,0,1333,1333,True
2247,0,0,1334,1334,True
2248,0.000713042216375,0.00220739841461,17061,16744,False
2249,0.00252952240407,0.00865404959768,19800,19804,False
2250,0.0013530626893,0.00460293795913,18956,18978,False
2251,0,0,1335,1335,True
2252,0,0,1336,1336,True
2253,0.00146680232137,0.00506315659732,19127,19162,False
2254,0,0,1337,1337,True
2255,0.00128512410447,0.0043096630834,18849,18840,False
2256,0.000577900500502,0.0017813318409,16153,15790,False
2257,0,0,1338,1338,True
2258,0.000174977059942,0.000433976849308,13469,13021,False
2259,0.000776341184974,0.0026053506881,17413,17418,False
2260,0,0,1339,1339,True
2261,0.00135698390659,0.00437178649008,18967,18866,False
2262,0,0,1340,1340,True
2263,0,0,1341,1341,True
2264,0.000246343610343,0.00086574035231,13984,14068,False
2265,0.00328785763122,0.0108558926731,19875,19875,False
2266,7.23621124052e-05,0.000247346790275,12351,12375,False
2267,0,0,1342,1342,True
2268,0.00185971276369,0.00616374565288,19510,19489,False
2269,0,0,1343,1343,True
2270,0.000610094168223,0.00216643302701,16407,16660,False
2271,0,0,1344,1344,True
2272,0,0,1345,1345,True
2273,0,0,1346,1346,True
2274,0,0,1347,1347,True
2275,0.000952193979174,0.00320324022323,18109,18114,False
2276,0.000709955929779,0.00237276498228,17046,17027,False
2277,0.000175746696186,0.000682531215716,13476,13680,False
2278,0,0,1348,1348,True
2279,3.30089424097e-05,0.000105305793113,11870,11850,False
2280,0,0,1349,1349,True
2281,0.000598881510086,0.00191909132991,16330,16109,False
2282,5.12058431923e-05,0.000152314416482,12079,12020,False
2283,0.000639233156107,0.00215077935718,16617,16631,False
2284,4.09051754104e-05,0.000146248625242,11963,11993,False
2285,0.000249366363278,0.000887703383341,14010,14109,False
2286,0,0,1350,1350,True
2287,0,0,1351,1351,True
2288,0,0,1352,1352,True
2289,0.000909249880351,0.00315434485674,17966,18083,False
2290,0,0,1353,1353,True
2291,0.000155341593199,0.000524080125615,13287,13271,False
2292,0,0,1354,1354,True
2293,0,0,1355,1355,True
2294,0,0,1356,1356,True
2295,0.00176151655614,0.00583880208433,19423,19384,False
2296,0.00018633127911,0.000580177642405,13567,13453,False
2297,0.00057978881523,0.00192976766266,16169,16144,False
2298,0.00117118330672,0.0039552655071,18641,18658,False
2299,0,0,1357,1357,True
2300,0,0,1358,1358,True
2301,0.00104445940815,0.00360490684398,18364,18437,False
2302,0,0,1359,1359,True
2303,0,0,1360,1360,True
2304,0,0,1361,1361,True
2305,0.00079889013432,0.00275404495187,17518,17606,False
2306,0.000661584490445,0.00203565624543,16772,16409,False
2307,0,0,1362,1362,True
2308,0.00053654256044,0.00185354880523,15825,15952,False
2309,0,0,1363,1363,True
2310,0.000384131824831,0.00124056416098,14808,14714,False
2311,0,0,1364,1364,True
2312,0.000369210145436,0.00123556575272,14696,14705,False
2313,3.97153526137e-05,0.000122141951579,11944,11903,False
2314,0.000415239948779,0.0013676660601,14994,14954,False
2315,0,0,1365,1365,True
2316,0,0,1366,1366,True
2317,0.000750661885832,0.00231098034419,17290,16933,False
2318,0.000427052262239,0.00144799065311,15075,15115,False
2319,0.000662406149786,0.00225722952746,16782,16832,False
2320,0,0,1367,1367,True
2321,0,0,1368,1368,True
2322,0.00190711289179,0.00624256907031,19547,19511,False
2323,0,0,1369,1369,True
2324,0,0,1370,1370,True
2325,0.000936149270274,0.00310661224648,18054,18027,False
2326,0,0,1371,1371,True
2327,0.000121236364066,0.000390189699829,12934,12884,False
2328,0.000109729007818,0.000313576194458,12789,12618,False
2329,0.000242642941885,0.000859285762999,13963,14056,False
2330,4.69641126983e-05,0.000140053569339,12027,11963,False
2331,0.000537460669875,0.00175746809691,15833,15733,False
2332,4.45826372015e-05,0.000188765741768,12000,12160,False
2333,0.00120420835447,0.00410769460723,18705,18733,False
2334,0.000684482452925,0.00233435421251,16909,16968,False
2335,0,0,1372,1372,True
2336,0.000438814866357,0.00152761547361,15143,15268,False
2337,0,0,1373,1373,True
2338,0.000287761329673,0.00100262067281,14251,14313,False
2339,0.00145798420999,0.00519199948758,19116,19210,False
2340,0.00012277335918,0.000401049474021,12950,12918,False
2341,0,0,1374,1374,True
2342,0.000583662302233,0.00186285725795,16201,15968,False
2343,0.00121274427511,0.00398591160774,18719,18672,False
2344,0,0,1375,1375,True
2345,0.000719021190889,0.00233838311397,17101,16976,False
2346,0,0,1376,1376,True
2347,0,0,1377,1377,True
2348,0,0,1378,1378,True
2349,0.0001034080924,0.000302135478705,12721,12578,False
2350,0.000381865567761,0.0013215681538,14795,14876,False
2351,0,0,1379,1379,True
2352,0,0,1380,1380,True
2353,0.00182138895616,0.00615695305169,19481,19486,False
2354,0,0,1381,1381,True
2355,0.000183250682312,0.000557461869903,13548,13379,False
2356,0.00163364340551,0.00530233094469,19298,19245,False
2357,0,0,1382,1382,True
2358,0,0,1383,1383,True
2359,7.26123107597e-05,0.000228086253628,12355,12305,False
2360,0,0,1384,1384,True
2361,0,0,1385,1385,True
2362,0,0,1386,1386,True
2363,0.000494419422466,0.00154146377463,15512,15302,False
2364,0,0,1387,1387,True
2365,0,0,1388,1388,True
2366,0,0,1389,1389,True
2367,0,0,1390,1390,True
2368,0,0,1391,1391,True
2369,5.2244602557e-05,0.000168673053849,12095,12079,False
2370,0,0,1392,1392,True
2371,0,0,1393,1393,True
2372,0.00018601238844,0.00064431829378,13565,13606,False
2373,0.000413896836108,0.00126448925585,14982,14765,False
2374,0,0,1394,1394,True
2375,0,0,1395,1395,True
2376,0,0,1396,1396,True
2377,0.000759629474487,0.00253338855691,17337,17319,False
2378,0,0,1397,1397,True
2379,0.000377569056582,0.00117898546159,14761,14623,False
2380,8.27693802421e-05,0.000262865098193,12484,12441,False
2381,0,0,1398,1398,True
2382,0,0,1399,1399,True
2383,0,0,1400,1400,True
2384,0.000209464080399,0.000608486472629,13738,13522,False
2385,0,0,1401,1401,True
2386,0.000958970747888,0.00311357085593,18131,18034,False
2387,0.000357793061994,0.00117045745719,14650,14605,False
2388,0.00129208702128,0.00453827017918,18857,18942,False
2389,0,0,1402,1402,True
2390,6.41899969196e-05,0.000239039000007,12250,12347,False
2391,0,0,1403,1403,True
2392,0,0,1404,1404,True
2393,0,0,1405,1405,True
2394,0,0,1406,1406,True
2395,0,0,1407,1407,True
2396,0.000690726621542,0.00246966001578,16940,17199,False
2397,0,0,1408,1408,True
2398,0.000460491661215,0.00157137180213,15281,15348,False
2399,0,0,1409,1409,True
2400,0,0,1410,1410,True
2401,0,0,1411,1411,True
2402,0.000687449297402,0.00231692846864,16921,16940,False
2403,0,0,1412,1412,True
2404,0,0,1413,1413,True
2405,0,0,1414,1414,True
2406,0,0,1415,1415,True
2407,0,0,1416,1416,True
2408,0.000181283074198,0.000614125048742,13530,13534,False
2409,0,0,1417,1417,True
2410,0,0,1418,1418,True
2411,0,0,1419,1419,True
2412,0,0,1420,1420,True
2413,0.000241182278842,0.000769646139815,13955,13862,False
2414,0.000959469994996,0.00323421764188,18134,18152,False
2415,0.000454056251328,0.00137863261625,15246,14975,False
2416,0.000386053754482,0.00136402901262,14820,14943,False
2417,0.000108900720079,0.00036647907109,12776,12793,False
2418,0.00187219365034,0.00625065900385,19522,19513,False
2419,0.000520881847478,0.00179605139419,15706,15828,False
2420,0.000765895936638,0.00255196727812,17365,17343,False
2421,0,0,1421,1421,True
2422,0.000226272866712,0.000707340193912,13850,13732,False
2423,0,0,1422,1422,True
2424,0,0,1423,1423,True
2425,0.000599768653046,0.00196868437342,16339,16250,False
2426,0.000239715824137,0.000801965710707,13946,13938,False
2427,0.000600102590397,0.00202145753428,16343,16368,False
2428,0,0,1424,1424,True
2429,0,0,1425,1425,True
2430,0.00184477865696,0.00590079650283,19499,19407,False
2431,0.00085369014414,0.00281560211442,17761,17685,False
2432,0.000422187178629,0.0014172141673,15046,15057,False
2433,0.000663062673993,0.00224421406165,16791,16808,False
2434,0.000593519944232,0.00201661931351,16278,16356,False
2435,0,0,1426,1426,True
2436,0.00146071019117,0.00478028552607,19119,19059,False
2437,0,0,1427,1427,True
2438,0.00108456378803,0.00363678764552,18461,18459,False
2439,0,0,1428,1428,True
2440,0.000913252995815,0.00304820458405,17978,17959,False
2441,8.24933231343e-05,0.000280809996184,12483,12519,False
2442,0,0,1429,1429,True
2443,0.000798870285507,0.00255938386545,17516,17355,False
2444,0.00172053137794,0.0058880620636,19382,19399,False
2445,0.000894855242223,0.0030283711385,17916,17937,False
2446,0.000178349451744,0.000587518326938,13502,13472,False
2447,0.000380776793463,0.00124870520085,14787,14733,False
2448,0.000122067547636,0.000396184681449,12942,12901,False
2449,0.000470436090836,0.00151732075028,15345,15248,False
2450,0,0,1430,1430,True
2451,0.00192814436741,0.0065091252327,19557,19570,False
2452,0,0,1431,1431,True
2453,0,0,1432,1432,True
2454,0.00113054201938,0.00381700578146,18565,18576,False
2455,0,0,1433,1433,True
2456,0.000914582167752,0.00315597373992,17984,18084,False
2457,0.000197201457922,0.000691058230586,13649,13696,False
2458,0.00201065442525,0.00656029069796,19621,19580,False
2459,0,0,1434,1434,True
2460,0.000453113752883,0.00149370776489,15237,15210,False
2461,0,0,1435,1435,True
2462,0.000662697129883,0.00226419093087,16788,16839,False
2463,0,0,1436,1436,True
2464,0.000200894370209,0.000709763844498,13675,13737,False
2465,0,0,1437,1437,True
2466,0.000141522148624,0.000562905101106,13147,13399,False
2467,0.000755386368837,0.00249620620161,17308,17247,False
2468,0.00111658964306,0.00374359055422,18540,18535,False
2469,0.000622885825578,0.00201269611716,16498,16345,False
2470,0.000609655515291,0.00209037121385,16403,16511,False
2471,0.000915994984098,0.00305694807321,17989,17971,False
2472,0,0,1438,1438,True
2473,0.000750282139052,0.00238309754059,17286,17054,False
2474,0,0,1439,1439,True
2475,0,0,1440,1440,True
2476,0.000391061970731,0.0013722035801,14865,14963,False
2477,0.000166100508068,0.000541941204574,13388,13329,False
2478,0,0,1441,1441,True
2479,0.00121754396241,0.00410646665841,18727,18732,False
2480,0.000559798441827,0.00182525999844,15996,15900,False
2481,0.000316469260724,0.00105709047057,14398,14400,False
2482,0.000440560048446,0.00144889589865,15152,15120,False
2483,0.00048371515004,0.00164104858413,15432,15479,False
2484,0.00128589419182,0.00436502695084,18851,18865,False
2485,0,0,1442,1442,True
2486,0.000632873736322,0.00216965051368,16574,16668,False
2487,0.0017532359343,0.00592845259234,19409,19414,False
2488,0,0,1443,1443,True
2489,0.00128694961313,0.0042621945031,18853,18819,False
2490,0.000517288106494,0.00173832848668,15678,15681,False
2491,0,0,1444,1444,True
2492,0,0,1445,1445,True
2493,0,0,1446,1446,True
2494,0,0,1447,1447,True
2495,0.00178950326517,0.00600689323619,19453,19447,False
2496,0.00061158509925,0.00197213632055,16416,16259,False
2497,0,0,1448,1448,True
2498,0.000592914235312,0.00197407905944,16270,16265,False
2499,0,0,1449,1449,True
2500,0,0,1450,1450,True
2501,0,0,1451,1451,True
2502,0.000506164331455,0.00162301084492,15598,15451,False
2503,0.000940602971241,0.00308125698939,18067,18002,False
2504,0,0,1452,1452,True
2505,0.0012247741688,0.00407076673582,18741,18714,False
2506,0.00173228932545,0.00577135989442,19397,19367,False
2507,0,0,1453,1453,True
2508,0.00114763458259,0.00392004428431,18599,18638,False
2509,0,0,1454,1454,True
2510,0,0,1455,1455,True
2511,0,0,1456,1456,True
2512,0.000388046173612,0.00136813486461,14839,14956,False
2513,0.00065462407656,0.00211522588506,16730,16555,False
2514,0,0,1457,1457,True
2515,0,0,1458,1458,True
2516,0.000566363392863,0.00190892303362,16047,16088,False
2517,0,0,1459,1459,True
2518,0,0,1460,1460,True
2519,0,0,1461,1461,True
2520,0.000677579781041,0.00230210018344,16871,16912,False
2521,0,0,1462,1462,True
2522,0,0,1463,1463,True
2523,0,0,1464,1464,True
2524,0.00320360390469,0.0103768343106,19873,19866,False
2525,0,0,1465,1465,True
2526,0.00172913575079,0.00577036337927,19394,19366,False
2527,0.000843868649099,0.0030209349934,17721,17925,False
2528,0,0,1466,1466,True
2529,0.000525291019585,0.00166641466785,15742,15531,False
2530,0.000697056879289,0.00221623410471,16976,16761,False
2531,0,0,1467,1467,True
2532,0,0,1468,1468,True
2533,0.000507679593284,0.00178097840399,15610,15789,False
2534,0,0,1469,1469,True
2535,0.00127611984499,0.00424599042162,18838,18811,False
2536,0,0,1470,1470,True
2537,0.000267573399469,0.00087975396309,14128,14095,False
2538,0.000649926718324,0.00215003313497,16695,16628,False
2539,0,0,1471,1471,True
2540,0.000745764642488,0.00248641590588,17259,17232,False
2541,0.000658972829115,0.00238748267293,16756,17061,False
2542,0.0016618455993,0.00564616732299,19325,19331,False
2543,0,0,1472,1472,True
2544,0.000197180968826,0.000650347443298,13647,13622,False
2545,0.000865883543156,0.00289439014159,17806,17790,False
2546,0,0,1473,1473,True
2547,0,0,1474,1474,True
2548,0,0,1475,1475,True
2549,0.00105295539834,0.00357242114842,18384,18417,False
2550,0.00162822182756,0.00578152108938,19293,19370,False
2551,0,0,1476,1476,True
2552,0.000247630057856,0.000822072848678,13992,13980,False
2553,0,0,1477,1477,True
2554,0.00105679000262,0.00354206422344,18393,18393,False
2555,0.000218921777559,0.000777694163844,13805,13884,False
2556,0,0,1478,1478,True
2557,0,0,1479,1479,True
2558,0,0,1480,1480,True
2559,0,0,1481,1481,True
2560,0,0,1482,1482,True
2561,0,0,1483,1483,True
2562,0,0,1484,1484,True
2563,0,0,1485,1485,True
2564,0,0,1486,1486,True
2565,0.00115127244499,0.00384678551927,18606,18598,False
2566,0.000580086663831,0.00194787350483,16171,16188,False
2567,6.65558982291e-05,0.000254193175351,12283,12409,False
2568,0,0,1487,1487,True
2569,0.000573767116293,0.00189480721019,16112,16045,False
2570,0,0,1488,1488,True
2571,0,0,1489,1489,True
2572,0,0,1490,1490,True
2573,0.000453199172625,0.00157551653683,15239,15359,False
2574,0,0,1491,1491,True
2575,0,0,1492,1492,True
2576,0.00277029024437,0.00930807925761,19836,19836,False
2577,0,0,1493,1493,True
2578,0,0,1494,1494,True
2579,0,0,1495,1495,True
2580,0.00170573883224,0.00547594111413,19367,19287,False
2581,0,0,1496,1496,True
2582,0,0,1497,1497,True
2583,8.44784372021e-05,0.000221791022341,12501,12281,False
2584,0,0,1498,1498,True
2585,0,0,1499,1499,True
2586,0,0,1500,1500,True
2587,0.000803362869192,0.0026958824601,17538,17543,False
2588,0,0,1501,1501,True
2589,5.46346709598e-05,0.000160241193953,12126,12051,False
2590,0,0,1502,1502,True
2591,0.000174503933522,0.000607589725405,13462,13520,False
2592,0,0,1503,1503,True
2593,0,0,1504,1504,True
2594,0.000520521891303,0.00180934707168,15704,15864,False
2595,4.04478814744e-05,0.000131156339194,11952,11932,False
2596,0,0,1505,1505,True
2597,0.000299371167785,0.00105582014658,14317,14397,False
2598,0.000687224674039,0.00228419457562,16920,16876,False
2599,0,0,1506,1506,True
2600,0.000133411653223,0.000455147732282,13059,13081,False
2601,0,0,1507,1507,True
2602,0,0,1508,1508,True
2603,0,0,1509,1509,True
2604,0.000442234129878,0.00148399721365,15166,15194,False
2605,0,0,1510,1510,True
2606,0.000841976550873,0.00290905544534,17712,17807,False
2607,0,0,1511,1511,True
2608,0.000260862521827,0.000826766830869,14086,13987,False
2609,0,0,1512,1512,True
2610,0.000136314585689,0.000475368142361,13098,13151,False
2611,0,0,1513,1513,True
2612,0,0,1514,1514,True
2613,0,0,1515,1515,True
2614,0,0,1516,1516,True
2615,0,0,1517,1517,True
2616,0,0,1518,1518,True
2617,0,0,1519,1519,True
2618,0,0,1520,1520,True
2619,0,0,1521,1521,True
2620,0,0,1522,1522,True
2621,0,0,1523,1523,True
2622,0,0,1524,1524,True
2623,0,0,1525,1525,True
2624,0,0,1526,1526,True
2625,0,0,1527,1527,True
2626,4.83451185573e-05,0.000149158251588,12040,12004,False
2627,0.000698023068253,0.00234294123948,16982,16987,False
2628,0,0,1528,1528,True
2629,0.000414264795836,0.00141047965735,14986,15045,False
2630,0,0,1529,1529,True
2631,0,0,1530,1530,True
2632,0,0,1531,1531,True
2633,6.72204987495e-05,0.000216748478124,12289,12254,False
2634,0,0,1532,1532,True
2635,0,0,1533,1533,True
2636,0,0,1534,1534,True
2637,0.00130978529342,0.00443380558863,18885,18898,False
2638,0.00074017373845,0.00246673845686,17231,17196,False
2639,0.000754870532546,0.00250370707363,17306,17268,False
2640,0,0,1535,1535,True
2641,0,0,1536,1536,True
2642,0.000136496426421,0.000447755475761,13101,13058,False
2643,0,0,1537,1537,True
2644,0,0,1538,1538,True
2645,0.000434948742623,0.00146142416634,15119,15147,False
2646,6.4404841396e-05,0.000211353268242,12254,12245,False
2647,0,0,1539,1539,True
2648,0,0,1540,1540,True
2649,0,0,1541,1541,True
2650,0,0,1542,1542,True
2651,0,0,1543,1543,True
2652,0,0,1544,1544,True
2653,0,0,1545,1545,True
2654,9.8867858469e-05,0.000330916547682,12672,12668,False
2655,0,0,1546,1546,True
2656,5.74767436774e-05,0.000187802579603,12152,12157,False
2657,0,0,1547,1547,True
2658,0.000519015418831,0.00174314761534,15690,15694,False
2659,0.00128974183463,0.00431556580588,18856,18845,False
2660,0,0,1548,1548,True
2661,0,0,1549,1549,True
2662,0,0,1550,1550,True
2663,0,0,1551,1551,True
2664,0,0,1552,1552,True
2665,0,0,1553,1553,True
2666,7.91142520029e-05,0.00027355007478,12437,12486,False
2667,0,0,1554,1554,True
2668,0,0,1555,1555,True
2669,0.00217634509318,0.00751715060323,19713,19733,False
2670,0.00145709479693,0.00522542605177,19114,19223,False
2671,0.00206860853359,0.00680687045678,19658,19626,False
2672,0,0,1556,1556,True
2673,0,0,1557,1557,True
2674,0.000412244815379,0.00139320129529,14973,15012,False
2675,0,0,1558,1558,True
2676,0.000484876014525,0.00155700312462,15442,15327,False
2677,0,0,1559,1559,True
2678,0,0,1560,1560,True
2679,7.46565128793e-05,0.000250222394243,12369,12389,False
2680,0.000201120972633,0.000670201901812,13677,13656,False
2681,0.000957414682489,0.0033516145777,18124,18253,False
2682,0,0,1561,1561,True
2683,0.00125694472808,0.00414436589926,18803,18750,False
2684,0,0,1562,1562,True
2685,0,0,1563,1563,True
2686,0,0,1564,1564,True
2687,0,0,1565,1565,True
2688,0.00110057322308,0.00373214157298,18499,18524,False
2689,0,0,1566,1566,True
2690,9.48717352003e-05,0.000314998207614,12622,12622,False
2691,0,0,1567,1567,True
2692,0.000850170152262,0.00288704526611,17750,17779,False
2693,0,0,1568,1568,True
2694,0,0,1569,1569,True
2695,5.67306306039e-05,0.000220791538595,12148,12279,False
2696,0,0,1570,1570,True
2697,0.00154281954747,0.00505828903988,19219,19158,False
2698,0,0,1571,1571,True
2699,5.93276090513e-05,0.000218042099732,12179,12263,False
2700,0.000685507431626,0.00229013920762,16910,16888,False
2701,0,0,1572,1572,True
2702,0,0,1573,1573,True
2703,0,0,1574,1574,True
2704,0,0,1575,1575,True
2705,0,0,1576,1576,True
2706,0.000224089249969,0.000798899796791,13835,13924,False
2707,0.000209395831916,0.000565265247133,13736,13406,False
2708,0,0,1577,1577,True
2709,0.00141264987178,0.00471343658864,19047,19019,False
2710,0,0,1578,1578,True
2711,0.000170756145963,0.000522406655364,13431,13266,False
2712,0,0,1579,1579,True
2713,0,0,1580,1580,True
2714,0.00135767657775,0.00442121690139,18969,18895,False
2715,8.68363204063e-05,0.000304661283735,12528,12587,False
2716,0.00088245596271,0.00289745861664,17869,17794,False
2717,0.000267134309979,0.00087478174828,14126,14085,False
2718,0,0,1581,1581,True
2719,0,0,1582,1582,True
2720,0.00057437911164,0.00202870881185,16117,16391,False
2721,0,0,1583,1583,True
2722,0,0,1584,1584,True
2723,0,0,1585,1585,True
2724,0,0,1586,1586,True
2725,5.3318352002e-05,0.000121157761896,12109,11898,False
2726,0.00303024309687,0.010024247691,19861,19857,False
2727,0.00049365661107,0.00154134887271,15504,15301,False
2728,0,0,1587,1587,True
2729,0,0,1588,1588,True
2730,0,0,1589,1589,True
2731,0,0,1590,1590,True
2732,0.00101510190871,0.00330838048831,18294,18214,False
2733,0,0,1591,1591,True
2734,2.50972789217e-05,9.01556559256e-05,11813,11819,False
2735,0,0,1592,1592,True
2736,0.00114344072063,0.0037788124755,18591,18559,False
2737,0,0,1593,1593,True
2738,0,0,1594,1594,True
2739,0.000584747816902,0.00195724330842,16212,16222,False
2740,0,0,1595,1595,True
2741,0,0,1596,1596,True
2742,0.000494147476275,0.00167053751647,15508,15540,False
2743,0.00207291450351,0.00702750822529,19661,19666,False
2744,0.000589108443819,0.00193134672008,16243,16148,False
2745,0,0,1597,1597,True
2746,0,0,1598,1598,True
2747,9.2287104053e-05,0.000313719036058,12599,12619,False
2748,1.72708860191e-05,5.5861146393e-05,11791,11789,False
2749,0.000837341416627,0.00291042262688,17700,17809,False
2750,0,0,1599,1599,True
2751,0,0,1600,1600,True
2752,0.000625571061391,0.00202068849467,16512,16366,False
2753,0.000239021625021,0.000844318768941,13938,14013,False
2754,0,0,1601,1601,True
2755,0,0,1602,1602,True
2756,0,0,1603,1603,True
2757,0,0,1604,1604,True
2758,0,0,1605,1605,True
2759,0,0,1606,1606,True
2760,0,0,1607,1607,True
2761,0,0,1608,1608,True
2762,0,0,1609,1609,True
2763,0.00190063484479,0.00626486213878,19543,19517,False
2764,0,0,1610,1610,True
2765,0,0,1611,1611,True
2766,0,0,1612,1612,True
2767,0,0,1613,1613,True
2768,0.000574914040044,0.00179395184387,16122,15823,False
2769,0.00081223982852,0.00271947495639,17570,17573,False
2770,0.000287878036033,0.00083215534687,14252,13997,False
2771,0.00071504159132,0.00248068221845,17076,17224,False
2772,0.00134554307442,0.00438811630011,18946,18881,False
2773,0,0,1614,1614,True
2774,0.000541076413356,0.00180230371188,15852,15848,False
2775,0,0,1615,1615,True
2776,0.000576616206672,0.00178655656055,16140,15803,False
2777,0.000421218224801,0.00134570861701,15037,14903,False
2778,0.000684480066411,0.00230364338495,16908,16916,False
2779,0.000722128374036,0.00235667754896,17124,17004,False
2780,0,0,1616,1616,True
2781,0.000956722476985,0.00307701691054,18123,17999,False
2782,0.00208954955451,0.00705128721893,19670,19670,False
2783,0,0,1617,1617,True
2784,0.000250103912549,0.000890694791451,14015,14114,False
2785,0.00059598631924,0.00193148409016,16303,16150,False
2786,0,0,1618,1618,True
2787,8.34403326735e-05,0.000278626685031,12492,12506,False
2788,0.000485292170197,0.00160261162091,15446,15414,False
2789,0,0,1619,1619,True
2790,0,0,1620,1620,True
2791,0.000109254237032,0.000335942138918,12783,12683,False
2792,0.000537160318345,0.00181283475831,15832,15870,False
2793,0.00027260632487,0.000888337497599,14159,14110,False
2794,0,0,1621,1621,True
2795,0,0,1622,1622,True
2796,0.00035638033296,0.00116064224858,14642,14585,False
2797,0,0,1623,1623,True
2798,0,0,1624,1624,True
2799,0,0,1625,1625,True
2800,0,0,1626,1626,True
2801,0.000834644772112,0.00279212719761,17685,17649,False
2802,0.000120094286103,0.000415651506046,12924,12964,False
2803,0,0,1627,1627,True
2804,0.00163103279192,0.00554357469082,19295,19306,False
2805,0,0,1628,1628,True
2806,0.00081231596414,0.00264962972142,17571,17481,False
2807,0,0,1629,1629,True
2808,0,0,1630,1630,True
2809,0,0,1631,1631,True
2810,2.04345014936e-05,6.74303082633e-05,11802,11797,False
2811,0,0,1632,1632,True
2812,0,0,1633,1633,True
2813,0.00117291568313,0.00392949208617,18647,18645,False
2814,0,0,1634,1634,True
2815,0,0,1635,1635,True
2816,0,0,1636,1636,True
2817,0.000686792191118,0.00233598216437,16918,16974,False
2818,0,0,1637,1637,True
2819,0.000541567686014,0.0018492450472,15859,15947,False
2820,0,0,1638,1638,True
2821,0,0,1639,1639,True
2822,0.000141559299664,0.00056983763352,13149,13419,False
2823,0.000638523197267,0.00213772361167,16612,16607,False
2824,3.62025493814e-05,0.000126714585349,11900,11920,False
2825,0.000581293134019,0.0019251772901,16183,16133,False
2826,0.0029053222388,0.00996840838343,19852,19855,False
2827,0.000707807485014,0.00241392385215,17032,17108,False
2828,0,0,1640,1640,True
2829,0,0,1641,1641,True
2830,0,0,1642,1642,True
2831,0.000661727739498,0.00224088924006,16773,16804,False
2832,0.000737281108741,0.00249811261892,17215,17255,False
2833,0,0,1643,1643,True
2834,5.51162047486e-05,0.00018055360124,12131,12125,False
2835,0,0,1644,1644,True
2836,0.000979105709121,0.00330362631939,18203,18206,False
2837,0.00143792282324,0.00489599211141,19082,19108,False
2838,3.22238192894e-05,0.00011740357877,11865,11882,False
2839,0.000181923620403,0.000597796344664,13541,13495,False
2840,0.000113785339636,0.00037022063043,12851,12813,False
2841,0,0,1645,1645,True
2842,0,0,1646,1646,True
2843,0.00051145919133,0.00174781598616,15635,15708,False
2844,0,0,1647,1647,True
2845,0.00131005817093,0.00435826927423,18887,18864,False
2846,0.000504545343574,0.00163755367976,15586,15472,False
2847,0,0,1648,1648,True
2848,0.000717630726285,0.0023425319232,17091,16985,False
2849,0,0,1649,1649,True
2850,0.00057242566254,0.00189569639042,16099,16047,False
2851,0,0,1650,1650,True
2852,0,0,1651,1651,True
2853,0.00218100124039,0.00725814187899,19715,19706,False
2854,0.000108774409455,0.000311732001137,12772,12613,False
2855,0.000519038992934,0.00190360355191,15691,16074,False
2856,0,0,1652,1652,True
2857,0.000527469033841,0.00164470111486,15760,15491,False
2858,0,0,1653,1653,True
2859,0,0,1654,1654,True
2860,0,0,1655,1655,True
2861,0,0,1656,1656,True
2862,0,0,1657,1657,True
2863,0,0,1658,1658,True
2864,0,0,1659,1659,True
2865,7.88353936514e-05,0.000319680839311,12425,12638,False
2866,0,0,1660,1660,True
2867,0,0,1661,1661,True
2868,0,0,1662,1662,True
2869,0.00011501370318,0.000386868108762,12862,12874,False
2870,0.000703191908542,0.00241260626353,17013,17106,False
2871,0,0,1663,1663,True
2872,0,0,1664,1664,True
2873,0.000603824912105,0.00207732571289,16361,16489,False
2874,4.63545911771e-05,0.000184331714991,12022,12145,False
2875,0.000679081480484,0.00229655369185,16879,16896,False
2876,0,0,1665,1665,True
2877,0.000417406350607,0.00149890477769,15010,15220,False
2878,0,0,1666,1666,True
2879,0,0,1667,1667,True
2880,0,0,1668,1668,True
2881,0.000710850406904,0.00251912721433,17050,17292,False
2882,0.000125078120618,0.00042130149086,12977,12979,False
2883,0,0,1669,1669,True
2884,0.00107821205165,0.00348173687235,18449,18344,False
2885,0,0,1670,1670,True
2886,0,0,1671,1671,True
2887,0,0,1672,1672,True
2888,0,0,1673,1673,True
2889,0,0,1674,1674,True
2890,0,0,1675,1675,True
2891,0.000207109362236,0.000799490371719,13723,13926,False
2892,0.000374326569727,0.00138756271917,14740,15004,False
2893,0,0,1676,1676,True
2894,0,0,1677,1677,True
2895,0,0,1678,1678,True
2896,0,0,1679,1679,True
2897,0,0,1680,1680,True
2898,0,0,1681,1681,True
2899,0,0,1682,1682,True
2900,0.00140148354694,0.00463686091825,19030,18993,False
2901,0.00133338698652,0.00445726979524,18927,18908,False
2902,0,0,1683,1683,True
2903,0.000473501771921,0.00153628643602,15361,15290,False
2904,0,0,1684,1684,True
2905,0,0,1685,1685,True
2906,0,0,1686,1686,True
2907,0,0,1687,1687,True
2908,5.43829519302e-05,0.00017369944544,12123,12096,False
2909,0.000383338803658,0.00131514505483,14804,14865,False
2910,0,0,1688,1688,True
2911,0,0,1689,1689,True
2912,0,0,1690,1690,True
2913,0,0,1691,1691,True
2914,0,0,1692,1692,True
2915,0.000589288189076,0.00196329294704,16248,16235,False
2916,0,0,1693,1693,True
2917,0,0,1694,1694,True
2918,0.000274823687505,0.000958935415838,14172,14238,False
2919,0.000376322917873,0.00115884421393,14754,14581,False
2920,0,0,1695,1695,True
2921,0,0,1696,1696,True
2922,0,0,1697,1697,True
2923,0,0,1698,1698,True
2924,0.000603975960985,0.00207320018671,16363,16477,False
2925,0,0,1699,1699,True
2926,0,0,1700,1700,True
2927,0.00114454759751,0.00389961828478,18592,18625,False
2928,0.000733134744223,0.00247149774805,17188,17201,False
2929,0.000694416055921,0.00237360689789,16960,17029,False
2930,0.000549617223442,0.00178670871537,15911,15804,False
2931,0.00105432001874,0.00361728016287,18389,18444,False
2932,0,0,1701,1701,True
2933,0,0,1702,1702,True
2934,0,0,1703,1703,True
2935,0,0,1704,1704,True
2936,0.00171915721148,0.00584278488532,19377,19386,False
2937,0.000774582964368,0.00260062888265,17400,17412,False
2938,0,0,1705,1705,True
2939,0,0,1706,1706,True
2940,0.00140655587893,0.00469136377797,19041,19011,False
2941,0,0,1707,1707,True
2942,0,0,1708,1708,True
2943,0.000450426305179,0.00147112819832,15228,15168,False
2944,0.000552759040147,0.00188044563401,15940,16015,False
2945,0,0,1709,1709,True
2946,0.00124409992713,0.00407280959189,18776,18715,False
2947,0.00140167539939,0.00468320306391,19031,19008,False
2948,0,0,1710,1710,True
2949,0.000900063721929,0.00308035872877,17933,18001,False
2950,0,0,1711,1711,True
2951,0.000143131823279,0.000507541466504,13164,13234,False
2952,0.00267466623336,0.00886369682848,19823,19816,False
2953,0.00100085511804,0.00341917900369,18254,18301,False
2954,0.00081848539412,0.00276501430199,17609,17623,False
2955,0,0,1712,1712,True
2956,0,0,1713,1713,True
2957,0,0,1714,1714,True
2958,0.00118090969045,0.00384352426045,18660,18594,False
2959,0,0,1715,1715,True
2960,0,0,1716,1716,True
2961,0.000437613547547,0.00156738294754,15133,15341,False
2962,0,0,1717,1717,True
2963,0.00023934073397,0.00085219257744,13943,14033,False
2964,0,0,1718,1718,True
2965,0.000943108985666,0.00305204722099,18076,17963,False
2966,0,0,1719,1719,True
2967,0.00203231466003,0.00681692082435,19633,19629,False
2968,0,0,1720,1720,True
2969,0,0,1721,1721,True
2970,6.42371669528e-05,0.000224972216529,12252,12293,False
2971,0.000857872131746,0.00285396515392,17779,17738,False
2972,0,0,1722,1722,True
2973,0,0,1723,1723,True
2974,0.000603782827966,0.00199091085233,16360,16298,False
2975,0,0,1724,1724,True
2976,0.000608421163633,0.00208876910619,16395,16507,False
2977,0,0,1725,1725,True
2978,0.000471190403914,0.001569153741,15350,15344,False
2979,0.00144755048677,0.0049921660684,19099,19141,False
2980,0,0,1726,1726,True
2981,0.00210162065923,0.006898927968,19680,19643,False
2982,0,0,1727,1727,True
2983,0.000689965381753,0.00239640311338,16937,17080,False
2984,0,0,1728,1728,True
2985,0,0,1729,1729,True
2986,0.000607164402027,0.00199725595303,16392,16308,False
2987,0,0,1730,1730,True
2988,0,0,1731,1731,True
2989,0,0,1732,1732,True
2990,0.000815895968117,0.00268050911836,17593,17526,False
2991,0.00185773381963,0.00617085024714,19508,19490,False
2992,0,0,1733,1733,True
2993,0.000104972401459,0.000353096227627,12737,12735,False
2994,7.59999456932e-05,0.000267377996352,12390,12465,False
2995,0.000523164577316,0.00180560559966,15723,15855,False
2996,0.00046756019583,0.00159413472284,15331,15395,False
2997,0.000445246318122,0.00155384081881,15192,15321,False
2998,0.000731417909265,0.00227760756388,17176,16861,False
2999,0.000568390241824,0.00211885175668,16062,16565,False
3000,0.00145606265869,0.00472969841212,19113,19030,False
3001,0.000892515352461,0.00291551696137,17911,17814,False
3002,0,0,1734,1734,True
3003,0,0,1735,1735,True
3004,0,0,1736,1736,True
3005,0.000240492779994,0.00083540432388,13952,14001,False
3006,0.000694957445376,0.00233312603086,16964,16965,False
3007,0,0,1737,1737,True
3008,0,0,1738,1738,True
3009,0,0,1739,1739,True
3010,5.82086358918e-05,0.000151353844558,12161,12015,False
3011,0,0,1740,1740,True
3012,0.000245931209065,0.00086351641221,13982,14063,False
3013,0,0,1741,1741,True
3014,0,0,1742,1742,True
3015,0,0,1743,1743,True
3016,0,0,1744,1744,True
3017,0,0,1745,1745,True
3018,0.000143928744365,0.000449767976534,13174,13064,False
3019,0,0,1746,1746,True
3020,0.000727529404685,0.00246880762279,17155,17198,False
3021,0,0,1747,1747,True
3022,0.000674782088026,0.00222729169764,16851,16776,False
3023,0,0,1748,1748,True
3024,0,0,1749,1749,True
3025,0.000877077749465,0.00303011736833,17843,17939,False
3026,0,0,1750,1750,True
3027,0.000604342203587,0.00214920099825,16369,16626,False
3028,0,0,1751,1751,True
3029,0.00036425187136,0.00131536077242,14677,14866,False
3030,0.000201459683012,0.000719322066288,13682,13760,False
3031,0,0,1752,1752,True
3032,3.42947569152e-05,9.41615144257e-05,11880,11828,False
3033,0,0,1753,1753,True
3034,0,0,1754,1754,True
3035,0,0,1755,1755,True
3036,0,0,1756,1756,True
3037,0.000241178495344,0.000875545723829,13954,14088,False
3038,0.000183972195373,0.000657998665702,13551,13633,False
3039,0,0,1757,1757,True
3040,0,0,1758,1758,True
3041,0,0,1759,1759,True
3042,0,0,1760,1760,True
3043,0.000483618263388,0.00162516906857,15431,15453,False
3044,0,0,1761,1761,True
3045,0,0,1762,1762,True
3046,0,0,1763,1763,True
3047,0.000594560289755,0.00194775802083,16290,16187,False
3048,0.000325517525198,0.0010282403091,14448,14355,False
3049,0,0,1764,1764,True
3050,0,0,1765,1765,True
3051,0,0,1766,1766,True
3052,0,0,1767,1767,True
3053,0,0,1768,1768,True
3054,0.000205699849175,0.000511924736202,13708,13242,False
3055,0,0,1769,1769,True
3056,0,0,1770,1770,True
3057,0,0,1771,1771,True
3058,0,0,1772,1772,True
3059,0.000613601936493,0.00203686230816,16432,16412,False
3060,3.59837322321e-05,0.000123530349811,11896,11911,False
3061,0.000526635558344,0.00168564624619,15752,15568,False
3062,0,0,1773,1773,True
3063,0,0,1774,1774,True
3064,0.000495934160426,0.00162386836018,15529,15452,False
3065,0.000433269597124,0.00154134398326,15104,15300,False
3066,0,0,1775,1775,True
3067,0,0,1776,1776,True
3068,0,0,1777,1777,True
3069,0.000672075606417,0.00231842044741,16836,16941,False
3070,0,0,1778,1778,True
3071,0.000147777012899,0.000543473986909,13210,13332,False
3072,0,0,1779,1779,True
3073,0.000978793483227,0.00327072804794,18199,18178,False
3074,0,0,1780,1780,True
3075,0,0,1781,1781,True
3076,0,0,1782,1782,True
3077,0,0,1783,1783,True
3078,0,0,1784,1784,True
3079,0,0,1785,1785,True
3080,0,0,1786,1786,True
3081,0.000551154837012,0.00194481213111,15925,16183,False
3082,0.000800547131803,0.00271693058312,17528,17571,False
3083,0.00178354023956,0.00589196756482,19449,19401,False
3084,0.000277839310002,0.00100439379457,14195,14315,False
3085,0,0,1787,1787,True
3086,0.000285652466118,0.000949701643549,14240,14223,False
3087,0,0,1788,1788,True
3088,0.000856665603351,0.00292302691378,17772,17820,False
3089,0,0,1789,1789,True
3090,0,0,1790,1790,True
3091,0.00109957729001,0.00383697170764,18495,18589,False
3092,0,0,1791,1791,True
3093,0,0,1792,1792,True
3094,0,0,1793,1793,True
3095,0,0,1794,1794,True
3096,7.73046049289e-05,0.000281835586065,12404,12521,False
3097,0,0,1795,1795,True
3098,0,0,1796,1796,True
3099,0.000650896574371,0.00216062297113,16705,16645,False
3100,0,0,1797,1797,True
3101,0.000465879129479,0.00155982282013,15322,15332,False
3102,0,0,1798,1798,True
3103,0,0,1799,1799,True
3104,0.000580938649364,0.00191414018627,16181,16097,False
3105,0,0,1800,1800,True
3106,0.000403759535402,0.00136457488406,14928,14945,False
3107,0,0,1801,1801,True
3108,0.00049978797324,0.00173134903889,15555,15664,False
3109,0,0,1802,1802,True
3110,0.000495867803693,0.00158408412244,15525,15376,False
3111,2.61770856014e-05,9.81105986284e-05,11818,11838,False
3112,0,0,1803,1803,True
3113,0.000439535127953,0.00145484483801,15149,15130,False
3114,0,0,1804,1804,True
3115,0.000722441705875,0.00229343655519,17125,16893,False
3116,0,0,1805,1805,True
3117,0.000978474272415,0.00328515656292,18197,18193,False
3118,0,0,1806,1806,True
3119,0.00163601513486,0.00545304780826,19300,19285,False
3120,0,0,1807,1807,True
3121,0,0,1808,1808,True
3122,0.000152914522914,0.000647437875159,13263,13614,False
3123,0,0,1809,1809,True
3124,0,0,1810,1810,True
3125,0,0,1811,1811,True
3126,0,0,1812,1812,True
3127,0,0,1813,1813,True
3128,0.000233852202655,0.000695369904861,13906,13708,False
3129,0.00141187605914,0.00491921044886,19046,19119,False
3130,7.97745015007e-05,0.000306183297653,12444,12593,False
3131,0,0,1814,1814,True
3132,0,0,1815,1815,True
3133,0.000464191893116,0.00158610206563,15310,15380,False
3134,0.000324562250171,0.00109316955786,14441,14456,False
3135,0,0,1816,1816,True
3136,0,0,1817,1817,True
3137,0,0,1818,1818,True
3138,0.000160429626703,0.000519973633345,13334,13260,False
3139,0,0,1819,1819,True
3140,0.000725402263924,0.00251667271368,17143,17287,False
3141,0.000213876221096,0.000757982488722,13773,13836,False
3142,0,0,1820,1820,True
3143,0,0,1821,1821,True
3144,0,0,1822,1822,True
3145,0.00119925825857,0.00408365763724,18695,18724,False
3146,0.00133511831518,0.00454760203138,18930,18954,False
3147,0,0,1823,1823,True
3148,0,0,1824,1824,True
3149,0.000564447313081,0.00193744001444,16032,16167,False
3150,0.00033114667167,0.0011034993222,14482,14475,False
3151,0,0,1825,1825,True
3152,0.000231705940678,0.000708322040737,13891,13734,False
3153,0.000159289440489,0.000549949356355,13322,13357,False
3154,0,0,1826,1826,True
3155,0.000319317536196,0.00107664673124,14411,14428,False
3156,0,0,1827,1827,True
3157,0.000254994316492,0.000892983807717,14054,14120,False
3158,0,0,1828,1828,True
3159,0.000494021340273,0.00166909827385,15507,15537,False
3160,0.00012946917559,0.000441301614046,13015,13041,False
3161,3.44440231856e-05,9.68079257291e-05,11882,11832,False
3162,0,0,1829,1829,True
3163,0,0,1830,1830,True
3164,0.000147415761603,0.000505088770296,13207,13228,False
3165,0.00340782757849,0.0114580541849,19882,19880,False
3166,0.000467283127364,0.00160740222782,15330,15425,False
3167,3.92670081055e-05,0.000170904182596,11935,12086,False
3168,0,0,1831,1831,True
3169,0.000789100420661,0.00269087799825,17475,17536,False
3170,0.00061150547117,0.00203584274277,16415,16410,False
3171,0,0,1832,1832,True
3172,0.00248345336877,0.00836032629013,19792,19795,False
3173,0.00178018794395,0.00594830326736,19443,19426,False
3174,0,0,1833,1833,True
3175,0.000279707222944,0.000937393459026,14203,14203,False
3176,0,0,1834,1834,True
3177,0.000398146134103,0.00136297929566,14901,14941,False
3178,0,0,1835,1835,True
3179,0,0,1836,1836,True
3180,0,0,1837,1837,True
3181,0,0,1838,1838,True
3182,0.00168492842931,0.00561422947794,19350,19322,False
3183,0,0,1839,1839,True
3184,0.000237201791606,0.000776360626332,13927,13880,False
3185,0,0,1840,1840,True
3186,0.000297013437375,0.000961191486567,14301,14245,False
3187,0,0,1841,1841,True
3188,0,0,1842,1842,True
3189,0,0,1843,1843,True
3190,0.000247809657594,0.000809492892586,13993,13954,False
3191,0.00182745896745,0.00629460858181,19488,19524,False
3192,0,0,1844,1844,True
3193,0.000904052169062,0.00316959549673,17948,18091,False
3194,0,0,1845,1845,True
3195,0.000109980574052,0.000359332276275,12793,12760,False
3196,0.000280435342574,0.000955495401286,14206,14234,False
3197,0,0,1846,1846,True
3198,0,0,1847,1847,True
3199,0,0,1848,1848,True
3200,0.00168051803485,0.00567086413503,19345,19338,False
3201,0.00151070184074,0.00522007746622,19180,19220,False
3202,0.00056920159841,0.00193191948347,16072,16152,False
3203,0.00212258892134,0.00716604618356,19688,19698,False
3204,0.000593456847128,0.00195533013903,16276,16217,False
3205,0.000195710003027,0.000577802653424,13630,13444,False
3206,0,0,1849,1849,True
3207,0,0,1850,1850,True
3208,0.00164025952108,0.00551548739895,19304,19297,False
3209,0.00122768769506,0.00415374757722,18746,18752,False
3210,0,0,1851,1851,True
3211,0.000914246717002,0.00294685433619,17983,17846,False
3212,0,0,1852,1852,True
3213,0.00033245497616,0.00115506665315,14493,14576,False
3214,0.000716346607078,0.00243318174034,17082,17142,False
3215,0.00107516394928,0.00357695086859,18440,18420,False
3216,0,0,1853,1853,True
3217,0.000255987077253,0.000850713637192,14059,14028,False
3218,0,0,1854,1854,True
3219,0,0,1855,1855,True
3220,0.000438074755948,0.00167632952798,15137,15547,False
3221,0,0,1856,1856,True
3222,0.000611020484939,0.0020502700936,16411,16436,False
3223,0.00102182652336,0.00342290312983,18308,18305,False
3224,0.00124416453764,0.00418795458972,18777,18782,False
3225,0,0,1857,1857,True
3226,0,0,1858,1858,True
3227,0,0,1859,1859,True
3228,0.00025272401399,0.000800789101049,14036,13932,False
3229,0.00198981165886,0.00675868988037,19602,19616,False
3230,0.000590958166867,0.00193612626754,16261,16158,False
3231,0.000634106283542,0.00218680291437,16585,16699,False
3232,0,0,1860,1860,True
3233,0,0,1861,1861,True
3234,0,0,1862,1862,True
3235,0.000481424794998,0.00163190974854,15415,15459,False
3236,0.000238654494751,0.000772317871451,13932,13870,False
3237,0.001134470338,0.00375049305148,18569,18539,False
3238,0.00179974886123,0.00595768354833,19460,19430,False
3239,0,0,1863,1863,True
3240,9.69282627921e-05,0.000325650238665,12651,12658,False
3241,0,0,1864,1864,True
3242,0,0,1865,1865,True
3243,0,0,1866,1866,True
3244,0.000216330226976,0.000745934725273,13786,13810,False
3245,0,0,1867,1867,True
3246,0.00215182709508,0.00711866049096,19701,19685,False
3247,0,0,1868,1868,True
3248,0,0,1869,1869,True
3249,0,0,1870,1870,True
3250,0.000881010200828,0.00304587860592,17861,17956,False
3251,0,0,1871,1871,True
3252,0.000585630536079,0.00194684206508,16221,16184,False
3253,0.00104220036883,0.00354540441185,18359,18402,False
3254,0,0,1872,1872,True
3255,0,0,1873,1873,True
3256,0,0,1874,1874,True
3257,0,0,1875,1875,True
3258,0,0,1876,1876,True
3259,0.000418412470026,0.00142179278191,15017,15062,False
3260,0,0,1877,1877,True
3261,4.23702513217e-05,0.00014249177184,11973,11978,False
3262,0.00133870274294,0.00457705743611,18940,18965,False
3263,0,0,1878,1878,True
3264,0.000748947728425,0.00245511112735,17281,17184,False
3265,0,0,1879,1879,True
3266,0,0,1880,1880,True
3267,0,0,1881,1881,True
3268,0,0,1882,1882,True
3269,0,0,1883,1883,True
3270,0,0,1884,1884,True
3271,0.00070480076829,0.00227398774587,17017,16855,False
3272,0,0,1885,1885,True
3273,0,0,1886,1886,True
3274,0,0,1887,1887,True
3275,0.00110092002433,0.00362393981777,18501,18449,False
3276,0,0,1888,1888,True
3277,0,0,1889,1889,True
3278,0.00104944093619,0.00327670830302,18379,18185,False
3279,0,0,1890,1890,True
3280,0,0,1891,1891,True
3281,0,0,1892,1892,True
3282,0.000913035764825,0.00303596095182,17977,17945,False
3283,0,0,1893,1893,True
3284,0,0,1894,1894,True
3285,0,0,1895,1895,True
3286,0,0,1896,1896,True
3287,0,0,1897,1897,True
3288,0.00107297452632,0.00365601037629,18435,18475,False
3289,0,0,1898,1898,True
3290,0.00180678686593,0.0062838527374,19465,19521,False
3291,0.000731778796762,0.00236917007715,17180,17021,False
3292,0,0,1899,1899,True
3293,0,0,1900,1900,True
3294,0.000757630274165,0.00247891480103,17325,17216,False
3295,0.000263230729615,0.000905570515897,14105,14139,False
3296,0,0,1901,1901,True
3297,0.00164054438937,0.00571366585791,19305,19352,False
3298,0.000977655639872,0.00322175817564,18192,18138,False
3299,0,0,1902,1902,True
3300,0,0,1903,1903,True
3301,0.000447886501206,0.00142341118772,15212,15068,False
3302,0,0,1904,1904,True
3303,0.000206033495488,0.000645605032332,13713,13610,False
3304,0,0,1905,1905,True
3305,0,0,1906,1906,True
3306,0,0,1907,1907,True
3307,0,0,1908,1908,True
3308,0.000147365732118,0.000488076271722,13205,13189,False
3309,0,0,1909,1909,True
3310,0,0,1910,1910,True
3311,0.00150676257908,0.00509599084035,19176,19179,False
3312,0,0,1911,1911,True
3313,0.000504631141666,0.00168871565256,15588,15577,False
3314,0,0,1912,1912,True
3315,0,0,1913,1913,True
3316,0,0,1914,1914,True
3317,0.000737349269912,0.00249464530498,17216,17244,False
3318,0,0,1915,1915,True
3319,0,0,1916,1916,True
3320,0,0,1917,1917,True
3321,0,0,1918,1918,True
3322,0,0,1919,1919,True
3323,0.000944451545365,0.00309836026281,18084,18020,False
3324,0.00089142518118,0.00297334510833,17905,17874,False
3325,0,0,1920,1920,True
3326,0,0,1921,1921,True
3327,0,0,1922,1922,True
3328,0,0,1923,1923,True
3329,0,0,1924,1924,True
3330,0.0002491606283,0.000791323254816,14006,13906,False
3331,0,0,1925,1925,True
3332,0,0,1926,1926,True
3333,0,0,1927,1927,True
3334,0,0,1928,1928,True
3335,0,0,1929,1929,True
3336,0.000977561459877,0.00325806229375,18191,18169,False
3337,0.00104753370397,0.00353574031033,18371,18391,False
3338,0.00047124986304,0.00158555665985,15351,15378,False
3339,0.000162383439601,0.000590899959207,13356,13482,False
3340,0.00011669088417,0.000385166320484,12881,12869,False
3341,0,0,1930,1930,True
3342,0.00203647161834,0.00687889428809,19639,19639,False
3343,0.00139585440047,0.00467035686597,19022,19003,False
3344,0.000633568968624,0.00211682287045,16579,16557,False
3345,0.000478869042126,0.00155902490951,15395,15331,False
3346,0,0,1931,1931,True
3347,0.000596465833951,0.0019914356526,16312,16299,False
3348,0,0,1932,1932,True
3349,0,0,1933,1933,True
3350,0,0,1934,1934,True
3351,0,0,1935,1935,True
3352,0,0,1936,1936,True
3353,4.56237685285e-05,0.000168387719896,12012,12076,False
3354,0,0,1937,1937,True
3355,0.000484902411699,0.0015937355347,15443,15391,False
3356,0,0,1938,1938,True
3357,0,0,1939,1939,True
3358,0,0,1940,1940,True
3359,0,0,1941,1941,True
3360,0,0,1942,1942,True
3361,0.000504096155055,0.00164319982287,15579,15490,False
3362,0.000138951305416,0.000442615913926,13129,13045,False
3363,0,0,1943,1943,True
3364,0,0,1944,1944,True
3365,0.000692376983352,0.00230861571617,16949,16927,False
3366,0,0,1945,1945,True
3367,0.00100677856244,0.0033617678564,18269,18261,False
3368,0,0,1946,1946,True
3369,0.000288129929686,0.00105612247717,14255,14398,False
3370,0,0,1947,1947,True
3371,0,0,1948,1948,True
3372,2.69279025815e-05,8.61836815602e-05,11820,11814,False
3373,0,0,1949,1949,True
3374,0.000603607972153,0.0019701148849,16358,16255,False
3375,7.92985738371e-05,0.000221307040192,12441,12280,False
3376,0,0,1950,1950,True
3377,0.000620248552877,0.00202361447737,16479,16374,False
3378,0.000134954549139,0.000450084538897,13082,13066,False
3379,0.00121930788737,0.00397584587336,18733,18666,False
3380,0,0,1951,1951,True
3381,0,0,1952,1952,True
3382,0,0,1953,1953,True
3383,0.0005350325373,0.00175518298056,15816,15724,False
3384,0,0,1954,1954,True
3385,0,0,1955,1955,True
3386,0,0,1956,1956,True
3387,0.000213645791519,0.000664543302264,13769,13646,False
3388,0.000152347944095,0.000554420112167,13259,13372,False
3389,0,0,1957,1957,True
3390,0,0,1958,1958,True
3391,0.00122037215624,0.00405683880672,18734,18710,False
3392,0,0,1959,1959,True
3393,0,0,1960,1960,True
3394,0,0,1961,1961,True
3395,0,0,1962,1962,True
3396,0,0,1963,1963,True
3397,0.00151592260227,0.00504509871826,19193,19156,False
3398,0,0,1964,1964,True
3399,0.000596366706304,0.00191580015235,16310,16102,False
3400,0.000964605482295,0.00324178533629,18149,18157,False
3401,0,0,1965,1965,True
3402,0.00307073770091,0.0100971953943,19865,19861,False
3403,0.000867424241733,0.00301300198771,17810,17917,False
3404,0,0,1966,1966,True
3405,0,0,1967,1967,True
3406,0,0,1968,1968,True
3407,0,0,1969,1969,True
3408,0,0,1970,1970,True
3409,0,0,1971,1971,True
3410,0.000328282883856,0.00109933689237,14468,14466,False
3411,5.89298033447e-05,0.000137995259138,12173,11955,False
3412,0,0,1972,1972,True
3413,0,0,1973,1973,True
3414,0.000398775970098,0.00137618393637,14903,14970,False
3415,0.00199117604643,0.0066339620389,19604,19597,False
3416,0,0,1974,1974,True
3417,0.00164176034741,0.00564240152016,19308,19330,False
3418,0,0,1975,1975,True
3419,0.000124849262647,0.000410642329371,12975,12946,False
3420,0.000950181856751,0.00319552910514,18104,18110,False
3421,0,0,1976,1976,True
3422,0,0,1977,1977,True
3423,0.000816530082375,0.00276000518352,17595,17616,False
3424,0,0,1978,1978,True
3425,0,0,1979,1979,True
3426,0.000202953218832,0.000657216995023,13694,13632,False
3427,0,0,1980,1980,True
3428,6.77074422128e-05,0.000216168788029,12297,12253,False
3429,0,0,1981,1981,True
3430,0.00057519756956,0.00201202533208,16126,16344,False
3431,0,0,1982,1982,True
3432,0,0,1983,1983,True
3433,0,0,1984,1984,True
3434,0,0,1985,1985,True
3435,0.00116880517453,0.00408879201859,18634,18727,False
3436,0.000271801458439,0.000956826668698,14153,14235,False
3437,0.000798883091193,0.00266660866328,17517,17502,False
3438,0,0,1986,1986,True
3439,0,0,1987,1987,True
3440,0.000731849635486,0.00246119382791,17181,17190,False
3441,0.000137018825626,0.000429722334957,13110,13006,False
3442,0,0,1988,1988,True
3443,0,0,1989,1989,True
3444,0.000647360691801,0.00208537140861,16671,16502,False
3445,0,0,1990,1990,True
3446,0.000698216957971,0.00240278593265,16984,17086,False
3447,0.00150601938367,0.00516578508541,19173,19204,False
3448,0,0,1991,1991,True
3449,0.000772318802774,0.00244875135832,17392,17172,False
3450,0,0,1992,1992,True
3451,0,0,1993,1993,True
3452,0,0,1994,1994,True
3453,0.000480390270241,0.00171550130472,15405,15632,False
3454,0.00108498160262,0.00378685654141,18462,18564,False
3455,0,0,1995,1995,True
3456,0,0,1996,1996,True
3457,0,0,1997,1997,True
3458,0,0,1998,1998,True
3459,0,0,1999,1999,True
3460,0,0,2000,2000,True
3461,0,0,2001,2001,True
3462,0.000173412205186,0.000568560324609,13451,13416,False
3463,0,0,2002,2002,True
3464,0,0,2003,2003,True
3465,0,0,2004,2004,True
3466,0.00177722657099,0.00603092042729,19441,19455,False
3467,0.000447022146545,0.00153711775783,15206,15293,False
3468,0.000666572479531,0.00223781983368,16808,16794,False
3469,0,0,2005,2005,True
3470,0.000252760539297,0.000676676281728,14037,13670,False
3471,0,0,2006,2006,True
3472,0,0,2007,2007,True
3473,0,0,2008,2008,True
3474,0,0,2009,2009,True
3475,0.000290674361167,0.000925640400965,14270,14179,False
3476,0,0,2010,2010,True
3477,0,0,2011,2011,True
3478,0,0,2012,2012,True
3479,0.0007565250271,0.00239445734769,17319,17075,False
3480,0,0,2013,2013,True
3481,0,0,2014,2014,True
3482,0,0,2015,2015,True
3483,0,0,2016,2016,True
3484,0,0,2017,2017,True
3485,0,0,2018,2018,True
3486,0,0,2019,2019,True
3487,0,0,2020,2020,True
3488,0,0,2021,2021,True
3489,0,0,2022,2022,True
3490,0,0,2023,2023,True
3491,0.000630700029433,0.00224195281044,16552,16805,False
3492,0.00038091011811,0.00126883713529,14789,14778,False
3493,0,0,2024,2024,True
3494,0,0,2025,2025,True
3495,5.39250213478e-05,0.000162140364409,12117,12055,False
3496,0.000382828584407,0.00125050812494,14798,14736,False
3497,0,0,2026,2026,True
3498,0,0,2027,2027,True
3499,0,0,2028,2028,True
3500,6.38442506897e-05,0.000238516309764,12241,12344,False
3501,0,0,2029,2029,True
3502,0,0,2030,2030,True
3503,0.000596847443376,0.00192639476154,16315,16139,False
3504,0,0,2031,2031,True
3505,0,0,2032,2032,True
3506,0,0,2033,2033,True
3507,0,0,2034,2034,True
3508,0.000223276860197,0.000781811366323,13829,13891,False
3509,0,0,2035,2035,True
3510,0.000241852147155,0.000857366190758,13957,14053,False
3511,0,0,2036,2036,True
3512,0.000212061422644,0.000714152760338,13758,13748,False
3513,0,0,2037,2037,True
3514,0.000131990469526,0.000402208272135,13041,12921,False
3515,0,0,2038,2038,True
3516,0,0,2039,2039,True
3517,0.000978897674941,0.00322876684368,18201,18148,False
3518,0,0,2040,2040,True
3519,0,0,2041,2041,True
3520,0,0,2042,2042,True
3521,4.04755046475e-05,0.000130965665448,11954,11930,False
3522,0.000389793596696,0.0013525923714,14855,14921,False
3523,0,0,2043,2043,True
3524,0,0,2044,2044,True
3525,0,0,2045,2045,True
3526,0.000939130666666,0.00309625873342,18061,18016,False
3527,0,0,2046,2046,True
3528,0,0,2047,2047,True
3529,0,0,2048,2048,True
3530,0.000682615034748,0.00224605528638,16897,16812,False
3531,0,0,2049,2049,True
3532,0.0010061932262,0.00339646241628,18264,18283,False
3533,0,0,2050,2050,True
3534,0,0,2051,2051,True
3535,0,0,2052,2052,True
3536,0,0,2053,2053,True
3537,0,0,2054,2054,True
3538,0,0,2055,2055,True
3539,0,0,2056,2056,True
3540,0,0,2057,2057,True
3541,0,0,2058,2058,True
3542,3.12383090204e-05,9.69038228504e-05,11854,11833,False
3543,0,0,2059,2059,True
3544,0,0,2060,2060,True
3545,0,0,2061,2061,True
3546,0,0,2062,2062,True
3547,0,0,2063,2063,True
3548,0.000905114866327,0.0030142525211,17952,17920,False
3549,0,0,2064,2064,True
3550,0,0,2065,2065,True
3551,8.31060315249e-05,0.00023627137125,12487,12338,False
3552,0,0,2066,2066,True
3553,0.000331026676577,0.00118632311933,14481,14634,False
3554,0.000469930266263,0.00151076121256,15341,15235,False
3555,0,0,2067,2067,True
3556,0,0,2068,2068,True
3557,0,0,2069,2069,True
3558,0,0,2070,2070,True
3559,0,0,2071,2071,True
3560,0,0,2072,2072,True
3561,0,0,2073,2073,True
3562,0.000551844888832,0.00184376735706,15931,15936,False
3563,0.000236065941863,0.000803016941063,13921,13941,False
3564,0,0,2074,2074,True
3565,0,0,2075,2075,True
3566,0,0,2076,2076,True
3567,0,0,2077,2077,True
3568,0,0,2078,2078,True
3569,0,0,2079,2079,True
3570,0.000563153647818,0.0017763285432,16028,15781,False
3571,7.48740276322e-05,0.000261651322944,12374,12437,False
3572,0,0,2080,2080,True
3573,0,0,2081,2081,True
3574,0,0,2082,2082,True
3575,0,0,2083,2083,True
3576,0,0,2084,2084,True
3577,0,0,2085,2085,True
3578,0,0,2086,2086,True
3579,0,0,2087,2087,True
3580,0.000681976031046,0.00237280037254,16893,17028,False
3581,0,0,2088,2088,True
3582,2.99899475067e-05,9.35540228966e-05,11844,11827,False
3583,0,0,2089,2089,True
3584,8.88409122126e-05,0.000304326851619,12560,12582,False
3585,0.000137547191116,0.000484964606585,13115,13182,False
3586,0,0,2090,2090,True
3587,0.000938977347687,0.00311771710403,18060,18039,False
3588,0,0,2091,2091,True
3589,0,0,2092,2092,True
3590,0.000491357117426,0.0017084950814,15491,15618,False
3591,0,0,2093,2093,True
3592,0,0,2094,2094,True
3593,6.18315243628e-05,0.000227597600315,12213,12304,False
3594,0,0,2095,2095,True
3595,0.0007138531073,0.00223943102174,17069,16802,False
3596,0.000239079614403,0.000820156361442,13940,13976,False
3597,0.000974377384409,0.00331027898937,18180,18216,False
3598,0.000314673001412,0.00101078592706,14390,14330,False
3599,0,0,2096,2096,True
3600,0.000277897779597,0.00094175041886,14197,14213,False
3601,0.000120874210552,0.000392472313251,12930,12889,False
3602,0.000153021377628,0.000498574518133,13264,13217,False
3603,0,0,2097,2097,True
3604,0,0,2098,2098,True
3605,0,0,2099,2099,True
3606,0,0,2100,2100,True
3607,0,0,2101,2101,True
3608,0.00379159580916,0.0129727106541,19892,19892,False
3609,0,0,2102,2102,True
3610,0,0,2103,2103,True
3611,0,0,2104,2104,True
3612,0.0012028964702,0.0041953092441,18700,18786,False
3613,0,0,2105,2105,True
3614,0.000443275406724,0.00152093928773,15179,15257,False
3615,0,0,2106,2106,True
3616,0,0,2107,2107,True
3617,0,0,2108,2108,True
3618,0.00143371557351,0.00482573127374,19077,19079,False
3619,0,0,2109,2109,True
3620,0,0,2110,2110,True
3621,0,0,2111,2111,True
3622,0.000117872645205,0.000454019202152,12895,13077,False
3623,6.01893261774e-05,0.000206636686926,12191,12224,False
3624,0,0,2112,2112,True
3625,0,0,2113,2113,True
3626,0,0,2114,2114,True
3627,0,0,2115,2115,True
3628,0,0,2116,2116,True
3629,0,0,2117,2117,True
3630,0,0,2118,2118,True
3631,0.000251214310993,0.000813057180494,14027,13959,False
3632,0.000162937838468,0.000561258988455,13362,13391,False
3633,0,0,2119,2119,True
3634,0.000179883543751,0.000602050859015,13512,13504,False
3635,0,0,2120,2120,True
3636,0,0,2121,2121,True
3637,0,0,2122,2122,True
3638,0.000199165253434,0.000695980561431,13661,13711,False
3639,0,0,2123,2123,True
3640,0,0,2124,2124,True
3641,0,0,2125,2125,True
3642,0,0,2126,2126,True
3643,0.00126630545128,0.00425088917837,18817,18814,False
3644,0,0,2127,2127,True
3645,0,0,2128,2128,True
3646,0,0,2129,2129,True
3647,0,0,2130,2130,True
3648,7.97854954726e-05,0.000164137702086,12445,12060,False
3649,0,0,2131,2131,True
3650,0,0,2132,2132,True
3651,0,0,2133,2133,True
3652,0.000481344759464,0.00151167064905,15414,15239,False
3653,3.60334161087e-05,0.00011458521476,11897,11874,False
3654,0,0,2134,2134,True
3655,2.24663290282e-05,7.20089301467e-05,11806,11805,False
3656,0.000331634568283,0.00115941441618,14486,14583,False
3657,0.0017227018252,0.00593782169744,19385,19420,False
3658,0.000657651748043,0.00216748914681,16750,16661,False
3659,0.00163460534532,0.00542535679415,19299,19279,False
3660,0.000948680855799,0.00320388516411,18097,18116,False
3661,0,0,2135,2135,True
3662,0,0,2136,2136,True
3663,0,0,2137,2137,True
3664,0,0,2138,2138,True
3665,0.000700858712662,0.00230424222536,16998,16920,False
3666,0,0,2139,2139,True
3667,0,0,2140,2140,True
3668,0,0,2141,2141,True
3669,0,0,2142,2142,True
3670,3.65048799722e-05,0.000114530630526,11903,11873,False
3671,0,0,2143,2143,True
3672,3.54961412086e-05,0.000145882848301,11890,11989,False
3673,0.00204652687535,0.00714436685666,19647,19691,False
3674,0,0,2144,2144,True
3675,0,0,2145,2145,True
3676,0.00105768232606,0.00350258778781,18399,18365,False
3677,0,0,2146,2146,True
3678,0.000438493822003,0.00142340280581,15141,15067,False
3679,0,0,2147,2147,True
3680,0,0,2148,2148,True
3681,0.00040783546865,0.00131702888757,14948,14869,False
3682,0,0,2149,2149,True
3683,0.000924508320168,0.00305739231408,18016,17973,False
3684,0,0,2150,2150,True
3685,0.000575036683585,0.00203376519494,16123,16405,False
3686,0.000675020215567,0.00211923709139,16852,16566,False
3687,0,0,2151,2151,True
3688,0,0,2152,2152,True
3689,0,0,2153,2153,True
3690,0.000118199197459,0.000424499332439,12901,12988,False
3691,0.000962511287071,0.00324197183363,18141,18159,False
3692,0,0,2154,2154,True
3693,0.000800098059699,0.0027947423514,17524,17651,False
3694,0.000924139923882,0.00304666021839,18014,17958,False
3695,0,0,2155,2155,True
3696,0.000200344191398,0.000616835663095,13670,13540,False
3697,0,0,2156,2156,True
3698,0.00070904038148,0.00237471284345,17041,17031,False
3699,0,0,2157,2157,True
3700,0,0,2158,2158,True
3701,0,0,2159,2159,True
3702,0.000319948710967,0.00107307324652,14417,14421,False
3703,0,0,2160,2160,True
3704,7.5224423199e-05,0.00023842669907,12378,12343,False
3705,0.00151168787852,0.0052579017356,19182,19230,False
3706,0,0,2161,2161,True
3707,0.000128617379232,0.00043012178503,13008,13008,False
3708,0.000746657256968,0.00255398568697,17265,17346,False
3709,4.5725984819e-05,0.000171472638613,12013,12089,False
3710,3.77844989998e-05,0.000149575556861,11920,12008,False
3711,0.00151817686856,0.00525838602334,19195,19231,False
3712,0.000897984835319,0.00306798540987,17925,17990,False
3713,0,0,2162,2162,True
3714,0,0,2163,2163,True
3715,0,0,2164,2164,True
3716,0,0,2165,2165,True
3717,0,0,2166,2166,True
3718,0,0,2167,2167,True
3719,0.000572499004193,0.00185859552585,16101,15961,False
3720,0.000699489144608,0.0024132640101,16992,17107,False
3721,0,0,2168,2168,True
3722,0.0013948114356,0.00477668503299,19021,19053,False
3723,0,0,2169,2169,True
3724,0.000949291570578,0.00327244889922,18100,18181,False
3725,0,0,2170,2170,True
3726,0,0,2171,2171,True
3727,0.000196682914975,0.000575984246098,13641,13438,False
3728,0,0,2172,2172,True
3729,0.000402120873332,0.00140980037395,14921,15042,False
3730,0.00075693463441,0.00252620363608,17322,17307,False
3731,0.00022177430219,0.000776225526351,13819,13879,False
3732,0,0,2173,2173,True
3733,0.000375909585273,0.00125995499548,14753,14757,False
3734,0,0,2174,2174,True
3735,0.000828792981338,0.00279709277675,17661,17659,False
3736,0.00151568395086,0.00510286586359,19191,19182,False
3737,0,0,2175,2175,True
3738,0,0,2176,2176,True
3739,0.000177490306669,0.000578916224185,13495,13448,False
3740,0.000596195168328,0.0019531971775,16306,16211,False
3741,0,0,2177,2177,True
3742,0,0,2178,2178,True
3743,0,0,2179,2179,True
3744,0,0,2180,2180,True
3745,0,0,2181,2181,True
3746,0,0,2182,2182,True
3747,0.000410217326134,0.00139553577174,14965,15017,False
3748,0.000722949625924,0.00239638751373,17131,17079,False
3749,0,0,2183,2183,True
3750,0,0,2184,2184,True
3751,0,0,2185,2185,True
3752,0,0,2186,2186,True
3753,0,0,2187,2187,True
3754,0,0,2188,2188,True
3755,0,0,2189,2189,True
3756,0,0,2190,2190,True
3757,0.000759518181439,0.00245215697214,17336,17180,False
3758,0.000766433426179,0.00251164706424,17368,17283,False
3759,0,0,2191,2191,True
3760,0,0,2192,2192,True
3761,0.00157674425282,0.00519067747518,19250,19209,False
3762,0.000259983789874,0.000936118478421,14081,14198,False
3763,0,0,2193,2193,True
3764,0,0,2194,2194,True
3765,0,0,2195,2195,True
3766,0,0,2196,2196,True
3767,0,0,2197,2197,True
3768,0.000705424754415,0.00242202240042,17022,17128,False
3769,9.51691908995e-05,0.000297088612569,12625,12565,False
3770,0,0,2198,2198,True
3771,0.000331839808496,0.00103098736145,14488,14363,False
3772,0,0,2199,2199,True
3773,0.00188266637269,0.00663232058287,19533,19596,False
3774,0,0,2200,2200,True
3775,0.000457853107946,0.00152028538287,15268,15253,False
3776,0.000386752304621,0.00130492134485,14822,14842,False
3777,0.000389455934055,0.00131379871164,14850,14861,False
3778,0.00032204692252,0.00104902230669,14430,14387,False
3779,0,0,2201,2201,True
3780,0.000276969949482,0.000990007654764,14190,14291,False
3781,0,0,2202,2202,True
3782,4.64248478238e-05,0.000172224681592,12023,12092,False
3783,0,0,2203,2203,True
3784,9.89991458482e-05,0.000366056425264,12676,12788,False
3785,0.00125495216344,0.00424905400723,18800,18813,False
3786,0.00050434138393,0.00166123989038,15583,15520,False
3787,0.000132320579723,0.000440022238763,13046,13036,False
3788,0.000695814087521,0.00232801772654,16969,16959,False
3789,0.000662192469463,0.00234083179384,16779,16982,False
3790,0.000202645693207,0.000632172916085,13689,13577,False
3791,0,0,2204,2204,True
3792,4.40398252977e-05,0.000156748603331,11993,12036,False
3793,0,0,2205,2205,True
3794,0.000157115573529,0.000530039076693,13306,13288,False
3795,4.18942618126e-05,0.000150571228005,11970,12012,False
3796,5.30138313479e-05,0.00017740871408,12100,12109,False
3797,0,0,2206,2206,True
3798,0.000175504508661,0.000598531623837,13472,13497,False
3799,0,0,2207,2207,True
3800,0.000740476767533,0.00237075099722,17234,17024,False
3801,7.71646446083e-05,0.000246374431299,12400,12372,False
3802,0,0,2208,2208,True
3803,4.14176320191e-05,0.000141859578434,11966,11973,False
3804,0,0,2209,2209,True
3805,0.000887703557964,0.00288141868077,17891,17771,False
3806,0.000652272254229,0.00237982557155,16710,17049,False
3807,0,0,2210,2210,True
3808,0.000501707661897,0.00171687663533,15567,15636,False
3809,0,0,2211,2211,True
3810,0,0,2212,2212,True
3811,0,0,2213,2213,True
3812,9.89187901723e-05,0.000397808238631,12674,12905,False
3813,0,0,2214,2214,True
3814,0,0,2215,2215,True
3815,0,0,2216,2216,True
3816,0,0,2217,2217,True
3817,0.000834894133732,0.0027953479439,17686,17652,False
3818,0,0,2218,2218,True
3819,0.000122567740618,0.00046137755271,12947,13105,False
3820,0.00125887803733,0.00422965176404,18808,18800,False
3821,0,0,2219,2219,True
3822,0,0,2220,2220,True
3823,0,0,2221,2221,True
3824,0.000578730774578,0.00195352383889,16163,16213,False
3825,0.000216206492041,0.000646612839773,13784,13612,False
3826,0,0,2222,2222,True
3827,0,0,2223,2223,True
3828,0,0,2224,2224,True
3829,0,0,2225,2225,True
3830,0,0,2226,2226,True
3831,0,0,2227,2227,True
3832,0.000108888023533,0.000380563898943,12775,12852,False
3833,0,0,2228,2228,True
3834,4.9934929848e-05,0.00018213489966,12064,12133,False
3835,0,0,2229,2229,True
3836,0,0,2230,2230,True
3837,0,0,2231,2231,True
3838,0.000778421876021,0.00259135174565,17423,17398,False
3839,0,0,2232,2232,True
3840,0,0,2233,2233,True
3841,2.5726880267e-05,9.25554850255e-05,11815,11823,False
3842,0,0,2234,2234,True
3843,0,0,2235,2235,True
3844,0,0,2236,2236,True
3845,0.000462315074401,0.0014976823004,15287,15215,False
3846,0,0,2237,2237,True
3847,0,0,2238,2238,True
3848,0,0,2239,2239,True
3849,0,0,2240,2240,True
3850,0,0,2241,2241,True
3851,0,0,2242,2242,True
3852,0,0,2243,2243,True
3853,0,0,2244,2244,True
3854,0.000181431285455,0.000611059716903,13533,13527,False
3855,0,0,2245,2245,True
3856,0,0,2246,2246,True
3857,0,0,2247,2247,True
3858,0,0,2248,2248,True
3859,0.000635603268165,0.00212870840915,16595,16587,False
3860,0.000330129812937,0.00115153403021,14477,14567,False
3861,0,0,2249,2249,True
3862,0,0,2250,2250,True
3863,0,0,2251,2251,True
3864,0,0,2252,2252,True
3865,0,0,2253,2253,True
3866,0,0,2254,2254,True
3867,0,0,2255,2255,True
3868,0,0,2256,2256,True
3869,0.000293947377941,0.000913664931431,14281,14158,False
3870,0.000860920466948,0.00304386741482,17788,17952,False
3871,0,0,2257,2257,True
3872,0.000219253299292,0.000721416901797,13807,13765,False
3873,0,0,2258,2258,True
3874,0,0,2259,2259,True
3875,0,0,2260,2260,True
3876,0,0,2261,2261,True
3877,0,0,2262,2262,True
3878,0.000894544180483,0.00309120607562,17914,18011,False
3879,0,0,2263,2263,True
3880,0.000386019906728,0.00120630534366,14819,14662,False
3881,0.000200434122235,0.000743914803024,13672,13803,False
3882,0,0,2264,2264,True
3883,5.29470962647e-05,0.000176889501745,12099,12106,False
3884,0.000913660333026,0.00304566393606,17980,17955,False
3885,0,0,2265,2265,True
3886,0,0,2266,2266,True
3887,0,0,2267,2267,True
3888,0,0,2268,2268,True
3889,0,0,2269,2269,True
3890,0.000521652866155,0.00176963384729,15711,15760,False
3891,0,0,2270,2270,True
3892,0,0,2271,2271,True
3893,0,0,2272,2272,True
3894,0,0,2273,2273,True
3895,0,0,2274,2274,True
3896,0.000148537103087,0.000458902155515,13217,13093,False
3897,0,0,2275,2275,True
3898,0.000914006959647,0.00311944866553,17981,18041,False
3899,0.000406289589591,0.00134884309955,14942,14909,False
3900,0,0,2276,2276,True
3901,0.00147170142736,0.00479669030756,19135,19067,False
3902,0.00112678750884,0.00374107691459,18562,18532,False
3903,0,0,2277,2277,True
3904,0,0,2278,2278,True
3905,0.000837509112898,0.00282426015474,17701,17693,False
3906,0,0,2279,2279,True
3907,0,0,2280,2280,True
3908,0.00187197385821,0.00648142956197,19521,19565,False
3909,0,0,2281,2281,True
3910,0,0,2282,2282,True
3911,0,0,2283,2283,True
3912,0,0,2284,2284,True
3913,0,0,2285,2285,True
3914,0.000596337311435,0.00203406345099,16308,16406,False
3915,0,0,2286,2286,True
3916,0,0,2287,2287,True
3917,0,0,2288,2288,True
3918,0,0,2289,2289,True
3919,0,0,2290,2290,True
3920,0,0,2291,2291,True
3921,0,0,2292,2292,True
3922,8.56132173794e-05,0.000276670121821,12515,12502,False
3923,0.000590941344853,0.00200950284488,16259,16331,False
3924,0,0,2293,2293,True
3925,0.000811259262264,0.00271479948424,17567,17563,False
3926,0.000828429416288,0.0028590222355,17659,17746,False
3927,0,0,2294,2294,True
3928,0,0,2295,2295,True
3929,0,0,2296,2296,True
3930,0,0,2297,2297,True
3931,6.11244395259e-05,0.000197420580662,12209,12192,False
3932,0,0,2298,2298,True
3933,0.000464702199679,0.00154742610175,15313,15308,False
3934,0,0,2299,2299,True
3935,0,0,2300,2300,True
3936,0.000303476292174,0.00108609395102,14331,14447,False
3937,0,0,2301,2301,True
3938,0,0,2302,2302,True
3939,6.41374426777e-05,0.000230239180382,12247,12316,False
3940,0,0,2303,2303,True
3941,0,0,2304,2304,True
3942,0,0,2305,2305,True
3943,0.000268492702162,0.000837272149511,14132,14005,False
3944,0,0,2306,2306,True
3945,0,0,2307,2307,True
3946,0,0,2308,2308,True
3947,0,0,2309,2309,True
3948,0,0,2310,2310,True
3949,4.30967775173e-05,0.000157485133968,11980,12039,False
3950,0,0,2311,2311,True
3951,0.000674220616929,0.00228428980336,16848,16877,False
3952,0,0,2312,2312,True
3953,0,0,2313,2313,True
3954,0,0,2314,2314,True
3955,0,0,2315,2315,True
3956,0,0,2316,2316,True
3957,0,0,2317,2317,True
3958,0,0,2318,2318,True
3959,0,0,2319,2319,True
3960,0.00121268699877,0.00409222766757,18718,18728,False
3961,0.00044763754704,0.00161108165048,15210,15430,False
3962,0,0,2320,2320,True
3963,0,0,2321,2321,True
3964,0,0,2322,2322,True
3965,0,0,2323,2323,True
3966,0.000756704364903,0.00240429374389,17320,17089,False
3967,0,0,2324,2324,True
3968,0,0,2325,2325,True
3969,0.000135808106279,0.00043076692964,13091,13011,False
3970,0,0,2326,2326,True
3971,0,0,2327,2327,True
3972,0,0,2328,2328,True
3973,0,0,2329,2329,True
3974,0,0,2330,2330,True
3975,5.77027458348e-05,0.000165501638548,12155,12067,False
3976,0,0,2331,2331,True
3977,0,0,2332,2332,True
3978,8.23005393613e-05,0.00027705024695,12478,12504,False
3979,0,0,2333,2333,True
3980,0.000105721679574,0.000310088827973,12745,12605,False
3981,0.00055238121422,0.00182090199087,15937,15891,False
3982,0,0,2334,2334,True
3983,0.000369254499674,0.00126348889899,14697,14763,False
3984,0.000506585056428,0.00168872624636,15602,15578,False
3985,0,0,2335,2335,True
3986,0.000150547144585,0.000473811931442,13237,13145,False
3987,0,0,2336,2336,True
3988,5.91931675444e-05,0.000201479691896,12178,12209,False
3989,0,0,2337,2337,True
3990,0,0,2338,2338,True
3991,0,0,2339,2339,True
3992,0,0,2340,2340,True
3993,7.91327547631e-05,0.000220628338866,12438,12278,False
3994,0,0,2341,2341,True
3995,0.000760325579904,0.00250358926132,17344,17267,False
3996,0,0,2342,2342,True
3997,0,0,2343,2343,True
3998,0,0,2344,2344,True
3999,0,0,2345,2345,True
4000,0,0,2346,2346,True
4001,0,0,2347,2347,True
4002,0.00013225285511,0.000435467372881,13044,13023,False
4003,0.000701453071088,0.00234799995087,17004,16995,False
4004,0,0,2348,2348,True
4005,0,0,2349,2349,True
4006,0.000630982569419,0.00210909033194,16558,16545,False
4007,0.00146137515549,0.00467525795102,19120,19004,False
4008,0,0,2350,2350,True
4009,0.000613559444901,0.00204295921139,16431,16419,False
4010,0.000174822096596,0.00057618401479,13467,13439,False
4011,0.00095422839513,0.00323454267345,18116,18153,False
4012,0,0,2351,2351,True
4013,0,0,2352,2352,True
4014,0,0,2353,2353,True
4015,0.000335441931384,0.00113825220615,14517,14543,False
4016,0,0,2354,2354,True
4017,0.000586264010053,0.00216851709411,16229,16663,False
4018,0,0,2355,2355,True
4019,0.000176511020982,0.000580800406169,13486,13457,False
4020,0,0,2356,2356,True
4021,0,0,2357,2357,True
4022,0,0,2358,2358,True
4023,0.000853037752677,0.00286259292625,17760,17750,False
4024,0,0,2359,2359,True
4025,0,0,2360,2360,True
4026,0.00120728195179,0.00388023932464,18710,18614,False
4027,0.00188224739395,0.00618731090799,19532,19499,False
4028,0,0,2361,2361,True
4029,0.00239035161212,0.00800070539117,19775,19772,False
4030,0,0,2362,2362,True
4031,0.00100839091465,0.00353196449578,18272,18386,False
4032,0,0,2363,2363,True
4033,0.000845478207339,0.00281077576801,17730,17680,False
4034,0,0,2364,2364,True
4035,0,0,2365,2365,True
4036,0.000611925148405,0.00206355494447,16420,16460,False
4037,0,0,2366,2366,True
4038,0,0,2367,2367,True
4039,0,0,2368,2368,True
4040,0,0,2369,2369,True
4041,0,0,2370,2370,True
4042,0,0,2371,2371,True
4043,0,0,2372,2372,True
4044,0.000238157517742,0.000740515824873,13930,13797,False
4045,0,0,2373,2373,True
4046,0.000379797129426,0.00144629983697,14778,15111,False
4047,0.00164534605574,0.00580728845671,19309,19376,False
4048,0.000804842042271,0.00268120318651,17541,17529,False
4049,0,0,2374,2374,True
4050,0.00134846952278,0.00453754235059,18949,18940,False
4051,0,0,2375,2375,True
4052,0,0,2376,2376,True
4053,0.00116328673903,0.00404273951426,18626,18699,False
4054,0,0,2377,2377,True
4055,0.00059401197359,0.00198876298964,16284,16292,False
4056,0.000109371583676,0.000401226774557,12785,12919,False
4057,0.000195712811546,0.000754768843763,13631,13828,False
4058,0,0,2378,2378,True
4059,0,0,2379,2379,True
4060,0,0,2380,2380,True
4061,0.00111632072367,0.00398168945685,18539,18669,False
4062,0.00145025143865,0.00479544978589,19106,19066,False
4063,6.1022627051e-05,0.000199188652914,12208,12198,False
4064,0,0,2381,2381,True
4065,0,0,2382,2382,True
4066,0.000747273967136,0.00243774312548,17271,17148,False
4067,0,0,2383,2383,True
4068,0,0,2384,2384,True
4069,0.000578577804845,0.00185468245763,16160,15956,False
4070,0,0,2385,2385,True
4071,0,0,2386,2386,True
4072,0,0,2387,2387,True
4073,0,0,2388,2388,True
4074,0.000418535113567,0.00136253272649,15019,14940,False
4075,0.000709670654032,0.00233777961694,17044,16975,False
4076,0.00132942851633,0.00456278352067,18922,18962,False
4077,0,0,2389,2389,True
4078,0.000428286555689,0.00157241232228,15081,15352,False
4079,0,0,2390,2390,True
4080,0.000768404861446,0.00257332413457,17374,17369,False
4081,0.000336484721629,0.00110319303349,14525,14474,False
4082,0.000688813393936,0.00234030373394,16931,16980,False
4083,0,0,2391,2391,True
4084,0,0,2392,2392,True
4085,0.000662034202833,0.00207565748133,16776,16482,False
4086,0.000601316802204,0.00216151610948,16348,16650,False
4087,0.000598276033998,0.00194417370949,16320,16181,False
4088,0,0,2393,2393,True
4089,0,0,2394,2394,True
4090,0,0,2395,2395,True
4091,0.00123456027359,0.00417423713952,18758,18771,False
4092,0,0,2396,2396,True
4093,0.000334575452143,0.0010838501621,14508,14443,False
4094,0,0,2397,2397,True
4095,0,0,2398,2398,True
4096,0,0,2399,2399,True
4097,0,0,2400,2400,True
4098,0.000815082748886,0.0027573837433,17585,17610,False
4099,0.000476159795653,0.0015107979998,15378,15237,False
4100,0.00061772443587,0.00212034862489,16455,16569,False
4101,0,0,2401,2401,True
4102,0,0,2402,2402,True
4103,0,0,2403,2403,True
4104,0,0,2404,2404,True
4105,0,0,2405,2405,True
4106,0,0,2406,2406,True
4107,0,0,2407,2407,True
4108,0.00045728601981,0.00147111492697,15266,15167,False
4109,0.000311646843329,0.0010575230699,14372,14401,False
4110,0,0,2408,2408,True
4111,0,0,2409,2409,True
4112,0,0,2410,2410,True
4113,0.000185515411431,0.000642349361442,13563,13600,False
4114,0,0,2411,2411,True
4115,0,0,2412,2412,True
4116,0.000489369791467,0.00173146114685,15476,15665,False
4117,0,0,2413,2413,True
4118,0.0001250050409,0.000427046179539,12976,12994,False
4119,0.000114415801363,0.000379551871447,12857,12845,False
4120,0,0,2414,2414,True
4121,0.00126978766639,0.00462633743882,18827,18987,False
4122,5.90337549511e-05,0.000193063431652,12174,12176,False
4123,0.000145925194374,0.000492486811709,13193,13198,False
4124,0.00066852994496,0.00227204943076,16819,16852,False
4125,0,0,2415,2415,True
4126,0,0,2416,2416,True
4127,0,0,2417,2417,True
4128,0,0,2418,2418,True
4129,0,0,2419,2419,True
4130,0.00156686583068,0.00503022409976,19239,19151,False
4131,0,0,2420,2420,True
4132,0,0,2421,2421,True
4133,0.00330564705655,0.0110494280234,19878,19876,False
4134,0.000441491662059,0.00149261392653,15159,15207,False
4135,0,0,2422,2422,True
4136,9.73285204964e-05,0.000377511692932,12654,12841,False
4137,0,0,2423,2423,True
4138,8.60739819473e-05,0.000264530361164,12521,12453,False
4139,0,0,2424,2424,True
4140,0,0,2425,2425,True
4141,0,0,2426,2426,True
4142,0,0,2427,2427,True
4143,0,0,2428,2428,True
4144,0,0,2429,2429,True
4145,0.000590150011703,0.00202467339113,16256,16379,False
4146,0,0,2430,2430,True
4147,0,0,2431,2431,True
4148,0.000168158556335,0.000580114661716,13403,13452,False
4149,3.70424168068e-05,0.000141560027259,11909,11972,False
4150,0,0,2432,2432,True
4151,0.00050695677055,0.00171724997927,15604,15638,False
4152,0,0,2433,2433,True
4153,0,0,2434,2434,True
4154,0,0,2435,2435,True
4155,0,0,2436,2436,True
4156,8.99604347069e-05,0.000305343914079,12576,12590,False
4157,0,0,2437,2437,True
4158,0.00022481715132,0.000800982292276,13839,13935,False
4159,0.000862475542817,0.00293524842709,17793,17832,False
4160,0,0,2438,2438,True
4161,0,0,2439,2439,True
4162,0.000847970368341,0.00276197725907,17738,17620,False
4163,0,0,2440,2440,True
4164,0,0,2441,2441,True
4165,0,0,2442,2442,True
4166,0,0,2443,2443,True
4167,0,0,2444,2444,True
4168,0,0,2445,2445,True
4169,3.06084402837e-05,7.83723662607e-05,11849,11808,False
4170,0.00114143860992,0.00389610300772,18583,18622,False
4171,0,0,2446,2446,True
4172,0,0,2447,2447,True
4173,0.000233790939092,0.000808679615147,13905,13950,False
4174,0,0,2448,2448,True
4175,0,0,2449,2449,True
4176,0,0,2450,2450,True
4177,0,0,2451,2451,True
4178,0,0,2452,2452,True
4179,0,0,2453,2453,True
4180,0,0,2454,2454,True
4181,0,0,2455,2455,True
4182,0,0,2456,2456,True
4183,0,0,2457,2457,True
4184,0,0,2458,2458,True
4185,0.00037914517452,0.00134186679497,14770,14898,False
4186,0.000414990470745,0.0014982240973,14992,15216,False
4187,0,0,2459,2459,True
4188,0.000120560755022,0.000409660802688,12926,12943,False
4189,0,0,2460,2460,True
4190,0,0,2461,2461,True
4191,0.00139115017373,0.00483252620324,19015,19081,False
4192,0.000573837605771,0.00203249556944,16113,16403,False
4193,0.000246254552621,0.000951507594436,13983,14226,False
4194,0,0,2462,2462,True
4195,0,0,2463,2463,True
4196,0,0,2464,2464,True
4197,0,0,2465,2465,True
4198,0,0,2466,2466,True
4199,0,0,2467,2467,True
4200,0,0,2468,2468,True
4201,0.000554331869353,0.00182499946095,15952,15899,False
4202,0,0,2469,2469,True
4203,0.00126652466133,0.004173243884,18818,18770,False
4204,0,0,2470,2470,True
4205,0.000227885117056,0.000755494111218,13864,13830,False
4206,0.00024491516524,0.0007283721352,13976,13774,False
4207,5.1505267038e-05,0.000183834781637,12084,12142,False
4208,0.000150693580508,0.000518945627846,13244,13258,False
4209,0.000210120342672,0.00067082530586,13744,13659,False
4210,0,0,2471,2471,True
4211,0,0,2472,2472,True
4212,0,0,2473,2473,True
4213,0,0,2474,2474,True
4214,0.000233945058426,0.000856650585774,13907,14049,False
4215,0.000802291964646,0.00274839554913,17536,17602,False
4216,0,0,2475,2475,True
4217,0,0,2476,2476,True
4218,0,0,2477,2477,True
4219,5.75487683818e-05,0.000222061178647,12154,12282,False
4220,0.000261639448581,0.000832088524476,14093,13996,False
4221,0.000997815164737,0.00321286800317,18248,18128,False
4222,0,0,2478,2478,True
4223,0,0,2479,2479,True
4224,0.000190191858565,0.000641575723421,13596,13597,False
4225,8.42791268951e-05,0.000294211873552,12498,12555,False
4226,0,0,2480,2480,True
4227,0,0,2481,2481,True
4228,0,0,2482,2482,True
4229,0,0,2483,2483,True
4230,0.000417430244852,0.00145055993926,15011,15123,False
4231,0.000627052388154,0.00221052486449,16524,16750,False
4232,0,0,2484,2484,True
4233,0.000147565064253,0.000495979271363,13209,13211,False
4234,0,0,2485,2485,True
4235,0,0,2486,2486,True
4236,0,0,2487,2487,True
4237,0,0,2488,2488,True
4238,0,0,2489,2489,True
4239,0,0,2490,2490,True
4240,0,0,2491,2491,True
4241,0.000360132573405,0.00126812269446,14660,14776,False
4242,0,0,2492,2492,True
4243,0.000359941535862,0.00122381513938,14658,14684,False
4244,0,0,2493,2493,True
4245,0,0,2494,2494,True
4246,0,0,2495,2495,True
4247,0,0,2496,2496,True
4248,7.24053388694e-05,0.000226672898862,12353,12299,False
4249,0,0,2497,2497,True
4250,0,0,2498,2498,True
4251,0.000255338265561,0.000816686835606,14057,13968,False
4252,0,0,2499,2499,True
4253,0.000653643044643,0.00225145369768,16720,16823,False
4254,0.000220623784116,0.000716148235369,13812,13753,False
4255,0,0,2500,2500,True
4256,0,0,2501,2501,True
4257,0,0,2502,2502,True
4258,0,0,2503,2503,True
4259,0,0,2504,2504,True
4260,0,0,2505,2505,True
4261,0.000291921576718,0.00102377939038,14276,14347,False
4262,0.000524421862792,0.00174375914503,15733,15697,False
4263,0,0,2506,2506,True
4264,0,0,2507,2507,True
4265,0.000614728138316,0.00204731989652,16436,16430,False
4266,9.59575045272e-05,0.000319794955431,12634,12639,False
4267,0,0,2508,2508,True
4268,0,0,2509,2509,True
4269,0,0,2510,2510,True
4270,0,0,2511,2511,True
4271,0,0,2512,2512,True
4272,0,0,2513,2513,True
4273,0.00025853610714,0.000872581964359,14072,14079,False
4274,0,0,2514,2514,True
4275,7.37511363695e-05,0.00022697384702,12363,12302,False
4276,0,0,2515,2515,True
4277,0,0,2516,2516,True
4278,0.000874017889146,0.00301575940102,17829,17922,False
4279,0.000125534876133,0.00039436732186,12981,12898,False
4280,0,0,2517,2517,True
4281,0,0,2518,2518,True
4282,0.00165721320082,0.00551369646564,19319,19295,False
4283,0,0,2519,2519,True
4284,0.00024840774131,0.000804157403763,14000,13944,False
4285,0.000934792216867,0.00318080605939,18051,18099,False
4286,0.000389946158975,0.00123460893519,14856,14702,False
4287,0.000531216501258,0.0016302090371,15784,15456,False
4288,0,0,2520,2520,True
4289,0.000498522480484,0.00164263055194,15550,15486,False
4290,0.000903314503375,0.0029979404062,17945,17900,False
4291,0,0,2521,2521,True
4292,0.00231379829347,0.00773764634505,19754,19751,False
4293,0,0,2522,2522,True
4294,0.00172338983975,0.00602711318061,19386,19454,False
4295,0.001445359434,0.0048719458282,19096,19100,False
4296,0,0,2523,2523,True
4297,0.000105143328256,0.000313211057801,12738,12615,False
4298,0.000879627710674,0.00294682523236,17851,17845,False
4299,0.000655441894196,0.00218498380855,16736,16698,False
4300,0.000245479808655,0.000757844769396,13979,13834,False
4301,0.000123157180496,0.000427848746767,12954,12996,False
4302,0,0,2524,2524,True
4303,0,0,2525,2525,True
4304,0,0,2526,2526,True
4305,0.00060715759173,0.00200395006686,16391,16324,False
4306,0,0,2527,2527,True
4307,0,0,2528,2528,True
4308,0,0,2529,2529,True
4309,0.00022669720056,0.000753646309022,13855,13824,False
4310,0.000277431099676,0.000912698043976,14191,14156,False
4311,8.10477722553e-05,0.000255719729466,12462,12415,False
4312,0.000190068516531,0.000630027265288,13593,13572,False
4313,0,0,2530,2530,True
4314,0,0,2531,2531,True
4315,0.000561142980587,0.00182973546907,16008,15906,False
4316,0.00198312150314,0.00659661460668,19598,19587,False
4317,0.00065069453558,0.00209462386556,16702,16518,False
4318,0,0,2532,2532,True
4319,0.000774460961111,0.00263084494509,17399,17451,False
4320,0,0,2533,2533,True
4321,6.39200079604e-05,0.000217800377868,12244,12260,False
4322,0.00185420771595,0.00615077512339,19503,19484,False
4323,7.72823914303e-05,0.000269728741841,12403,12474,False
4324,0.00304768397473,0.0100485114381,19863,19858,False
4325,0,0,2534,2534,True
4326,0,0,2535,2535,True
4327,0.000195690139662,0.000664249469992,13629,13645,False
4328,0.000442205549916,0.00148201989941,15164,15186,False
4329,0.00138617283665,0.00478003546596,19009,19058,False
4330,0.000470381230116,0.00159806211013,15344,15403,False
4331,0,0,2536,2536,True
4332,0.000300335464999,0.00100405956618,14323,14314,False
4333,0.000110656736069,0.000353331473889,12801,12737,False
4334,0,0,2537,2537,True
4335,0,0,2538,2538,True
4336,3.8267513446e-05,0.000117668096209,11924,11884,False
4337,0.000490723061375,0.0015990982065,15487,15405,False
4338,6.32369192317e-05,0.000224881470785,12234,12292,False
4339,0,0,2539,2539,True
4340,0,0,2540,2540,True
4341,5.45643742953e-05,0.000189943937585,12125,12166,False
4342,0.000819046283141,0.00283685163595,17610,17710,False
4343,0.000517191074323,0.00164176733233,15676,15481,False
4344,0.00028489070246,0.000996382907033,14233,14298,False
4345,0.00312775094062,0.0106025803834,19869,19871,False
4346,7.63364805607e-05,0.000276391307125,12391,12500,False
4347,0,0,2541,2541,True
4348,0.000127049104776,0.000433292036178,12996,13020,False
4349,0,0,2542,2542,True
4350,0.000259695574641,0.000870571820997,14077,14074,False
4351,0,0,2543,2543,True
4352,0.000662731414195,0.00219735270366,16789,16719,False
4353,0,0,2544,2544,True
4354,0.00120413699187,0.00408647907898,18704,18725,False
4355,0,0,2545,2545,True
4356,0,0,2546,2546,True
4357,0.00108990177978,0.00349341402762,18474,18356,False
4358,0,0,2547,2547,True
4359,0,0,2548,2548,True
4360,0,0,2549,2549,True
4361,0.00203696894459,0.00687716295943,19641,19638,False
4362,0.000502580951434,0.00170267664362,15570,15606,False
4363,0.00171736127231,0.00601318664849,19375,19450,False
4364,0,0,2550,2550,True
4365,0.00121478689834,0.00402367813513,18722,18686,False
4366,0,0,2551,2551,True
4367,0,0,2552,2552,True
4368,0,0,2553,2553,True
4369,7.69784019212e-05,0.000290804513497,12399,12546,False
4370,0,0,2554,2554,True
4371,0.0015658281045,0.00528360437602,19237,19237,False
4372,0,0,2555,2555,True
4373,0,0,2556,2556,True
4374,0,0,2557,2557,True
4375,7.91476777522e-05,0.000294383469736,12439,12556,False
4376,0.000654853356536,0.0022662312258,16731,16846,False
4377,0.00195871549658,0.00644648401067,19582,19560,False
4378,0,0,2558,2558,True
4379,0,0,2559,2559,True
4380,0,0,2560,2560,True
4381,0.00135532242712,0.00478621199727,18961,19061,False
4382,0,0,2561,2561,True
4383,0,0,2562,2562,True
4384,0.000355128577212,0.00118353113066,14631,14631,False
4385,0,0,2563,2563,True
4386,0,0,2564,2564,True
4387,0,0,2565,2565,True
4388,0,0,2566,2566,True
4389,0,0,2567,2567,True
4390,0,0,2568,2568,True
4391,0,0,2569,2569,True
4392,0,0,2570,2570,True
4393,0.000342289480614,0.00123491184786,14561,14703,False
4394,0,0,2571,2571,True
4395,0.00209531979635,0.00704873213544,19673,19669,False
4396,0.000399831100367,0.0013827115763,14910,14988,False
4397,0.00048224904458,0.00167932617478,15421,15551,False
4398,0,0,2572,2572,True
4399,0,0,2573,2573,True
4400,0.000136643953738,0.000393637368688,13104,12896,False
4401,0,0,2574,2574,True
4402,0.000551921431907,0.00175732315984,15932,15732,False
4403,1.79038834176e-05,6.75854826113e-05,11793,11798,False
4404,0,0,2575,2575,True
4405,0,0,2576,2576,True
4406,0.000306869769702,0.00104619422927,14348,14383,False
4407,0.000171528794453,0.000675474875607,13438,13668,False
4408,0,0,2577,2577,True
4409,0.00126686925068,0.00426959898323,18819,18822,False
4410,0,0,2578,2578,True
4411,0,0,2579,2579,True
4412,0,0,2580,2580,True
4413,0.000474261381896,0.00163926091045,15366,15476,False
4414,0,0,2581,2581,True
4415,0,0,2582,2582,True
4416,0,0,2583,2583,True
4417,0,0,2584,2584,True
4418,0,0,2585,2585,True
4419,0.000416848313762,0.00140451965854,15004,15031,False
4420,0,0,2586,2586,True
4421,0.00195663096383,0.00662745209411,19581,19594,False
4422,0.000325327884639,0.0011029682355,14445,14473,False
4423,0,0,2587,2587,True
4424,0.00033212301787,0.00108405400533,14490,14444,False
4425,0,0,2588,2588,True
4426,0.000826696224976,0.00279553746805,17649,17653,False
4427,0,0,2589,2589,True
4428,0.00018840112898,0.000772464962211,13581,13871,False
4429,0,0,2590,2590,True
4430,0,0,2591,2591,True
4431,0,0,2592,2592,True
4432,0.000264654110651,0.000880837440491,14117,14096,False
4433,0,0,2593,2593,True
4434,0,0,2594,2594,True
4435,0,0,2595,2595,True
4436,0,0,2596,2596,True
4437,0,0,2597,2597,True
4438,0.000559581734706,0.00178586470429,15991,15800,False
4439,0,0,2598,2598,True
4440,0,0,2599,2599,True
4441,3.74934861611e-05,0.000116051618534,11917,11879,False
4442,0.000660742574837,0.00227874354459,16767,16862,False
4443,0,0,2600,2600,True
4444,0.000611044932157,0.00206941715442,16412,16467,False
4445,0,0,2601,2601,True
4446,0,0,2602,2602,True
4447,0,0,2603,2603,True
4448,0.000788424047641,0.00247925892472,17471,17219,False
4449,0,0,2604,2604,True
4450,0,0,2605,2605,True
4451,0.00307370582595,0.0103347506374,19866,19865,False
4452,0.000227840937441,0.000723863136955,13863,13772,False
4453,0.000134848538437,0.000448708859039,13078,13061,False
4454,7.15214700904e-05,0.000247056304943,12339,12374,False
4455,0.000125889331684,0.000438946764916,12987,13031,False
4456,0,0,2606,2606,True
4457,0.00107751903124,0.00364836887456,18448,18469,False
4458,0,0,2607,2607,True
4459,0,0,2608,2608,True
4460,0,0,2609,2609,True
4461,0.000318057980621,0.00113752787001,14406,14542,False
4462,7.81495473348e-05,0.000274447782431,12414,12492,False
4463,0.000187366385944,0.000606493209489,13576,13516,False
4464,0.000507859280333,0.00187275733333,15611,16000,False
4465,9.8192031146e-05,0.000379959761631,12664,12847,False
4466,0,0,2610,2610,True
4467,0,0,2611,2611,True
4468,0,0,2612,2612,True
4469,0,0,2613,2613,True
4470,0,0,2614,2614,True
4471,0.000746587873437,0.00256167910993,17264,17357,False
4472,0.000932795577683,0.00315282773226,18046,18078,False
4473,0.000617528916337,0.00194326345809,16452,16178,False
4474,0.000568446295802,0.00193844060414,16063,16170,False
4475,0.000642872939352,0.00216098036617,16652,16647,False
4476,0,0,2615,2615,True
4477,0.000694785441738,0.00238713202998,16963,17060,False
4478,0,0,2616,2616,True
4479,0,0,2617,2617,True
4480,0,0,2618,2618,True
4481,0.000230394594837,0.000712479930371,13881,13743,False
4482,0.00108355097473,0.00372813385911,18456,18520,False
4483,0,0,2619,2619,True
4484,0,0,2620,2620,True
4485,0.000760194729082,0.00256917090155,17343,17365,False
4486,0,0,2621,2621,True
4487,0,0,2622,2622,True
4488,0.000541588407941,0.0018300099764,15860,15908,False
4489,0,0,2623,2623,True
4490,0,0,2624,2624,True
4491,0,0,2625,2625,True
4492,0.000606517249253,0.00202799472027,16387,16386,False
4493,0.000891259929631,0.00303816818632,17904,17949,False
4494,0,0,2626,2626,True
4495,0.00212641153485,0.00719240074977,19689,19700,False
4496,0,0,2627,2627,True
4497,0,0,2628,2628,True
4498,0,0,2629,2629,True
4499,0,0,2630,2630,True
4500,0.000627715082373,0.0021565053612,16532,16639,False
4501,0,0,2631,2631,True
4502,0,0,2632,2632,True
4503,0,0,2633,2633,True
4504,0,0,2634,2634,True
4505,0.000739860464819,0.00240196310915,17228,17085,False
4506,0,0,2635,2635,True
4507,0,0,2636,2636,True
4508,0,0,2637,2637,True
4509,0.00102378730662,0.00342882354744,18314,18311,False
4510,0.00131177715957,0.00437184004113,18890,18867,False
4511,0,0,2638,2638,True
4512,0.000111540466605,0.00041301062447,12813,12958,False
4513,0,0,2639,2639,True
4514,0,0,2640,2640,True
4515,0.000881440180819,0.00311969057657,17864,18042,False
4516,0.000156913520186,0.000517074484378,13303,13254,False
4517,0,0,2641,2641,True
4518,0.000685626233462,0.00226531969383,16911,16843,False
4519,0.000353021430783,0.00118707714137,14622,14635,False
4520,0.000593056029174,0.00194973545149,16272,16197,False
4521,0,0,2642,2642,True
4522,0.00137356168125,0.00485857808962,18990,19094,False
4523,0,0,2643,2643,True
4524,0.000738760165405,0.00254069804214,17223,17329,False
4525,0.000490478239954,0.00158798380289,15485,15382,False
4526,0,0,2644,2644,True
4527,0,0,2645,2645,True
4528,0,0,2646,2646,True
4529,0.000772067753132,0.00265148072504,17389,17483,False
4530,0.000814658589661,0.00278434320353,17583,17643,False
4531,0,0,2647,2647,True
4532,0.00133839587215,0.0044410219416,18937,18901,False
4533,0.000901719555259,0.00311219110154,17937,18033,False
4534,0.000621697865427,0.00210812198929,16490,16540,False
4535,0,0,2648,2648,True
4536,0.000389684631955,0.00134692841675,14854,14904,False
4537,0,0,2649,2649,True
4538,0,0,2650,2650,True
4539,0,0,2651,2651,True
4540,6.37252305751e-05,0.000196428474737,12240,12185,False
4541,0.000790690653957,0.00271552242339,17485,17567,False
4542,0.000276836974081,0.000767689896747,14188,13858,False
4543,0,0,2652,2652,True
4544,0.000879518280271,0.00298019940965,17850,17881,False
4545,0,0,2653,2653,True
4546,0,0,2654,2654,True
4547,0,0,2655,2655,True
4548,0,0,2656,2656,True
4549,0,0,2657,2657,True
4550,0.000399244192522,0.00130286556669,14907,14839,False
4551,0,0,2658,2658,True
4552,0.000463978736661,0.00153570494149,15309,15289,False
4553,0,0,2659,2659,True
4554,0,0,2660,2660,True
4555,0,0,2661,2661,True
4556,0,0,2662,2662,True
4557,0,0,2663,2663,True
4558,0.000755409011617,0.00259325047955,17310,17404,False
4559,0,0,2664,2664,True
4560,0,0,2665,2665,True
4561,0.000101799378172,0.000316479883622,12705,12628,False
4562,0.000407370360335,0.00140063813888,14946,15024,False
4563,0,0,2666,2666,True
4564,5.88210496062e-05,0.000209424542845,12171,12235,False
4565,0,0,2667,2667,True
4566,0,0,2668,2668,True
4567,0,0,2669,2669,True
4568,0,0,2670,2670,True
4569,0,0,2671,2671,True
4570,0.00108512258157,0.00370744848624,18463,18508,False
4571,0,0,2672,2672,True
4572,0,0,2673,2673,True
4573,0.00143810769077,0.00506053678691,19084,19160,False
4574,0,0,2674,2674,True
4575,0,0,2675,2675,True
4576,0,0,2676,2676,True
4577,5.42692650924e-05,0.000186484787264,12122,12152,False
4578,0,0,2677,2677,True
4579,0,0,2678,2678,True
4580,8.1031685113e-05,0.000291630101856,12460,12549,False
4581,0,0,2679,2679,True
4582,0.00288282311521,0.0100112129003,19849,19856,False
4583,8.23241498438e-05,0.000278716295725,12479,12508,False
4584,0.00213459972292,0.00740720378235,19694,19721,False
4585,0,0,2680,2680,True
4586,0.000387833075365,0.00130452646408,14833,14840,False
4587,0,0,2681,2681,True
4588,0,0,2682,2682,True
4589,0,0,2683,2683,True
4590,0,0,2684,2684,True
4591,0.00156137067825,0.00525028584525,19234,19228,False
4592,0,0,2685,2685,True
4593,0,0,2686,2686,True
4594,0,0,2687,2687,True
4595,0,0,2688,2688,True
4596,0,0,2689,2689,True
4597,0.000154074485181,0.000366160384146,13274,12789,False
4598,0.00280853477307,0.00950871314853,19842,19839,False
4599,0,0,2690,2690,True
4600,0,0,2691,2691,True
4601,0,0,2692,2692,True
4602,0.00074119947385,0.00241845613346,17236,17121,False
4603,0,0,2693,2693,True
4604,0,0,2694,2694,True
4605,0,0,2695,2695,True
4606,0,0,2696,2696,True
4607,0.00194234750234,0.00643491838127,19569,19558,False
4608,0.00052314036293,0.00179780239705,15722,15834,False
4609,0,0,2697,2697,True
4610,0.000176920497324,0.000623803643975,13489,13556,False
4611,0.0014047344448,0.00454682530835,19037,18953,False
4612,0.00037972201244,0.00127231236547,14775,14786,False
4613,0,0,2698,2698,True
4614,0,0,2699,2699,True
4615,0,0,2700,2700,True
4616,0,0,2701,2701,True
4617,9.78821262834e-05,0.00034547172254,12660,12710,False
4618,0,0,2702,2702,True
4619,0,0,2703,2703,True
4620,0,0,2704,2704,True
4621,0.00119273737073,0.00418730964884,18682,18781,False
4622,0.000196147055249,0.000674002163578,13635,13663,False
4623,0,0,2705,2705,True
4624,0,0,2706,2706,True
4625,0.000112192545203,0.000369199784473,12822,12806,False
4626,0,0,2707,2707,True
4627,0,0,2708,2708,True
4628,0.000721272605006,0.00252661225386,17118,17308,False
4629,0,0,2709,2709,True
4630,0.000672026479151,0.00230429484509,16835,16921,False
4631,0.000455551373307,0.00152235676069,15254,15259,False
4632,0,0,2710,2710,True
4633,0,0,2711,2711,True
4634,0.00048272224376,0.00169440323953,15425,15591,False
4635,0,0,2712,2712,True
4636,0,0,2713,2713,True
4637,0.000627936096862,0.00205861404538,16534,16447,False
4638,0,0,2714,2714,True
4639,0,0,2715,2715,True
4640,0,0,2716,2716,True
4641,0,0,2717,2717,True
4642,0,0,2718,2718,True
4643,0.0022077395115,0.00733549846336,19722,19710,False
4644,0.000465051998617,0.00153345044237,15315,15280,False
4645,0,0,2719,2719,True
4646,0.00182382122148,0.00637276656926,19483,19544,False
4647,0,0,2720,2720,True
4648,0,0,2721,2721,True
4649,0,0,2722,2722,True
4650,0.000643796927761,0.00217377115041,16655,16679,False
4651,0,0,2723,2723,True
4652,0,0,2724,2724,True
4653,0,0,2725,2725,True
4654,0,0,2726,2726,True
4655,0,0,2727,2727,True
4656,0,0,2728,2728,True
4657,0,0,2729,2729,True
4658,0,0,2730,2730,True
4659,0,0,2731,2731,True
4660,0,0,2732,2732,True
4661,0,0,2733,2733,True
4662,0.000419391639298,0.0013869414106,15028,15002,False
4663,0.000229069657507,0.000699192401953,13875,13716,False
4664,0,0,2734,2734,True
4665,0.000590675743297,0.00205510482192,16257,16444,False
4666,0.000502817099914,0.00161585735623,15572,15438,False
4667,0,0,2735,2735,True
4668,0,0,2736,2736,True
4669,0,0,2737,2737,True
4670,0.000160143012181,0.000545694783796,13331,13343,False
4671,0,0,2738,2738,True
4672,0.000594387820456,0.00195322558284,16289,16212,False
4673,0.000427480146755,0.00138485850766,15077,14995,False
4674,0,0,2739,2739,True
4675,0,0,2740,2740,True
4676,0.000481066439534,0.00150046998169,15411,15223,False
4677,0,0,2741,2741,True
4678,6.57699856674e-05,0.000200317721465,12268,12203,False
4679,0.000150819934788,0.000460034818389,13246,13099,False
4680,0,0,2742,2742,True
4681,0,0,2743,2743,True
4682,0,0,2744,2744,True
4683,0.00144938903395,0.00484199775383,19104,19087,False
4684,0.000292835378787,0.00096003327053,14277,14239,False
4685,0,0,2745,2745,True
4686,0.000248080526944,0.000821275054477,13998,13977,False
4687,0,0,2746,2746,True
4688,0.0019717887044,0.00713353883475,19588,19689,False
4689,0,0,2747,2747,True
4690,0,0,2748,2748,True
4691,0.000271439494099,0.000972540234216,14151,14257,False
4692,0.000675367016811,0.00223999843001,16854,16803,False
4693,8.92617681529e-05,0.000289551360765,12566,12541,False
4694,0,0,2749,2749,True
4695,0,0,2750,2750,True
4696,0,0,2751,2751,True
4697,0,0,2752,2752,True
4698,0,0,2753,2753,True
4699,0.000153880799189,0.000543868227396,13272,13335,False
4700,0.000544167589396,0.00180574273691,15873,15856,False
4701,0.000897139078006,0.00310801947489,17922,18030,False
4702,0.000275124126347,0.000927824759856,14176,14182,False
4703,0.000498114619404,0.00171594519634,15548,15634,False
4704,0,0,2754,2754,True
4705,0,0,2755,2755,True
4706,0,0,2756,2756,True
4707,0,0,2757,2757,True
4708,0,0,2758,2758,True
4709,0,0,2759,2759,True
4710,0,0,2760,2760,True
4711,0,0,2761,2761,True
4712,0,0,2762,2762,True
4713,0,0,2763,2763,True
4714,0,0,2764,2764,True
4715,0.000769467151258,0.00250423420221,17379,17270,False
4716,0.00016874713765,0.000539379369002,13410,13323,False
4717,0,0,2765,2765,True
4718,0.000161869742442,0.00052005139878,13345,13261,False
4719,0,0,2766,2766,True
4720,0.00133022409864,0.00438173813745,18924,18875,False
4721,6.65192710585e-05,0.000198951864149,12282,12196,False
4722,0,0,2767,2767,True
4723,0.000907016044948,0.00306948903017,17956,17992,False
4724,0,0,2768,2768,True
4725,0,0,2769,2769,True
4726,0,0,2770,2770,True
4727,0.000120560674986,0.0003993640712,12925,12910,False
4728,0,0,2771,2771,True
4729,0,0,2772,2772,True
4730,0,0,2773,2773,True
4731,0,0,2774,2774,True
4732,0.000200358321308,0.000764650816564,13671,13852,False
4733,0,0,2775,2775,True
4734,0,0,2776,2776,True
4735,0.000728741753846,0.00266862870194,17158,17506,False
4736,0,0,2777,2777,True
4737,0,0,2778,2778,True
4738,0,0,2779,2779,True
4739,0.000199916976271,0.000667221378535,13666,13650,False
4740,0,0,2780,2780,True
4741,0,0,2781,2781,True
4742,0,0,2782,2782,True
4743,0.000248007592745,0.00079041114077,13997,13905,False
4744,0,0,2783,2783,True
4745,0.00101348687895,0.00335855269805,18285,18258,False
4746,0,0,2784,2784,True
4747,0,0,2785,2785,True
4748,0.000269173528068,0.000885209010448,14139,14105,False
4749,0.000525390263647,0.00179171736818,15744,15816,False
4750,0,0,2786,2786,True
4751,0.000795473461039,0.00265365932137,17505,17486,False
4752,0,0,2787,2787,True
4753,0,0,2788,2788,True
4754,0,0,2789,2789,True
4755,0,0,2790,2790,True
4756,0,0,2791,2791,True
4757,0.00143148668576,0.00491807982326,19073,19118,False
4758,0.000367245578673,0.00126747530885,14689,14774,False
4759,0,0,2792,2792,True
4760,0,0,2793,2793,True
4761,0,0,2794,2794,True
4762,0,0,2795,2795,True
4763,0,0,2796,2796,True
4764,0,0,2797,2797,True
4765,0.000153888104251,0.000529978657141,13273,13287,False
4766,0,0,2798,2798,True
4767,0.000168573853443,0.000586513371672,13408,13467,False
4768,0.00118017871864,0.00390174798667,18658,18626,False
4769,0,0,2799,2799,True
4770,0,0,2800,2800,True
4771,0,0,2801,2801,True
4772,0,0,2802,2802,True
4773,0,0,2803,2803,True
4774,0.000155692381668,0.000484611373395,13288,13181,False
4775,0.000554906262551,0.00187835004181,15957,16012,False
4776,0,0,2804,2804,True
4777,0,0,2805,2805,True
4778,0,0,2806,2806,True
4779,0,0,2807,2807,True
4780,0,0,2808,2808,True
4781,0.000155152622028,0.000515591935255,13284,13250,False
4782,0,0,2809,2809,True
4783,0,0,2810,2810,True
4784,0,0,2811,2811,True
4785,0,0,2812,2812,True
4786,0.000773812527768,0.00264152884483,17398,17468,False
4787,0,0,2813,2813,True
4788,0.00017342173669,0.000561565859243,13452,13394,False
4789,0,0,2814,2814,True
4790,2.60881843133e-05,9.26409265958e-05,11817,11824,False
4791,0.0016930612037,0.00567827140912,19353,19341,False
4792,0,0,2815,2815,True
4793,0,0,2816,2816,True
4794,0.000666931562591,0.00234769494273,16810,16994,False
4795,0.000439219060354,0.00138623232488,15147,15001,False
4796,0.000745886238292,0.00237527117133,17260,17033,False
4797,0,0,2817,2817,True
4798,0,0,2818,2818,True
4799,0,0,2819,2819,True
4800,0,0,2820,2820,True
4801,0,0,2821,2821,True
4802,0.000176708374056,0.000687371764798,13488,13689,False
4803,0,0,2822,2822,True
4804,0.000653171504382,0.00215063942596,16717,16630,False
4805,0,0,2823,2823,True
4806,0,0,2824,2824,True
4807,0,0,2825,2825,True
4808,0.00104822416324,0.00352854444645,18373,18384,False
4809,0,0,2826,2826,True
4810,0,0,2827,2827,True
4811,0,0,2828,2828,True
4812,0,0,2829,2829,True
4813,0.000753195374273,0.00260298536159,17301,17415,False
4814,0,0,2830,2830,True
4815,0,0,2831,2831,True
4816,0,0,2832,2832,True
4817,0.000681610021275,0.00237814104185,16890,17041,False
4818,0,0,2833,2833,True
4819,0,0,2834,2834,True
4820,0.000253726466326,0.000921828555875,14043,14173,False
4821,0,0,2835,2835,True
4822,0.000301947351545,0.00100620731246,14328,14320,False
4823,0,0,2836,2836,True
4824,0,0,2837,2837,True
4825,0.000569751602598,0.00192307285033,16078,16128,False
4826,0.000536284409463,0.00181942700874,15824,15888,False
4827,0.000585658533964,0.00204313406721,16223,16421,False
4828,0.000871478754561,0.00275063468143,17820,17604,False
4829,0.00214135413989,0.0074792210944,19697,19729,False
4830,0,0,2838,2838,True
4831,0.000209440346225,0.000750985229388,13737,13817,False
4832,0,0,2839,2839,True
4833,0,0,2840,2840,True
4834,5.71575110371e-05,0.000190835839021,12150,12168,False
4835,0,0,2841,2841,True
4836,0,0,2842,2842,True
4837,0,0,2843,2843,True
4838,0,0,2844,2844,True
4839,0,0,2845,2845,True
4840,0,0,2846,2846,True
4841,0.000620523933321,0.00202438118868,16482,16376,False
4842,0,0,2847,2847,True
4843,0,0,2848,2848,True
4844,0.000878775550518,0.00302277831361,17847,17931,False
4845,4.58821596112e-05,0.000148797771544,12018,12003,False
4846,0.000326977315126,0.00109010387678,14459,14452,False
4847,0.000759650079999,0.0026550157927,17338,17490,False
4848,0,0,2849,2849,True
4849,0.000516508123837,0.0017172206426,15673,15637,False
4850,0,0,2850,2850,True
4851,0.000698713120073,0.00245960848406,16988,17189,False
4852,0,0,2851,2851,True
4853,0,0,2852,2852,True
4854,0.00148686196189,0.00501049216837,19146,19145,False
4855,0.000758527778089,0.00259323022328,17331,17403,False
4856,0.000741414201912,0.00237157382071,17237,17026,False
4857,0,0,2853,2853,True
4858,0.000142216798849,0.000451094034361,13159,13071,False
4859,0,0,2854,2854,True
4860,0,0,2855,2855,True
4861,0,0,2856,2856,True
4862,0,0,2857,2857,True
4863,0.000745105207898,0.00247249635868,17254,17203,False
4864,0,0,2858,2858,True
4865,0,0,2859,2859,True
4866,0.000750854203943,0.00249751005322,17291,17250,False
4867,0,0,2860,2860,True
4868,0.000217891472857,0.00068828772055,13795,13691,False
4869,0.00119206390809,0.00403788592666,18680,18695,False
4870,0.000446024496341,0.00148587452713,15197,15198,False
4871,0,0,2861,2861,True
4872,0,0,2862,2862,True
4873,4.31408625445e-05,0.000159180359333,11982,12047,False
4874,0.000740611867514,0.00258222757839,17235,17383,False
4875,0.000172088024556,0.000447003229056,13443,13056,False
4876,0.00149967509788,0.00493269693106,19161,19124,False
4877,0,0,2863,2863,True
4878,0,0,2864,2864,True
4879,0.000869049341418,0.00287880608812,17816,17766,False
4880,0,0,2865,2865,True
4881,0.000530027726199,0.00179947679862,15776,15839,False
4882,0,0,2866,2866,True
4883,0.000454344903119,0.00148024689406,15248,15183,False
4884,0.000526829389855,0.00165553181432,15755,15511,False
4885,0,0,2867,2867,True
4886,0,0,2868,2868,True
4887,0,0,2869,2869,True
4888,0,0,2870,2870,True
4889,0.000378977070795,0.00155816483311,14767,15328,False
4890,0.00158774282318,0.00521980132908,19260,19219,False
4891,3.68262226402e-05,9.64195860433e-05,11907,11831,False
4892,0.000599798222538,0.00203247647732,16340,16402,False
4893,0.000160187060828,0.000669525645208,13332,13654,False
4894,0.000226309988648,0.000734551984351,13852,13784,False
4895,0,0,2871,2871,True
4896,0,0,2872,2872,True
4897,0,0,2873,2873,True
4898,0,0,2874,2874,True
4899,0,0,2875,2875,True
4900,0.000517291773576,0.00163128029089,15679,15458,False
4901,0,0,2876,2876,True
4902,0,0,2877,2877,True
4903,0,0,2878,2878,True
4904,0.00121698447037,0.00416307430714,18725,18757,False
4905,0.000711972883437,0.00237094028853,17056,17025,False
4906,0,0,2879,2879,True
4907,4.60608534922e-05,0.000154988752911,12020,12030,False
4908,0,0,2880,2880,True
4909,0.000632428622339,0.00200284202583,16571,16320,False
4910,0,0,2881,2881,True
4911,0,0,2882,2882,True
4912,0,0,2883,2883,True
4913,0.00034214410698,0.00112102960702,14559,14508,False
4914,0.000446919148089,0.00142694951501,15205,15073,False
4915,0.000848198775202,0.00298413378187,17739,17885,False
4916,0.000794071413111,0.00267397332937,17500,17518,False
4917,0,0,2884,2884,True
4918,0.000345478649251,0.00120303069707,14581,14659,False
4919,0,0,2885,2885,True
4920,0.000818148255348,0.00284275505692,17604,17725,False
4921,0.000134132889798,0.000439663097495,13068,13034,False
4922,0,0,2886,2886,True
4923,0,0,2887,2887,True
4924,0,0,2888,2888,True
4925,0.00146709696855,0.00488282833248,19128,19104,False
4926,0.00169435422868,0.00572511041537,19355,19356,False
4927,0,0,2889,2889,True
4928,0,0,2890,2890,True
4929,0.00097496167291,0.00332098617218,18182,18225,False
4930,0,0,2891,2891,True
4931,0.00126506097149,0.00429930305108,18816,18835,False
4932,0,0,2892,2892,True
4933,0.000282489083475,0.000924617168494,14218,14175,False
4934,0,0,2893,2893,True
4935,0.000713207642548,0.00237711099908,17062,17038,False
4936,0.000790523772594,0.0026483098045,17482,17479,False
4937,0,0,2894,2894,True
4938,0,0,2895,2895,True
4939,0.00217654369771,0.00733887776732,19714,19712,False
4940,0.000426440848969,0.00135477632284,15073,14924,False
4941,0.000138047122164,0.00059568072902,13121,13492,False
4942,0,0,2896,2896,True
4943,0.00054735597223,0.00189324305393,15898,16039,False
4944,0,0,2897,2897,True
4945,0,0,2898,2898,True
4946,0,0,2899,2899,True
4947,0.000780962407589,0.00263653625734,17432,17462,False
4948,0,0,2900,2900,True
4949,0,0,2901,2901,True
4950,0,0,2902,2902,True
4951,0,0,2903,2903,True
4952,0.0014148184564,0.00459741940722,19049,18975,False
4953,0,0,2904,2904,True
4954,0.000942996877711,0.00313225621358,18075,18053,False
4955,3.10199320666e-05,8.86817288119e-05,11850,11816,False
4956,0,0,2905,2905,True
4957,0,0,2906,2906,True
4958,0.000831638928503,0.00278694368899,17673,17646,False
4959,0.00208556000143,0.00715494947508,19668,19694,False
4960,0.000615679018665,0.0020458814688,16438,16427,False
4961,0.000650303147268,0.00229714624584,16697,16899,False
4962,0.000345789419953,0.0011670087697,14583,14602,False
4963,0,0,2907,2907,True
4964,0,0,2908,2908,True
4965,0.00187799602281,0.0061761662364,19527,19494,False
4966,0,0,2909,2909,True
4967,0.00156792940106,0.00543511891738,19241,19281,False
4968,0.000421242613811,0.00133144541178,15038,14888,False
4969,0,0,2910,2910,True
4970,0,0,2911,2911,True
4971,0.000630831287708,0.00213853130117,16556,16608,False
4972,0.00020349631086,0.000719609844964,13696,13763,False
4973,0,0,2912,2912,True
4974,0.00020166602917,0.00065309018828,13684,13627,False
4975,7.36922374927e-05,0.000250265409704,12362,12391,False
4976,0.000794194580521,0.00279635330662,17501,17655,False
4977,0,0,2913,2913,True
4978,0.000597769685555,0.00191112293396,16318,16091,False
4979,0,0,2914,2914,True
4980,0,0,2915,2915,True
4981,0.000590071897022,0.00209902133793,16254,16523,False
4982,0,0,2916,2916,True
4983,0,0,2917,2917,True
4984,0,0,2918,2918,True
4985,0.000772602506913,0.00266320258379,17393,17500,False
4986,0,0,2919,2919,True
4987,0,0,2920,2920,True
4988,9.5041730674e-05,0.000280589447357,12624,12517,False
4989,0.0017700358294,0.00579292606562,19435,19372,False
4990,0.00107091956306,0.00359995709732,18428,18431,False
4991,0.0010637139203,0.00358808436431,18418,18425,False
4992,0.000434596149717,0.00149841548409,15115,15218,False
4993,0,0,2921,2921,True
4994,0.00252398988232,0.00855959393084,19797,19802,False
4995,0.000848902331199,0.0028985873796,17744,17796,False
4996,0.000340946833603,0.00114837917499,14554,14562,False
4997,0,0,2922,2922,True
4998,0.00172541139182,0.00585804739967,19391,19393,False
4999,0.0019837715663,0.00639025866985,19599,19546,False
5000,0.000480472430354,0.00164693663828,15406,15494,False
5001,0,0,2923,2923,True
5002,0.000625860295258,0.00198955601081,16515,16295,False
5003,0.000787402153946,0.00265916902572,17466,17495,False
5004,0,0,2924,2924,True
5005,0,0,2925,2925,True
5006,0,0,2926,2926,True
5007,0.000212456070585,0.000694525602739,13760,13705,False
5008,0.000334363488946,0.00123323989101,14503,14700,False
5009,0,0,2927,2927,True
5010,0,0,2928,2928,True
5011,0,0,2929,2929,True
5012,0,0,2930,2930,True
5013,0,0,2931,2931,True
5014,0.000712768814992,0.00242980662733,17059,17137,False
5015,0.000713881861884,0.00234584789723,17070,16991,False
5016,0.000856861646753,0.00290646101348,17773,17805,False
5017,0.00121680647135,0.0039296397008,18724,18646,False
5018,0,0,2932,2932,True
5019,0.00037489249371,0.00120774738025,14745,14664,False
5020,0.000114373055112,0.000417499686591,12856,12971,False
5021,0,0,2933,2933,True
5022,0,0,2934,2934,True
5023,0.00145285448525,0.00483647966757,19110,19085,False
5024,0.000842759036459,0.00275748013519,17716,17611,False
5025,0.00122357753571,0.00392653793097,18737,18643,False
5026,0,0,2935,2935,True
5027,0,0,2936,2936,True
5028,0.000196736538783,0.000723595439922,13643,13771,False
5029,0.000107273241156,0.000328850466758,12755,12664,False
5030,0.00079210428521,0.0025958258193,17490,17406,False
5031,0.000649435678497,0.00214405544102,16689,16617,False
5032,0,0,2937,2937,True
5033,0,0,2938,2938,True
5034,0,0,2939,2939,True
5035,0.0012598047033,0.00438804505393,18809,18880,False
5036,0,0,2940,2940,True
5037,0,0,2941,2941,True
5038,0.000303731765598,0.00104252668098,14333,14377,False
5039,0,0,2942,2942,True
5040,0.000531515222974,0.00181582197547,15785,15878,False
5041,0,0,2943,2943,True
5042,0,0,2944,2944,True
5043,0,0,2945,2945,True
5044,0.000298310973449,0.0010083905654,14307,14325,False
5045,0,0,2946,2946,True
5046,0.00050952838501,0.00178594165482,15619,15801,False
5047,0,0,2947,2947,True
5048,0,0,2948,2948,True
5049,0,0,2949,2949,True
5050,0.000654439732898,0.00220330199227,16727,16732,False
5051,0,0,2950,2950,True
5052,0.000546303519513,0.00183291756548,15886,15910,False
5053,0,0,2951,2951,True
5054,0,0,2952,2952,True
5055,0.00236109853722,0.00765675865114,19768,19745,False
5056,0,0,2953,2953,True
5057,0,0,2954,2954,True
5058,0.000213372637518,0.00071979110362,13767,13764,False
5059,0.000505298667122,0.00167030876037,15592,15538,False
5060,0,0,2955,2955,True
5061,0,0,2956,2956,True
5062,0,0,2957,2957,True
5063,0,0,2958,2958,True
5064,0,0,2959,2959,True
5065,0,0,2960,2960,True
5066,0,0,2961,2961,True
5067,0.000610336894169,0.00195736321621,16408,16223,False
5068,0.000706666149199,0.00248793885112,17027,17237,False
5069,5.37590640306e-05,0.000164927201695,12113,12062,False
5070,0,0,2962,2962,True
5071,8.94628392416e-05,0.000336476863595,12569,12685,False
5072,0.000166505895322,0.000580948137213,13392,13458,False
5073,0,0,2963,2963,True
5074,0,0,2964,2964,True
5075,0.00218897708692,0.00755824800581,19719,19735,False
5076,0,0,2965,2965,True
5077,0,0,2966,2966,True
5078,5.64517649764e-05,0.000178934744326,12144,12118,False
5079,0,0,2967,2967,True
5080,0.00102676486131,0.00360255781561,18322,18434,False
5081,0.000207817327464,0.000677847827319,13727,13674,False
5082,0.000482779985759,0.00163501966745,15426,15469,False
5083,0,0,2968,2968,True
5084,0,0,2969,2969,True
5085,0.000325495871948,0.00112680671737,14447,14521,False
5086,0.00121317210142,0.00407938240096,18720,18719,False
5087,0.000549869029783,0.00174913427327,15917,15713,False
5088,0,0,2970,2970,True
5089,8.78985374584e-05,0.000298215396469,12548,12568,False
5090,0.000719024392311,0.00245096138678,17102,17178,False
5091,0,0,2971,2971,True
5092,0.000424699654104,0.00145514076576,15063,15132,False
5093,0.00168284680694,0.00562730850652,19347,19325,False
5094,0.000612717645708,0.00198689219542,16425,16289,False
5095,0.00100674887653,0.00332805537619,18268,18230,False
5096,0.000178615591722,0.000589286733884,13504,13477,False
5097,0,0,2972,2972,True
5098,0,0,2973,2973,True
5099,0,0,2974,2974,True
5100,0,0,2975,2975,True
5101,0,0,2976,2976,True
5102,0,0,2977,2977,True
5103,0.00170862127561,0.00585775310174,19370,19392,False
5104,0.000580738647841,0.00192947254982,16175,16143,False
5105,0.000636054202914,0.00213579158299,16599,16602,False
5106,0.000159934657859,0.00049868185306,13329,13218,False
5107,0.00200555403717,0.00675172172487,19613,19615,False
5108,0,0,2978,2978,True
5109,0,0,2979,2979,True
5110,0.000418505369453,0.00136010418646,15018,14933,False
5111,0,0,2980,2980,True
5112,0.000756934750825,0.00252309651114,17323,17302,False
5113,0,0,2981,2981,True
5114,0,0,2982,2982,True
5115,0,0,2983,2983,True
5116,0,0,2984,2984,True
5117,0.00105699000414,0.00360897555947,18395,18441,False
5118,0,0,2985,2985,True
5119,0.000818155996967,0.00261492165737,17605,17432,False
5120,0.000638495490421,0.0021318832878,16611,16593,False
5121,0,0,2986,2986,True
5122,0,0,2987,2987,True
5123,0.00101940042805,0.00348200462759,18304,18345,False
5124,0,0,2988,2988,True
5125,0.000234144899878,0.000715511967428,13911,13751,False
5126,0.000553089601453,0.00191517150961,15941,16101,False
5127,0.000177224545041,0.000540514593013,13492,13325,False
5128,0.00197356799617,0.00671376800165,19591,19608,False
5129,0.000175377834239,0.00057551037753,13470,13436,False
5130,0.000737904279958,0.00241543632001,17219,17112,False
5131,0.000647886365186,0.0021147376392,16674,16553,False
5132,0,0,2989,2989,True
5133,0.000572964549065,0.00187737331726,16105,16008,False
5134,0,0,2990,2990,True
5135,0.000757520610932,0.00239388877526,17324,17073,False
5136,0.000151361149619,0.000480360002257,13250,13163,False
5137,0,0,2991,2991,True
5138,0.00095803802833,0.00322212674655,18125,18139,False
5139,0,0,2992,2992,True
5140,0,0,2993,2993,True
5141,0,0,2994,2994,True
5142,0.000348430301528,0.00136642553844,14595,14952,False
5143,0.000144148172694,0.000481374067022,13175,13168,False
5144,0.000974151014816,0.00324546336196,18178,18160,False
5145,0,0,2995,2995,True
5146,0,0,2996,2996,True
5147,0,0,2997,2997,True
5148,0,0,2998,2998,True
5149,0.00125701189972,0.0042375815101,18804,18807,False
5150,0,0,2999,2999,True
5151,6.08303416811e-05,0.00021831736376,12206,12265,False
5152,0,0,3000,3000,True
5153,0,0,3001,3001,True
5154,0,0,3002,3002,True
5155,0.000864782312419,0.00289673171937,17802,17793,False
5156,0,0,3003,3003,True
5157,0,0,3004,3004,True
5158,0,0,3005,3005,True
5159,0.00017275029677,0.000548863143194,13447,13355,False
5160,0,0,3006,3006,True
5161,0,0,3007,3007,True
5162,0,0,3008,3008,True
5163,0,0,3009,3009,True
5164,0,0,3010,3010,True
5165,0,0,3011,3011,True
5166,0,0,3012,3012,True
5167,0,0,3013,3013,True
5168,4.04802449339e-05,0.000138976320159,11955,11958,False
5169,0,0,3014,3014,True
5170,0,0,3015,3015,True
5171,0,0,3016,3016,True
5172,0.000553591409698,0.00173893640749,15945,15684,False
5173,0,0,3017,3017,True
5174,0.000116934454127,0.000429530948168,12883,13005,False
5175,0,0,3018,3018,True
5176,0,0,3019,3019,True
5177,0,0,3020,3020,True
5178,0.000393538852222,0.00136795314029,14873,14955,False
5179,0.000363787548849,0.00117425015196,14671,14612,False
5180,0,0,3021,3021,True
5181,0,0,3022,3022,True
5182,0,0,3023,3023,True
5183,0,0,3024,3024,True
5184,0,0,3025,3025,True
5185,0,0,3026,3026,True
5186,0,0,3027,3027,True
5187,0,0,3028,3028,True
5188,0,0,3029,3029,True
5189,0,0,3030,3030,True
5190,0.00053626880981,0.00184151728172,15823,15927,False
5191,0,0,3031,3031,True
5192,0.00017430029402,0.000643495179247,13459,13603,False
5193,0,0,3032,3032,True
5194,0,0,3033,3033,True
5195,0,0,3034,3034,True
5196,0,0,3035,3035,True
5197,0,0,3036,3036,True
5198,0,0,3037,3037,True
5199,0,0,3038,3038,True
5200,0,0,3039,3039,True
5201,0.00193721696269,0.00644094496965,19566,19559,False
5202,0.00180818792433,0.00613508094102,19469,19482,False
5203,0,0,3040,3040,True
5204,0,0,3041,3041,True
5205,0,0,3042,3042,True
5206,0,0,3043,3043,True
5207,0.000590007926803,0.00196437118575,16253,16237,False
5208,0,0,3044,3044,True
5209,0,0,3045,3045,True
5210,9.62791455095e-05,0.000380849436624,12638,12855,False
5211,0,0,3046,3046,True
5212,0,0,3047,3047,True
5213,0,0,3048,3048,True
5214,0,0,3049,3049,True
5215,0,0,3050,3050,True
5216,0,0,3051,3051,True
5217,0,0,3052,3052,True
5218,0,0,3053,3053,True
5219,0,0,3054,3054,True
5220,0,0,3055,3055,True
5221,0,0,3056,3056,True
5222,0,0,3057,3057,True
5223,0,0,3058,3058,True
5224,0.000423483608756,0.00138877832796,15052,15005,False
5225,0.000447721395176,0.00146532943472,15211,15152,False
5226,0,0,3059,3059,True
5227,0,0,3060,3060,True
5228,0,0,3061,3061,True
5229,0.000235056606471,0.000842376495712,13915,14010,False
5230,0,0,3062,3062,True
5231,0,0,3063,3063,True
5232,0,0,3064,3064,True
5233,0,0,3065,3065,True
5234,0,0,3066,3066,True
5235,0,0,3067,3067,True
5236,0,0,3068,3068,True
5237,0,0,3069,3069,True
5238,0,0,3070,3070,True
5239,0,0,3071,3071,True
5240,0,0,3072,3072,True
5241,0.000850441632792,0.00296987500042,17753,17870,False
5242,0,0,3073,3073,True
5243,0,0,3074,3074,True
5244,0,0,3075,3075,True
5245,0,0,3076,3076,True
5246,0,0,3077,3077,True
5247,0,0,3078,3078,True
5248,0,0,3079,3079,True
5249,0.000240275694523,0.000951006892137,13951,14224,False
5250,0,0,3080,3080,True
5251,0,0,3081,3081,True
5252,6.22431543889e-05,0.000235137107666,12218,12334,False
5253,0,0,3082,3082,True
5254,0.00100354058668,0.00332448352128,18258,18228,False
5255,0.000964441511314,0.00325172836892,18148,18163,False
5256,0,0,3083,3083,True
5257,0.00125078775454,0.00400451663882,18790,18678,False
5258,0,0,3084,3084,True
5259,0.00296155991964,0.00987129285932,19854,19850,False
5260,0,0,3085,3085,True
5261,0,0,3086,3086,True
5262,0,0,3087,3087,True
5263,0.0010873475112,0.00354976486415,18470,18403,False
5264,0,0,3088,3088,True
5265,0.0016416098224,0.0055503603071,19307,19307,False
5266,0.00111522595398,0.00378460250795,18535,18562,False
5267,0.000482520496007,0.00172307679895,15424,15651,False
5268,0,0,3089,3089,True
5269,0,0,3090,3090,True
5270,0,0,3091,3091,True
5271,0.000672465830576,0.00214422680438,16840,16618,False
5272,7.9298944911e-05,0.000257175968727,12442,12419,False
5273,0.000118659372674,0.000416102207964,12907,12965,False
5274,0.000500402529724,0.00161734432913,15560,15439,False
5275,0.000628527603112,0.00210873200558,16537,16542,False
5276,0.000680300930981,0.00241786823608,16884,17120,False
5277,0.00103162170853,0.00341122993268,18336,18293,False
5278,7.26197467884e-05,0.000262888992438,12356,12442,False
5279,0.000515899679158,0.00180110777728,15670,15844,False
5280,0.000142366639921,0.000461026356788,13161,13104,False
5281,0.000103757854959,0.000363711093087,12724,12776,False
5282,0,0,3092,3092,True
5283,0,0,3093,3093,True
5284,0.000662421691231,0.00223162374459,16784,16783,False
5285,0,0,3094,3094,True
5286,0,0,3095,3095,True
5287,0,0,3096,3096,True
5288,7.67390592955e-05,0.000321895087836,12396,12644,False
5289,0.000721469521523,0.00250117736869,17122,17264,False
5290,0,0,3097,3097,True
5291,0,0,3098,3098,True
5292,0,0,3099,3099,True
5293,0,0,3100,3100,True
5294,0,0,3101,3101,True
5295,0.000365282350685,0.00125510350335,14682,14744,False
5296,0,0,3102,3102,True
5297,0,0,3103,3103,True
5298,0.0017739282921,0.00602648453787,19438,19453,False
5299,0,0,3104,3104,True
5300,5.74890400458e-05,0.000172063984792,12153,12091,False
5301,0.00140420394018,0.00475285574794,19035,19043,False
5302,0,0,3105,3105,True
5303,0.00119259417988,0.00413226662204,18681,18743,False
5304,0.000586535490584,0.00196832837537,16230,16249,False
5305,0.00026171116042,0.000854864541907,14095,14041,False
5306,0,0,3106,3106,True
5307,0.000197591056349,0.000684123951942,13652,13683,False
5308,0,0,3107,3107,True
5309,0.000859146763105,0.00291387992911,17783,17813,False
5310,0.000760396127589,0.00245829019696,17345,17186,False
5311,0.000664991210215,0.00224597146735,16801,16811,False
5312,0,0,3108,3108,True
5313,0,0,3109,3109,True
5314,0.00144049955998,0.00489844894037,19088,19111,False
5315,9.77783056442e-05,0.0003978794266,12659,12906,False
5316,0,0,3110,3110,True
5317,0.000119810130855,0.00040685760905,12918,12933,False
5318,0.00144573638681,0.00490761082619,19098,19113,False
5319,0,0,3111,3111,True
5320,0,0,3112,3112,True
5321,0,0,3113,3113,True
5322,0.000381713703973,0.00132511404809,14794,14881,False
5323,0,0,3114,3114,True
5324,0.00229192967527,0.00767309591174,19749,19747,False
5325,6.93835390848e-05,0.000231395941228,12316,12320,False
5326,0.000680807512254,0.00231318618171,16886,16935,False
5327,0.00138656923082,0.00471572298557,19010,19021,False
5328,0.00147329887841,0.00491067580879,19136,19115,False
5329,0.000325878791045,0.00100855808705,14452,14327,False
5330,0.000662557489704,0.00221494003199,16787,16758,False
5331,0,0,3115,3115,True
5332,0,0,3116,3116,True
5333,0.000211429360206,0.000600634492002,13753,13501,False
5334,0.000773162930273,0.00262493803166,17394,17447,False
5335,0.00126080331393,0.00394242210314,18812,18652,False
5336,0,0,3117,3117,True
5337,0,0,3118,3118,True
5338,0,0,3119,3119,True
5339,0.0010672241915,0.00356986140832,18424,18415,False
5340,0,0,3120,3120,True
5341,0.000808282115031,0.00268081738614,17552,17528,False
5342,0,0,3121,3121,True
5343,0.000599999795668,0.00198886985891,16342,16293,False
5344,0.000738801492844,0.00255635869689,17224,17351,False
5345,0,0,3122,3122,True
5346,0,0,3123,3123,True
5347,0.000721076561604,0.00244324072264,17117,17157,False
5348,0,0,3124,3124,True
5349,0.000335427554091,0.00110458699055,14516,14477,False
5350,0,0,3125,3125,True
5351,5.9713715018e-05,0.000196889188373,12185,12190,False
5352,0.000476682413137,0.00165184249636,15379,15503,False
5353,0.000812966143712,0.00272934907116,17573,17584,False
5354,0,0,3126,3126,True
5355,0.00085695204325,0.00283097708598,17776,17704,False
5356,0,0,3127,3127,True
5357,0.000719015020877,0.00244343420491,17100,17159,False
5358,5.14823914273e-05,0.000167765305378,12083,12072,False
5359,5.38921194675e-05,0.000134301342769,12115,11938,False
5360,0.000605414970778,0.00207483395934,16379,16479,False
5361,0,0,3128,3128,True
5362,0.000397726049414,0.00126636819914,14898,14769,False
5363,0.000108512445877,0.000354473973857,12770,12740,False
5364,0,0,3129,3129,True
5365,6.94026093697e-05,0.000225090159802,12317,12294,False
5366,0.000433596782386,0.00140027911402,15108,15023,False
5367,0,0,3130,3130,True
5368,0,0,3131,3131,True
5369,0.000641577353235,0.0022051888518,16637,16736,False
5370,0,0,3132,3132,True
5371,0,0,3133,3133,True
5372,0,0,3134,3134,True
5373,0.000581484520808,0.00189835461788,16186,16059,False
5374,0,0,3135,3135,True
5375,0,0,3136,3136,True
5376,0.000519471301232,0.00180124829058,15695,15845,False
5377,0.000352860457497,0.00119646731764,14620,14650,False
5378,0.000213751802221,0.000708305800799,13771,13733,False
5379,0,0,3137,3137,True
5380,5.56349586986e-05,0.000183957381523,12137,12143,False
5381,0,0,3138,3138,True
5382,0.000596363213845,0.002006434137,16309,16326,False
5383,0.000820623710752,0.00272119720466,17618,17576,False
5384,0,0,3139,3139,True
5385,0,0,3140,3140,True
5386,0,0,3141,3141,True
5387,0.000974911905359,0.00331065733917,18181,18217,False
5388,0,0,3142,3142,True
5389,0,0,3143,3143,True
5390,0,0,3144,3144,True
5391,0.000133546694997,0.000412629946368,13061,12955,False
5392,0,0,3145,3145,True
5393,0,0,3146,3146,True
5394,0,0,3147,3147,True
5395,0,0,3148,3148,True
5396,0,0,3149,3149,True
5397,6.80869052303e-05,0.000248752941843,12304,12381,False
5398,0.00206135958433,0.00699751963839,19652,19658,False
5399,0.000808466342278,0.00282273348421,17555,17691,False
5400,0.000718399591278,0.0023144222796,17098,16939,False
5401,0,0,3150,3150,True
5402,9.31128670345e-05,0.000282904540654,12609,12525,False
5403,0,0,3151,3151,True
5404,0.000901824096218,0.00309782638215,17938,18018,False
5405,0,0,3152,3152,True
5406,0.00136174599174,0.00465671392158,18973,18997,False
5407,0,0,3153,3153,True
5408,0.000146977428813,0.000480809714645,13203,13165,False
5409,0.000475833454402,0.00186986441258,15375,15989,False
5410,0,0,3154,3154,True
5411,0.000302413536701,0.000981458462775,14329,14274,False
5412,0.000546621100511,0.00190832780208,15888,16085,False
5413,0,0,3155,3155,True
5414,0,0,3156,3156,True
5415,0.00107164308429,0.0036431720946,18432,18466,False
5416,0,0,3157,3157,True
5417,0.00154860434122,0.00552803045139,19224,19302,False
5418,0.000612437550444,0.00199691462331,16422,16307,False
5419,0,0,3158,3158,True
5420,0.000341888866387,0.00110185029916,14557,14470,False
5421,0.000130554122734,0.000348940346157,13026,12722,False
5422,0,0,3159,3159,True
5423,0,0,3160,3160,True
5424,0.00102743925527,0.00339036132209,18326,18276,False
5425,0,0,3161,3161,True
5426,0.000471316539915,0.00169371487573,15352,15589,False
5427,0.00151608814485,0.00521335331723,19194,19217,False
5428,0,0,3162,3162,True
5429,0,0,3163,3163,True
5430,0.000862026528921,0.00276249670424,17792,17621,False
5431,0.000462520780275,0.00151276751421,15290,15241,False
5432,0.000678794109263,0.00219055800699,16878,16704,False
5433,0.000719767878763,0.0023774318397,17105,17040,False
5434,0,0,3164,3164,True
5435,0.000488722987939,0.00158147176262,15473,15372,False
5436,0.000332798139425,0.00120152870659,14497,14656,False
5437,0,0,3165,3165,True
5438,0,0,3166,3166,True
5439,0,0,3167,3167,True
5440,0,0,3168,3168,True
5441,0,0,3169,3169,True
5442,0.00169042951893,0.00580583885312,19351,19375,False
5443,0,0,3170,3170,True
5444,0.000485425145598,0.00176365370862,15449,15739,False
5445,0.000432211323641,0.00144106103107,15098,15104,False
5446,0.000869002309628,0.00285638170317,17814,17742,False
5447,0,0,3171,3171,True
5448,0,0,3172,3172,True
5449,8.87508140295e-05,0.000295265519526,12559,12561,False
5450,0,0,3173,3173,True
5451,0.000595379155129,0.00193994643632,16298,16173,False
5452,0.000652430113405,0.00216033146717,16712,16644,False
5453,0,0,3174,3174,True
5454,0,0,3175,3175,True
5455,0.00162074260879,0.00566576886922,19288,19336,False
5456,0.000795874977484,0.00271308678202,17506,17558,False
5457,0.00162473076489,0.00532669760287,19291,19256,False
5458,0,0,3176,3176,True
5459,0.000435643916717,0.00151489197742,15124,15245,False
5460,0.000120620432426,0.000417445902713,12927,12970,False
5461,0,0,3177,3177,True
5462,0.000117751689686,0.000345572538208,12892,12713,False
5463,0,0,3178,3178,True
5464,0.000826722069178,0.00274480227381,17650,17599,False
5465,0,0,3179,3179,True
5466,0.00252878200263,0.00874504540116,19799,19811,False
5467,0,0,3180,3180,True
5468,0,0,3181,3181,True
5469,0,0,3182,3182,True
5470,0.000616750912741,0.00209087692201,16443,16512,False
5471,0,0,3183,3183,True
5472,0.000420057593146,0.00148974591866,15030,15202,False
5473,0.000580625259317,0.00206868420355,16173,16466,False
5474,0.000607412541285,0.00211957306601,16393,16568,False
5475,0,0,3184,3184,True
5476,0,0,3185,3185,True
5477,0,0,3186,3186,True
5478,8.47274422995e-05,0.000270832766546,12503,12479,False
5479,0,0,3187,3187,True
5480,0.000108743479359,0.000359958561603,12771,12761,False
5481,0.00109180796426,0.00376761052758,18476,18552,False
5482,0.000134406072902,0.00049549160758,13072,13210,False
5483,0,0,3188,3188,True
5484,0.00275713787414,0.00915455445647,19835,19827,False
5485,0,0,3189,3189,True
5486,0,0,3190,3190,True
5487,0,0,3191,3191,True
5488,0,0,3192,3192,True
5489,0,0,3193,3193,True
5490,0,0,3194,3194,True
5491,0.00226377765648,0.00743725802749,19738,19725,False
5492,8.86637935764e-05,0.000323078362271,12557,12651,False
5493,0,0,3195,3195,True
5494,0,0,3196,3196,True
5495,0,0,3197,3197,True
5496,5.06962460349e-05,0.000234610430198,12070,12333,False
5497,0.000114662580017,0.000354823772795,12860,12741,False
5498,0,0,3198,3198,True
5499,0,0,3199,3199,True
5500,0,0,3200,3200,True
5501,0,0,3201,3201,True
5502,0.00137081544381,0.00440687406808,18983,18886,False
5503,0,0,3202,3202,True
5504,0,0,3203,3203,True
5505,0.000226528441999,0.000762739684433,13854,13847,False
5506,0,0,3204,3204,True
5507,0.000272767239949,0.000892565818503,14161,14118,False
5508,0.000512201164383,0.00172007980291,15641,15647,False
5509,0.000114617861982,0.000359147554263,12859,12758,False
5510,0.000782820570748,0.00255460292101,17446,17350,False
5511,0.000367191911209,0.00122735148761,14688,14690,False
5512,0,0,3205,3205,True
5513,0,0,3206,3206,True
5514,0,0,3207,3207,True
5515,0,0,3208,3208,True
5516,0,0,3209,3209,True
5517,0.000823504757136,0.00267248624004,17634,17513,False
5518,0.000110365181172,0.000393427704694,12798,12894,False
5519,3.27617417497e-05,0.00010378236766,11869,11846,False
5520,0,0,3210,3210,True
5521,0.00153299991507,0.00506784208119,19210,19163,False
5522,0,0,3211,3211,True
5523,6.24121094006e-05,0.000220171961701,12221,12277,False
5524,0,0,3212,3212,True
5525,0,0,3213,3213,True
5526,0,0,3214,3214,True
5527,0.00123468483798,0.0041026333347,18759,18730,False
5528,0,0,3215,3215,True
5529,0,0,3216,3216,True
5530,0,0,3217,3217,True
5531,0.00153806514572,0.00497870799154,19215,19137,False
5532,0,0,3218,3218,True
5533,0,0,3219,3219,True
5534,0.000798890774604,0.00287683587521,17519,17765,False
5535,0,0,3220,3220,True
5536,0,0,3221,3221,True
5537,0.00112665409688,0.00370197324082,18561,18506,False
5538,0,0,3222,3222,True
5539,0,0,3223,3223,True
5540,0,0,3224,3224,True
5541,0,0,3225,3225,True
5542,0,0,3226,3226,True
5543,5.94856901444e-05,0.000168666971149,12181,12078,False
5544,0,0,3227,3227,True
5545,0,0,3228,3228,True
5546,0.000999088864774,0.00333909969777,18251,18240,False
5547,4.37048474851e-05,0.0001374840067,11989,11952,False
5548,0,0,3229,3229,True
5549,0,0,3230,3230,True
5550,0.000745626224671,0.00255452864803,17257,17349,False
5551,0.000112718356831,0.000409688247601,12832,12944,False
5552,0.000181919545867,0.000604315777309,13540,13510,False
5553,0.000441475305706,0.0014308008831,15158,15080,False
5554,0,0,3231,3231,True
5555,0.000642029684968,0.00209209811874,16641,16515,False
5556,0,0,3232,3232,True
5557,0,0,3233,3233,True
5558,0,0,3234,3234,True
5559,0,0,3235,3235,True
5560,0.00135124172084,0.00428674882278,18953,18829,False
5561,0.000202895782422,0.000687081599608,13693,13688,False
5562,0,0,3236,3236,True
5563,0.000475001143059,0.00151790014934,15369,15249,False
5564,0.000227968979743,0.000675032031722,13865,13666,False
5565,0,0,3237,3237,True
5566,0.00128335622139,0.00416329083964,18847,18759,False
5567,0,0,3238,3238,True
5568,0.000250693818089,0.000777623034082,14023,13883,False
5569,8.69882424013e-05,0.000270394521067,12535,12477,False
5570,0.00105855357833,0.00353286787868,18403,18387,False
5571,0.000491842336487,0.00158136396203,15494,15371,False
5572,0.000332586147124,0.00114863133058,14495,14563,False
5573,0,0,3239,3239,True
5574,0.000154794062837,0.000513240695,13281,13245,False
5575,0.00082322320668,0.0026367076207,17630,17464,False
5576,0.00065804051701,0.00221758335829,16753,16765,False
5577,0,0,3240,3240,True
5578,0,0,3241,3241,True
5579,0,0,3242,3242,True
5580,0,0,3243,3243,True
5581,0,0,3244,3244,True
5582,0.00317316874862,0.0105966497213,19871,19870,False
5583,0.000453081680462,0.0014356697211,15236,15098,False
5584,0.000581440574024,0.00210524839349,16185,16533,False
5585,0.0015716298949,0.00544339651242,19246,19283,False
5586,0,0,3245,3245,True
5587,7.90310368757e-05,0.000329379196046,12434,12666,False
5588,0.000633003772236,0.00207593175583,16576,16484,False
5589,0,0,3246,3246,True
5590,0,0,3247,3247,True
5591,0,0,3248,3248,True
5592,0.00208876654506,0.00716109853238,19669,19697,False
5593,7.98691107775e-05,0.000187813173397,12446,12158,False
5594,0.00101325823925,0.00342102511786,18282,18304,False
5595,0.000671436777338,0.0021963766776,16833,16717,False
5596,0.000124730169773,0.000459216389572,12974,13095,False
5597,0.000542746041901,0.00181937695015,15864,15887,False
5598,0,0,3249,3249,True
5599,0,0,3250,3250,True
5600,0.000578326114919,0.00196055555716,16156,16230,False
5601,0.00180264946539,0.0061023789458,19463,19476,False
5602,0,0,3251,3251,True
5603,0,0,3252,3252,True
5604,0,0,3253,3253,True
5605,0.000877785030752,0.002889377065,17844,17782,False
5606,0.000821086985525,0.00269039045088,17621,17535,False
5607,0,0,3254,3254,True
5608,0,0,3255,3255,True
5609,0.00136725103948,0.00457918830216,18982,18966,False
5610,0,0,3256,3256,True
5611,0,0,3257,3257,True
5612,0.00247781095095,0.00823870301247,19790,19787,False
5613,0.00175067794044,0.00601971847937,19405,19451,False
5614,0.000604138360359,0.00200221082196,16365,16318,False
5615,0.00010476278112,0.000327941059368,12736,12663,False
5616,0.00177015352529,0.00582954892889,19436,19381,False
5617,0,0,3258,3258,True
5618,0.000437535782112,0.00141297199298,15132,15051,False
5619,0.000178933536517,0.00045725752716,13508,13089,False
5620,0.00268144137226,0.00922843068838,19824,19833,False
5621,0.00051303638611,0.00173679040745,15648,15679,False
5622,0,0,3259,3259,True
5623,0,0,3260,3260,True
5624,0.000511445454322,0.00168784323614,15634,15574,False
5625,3.21799780068e-05,0.000105086794065,11864,11849,False
5626,0,0,3261,3261,True
5627,0.000282177439658,0.000981972785667,14217,14276,False
5628,2.88149531116e-05,9.792871424e-05,11835,11836,False
5629,0.000756885681767,0.00258912937716,17321,17396,False
5630,0.00218442967162,0.00743102887645,19718,19724,False
5631,0,0,3262,3262,True
5632,0.00129413849209,0.00426182011142,18861,18818,False
5633,0,0,3263,3263,True
5634,0.000578632985707,0.00187509634998,16162,16004,False
5635,0.000472848623758,0.00158990803175,15358,15384,False
5636,0.000339065823937,0.00116650306154,14539,14598,False
5637,4.22065859311e-05,0.000143223602208,11972,11980,False
5638,0,0,3264,3264,True
5639,0.00065685948357,0.0022066924721,16743,16742,False
5640,0.00127323775087,0.0042438255623,18834,18810,False
5641,0.000565489928704,0.00192065071315,16041,16115,False
5642,0.000258581800153,0.000801703776233,14074,13937,False
5643,0.000306658854242,0.000982056022622,14347,14277,False
5644,0.0012512964895,0.00429719826207,18793,18834,False
5645,0.000507533084601,0.00174119742587,15609,15690,False
5646,5.49905489606e-05,0.000179186390596,12130,12119,False
5647,0,0,3265,3265,True
5648,0.00026831383002,0.000934973242693,14131,14197,False
5649,0.000101334619103,0.000313376192935,12699,12616,False
5650,0.00187973864377,0.00635281065479,19529,19537,False
5651,0,0,3266,3266,True
5652,0,0,3267,3267,True
5653,0,0,3268,3268,True
5654,0.00073284690734,0.00249673938379,17185,17248,False
5655,0,0,3269,3269,True
5656,0,0,3270,3270,True
5657,0.000414038164308,0.0013790212106,14983,14976,False
5658,0.000116891984362,0.00041858345503,12882,12974,False
5659,0.000848623807542,0.0029593158979,17741,17859,False
5660,0.0012554586865,0.00434199115261,18801,18858,False
5661,0.0012507281499,0.00428483588621,18788,18827,False
5662,0,0,3271,3271,True
5663,0,0,3272,3272,True
5664,0,0,3273,3273,True
5665,0,0,3274,3274,True
5666,0,0,3275,3275,True
5667,0,0,3276,3276,True
5668,0.000226232368732,0.00075796211604,13849,13835,False
5669,0.000569864874706,0.00183991750237,16080,15925,False
5670,0.0012690158328,0.00437539257109,18823,18872,False
5671,0.00214648270048,0.00724558299407,19699,19703,False
5672,0,0,3277,3277,True
5673,0,0,3278,3278,True
5674,0.000132989443955,0.000417230796302,13051,12968,False
5675,0,0,3279,3279,True
5676,0,0,3280,3280,True
5677,0,0,3281,3281,True
5678,0,0,3282,3282,True
5679,0,0,3283,3283,True
5680,0,0,3284,3284,True
5681,0.000670387293212,0.00224943226203,16827,16819,False
5682,0,0,3285,3285,True
5683,0,0,3286,3286,True
5684,0,0,3287,3287,True
5685,0,0,3288,3288,True
5686,0,0,3289,3289,True
5687,0,0,3290,3290,True
5688,0,0,3291,3291,True
5689,0,0,3292,3292,True
5690,0,0,3293,3293,True
5691,0,0,3294,3294,True
5692,0,0,3295,3295,True
5693,0,0,3296,3296,True
5694,0,0,3297,3297,True
5695,0,0,3298,3298,True
5696,0,0,3299,3299,True
5697,0,0,3300,3300,True
5698,0,0,3301,3301,True
5699,0,0,3302,3302,True
5700,0,0,3303,3303,True
5701,0,0,3304,3304,True
5702,0,0,3305,3305,True
5703,0,0,3306,3306,True
5704,0,0,3307,3307,True
5705,0,0,3308,3308,True
5706,0,0,3309,3309,True
5707,0,0,3310,3310,True
5708,0,0,3311,3311,True
5709,0,0,3312,3312,True
5710,0,0,3313,3313,True
5711,0,0,3314,3314,True
5712,0.000698318646755,0.00231083948165,16986,16931,False
5713,0.000307293783408,0.00103914842475,14350,14373,False
5714,0,0,3315,3315,True
5715,0,0,3316,3316,True
5716,0,0,3317,3317,True
5717,0,0,3318,3318,True
5718,0,0,3319,3319,True
5719,0,0,3320,3320,True
5720,0,0,3321,3321,True
5721,9.30513779167e-05,0.000307207403239,12607,12596,False
5722,0,0,3322,3322,True
5723,0.000427411054261,0.00137941318098,15076,14978,False
5724,0.000945716223214,0.00312569388188,18089,18046,False
5725,0,0,3323,3323,True
5726,0,0,3324,3324,True
5727,0.00069403561065,0.00230004102923,16957,16907,False
5728,0,0,3325,3325,True
5729,0.000113637193863,0.000364844308933,12849,12783,False
5730,0,0,3326,3326,True
5731,0,0,3327,3327,True
5732,0.000186921912245,0.000577865343075,13570,13445,False
5733,0.000713800662197,0.00240515661426,17067,17092,False
5734,0,0,3328,3328,True
5735,0,0,3329,3329,True
5736,0,0,3330,3330,True
5737,0,0,3331,3331,True
5738,0,0,3332,3332,True
5739,0,0,3333,3333,True
5740,0,0,3334,3334,True
5741,0.000921190599911,0.00305706006475,18004,17972,False
5742,0.000256625789916,0.000782004615758,14063,13892,False
5743,0,0,3335,3335,True
5744,0.000757772359066,0.00252949190326,17326,17312,False
5745,0.00131556217093,0.00443698419258,18902,18900,False
5746,0,0,3336,3336,True
5747,0,0,3337,3337,True
5748,3.66287604265e-05,0.000143867975567,11905,11981,False
5749,0,0,3338,3338,True
5750,0,0,3339,3339,True
5751,0.00157679826953,0.00522839045152,19251,19225,False
5752,0,0,3340,3340,True
5753,0,0,3341,3341,True
5754,0.000306198984617,0.00100618007127,14342,14319,False
5755,0,0,3342,3342,True
5756,0,0,3343,3343,True
5757,0.000781992275734,0.00260999822058,17442,17426,False
5758,0,0,3344,3344,True
5759,0,0,3345,3345,True
5760,0,0,3346,3346,True
5761,0.000184531934792,0.000594221055508,13554,13489,False
5762,0,0,3347,3347,True
5763,0,0,3348,3348,True
5764,0,0,3349,3349,True
5765,0,0,3350,3350,True
5766,0,0,3351,3351,True
5767,0,0,3352,3352,True
5768,6.95255948813e-05,0.000226790434681,12318,12300,False
5769,0,0,3353,3353,True
5770,0.000406181439757,0.00125288870186,14940,14740,False
5771,0,0,3354,3354,True
5772,0.00227859034203,0.00779609568417,19746,19754,False
5773,0,0,3355,3355,True
5774,6.02373947913e-05,0.000191481987713,12193,12171,False
5775,0.00105695880484,0.0036053028889,18394,18438,False
5776,0,0,3356,3356,True
5777,0,0,3357,3357,True
5778,0,0,3358,3358,True
5779,0.000769978098106,0.00259204604663,17382,17399,False
5780,0.000676252413541,0.00222049397416,16858,16769,False
5781,3.57271746907e-05,0.000101875317341,11893,11842,False
5782,0.000759781803936,0.00252179382369,17341,17296,False
5783,0.000577290775254,0.00189718476031,16147,16055,False
5784,0,0,3359,3359,True
5785,0,0,3360,3360,True
5786,0,0,3361,3361,True
5787,0,0,3362,3362,True
5788,0.000416149559896,0.00139282271266,15000,15010,False
5789,0,0,3363,3363,True
5790,0.000606547808275,0.00201324815862,16388,16348,False
5791,0.000819796870928,0.00284748896956,17614,17729,False
5792,0.000612429226749,0.00212398101576,16421,16580,False
5793,0,0,3364,3364,True
5794,0,0,3365,3365,True
5795,0.000910215603653,0.0030733961612,17969,17996,False
5796,0.000612914562225,0.00208766246215,16426,16506,False
5797,9.6441617643e-05,0.000305907626171,12641,12592,False
5798,3.70953857782e-05,0.000166747995536,11910,12069,False
5799,0.000638008932583,0.00220310990699,16609,16731,False
5800,0,0,3366,3366,True
5801,0,0,3367,3367,True
5802,0.000407187500969,0.00137736171018,14945,14973,False
5803,6.59698198433e-05,0.000216812608414,12269,12256,False
5804,0,0,3368,3368,True
5805,0,0,3369,3369,True
5806,0.000726744649,0.00242186081596,17151,17127,False
5807,0,0,3370,3370,True
5808,0,0,3371,3371,True
5809,0.000587851449382,0.00198693829589,16236,16290,False
5810,0,0,3372,3372,True
5811,0,0,3373,3373,True
5812,0,0,3374,3374,True
5813,0,0,3375,3375,True
5814,0.000632233801298,0.00218227203004,16567,16691,False
5815,0,0,3376,3376,True
5816,0,0,3377,3377,True
5817,0.00113196927123,0.00379433599301,18568,18569,False
5818,0,0,3378,3378,True
5819,0,0,3379,3379,True
5820,0.000821927038487,0.0028374933172,17625,17711,False
5821,9.43249324337e-05,0.000342567393091,12618,12705,False
5822,0.000491413113195,0.00155393092427,15492,15322,False
5823,0.000777440494858,0.00267269695178,17417,17515,False
5824,0,0,3380,3380,True
5825,0.000753458763938,0.0024758616928,17304,17207,False
5826,0.000603609951213,0.00199865456671,16359,16310,False
5827,0,0,3381,3381,True
5828,0.00126912049018,0.00428156927228,18824,18825,False
5829,0.00222788495012,0.00759555678815,19731,19738,False
5830,0,0,3382,3382,True
5831,0,0,3383,3383,True
5832,0,0,3384,3384,True
5833,0,0,3385,3385,True
5834,0,0,3386,3386,True
5835,0.00203881273046,0.00693172961473,19642,19648,False
5836,0.000117611729365,0.000399196229409,12890,12908,False
5837,0,0,3387,3387,True
5838,0,0,3388,3388,True
5839,0.000490255129989,0.00161502475385,15482,15437,False
5840,0,0,3389,3389,True
5841,0,0,3390,3390,True
5842,0.000701305398252,0.00234253425151,17001,16986,False
5843,0.000249626202276,0.000849031261168,14011,14023,False
5844,0,0,3391,3391,True
5845,0.000632502837107,0.00207818229683,16572,16493,False
5846,0,0,3392,3392,True
5847,0.000606697751209,0.00195097748656,16390,16205,False
5848,8.52890079841e-05,0.000280743202893,12509,12518,False
5849,0.000578509934712,0.00189522153232,16159,16046,False
5850,0,0,3393,3393,True
5851,0,0,3394,3394,True
5852,0,0,3395,3395,True
5853,0.000919259968214,0.0030725679826,17995,17995,False
5854,0.000639480887912,0.00217506545596,16619,16681,False
5855,0.0010532499291,0.00356170162559,18386,18410,False
5856,0,0,3396,3396,True
5857,0,0,3397,3397,True
5858,0.000692956731655,0.00236894446425,16953,17020,False
5859,0.000720354844816,0.0023025565315,17109,16913,False
5860,0,0,3398,3398,True
5861,0,0,3399,3399,True
5862,0,0,3400,3400,True
5863,0,0,3401,3401,True
5864,0.00209404411726,0.00708819366992,19671,19680,False
5865,0,0,3402,3402,True
5866,0.000435802823631,0.00147826690227,15128,15180,False
5867,0,0,3403,3403,True
5868,0.000605441629887,0.00207311147824,16380,16476,False
5869,0.000417271017795,0.00138403533492,15008,14991,False
5870,0,0,3404,3404,True
5871,0,0,3405,3405,True
5872,0.000514615618158,0.00172465317883,15660,15654,False
5873,0,0,3406,3406,True
5874,0.000566317816265,0.00181229109876,16045,15869,False
5875,0,0,3407,3407,True
5876,0,0,3408,3408,True
5877,0,0,3409,3409,True
5878,0.000721403805073,0.00246987794526,17121,17200,False
5879,0,0,3410,3410,True
5880,0.000942985236179,0.00321391830221,18074,18129,False
5881,0.00219124299474,0.00726764602587,19720,19708,False
5882,0.000382152938982,0.00128343794495,14796,14802,False
5883,0.00117195770144,0.00393682625145,18644,18649,False
5884,0,0,3411,3411,True
5885,0,0,3412,3412,True
5886,0,0,3413,3413,True
5887,0,0,3414,3414,True
5888,0,0,3415,3415,True
5889,0.00201380043291,0.00683939410374,19623,19633,False
5890,0.00121711799875,0.00413092924282,18726,18741,False
5891,0.000413748115534,0.00143235339783,14981,15089,False
5892,0.000463695148937,0.00145012536086,15305,15122,False
5893,0,0,3416,3416,True
5894,0,0,3417,3417,True
5895,0,0,3418,3418,True
5896,0,0,3419,3419,True
5897,0.000140025018482,0.000464976998046,13138,13118,False
5898,0,0,3420,3420,True
5899,0,0,3421,3421,True
5900,3.80870369554e-05,0.000134324800456,11922,11939,False
5901,0,0,3422,3422,True
5902,0.00172021321487,0.00588463433087,19381,19398,False
5903,0,0,3423,3423,True
5904,0.000532220408786,0.00178772839718,15792,15811,False
5905,0.000652072834782,0.0022072608117,16708,16743,False
5906,0,0,3424,3424,True
5907,0.000471046048915,0.00159673660528,15348,15399,False
5908,0,0,3425,3425,True
5909,0.000764853844885,0.00261925719678,17362,17442,False
5910,0,0,3426,3426,True
5911,0,0,3427,3427,True
5912,0,0,3428,3428,True
5913,0,0,3429,3429,True
5914,0.000536801002454,0.00170587026514,15829,15615,False
5915,0.000385986437323,0.00130813044962,14818,14848,False
5916,0,0,3430,3430,True
5917,0,0,3431,3431,True
5918,0,0,3432,3432,True
5919,0,0,3433,3433,True
5920,0,0,3434,3434,True
5921,0,0,3435,3435,True
5922,0,0,3436,3436,True
5923,0,0,3437,3437,True
5924,0,0,3438,3438,True
5925,0.00038321557804,0.00128207134549,14803,14799,False
5926,0,0,3439,3439,True
5927,0.00150333694182,0.00503356242552,19169,19154,False
5928,0,0,3440,3440,True
5929,0.00118126219604,0.00393618969247,18664,18648,False
5930,0,0,3441,3441,True
5931,0.000372378563043,0.00124727725051,14726,14729,False
5932,0,0,3442,3442,True
5933,0,0,3443,3443,True
5934,0,0,3444,3444,True
5935,0,0,3445,3445,True
5936,0,0,3446,3446,True
5937,0,0,3447,3447,True
5938,8.12658472569e-05,0.000263940717559,12465,12447,False
5939,0.00112008897122,0.00374430092052,18549,18536,False
5940,0.000819173408672,0.00273528252728,17611,17589,False
5941,0.000401982979383,0.00134102569427,14920,14896,False
5942,0.000233758051763,0.000799455330707,13903,13925,False
5943,0,0,3448,3448,True
5944,0.00106214929838,0.00360031262971,18416,18432,False
5945,0,0,3449,3449,True
5946,0,0,3450,3450,True
5947,0,0,3451,3451,True
5948,0,0,3452,3452,True
5949,0,0,3453,3453,True
5950,0,0,3454,3454,True
5951,0.00144241016824,0.00488064531237,19094,19102,False
5952,0,0,3455,3455,True
5953,0,0,3456,3456,True
5954,0,0,3457,3457,True
5955,0.000700304459315,0.00247917114757,16996,17218,False
5956,0,0,3458,3458,True
5957,0,0,3459,3459,True
5958,0,0,3460,3460,True
5959,0,0,3461,3461,True
5960,0.000742140167858,0.00250981212594,17242,17277,False
5961,0.000902067054994,0.00295178266242,17939,17852,False
5962,0,0,3462,3462,True
5963,0,0,3463,3463,True
5964,0.000423627498094,0.00142223061994,15054,15064,False
5965,0,0,3464,3464,True
5966,0.000605405599345,0.00197372655384,16378,16262,False
5967,0,0,3465,3465,True
5968,0.00174202187918,0.00588810816407,19403,19400,False
5969,0,0,3466,3466,True
5970,0,0,3467,3467,True
5971,0,0,3468,3468,True
5972,0,0,3469,3469,True
5973,0,0,3470,3470,True
5974,0.000971283996478,0.00333444052376,18166,18237,False
5975,0,0,3471,3471,True
5976,0,0,3472,3472,True
5977,0,0,3473,3473,True
5978,0,0,3474,3474,True
5979,0,0,3475,3475,True
5980,0,0,3476,3476,True
5981,0,0,3477,3477,True
5982,7.20841926523e-05,0.000267372990493,12346,12464,False
5983,0,0,3478,3478,True
5984,0,0,3479,3479,True
5985,0,0,3480,3480,True
5986,0,0,3481,3481,True
5987,0.000250482873525,0.000762834330089,14019,13848,False
5988,0,0,3482,3482,True
5989,0,0,3483,3483,True
5990,0.000424027530244,0.00148991530295,15058,15203,False
5991,0,0,3484,3484,True
5992,0,0,3485,3485,True
5993,7.11251050234e-05,0.000226506119361,12336,12298,False
5994,0,0,3486,3486,True
5995,0,0,3487,3487,True
5996,0.000334808864864,0.00102680816781,14511,14351,False
5997,0,0,3488,3488,True
5998,0,0,3489,3489,True
5999,0,0,3490,3490,True
6000,0.000319449027302,0.00129333278164,14413,14818,False
6001,0.00118089059833,0.0038984825369,18659,18623,False
6002,0.000830245029647,0.00283371075056,17667,17707,False
6003,0.000280854728771,0.000940624508075,14209,14210,False
6004,0.000469172227895,0.00158208061475,15337,15374,False
6005,0.00063231884269,0.00217771320604,16569,16683,False
6006,0,0,3491,3491,True
6007,0.00149582931772,0.0049671670422,19156,19133,False
6008,0,0,3492,3492,True
6009,0,0,3493,3493,True
6010,0,0,3494,3494,True
6011,0,0,3495,3495,True
6012,0.000532358360942,0.00177340942901,15793,15774,False
6013,0,0,3496,3496,True
6014,5.32397680217e-05,0.000168382495758,12107,12075,False
6015,0.000462349766167,0.00155517505482,15288,15324,False
6016,0,0,3497,3497,True
6017,0,0,3498,3498,True
6018,0,0,3499,3499,True
6019,0.000789345707744,0.00256801536307,17476,17364,False
6020,0.000521784648299,0.00164057977963,15714,15478,False
6021,0,0,3500,3500,True
6022,0.00206474447623,0.00678704911843,19655,19622,False
6023,0.000149044994032,0.000507253513206,13222,13233,False
6024,0,0,3501,3501,True
6025,0,0,3502,3502,True
6026,0.000583428773098,0.00198597391136,16197,16287,False
6027,0.000150612133439,0.000530380872078,13240,13289,False
6028,0,0,3503,3503,True
6029,0,0,3504,3504,True
6030,0.000416981434682,0.00141228421126,15006,15049,False
6031,0.00151391862892,0.00483248056844,19189,19080,False
6032,0.00088706909446,0.00274676457047,17888,17601,False
6033,0,0,3505,3505,True
6034,0,0,3506,3506,True
6035,0,0,3507,3507,True
6036,0.000132287619635,0.000473654305097,13045,13144,False
6037,0.000226193631534,0.000774678308517,13848,13875,False
6038,0,0,3508,3508,True
6039,0.00136313110124,0.00450747599825,18976,18922,False
6040,0.000787707802374,0.00262971804477,17468,17450,False
6041,0,0,3509,3509,True
6042,0,0,3510,3510,True
6043,0,0,3511,3511,True
6044,0,0,3512,3512,True
6045,0.000653699738905,0.00226531014778,16722,16842,False
6046,0,0,3513,3513,True
6047,0,0,3514,3514,True
6048,7.8771437984e-05,0.000230525285588,12424,12317,False
6049,0.00168328231666,0.00575177231804,19348,19361,False
6050,0,0,3515,3515,True
6051,0,0,3516,3516,True
6052,0,0,3517,3517,True
6053,0.000649635621812,0.00215189973824,16693,16632,False
6054,0.000727316539269,0.00233464082703,17154,16969,False
6055,0,0,3518,3518,True
6056,0,0,3519,3519,True
6057,0,0,3520,3520,True
6058,0,0,3521,3521,True
6059,0.000506629701704,0.00169541488867,15603,15593,False
6060,6.62321544951e-05,0.000229257479077,12276,12312,False
6061,0.000537723884918,0.00175554200541,15838,15725,False
6062,0.00083302956773,0.00285720312968,17678,17743,False
6063,0.000149367551785,0.000469243997941,13227,13132,False
6064,0,0,3522,3522,True
6065,0,0,3523,3523,True
6066,0.00090079405345,0.00281262537464,17934,17682,False
6067,0.00181397679262,0.00603819685057,19478,19457,False
6068,0.000284539855784,0.00100577285048,14227,14318,False
6069,0,0,3524,3524,True
6070,0,0,3525,3525,True
6071,0,0,3526,3526,True
6072,0.000539021508303,0.00187820824794,15843,16011,False
6073,0.00105389743112,0.00364240654744,18388,18464,False
6074,0.000532400386874,0.00174028391484,15794,15689,False
6075,0,0,3527,3527,True
6076,0,0,3528,3528,True
6077,0,0,3529,3529,True
6078,0.000452958105598,0.00160026317462,15235,15408,False
6079,0,0,3530,3530,True
6080,0,0,3531,3531,True
6081,0.000540069071576,0.00173953000922,15847,15686,False
6082,0.00107720959932,0.00361525104381,18446,18442,False
6083,0,0,3532,3532,True
6084,7.07649669494e-05,0.000211157239391,12331,12244,False
6085,0,0,3533,3533,True
6086,0,0,3534,3534,True
6087,0,0,3535,3535,True
6088,0.000599584018346,0.00201017223299,16337,16335,False
6089,0,0,3536,3536,True
6090,0.000566336209886,0.00180393259507,16046,15852,False
6091,0,0,3537,3537,True
6092,0.000133236782858,0.000424553378252,13055,12989,False
6093,0,0,3538,3538,True
6094,0.000266027200269,0.000998617964797,14123,14304,False
6095,0,0,3539,3539,True
6096,0,0,3540,3540,True
6097,0,0,3541,3541,True
6098,0.00029373250436,0.00100187421776,14280,14311,False
6099,0,0,3542,3542,True
6100,0,0,3543,3543,True
6101,0.000612483767327,0.00210762722418,16423,16537,False
6102,0,0,3544,3544,True
6103,0.00031964914524,0.00115398783237,14415,14571,False
6104,0,0,3545,3545,True
6105,0,0,3546,3546,True
6106,0.000230764417211,0.000795023224782,13883,13913,False
6107,0.000781601760536,0.00258173071779,17439,17382,False
6108,0,0,3547,3547,True
6109,0.00173782953061,0.00593231804669,19401,19415,False
6110,0.000861410575453,0.00288548995741,17789,17775,False
6111,0,0,3548,3548,True
6112,0,0,3549,3549,True
6113,0,0,3550,3550,True
6114,0.00175208062865,0.00585260335356,19407,19390,False
6115,0.000545377552044,0.00180200138129,15881,15846,False
6116,0,0,3551,3551,True
6117,0,0,3552,3552,True
6118,0.000387889362173,0.0012399913976,14834,14713,False
6119,0.000125562146422,0.000365226180293,12982,12784,False
6120,0,0,3553,3553,True
6121,0.000769065634813,0.00260182842612,17378,17413,False
6122,0,0,3554,3554,True
6123,0.00114982097875,0.00383780384436,18605,18590,False
6124,0,0,3555,3555,True
6125,0,0,3556,3556,True
6126,0.000770446029492,0.00255135283805,17385,17342,False
6127,0,0,3557,3557,True
6128,0,0,3558,3558,True
6129,0,0,3559,3559,True
6130,0,0,3560,3560,True
6131,0,0,3561,3561,True
6132,0,0,3562,3562,True
6133,0.00189957523253,0.00635663187131,19541,19538,False
6134,0,0,3563,3563,True
6135,0,0,3564,3564,True
6136,0.000644718762487,0.00210785749368,16656,16538,False
6137,0,0,3565,3565,True
6138,0,0,3566,3566,True
6139,0,0,3567,3567,True
6140,3.80808523914e-05,0.000140697404277,11921,11968,False
6141,0.00076643639477,0.00259395572357,17369,17405,False
6142,0.000109000131488,0.000354870193405,12779,12742,False
6143,0.000221359310672,0.000774913583882,13818,13876,False
6144,0.00154726556502,0.00520056253299,19223,19213,False
6145,0,0,3568,3568,True
6146,0.000349069334334,0.00116676208563,14601,14599,False
6147,0.000214429863263,0.000784386298619,13774,13898,False
6148,0.000662389851641,0.00216469401494,16781,16657,False
6149,0,0,3569,3569,True
6150,0.000778895861004,0.00251986621879,17424,17293,False
6151,0.000759655958973,0.00247647683136,17339,17208,False
6152,0.000734270084649,0.00235790247098,17199,17006,False
6153,0.000506023177877,0.00168911414221,15597,15580,False
6154,0,0,3570,3570,True
6155,0.000547538860701,0.00182576535735,15899,15901,False
6156,0,0,3571,3571,True
6157,0.00132266327273,0.00451958552003,18911,18930,False
6158,0.000817425083369,0.00277168536559,17599,17628,False
6159,0,0,3572,3572,True
6160,0,0,3573,3573,True
6161,0,0,3574,3574,True
6162,0.000496041437145,0.00168597092852,15530,15570,False
6163,0,0,3575,3575,True
6164,0,0,3576,3576,True
6165,6.08256632404e-05,0.000142063276144,12205,11975,False
6166,0.000482408300741,0.00165108242072,15423,15501,False
6167,0,0,3577,3577,True
6168,0,0,3578,3578,True
6169,0,0,3579,3579,True
6170,0,0,3580,3580,True
6171,0,0,3581,3581,True
6172,0,0,3582,3582,True
6173,0.00131777871866,0.0043843225576,18907,18877,False
6174,0.00186290952843,0.00635118596256,19514,19536,False
6175,0.00227039656602,0.00764773832634,19739,19742,False
6176,0.000247929187026,0.000847232993692,13996,14018,False
6177,0,0,3583,3583,True
6178,0,0,3584,3584,True
6179,0.000604848202784,0.00193400296848,16373,16155,False
6180,0.000766274461057,0.00265601230785,17367,17491,False
6181,0,0,3585,3585,True
6182,0.00105554424226,0.00355367339216,18391,18404,False
6183,0.000106164290628,0.000241980917053,12747,12357,False
6184,0,0,3586,3586,True
6185,0.000508551194798,0.00164305744693,15615,15488,False
6186,0,0,3587,3587,True
6187,0,0,3588,3588,True
6188,0,0,3589,3589,True
6189,3.75833042199e-05,0.000110289845907,11919,11861,False
6190,0.00106025731657,0.00337635772303,18406,18269,False
6191,0.000248654541792,0.000786098244134,14002,13901,False
6192,0,0,3590,3590,True
6193,0.00127124425489,0.00432785926387,18829,18851,False
6194,0,0,3591,3591,True
6195,0.00150243588723,0.00502205174416,19168,19147,False
6196,0,0,3592,3592,True
6197,0,0,3593,3593,True
6198,0.000340892089298,0.00120892736595,14552,14668,False
6199,0,0,3594,3594,True
6200,0,0,3595,3595,True
6201,0.000856899365317,0.00287405098788,17775,17762,False
6202,0,0,3596,3596,True
6203,0,0,3597,3597,True
6204,0,0,3598,3598,True
6205,0,0,3599,3599,True
6206,0,0,3600,3600,True
6207,0,0,3601,3601,True
6208,0.000990862841718,0.00326762557961,18231,18176,False
6209,0.000483135110699,0.00160999735817,15427,15429,False
6210,0.000813454855233,0.00264572049491,17579,17474,False
6211,0.000463092699647,0.00162081001326,15298,15445,False
6212,0.000545602117199,0.00185916933697,15882,15962,False
6213,0.000533664948307,0.00177828664891,15804,15785,False
6214,0,0,3602,3602,True
6215,0,0,3603,3603,True
6216,0,0,3604,3604,True
6217,0,0,3605,3605,True
6218,0.000205804113648,0.000716582348105,13710,13754,False
6219,3.61915626854e-05,0.000107296742499,11899,11855,False
6220,0,0,3606,3606,True
6221,0,0,3607,3607,True
6222,0,0,3608,3608,True
6223,0,0,3609,3609,True
6224,0,0,3610,3610,True
6225,0,0,3611,3611,True
6226,0.000322597275954,0.00119044282474,14433,14642,False
6227,0,0,3612,3612,True
6228,0,0,3613,3613,True
6229,0.000443916709628,0.00148209487088,15185,15187,False
6230,0,0,3614,3614,True
6231,0,0,3615,3615,True
6232,0.000125404389109,0.000452502019471,12980,13074,False
6233,0,0,3616,3616,True
6234,0,0,3617,3617,True
6235,0,0,3618,3618,True
6236,0,0,3619,3619,True
6237,0,0,3620,3620,True
6238,0,0,3621,3621,True
6239,0,0,3622,3622,True
6240,0.00094914669171,0.00302116107196,18099,17927,False
6241,0,0,3623,3623,True
6242,0.00132801348809,0.00454548373818,18920,18951,False
6243,0,0,3624,3624,True
6244,0,0,3625,3625,True
6245,0,0,3626,3626,True
6246,0,0,3627,3627,True
6247,0.000726948375814,0.00242983433418,17153,17138,False
6248,0,0,3628,3628,True
6249,0,0,3629,3629,True
6250,0,0,3630,3630,True
6251,0,0,3631,3631,True
6252,0,0,3632,3632,True
6253,0,0,3633,3633,True
6254,0.000232034348301,0.000919790181797,13892,14169,False
6255,0,0,3634,3634,True
6256,0,0,3635,3635,True
6257,0,0,3636,3636,True
6258,0.00075031601591,0.00255450746045,17287,17348,False
6259,0,0,3637,3637,True
6260,0,0,3638,3638,True
6261,0.000235743980738,0.000848695985042,13919,14021,False
6262,0.000317723402986,0.00106483430136,14404,14412,False
6263,0,0,3639,3639,True
6264,0.000119711519801,0.000392029614886,12917,12888,False
6265,0,0,3640,3640,True
6266,0,0,3641,3641,True
6267,0,0,3642,3642,True
6268,0,0,3643,3643,True
6269,0,0,3644,3644,True
6270,0,0,3645,3645,True
6271,0,0,3646,3646,True
6272,0,0,3647,3647,True
6273,0.000157711969223,0.000551000062842,13312,13360,False
6274,0,0,3648,3648,True
6275,0,0,3649,3649,True
6276,0,0,3650,3650,True
6277,0,0,3651,3651,True
6278,0.000261106382823,0.000836334540509,14089,14004,False
6279,0,0,3652,3652,True
6280,0,0,3653,3653,True
6281,0,0,3654,3654,True
6282,0.00121400831267,0.0039933193475,18721,18674,False
6283,0,0,3655,3655,True
6284,0.000692780013196,0.0022992878221,16952,16906,False
6285,0,0,3656,3656,True
6286,0,0,3657,3657,True
6287,0.000122306053527,0.000438700051745,12945,13030,False
6288,0,0,3658,3658,True
6289,0.000248812837526,0.000799717265181,14003,13929,False
6290,0,0,3659,3659,True
6291,0,0,3660,3660,True
6292,0,0,3661,3661,True
6293,0.000730960979126,0.00249961484224,17172,17258,False
6294,0,0,3662,3662,True
6295,0,0,3663,3663,True
6296,0.000139592812047,0.000524381466676,13134,13272,False
6297,0.000408561114455,0.00121733103879,14955,14676,False
6298,0,0,3664,3664,True
6299,0.000159738498041,0.000525764306076,13327,13278,False
6300,0,0,3665,3665,True
6301,0,0,3666,3666,True
6302,0,0,3667,3667,True
6303,0,0,3668,3668,True
6304,0,0,3669,3669,True
6305,0,0,3670,3670,True
6306,0,0,3671,3671,True
6307,0,0,3672,3672,True
6308,0,0,3673,3673,True
6309,0.00059486849932,0.0019995206967,16293,16314,False
6310,0,0,3674,3674,True
6311,0,0,3675,3675,True
6312,0,0,3676,3676,True
6313,0,0,3677,3677,True
6314,0.000583861081395,0.00202567223459,16203,16382,False
6315,0,0,3678,3678,True
6316,0.000385729625123,0.00140599813312,14817,15037,False
6317,0,0,3679,3679,True
6318,0,0,3680,3680,True
6319,0.000913479656447,0.00285526900552,17979,17740,False
6320,0,0,3681,3681,True
6321,0,0,3682,3682,True
6322,0.000145738275023,0.000611696217675,13191,13529,False
6323,0,0,3683,3683,True
6324,0,0,3684,3684,True
6325,0.000521644542459,0.00184562813956,15710,15941,False
6326,0,0,3685,3685,True
6327,0,0,3686,3686,True
6328,0,0,3687,3687,True
6329,0,0,3688,3688,True
6330,0,0,3689,3689,True
6331,0,0,3690,3690,True
6332,0,0,3691,3691,True
6333,0,0,3692,3692,True
6334,0,0,3693,3693,True
6335,0,0,3694,3694,True
6336,0,0,3695,3695,True
6337,0,0,3696,3696,True
6338,0.000982105615549,0.00340009690262,18211,18285,False
6339,0,0,3697,3697,True
6340,0,0,3698,3698,True
6341,0.000257040373981,0.000856236205436,14066,14046,False
6342,0.00025163043756,0.000918437668588,14028,14164,False
6343,0,0,3699,3699,True
6344,0,0,3700,3700,True
6345,0,0,3701,3701,True
6346,0,0,3702,3702,True
6347,6.56058909954e-05,0.000228712713579,12266,12308,False
6348,0,0,3703,3703,True
6349,0,0,3704,3704,True
6350,0,0,3705,3705,True
6351,0,0,3706,3706,True
6352,0.000371586414985,0.00136627815664,14718,14950,False
6353,0,0,3707,3707,True
6354,0,0,3708,3708,True
6355,0,0,3709,3709,True
6356,0,0,3710,3710,True
6357,0,0,3711,3711,True
6358,0,0,3712,3712,True
6359,0.000443088269094,0.00146274536382,15178,15148,False
6360,0,0,3713,3713,True
6361,0.00167638016865,0.00580250378698,19339,19374,False
6362,0,0,3714,3714,True
6363,0.000174698318006,0.000527532072738,13465,13280,False
6364,0,0,3715,3715,True
6365,0,0,3716,3716,True
6366,0.0012727730209,0.00447829533368,18832,18913,False
6367,0,0,3717,3717,True
6368,0,0,3718,3718,True
6369,0,0,3719,3719,True
6370,0.000730649800971,0.00241769710556,17169,17118,False
6371,0,0,3720,3720,True
6372,0,0,3721,3721,True
6373,0.000548640149646,0.0019253565697,15903,16135,False
6374,0,0,3722,3722,True
6375,0,0,3723,3723,True
6376,0,0,3724,3724,True
6377,0,0,3725,3725,True
6378,0,0,3726,3726,True
6379,0.00271363114007,0.00921229738742,19830,19832,False
6380,0,0,3727,3727,True
6381,0,0,3728,3728,True
6382,0,0,3729,3729,True
6383,0,0,3730,3730,True
6384,0,0,3731,3731,True
6385,0,0,3732,3732,True
6386,0,0,3733,3733,True
6387,0,0,3734,3734,True
6388,0,0,3735,3735,True
6389,0.000370636145817,0.00126566668041,14710,14767,False
6390,0,0,3736,3736,True
6391,9.63066704571e-05,0.000254766782746,12639,12413,False
6392,0,0,3737,3737,True
6393,0,0,3738,3738,True
6394,0,0,3739,3739,True
6395,0,0,3740,3740,True
6396,0,0,3741,3741,True
6397,0,0,3742,3742,True
6398,0,0,3743,3743,True
6399,0,0,3744,3744,True
6400,0.00239243241958,0.00794267654419,19776,19763,False
6401,0.000620223872829,0.00194223166909,16478,16177,False
6402,6.295741332e-05,0.00020753373974,12231,12227,False
6403,0,0,3745,3745,True
6404,0.00139722344466,0.00483322376385,19025,19083,False
6405,4.37378366769e-05,0.000151866028318,11990,12018,False
6406,0,0,3746,3746,True
6407,0,0,3747,3747,True
6408,0,0,3748,3748,True
6409,0,0,3749,3749,True
6410,0,0,3750,3750,True
6411,0.000783233379479,0.00284155388363,17448,17718,False
6412,0,0,3751,3751,True
6413,0,0,3752,3752,True
6414,0.000194190055481,0.000746194215026,13616,13811,False
6415,0,0,3753,3753,True
6416,0,0,3754,3754,True
6417,0,0,3755,3755,True
6418,0,0,3756,3756,True
6419,0,0,3757,3757,True
6420,0,0,3758,3758,True
6421,0.000176223416929,0.000603865890298,13482,13509,False
6422,9.26479915506e-05,0.000222616654355,12601,12283,False
6423,0,0,3759,3759,True
6424,0,0,3760,3760,True
6425,0,0,3761,3761,True
6426,0.00118110165931,0.00422593764961,18663,18797,False
6427,8.04291121312e-05,0.000258575280895,12452,12427,False
6428,0,0,3762,3762,True
6429,0,0,3763,3763,True
6430,0,0,3764,3764,True
6431,0,0,3765,3765,True
6432,0,0,3766,3766,True
6433,0,0,3767,3767,True
6434,0.00048778866767,0.00164196139667,15468,15483,False
6435,0,0,3768,3768,True
6436,0,0,3769,3769,True
6437,0,0,3770,3770,True
6438,0,0,3771,3771,True
6439,0,0,3772,3772,True
6440,0,0,3773,3773,True
6441,0.00175722350832,0.00597658427432,19417,19441,False
6442,0,0,3774,3774,True
6443,0.000973538553808,0.00344288116321,18175,18322,False
6444,0.00111993274186,0.00365736125968,18547,18476,False
6445,0,0,3775,3775,True
6446,0,0,3776,3776,True
6447,5.16896579938e-05,0.00015392556088,12085,12023,False
6448,0,0,3777,3777,True
6449,0.00013193389168,0.000449700659374,13039,13063,False
6450,0,0,3778,3778,True
6451,0,0,3779,3779,True
6452,0,0,3780,3780,True
6453,0,0,3781,3781,True
6454,0,0,3782,3782,True
6455,0,0,3783,3783,True
6456,0,0,3784,3784,True
6457,0.000949792738538,0.00330721633509,18103,18212,False
6458,0.000329650560161,0.00109614327084,14474,14463,False
6459,0.000239871194935,0.000796835753135,13948,13919,False
6460,0.00119722203817,0.00401297165081,18693,18680,False
6461,0,0,3785,3785,True
6462,0,0,3786,3786,True
6463,0,0,3787,3787,True
6464,0,0,3788,3788,True
6465,0,0,3789,3789,True
6466,0,0,3790,3790,True
6467,0,0,3791,3791,True
6468,3.56885284418e-05,0.000121631106595,11892,11899,False
6469,0,0,3792,3792,True
6470,0,0,3793,3793,True
6471,0,0,3794,3794,True
6472,0,0,3795,3795,True
6473,0,0,3796,3796,True
6474,0,0,3797,3797,True
6475,0,0,3798,3798,True
6476,0,0,3799,3799,True
6477,0,0,3800,3800,True
6478,0,0,3801,3801,True
6479,0,0,3802,3802,True
6480,0,0,3803,3803,True
6481,0.000232220831094,0.000915433454793,13896,14160,False
6482,0,0,3804,3804,True
6483,0,0,3805,3805,True
6484,0,0,3806,3806,True
6485,7.31967957108e-05,0.00027308735298,12359,12485,False
6486,0.000801016110927,0.00274939741939,17530,17603,False
6487,7.80626214691e-05,0.000226377145736,12412,12297,False
6488,6.6118183895e-05,0.000200971509912,12271,12208,False
6489,0,0,3807,3807,True
6490,0,0,3808,3808,True
6491,0,0,3809,3809,True
6492,0,0,3810,3810,True
6493,0,0,3811,3811,True
6494,0.000163842109032,0.000529851415195,13370,13286,False
6495,0.00120977964252,0.00386963249184,18714,18608,False
6496,0.00029104296118,0.00096630200278,14271,14250,False
6497,0,0,3812,3812,True
6498,0.000405151193263,0.00133709516376,14936,14893,False
6499,0.00124736339785,0.00416837958619,18783,18764,False
6500,0,0,3813,3813,True
6501,0,0,3814,3814,True
6502,0,0,3815,3815,True
6503,0,0,3816,3816,True
6504,0,0,3817,3817,True
6505,0,0,3818,3818,True
6506,0,0,3819,3819,True
6507,0.00155918300152,0.00512218801305,19232,19188,False
6508,0.00117106467951,0.00386560591869,18640,18605,False
6509,0,0,3820,3820,True
6510,0,0,3821,3821,True
6511,0.00139750086237,0.00451323483139,19026,18927,False
6512,0,0,3822,3822,True
6513,0,0,3823,3823,True
6514,0,0,3824,3824,True
6515,0,0,3825,3825,True
6516,0,0,3826,3826,True
6517,0,0,3827,3827,True
6518,0,0,3828,3828,True
6519,0,0,3829,3829,True
6520,0.000842010602355,0.00298153725453,17713,17884,False
6521,0.000522888789419,0.00183504703455,15721,15913,False
6522,0.000344290630892,0.00115400901996,14574,14572,False
6523,0,0,3830,3830,True
6524,0,0,3831,3831,True
6525,0.00137986568734,0.00489806057885,19000,19110,False
6526,0,0,3832,3832,True
6527,0,0,3833,3833,True
6528,0,0,3834,3834,True
6529,0,0,3835,3835,True
6530,0,0,3836,3836,True
6531,0,0,3837,3837,True
6532,0,0,3838,3838,True
6533,9.1130445071e-05,0.00031772479997,12589,12633,False
6534,0.000176537039806,0.000575648213271,13487,13437,False
6535,0.00150951358955,0.00512608885765,19178,19192,False
6536,0.000227148804697,0.000737435126211,13857,13789,False
6537,0,0,3839,3839,True
6538,0,0,3840,3840,True
6539,0,0,3841,3841,True
6540,0,0,3842,3842,True
6541,0,0,3843,3843,True
6542,0.000995404669084,0.00351183209568,18244,18370,False
6543,0.000368259410607,0.00128472992219,14693,14805,False
6544,0.00202518119477,0.00690283672884,19631,19644,False
6545,0.000191977029317,0.000627044704743,13605,13563,False
6546,2.91449323413e-05,0.000113083588076,11838,11870,False
6547,0,0,3844,3844,True
6548,0,0,3845,3845,True
6549,0.000228145130677,0.000795925559942,13867,13916,False
6550,0,0,3846,3846,True
6551,0,0,3847,3847,True
6552,4.32293927588e-05,0.000122968980577,11985,11908,False
6553,0,0,3848,3848,True
6554,0,0,3849,3849,True
6555,0,0,3850,3850,True
6556,0,0,3851,3851,True
6557,9.97808601824e-05,0.000357490614988,12684,12751,False
6558,0.00111244840082,0.00358801730908,18528,18424,False
6559,0,0,3852,3852,True
6560,0,0,3853,3853,True
6561,0,0,3854,3854,True
6562,0,0,3855,3855,True
6563,0,0,3856,3856,True
6564,0.000494247826282,0.00172416260466,15509,15652,False
6565,0,0,3857,3857,True
6566,0,0,3858,3858,True
6567,0,0,3859,3859,True
6568,0,0,3860,3860,True
6569,0.0012575549772,0.00417950563133,18806,18775,False
6570,0.000669453525916,0.00229235854931,16822,16892,False
6571,0,0,3861,3861,True
6572,0.000547014642507,0.0018567009829,15894,15958,False
6573,0,0,3862,3862,True
6574,0.000408307620091,0.00130897166673,14954,14849,False
6575,0.000150649138959,0.000415353948483,13241,12963,False
6576,0,0,3863,3863,True
6577,0.000439002324129,0.00146983540617,15145,15165,False
6578,0,0,3864,3864,True
6579,0,0,3865,3865,True
6580,0,0,3866,3866,True
6581,0,0,3867,3867,True
6582,0,0,3868,3868,True
6583,0,0,3869,3869,True
6584,0,0,3870,3870,True
6585,0,0,3871,3871,True
6586,0,0,3872,3872,True
6587,0,0,3873,3873,True
6588,0,0,3874,3874,True
6589,0.000404804362915,0.00137751409784,14932,14974,False
6590,0.000100521567219,0.000365730171325,12691,12786,False
6591,0,0,3875,3875,True
6592,0,0,3876,3876,True
6593,0,0,3877,3877,True
6594,0.00015886258916,0.000571481010411,13316,13427,False
6595,0.000564661633689,0.00197564787231,16035,16269,False
6596,0,0,3878,3878,True
6597,0,0,3879,3879,True
6598,0.000231312180404,0.000746432691813,13887,13813,False
6599,0.00130779156461,0.00453218072653,18878,18936,False
6600,0.00029919683584,0.000945015111938,14316,14218,False
6601,0.0001172879347,0.000424359866884,12886,12987,False
6602,0.000369537301594,0.00125071255025,14701,14738,False
6603,0,0,3880,3880,True
6604,0.00199771788903,0.00679034320638,19608,19623,False
6605,0,0,3881,3881,True
6606,0.000112510802865,0.000370431487681,12829,12814,False
6607,0,0,3882,3882,True
6608,0,0,3883,3883,True
6609,0,0,3884,3884,True
6610,0,0,3885,3885,True
6611,0.000203065937967,0.000714865105692,13695,13749,False
6612,0.000161923497217,0.000528613338247,13346,13283,False
6613,0,0,3886,3886,True
6614,0,0,3887,3887,True
6615,0,0,3888,3888,True
6616,0,0,3889,3889,True
6617,0.00138461159077,0.00481557380408,19008,19075,False
6618,0,0,3890,3890,True
6619,0,0,3891,3891,True
6620,0,0,3892,3892,True
6621,0.000115510600153,0.000348203495378,12868,12721,False
6622,0.000582635926548,0.00195127003826,16191,16206,False
6623,0,0,3893,3893,True
6624,0,0,3894,3894,True
6625,0,0,3895,3895,True
6626,0,0,3896,3896,True
6627,0,0,3897,3897,True
6628,0,0,3898,3898,True
6629,0,0,3899,3899,True
6630,0,0,3900,3900,True
6631,0.000862875720486,0.00279964786023,17794,17661,False
6632,0,0,3901,3901,True
6633,0,0,3902,3902,True
6634,0.000360106991138,0.00124752020929,14659,14732,False
6635,0.00107355054934,0.00356531515718,18436,18414,False
6636,0,0,3903,3903,True
6637,0.00101173878647,0.00327680003829,18276,18186,False
6638,0,0,3904,3904,True
6639,0,0,3905,3905,True
6640,0.000650206871796,0.00214711087756,16696,16622,False
6641,0,0,3906,3906,True
6642,0,0,3907,3907,True
6643,9.45637439145e-05,0.00033838301897,12619,12692,False
6644,0,0,3908,3908,True
6645,0,0,3909,3909,True
6646,0,0,3910,3910,True
6647,0.000180114846444,0.000590311712585,13514,13481,False
6648,0.000311317387968,0.00107657280751,14369,14427,False
6649,0,0,3911,3911,True
6650,0,0,3912,3912,True
6651,0,0,3913,3913,True
6652,0,0,3914,3914,True
6653,0.000642099359538,0.00230997079052,16643,16930,False
6654,0.000592881522607,0.00196955725551,16269,16253,False
6655,0,0,3915,3915,True
6656,0,0,3916,3916,True
6657,0,0,3917,3917,True
6658,0,0,3918,3918,True
6659,0,0,3919,3919,True
6660,0,0,3920,3920,True
6661,0,0,3921,3921,True
6662,0.00026311315014,0.00086495274445,14103,14067,False
6663,0,0,3922,3922,True
6664,0,0,3923,3923,True
6665,0,0,3924,3924,True
6666,0,0,3925,3925,True
6667,0,0,3926,3926,True
6668,0,0,3927,3927,True
6669,0,0,3928,3928,True
6670,0,0,3929,3929,True
6671,0,0,3930,3930,True
6672,0,0,3931,3931,True
6673,0,0,3932,3932,True
6674,0,0,3933,3933,True
6675,0,0,3934,3934,True
6676,0,0,3935,3935,True
6677,0.000422553101089,0.00142075994518,15048,15060,False
6678,0,0,3936,3936,True
6679,0.0015464858152,0.00528938043863,19221,19241,False
6680,0,0,3937,3937,True
6681,0.00160828791559,0.00548430439085,19279,19289,False
6682,0,0,3938,3938,True
6683,0,0,3939,3939,True
6684,0,0,3940,3940,True
6685,0,0,3941,3941,True
6686,0.000301552645396,0.0010706273606,14327,14417,False
6687,0.00181199260987,0.00605025375262,19475,19462,False
6688,0.00122249021661,0.00397393293679,18736,18664,False
6689,0,0,3942,3942,True
6690,0.00114558578935,0.00388536439277,18594,18618,False
6691,0,0,3943,3943,True
6692,0,0,3944,3944,True
6693,6.38893034193e-05,0.000247923162533,12242,12379,False
6694,0,0,3945,3945,True
6695,0,0,3946,3946,True
6696,0,0,3947,3947,True
6697,0.000509886536747,0.00176110456232,15622,15736,False
6698,0,0,3948,3948,True
6699,0,0,3949,3949,True
6700,0.000481662224047,0.00171356194187,15419,15628,False
6701,0.000457083631773,0.00145209021866,15264,15125,False
6702,0.000416292547015,0.00134916091338,15002,14912,False
6703,0,0,3950,3950,True
6704,0,0,3951,3951,True
6705,0.000702687946614,0.00236435420811,17008,17017,False
6706,0.000907378678676,0.00309012387879,17958,18010,False
6707,0,0,3952,3952,True
6708,0.00121915678028,0.00417164573446,18732,18767,False
6709,0,0,3953,3953,True
6710,0.00168448861223,0.00547685241327,19349,19288,False
6711,0.000864233530592,0.00300717004575,17799,17911,False
6712,0.000411980086938,0.00132982665673,14970,14884,False
6713,0,0,3954,3954,True
6714,0.00246860599145,0.00819785147905,19788,19782,False
6715,0,0,3955,3955,True
6716,0.000116579591122,0.000377807184123,12878,12842,False
6717,0.00136198964901,0.0045215152204,18974,18931,False
6718,0.000901320949197,0.00305445725098,17936,17968,False
6719,0,0,3956,3956,True
6720,0.00127566035371,0.00405047414824,18837,18705,False
6721,4.14461828768e-05,0.000147342914715,11967,11997,False
6722,0.000354211719241,0.00122473656666,14629,14687,False
6723,0.000496644235682,0.00160292850342,15535,15415,False
6724,0.00191107287537,0.00626679044217,19549,19518,False
6725,0.000111891138658,0.000364673789591,12818,12780,False
6726,0.000936284428462,0.00317540159449,18055,18094,False
6727,0,0,3957,3957,True
6728,0,0,3958,3958,True
6729,0.000670169014484,0.00218415935524,16825,16695,False
6730,0.000931011047214,0.00306496815756,18038,17987,False
6731,0,0,3959,3959,True
6732,0.000715360278264,0.00240319222212,17078,17087,False
6733,0,0,3960,3960,True
6734,0.000924037827644,0.00320495734923,18013,18120,False
6735,0.00111066724639,0.00367011479102,18524,18486,False
6736,0.000368196720956,0.00120884354692,14691,14667,False
6737,0.00069151003845,0.00228079967201,16943,16867,False
6738,0.00130253471434,0.00444643339142,18872,18902,False
6739,0.000412484223489,0.00140502792783,14974,15032,False
6740,0.000832294696011,0.00284089706838,17674,17716,False
6741,0.000471463776194,0.0015758065274,15353,15360,False
6742,0.000463311705971,0.00148045795504,15300,15184,False
6743,0.00071023334749,0.00238114758395,17048,17051,False
6744,0.00234981998801,0.0079554701224,19764,19765,False
6745,0.000585324713029,0.00193724129349,16217,16164,False
6746,0,0,3961,3961,True
6747,0.000512918748427,0.00167364277877,15645,15544,False
6748,0,0,3962,3962,True
6749,0.000639574602246,0.00203491025604,16620,16408,False
6750,0.000166357727721,0.000542212452274,13390,13331,False
6751,0.00243110978045,0.00820457749069,19783,19783,False
6752,0,0,3963,3963,True
6753,0.00014698546147,0.000494170526508,13204,13201,False
6754,4.06460349041e-05,0.000156423586304,11959,12034,False
6755,0.000252889032708,0.00087288080249,14039,14081,False
6756,9.81683697319e-05,0.000307579932269,12662,12597,False
6757,0,0,3964,3964,True
6758,0,0,3965,3965,True
6759,0.000895356060937,0.00293603073806,17917,17834,False
6760,0,0,3966,3966,True
6761,0,0,3967,3967,True
6762,0.000181833762326,0.000652501243167,13537,13625,False
6763,0,0,3968,3968,True
6764,0.000633044866845,0.00212330184877,16577,16578,False
6765,0.000910253380425,0.00308974320069,17970,18009,False
6766,0.00113889179192,0.00381955015473,18578,18578,False
6767,0,0,3969,3969,True
6768,0.000420997763285,0.00132991105784,15036,14885,False
6769,0,0,3970,3970,True
6770,0,0,3971,3971,True
6771,0,0,3972,3972,True
6772,0,0,3973,3973,True
6773,0.000908073328901,0.00299696694128,17962,17897,False
6774,0.000546706374735,0.00178422534373,15889,15796,False
6775,0,0,3974,3974,True
6776,0.000865699781571,0.00291367387399,17805,17811,False
6777,0,0,3975,3975,True
6778,0,0,3976,3976,True
6779,0,0,3977,3977,True
6780,0.0010147934081,0.00350277218968,18292,18366,False
6781,0,0,3978,3978,True
6782,0.000790194782894,0.00266744685359,17481,17503,False
6783,0.00111580803059,0.00387250934727,18537,18610,False
6784,0,0,3979,3979,True
6785,0,0,3980,3980,True
6786,0.000521529407706,0.00178251985926,15708,15795,False
6787,0,0,3981,3981,True
6788,0,0,3982,3982,True
6789,2.73690475296e-05,0.000114699687401,11821,11875,False
6790,0,0,3983,3983,True
6791,0,0,3984,3984,True
6792,0,0,3985,3985,True
6793,0.000812547281384,0.00276080123149,17572,17617,False
6794,0,0,3986,3986,True
6795,0,0,3987,3987,True
6796,0,0,3988,3988,True
6797,4.84339107061e-05,0.000174070446519,12041,12097,False
6798,0,0,3989,3989,True
6799,0,0,3990,3990,True
6800,0,0,3991,3991,True
6801,3.8824564399e-05,0.00014937123342,11930,12005,False
6802,0,0,3992,3992,True
6803,0,0,3993,3993,True
6804,0,0,3994,3994,True
6805,0.00257568969391,0.00868987105787,19808,19808,False
6806,0,0,3995,3995,True
6807,0,0,3996,3996,True
6808,0,0,3997,3997,True
6809,0.000357254903065,0.00123692140914,14646,14708,False
6810,0.00097179756267,0.00331982946955,18169,18222,False
6811,0.0010645944858,0.00354401348159,18420,18397,False
6812,0,0,3998,3998,True
6813,0.000153637505719,0.000570750213228,13269,13425,False
6814,0,0,3999,3999,True
6815,0,0,4000,4000,True
6816,0,0,4001,4001,True
6817,0,0,4002,4002,True
6818,0.000159298491781,0.000641741033178,13323,13598,False
6819,0,0,4003,4003,True
6820,0,0,4004,4004,True
6821,0.000124079102534,0.000472889805678,12966,13141,False
6822,0,0,4005,4005,True
6823,0,0,4006,4006,True
6824,0,0,4007,4007,True
6825,0,0,4008,4008,True
6826,0,0,4009,4009,True
6827,0,0,4010,4010,True
6828,0,0,4011,4011,True
6829,0,0,4012,4012,True
6830,0,0,4013,4013,True
6831,0,0,4014,4014,True
6832,0,0,4015,4015,True
6833,0,0,4016,4016,True
6834,0.00019431799592,0.000669690954965,13617,13655,False
6835,0,0,4017,4017,True
6836,0.000317550235195,0.00105685612652,14402,14399,False
6837,0,0,4018,4018,True
6838,0,0,4019,4019,True
6839,0,0,4020,4020,True
6840,0,0,4021,4021,True
6841,3.00930005324e-05,0.000136577451485,11846,11949,False
6842,0,0,4022,4022,True
6843,0,0,4023,4023,True
6844,0,0,4024,4024,True
6845,0,0,4025,4025,True
6846,0,0,4026,4026,True
6847,0,0,4027,4027,True
6848,0,0,4028,4028,True
6849,0,0,4029,4029,True
6850,0,0,4030,4030,True
6851,0.000287671311526,0.000981725170277,14250,14275,False
6852,0,0,4031,4031,True
6853,0,0,4032,4032,True
6854,0,0,4033,4033,True
6855,0,0,4034,4034,True
6856,0,0,4035,4035,True
6857,0,0,4036,4036,True
6858,0,0,4037,4037,True
6859,0.000391952111386,0.00146768905688,14868,15159,False
6860,0.00102536275517,0.00342040881515,18318,18303,False
6861,0,0,4038,4038,True
6862,0.00207940186374,0.00708584534004,19665,19679,False
6863,0,0,4039,4039,True
6864,0,0,4040,4040,True
6865,0,0,4041,4041,True
6866,0,0,4042,4042,True
6867,0,0,4043,4043,True
6868,0.00131624320056,0.00447933236137,18903,18914,False
6869,0,0,4044,4044,True
6870,0,0,4045,4045,True
6871,0,0,4046,4046,True
6872,0,0,4047,4047,True
6873,0,0,4048,4048,True
6874,0,0,4049,4049,True
6875,0,0,4050,4050,True
6876,0,0,4051,4051,True
6877,0,0,4052,4052,True
6878,0,0,4053,4053,True
6879,0,0,4054,4054,True
6880,0,0,4055,4055,True
6881,0.000364582490874,0.00119450490456,14679,14647,False
6882,0,0,4056,4056,True
6883,0,0,4057,4057,True
6884,0,0,4058,4058,True
6885,0,0,4059,4059,True
6886,0,0,4060,4060,True
6887,0.00185691553634,0.00604772008955,19507,19461,False
6888,0.000184937787708,0.000645769527182,13558,13611,False
6889,0,0,4061,4061,True
6890,0,0,4062,4062,True
6891,0,0,4063,4063,True
6892,0,0,4064,4064,True
6893,0,0,4065,4065,True
6894,0,0,4066,4066,True
6895,0,0,4067,4067,True
6896,0,0,4068,4068,True
6897,0,0,4069,4069,True
6898,0,0,4070,4070,True
6899,0,0,4071,4071,True
6900,0,0,4072,4072,True
6901,0.00029989797622,0.00108043465298,14321,14435,False
6902,0.00052880711155,0.00174480874557,15770,15703,False
6903,0,0,4073,4073,True
6904,0,0,4074,4074,True
6905,3.43756728398e-05,0.000123898644233,11881,11914,False
6906,0,0,4075,4075,True
6907,0.000485846045194,0.0015343001578,15451,15284,False
6908,0,0,4076,4076,True
6909,0.00101040513255,0.00349006941542,18274,18353,False
6910,0,0,4077,4077,True
6911,0,0,4078,4078,True
6912,0.000646315922495,0.00216492358595,16663,16658,False
6913,0,0,4079,4079,True
6914,0,0,4080,4080,True
6915,0,0,4081,4081,True
6916,0,0,4082,4082,True
6917,0,0,4083,4083,True
6918,0,0,4084,4084,True
6919,0.00110991485417,0.00374910375103,18520,18538,False
6920,0.000761601084378,0.00255408324301,17348,17347,False
6921,0.000439427298261,0.00140554527752,15148,15034,False
6922,0.0009287421708,0.00302504934371,18029,17934,False
6923,0.000182806194061,0.000593830831349,13546,13488,False
6924,0.000946062325966,0.00316510954872,18092,18087,False
6925,0.00106740847696,0.00362637359649,18425,18452,False
6926,0,0,4085,4085,True
6927,0.000524192873854,0.00172282604035,15730,15650,False
6928,0,0,4086,4086,True
6929,0,0,4087,4087,True
6930,7.5343385106e-05,0.000273755897069,12380,12488,False
6931,0,0,4088,4088,True
6932,0.00027309806319,0.000961001671385,14164,14242,False
6933,0,0,4089,4089,True
6934,0,0,4090,4090,True
6935,0,0,4091,4091,True
6936,0,0,4092,4092,True
6937,0.000276709586615,0.000906974135432,14186,14141,False
6938,0,0,4093,4093,True
6939,0.000686235202011,0.00222009909339,16914,16768,False
6940,0,0,4094,4094,True
6941,0,0,4095,4095,True
6942,5.91768948652e-05,0.000218721135752,12177,12268,False
6943,0.000551537668798,0.00186328066047,15928,15970,False
6944,0,0,4096,4096,True
6945,0,0,4097,4097,True
6946,0,0,4098,4098,True
6947,0.00101914803963,0.00349558517337,18302,18360,False
6948,0,0,4099,4099,True
6949,0.000850286509376,0.00288604036905,17751,17776,False
6950,9.88393148873e-05,0.00032730968087,12671,12662,False
6951,0,0,4100,4100,True
6952,0,0,4101,4101,True
6953,0,0,4102,4102,True
6954,0,0,4103,4103,True
6955,0.000186984092579,0.000563406560104,13572,13402,False
6956,0.000147372498759,0.000501064583659,13206,13222,False
6957,0,0,4104,4104,True
6958,0,0,4105,4105,True
6959,0.000746161676943,0.00251105520874,17261,17281,False
6960,0.00063104799483,0.00198619766161,16560,16288,False
6961,0.00108072906733,0.00355888181366,18452,18407,False
6962,0,0,4106,4106,True
6963,2.24348714255e-05,6.93502588547e-05,11805,11800,False
6964,0,0,4107,4107,True
6965,0.000441944372142,0.00142236822285,15163,15065,False
6966,0,0,4108,4108,True
6967,0.000843903515488,0.00281623448245,17722,17686,False
6968,0.0022496401798,0.00765883317217,19737,19746,False
6969,0.000967655272689,0.0034487680532,18156,18325,False
6970,0.000711702334229,0.00244446354918,17054,17163,False
6971,0.000676682160702,0.0023133601062,16863,16936,False
6972,0,0,4109,4109,True
6973,0.000676422554534,0.00223688199185,16861,16789,False
6974,0,0,4110,4110,True
6975,0,0,4111,4111,True
6976,0,0,4112,4112,True
6977,0,0,4113,4113,True
6978,0,0,4114,4114,True
6979,0.000531681347638,0.00180109392386,15788,15843,False
6980,0.000719173753168,0.00248653371818,17103,17233,False
6981,0.000191060287762,0.00073344114935,13601,13783,False
6982,0.000579334620852,0.00188562844414,16164,16024,False
6983,0,0,4115,4115,True
6984,0.000758633366786,0.00249905884266,17333,17257,False
6985,0.00105722248554,0.00352541962638,18396,18380,False
6986,0.00167009676807,0.00577793363482,19332,19368,False
6987,0,0,4116,4116,True
6988,0,0,4117,4117,True
6989,0,0,4118,4118,True
6990,0,0,4119,4119,True
6991,0,0,4120,4120,True
6992,0,0,4121,4121,True
6993,0.000119819400425,0.000400805409299,12919,12917,False
6994,0,0,4122,4122,True
6995,0.000353650568286,0.00117937871255,14624,14625,False
6996,0,0,4123,4123,True
6997,0.00054034992354,0.0017916422803,15849,15815,False
6998,0,0,4124,4124,True
6999,0,0,4125,4125,True
7000,0,0,4126,4126,True
7001,0,0,4127,4127,True
7002,0.000489170663059,0.00166136573534,15475,15521,False
7003,0.000123382124002,0.000427512713941,12958,12995,False
7004,0,0,4128,4128,True
7005,3.84219601983e-05,0.000146078178659,11925,11991,False
7006,0.000311896321364,0.00106788659468,14374,14415,False
7007,0,0,4129,4129,True
7008,0.000107408413896,0.00038216257235,12756,12859,False
7009,0,0,4130,4130,True
7010,0,0,4131,4131,True
7011,9.53759154072e-05,0.000320516352076,12630,12642,False
7012,0.000805777090136,0.00260750646703,17546,17422,False
7013,0.00224165408872,0.00750045897439,19736,19731,False
7014,0,0,4132,4132,True
7015,0,0,4133,4133,True
7016,0,0,4134,4134,True
7017,0.000146631558891,0.000566908798646,13200,13413,False
7018,0,0,4135,4135,True
7019,0,0,4136,4136,True
7020,0.00108833785634,0.00365936942399,18473,18478,False
7021,0.000747542246245,0.00250658532605,17272,17275,False
7022,0,0,4137,4137,True
7023,0,0,4138,4138,True
7024,0.00190087861847,0.00633212644607,19544,19531,False
7025,0.00108678347897,0.00372660695575,18469,18518,False
7026,0,0,4139,4139,True
7027,0,0,4140,4140,True
7028,0.000625177635811,0.00198933389038,16511,16294,False
7029,0,0,4141,4141,True
7030,0.000440387928393,0.00140864180867,15151,15040,False
7031,0,0,4142,4142,True
7032,0.00104178884067,0.00372556387447,18356,18517,False
7033,0,0,4143,4143,True
7034,0,0,4144,4144,True
7035,0,0,4145,4145,True
7036,0.000173644060851,0.000605503155384,13453,13513,False
7037,0,0,4146,4146,True
7038,0,0,4147,4147,True
7039,0,0,4148,4148,True
7040,0,0,4149,4149,True
7041,0.000435896217823,0.00138416839764,15129,14992,False
7042,0.000185067925486,0.000627130211797,13559,13564,False
7043,0,0,4150,4150,True
7044,0.000592502125073,0.00200272281654,16267,16319,False
7045,0,0,4151,4151,True
7046,0.000499732850585,0.00168011861388,15554,15552,False
7047,4.95118401886e-05,0.000218466171646,12060,12266,False
7048,0.000442726741312,0.00140626216307,15172,15038,False
7049,0.000543674395885,0.00183810875751,15871,15921,False
7050,0,0,4152,4152,True
7051,0.000169882827322,0.000564826012123,13419,13405,False
7052,0,0,4153,4153,True
7053,0.000874116900377,0.00298934034072,17830,17893,False
7054,0,0,4154,4154,True
7055,0.00104942929465,0.00335066276602,18378,18251,False
7056,0,0,4155,4155,True
7057,0.000122704252135,0.000397479656385,12949,12904,False
7058,0,0,4156,4156,True
7059,0,0,4157,4157,True
7060,0.000225134252105,0.000791410799138,13840,13907,False
7061,0,0,4158,4158,True
7062,0.0010396958096,0.00339275458828,18350,18279,False
7063,0,0,4159,4159,True
7064,0,0,4160,4160,True
7065,0,0,4161,4161,True
7066,0.000352999428287,0.00121184124146,14621,14671,False
7067,0,0,4162,4162,True
7068,0,0,4163,4163,True
7069,0,0,4164,4164,True
7070,0,0,4165,4165,True
7071,0.00090364809148,0.00313477031887,17946,18055,False
7072,0,0,4166,4166,True
7073,0,0,4167,4167,True
7074,3.9772978198e-05,0.000150152147398,11946,12010,False
7075,0,0,4168,4168,True
7076,6.3949766627e-05,0.00017818355991,12245,12113,False
7077,0,0,4169,4169,True
7078,0,0,4170,4170,True
7079,0.000149054467329,0.000487674784381,13223,13186,False
7080,0.000432681612438,0.0014486721484,15101,15119,False
7081,4.80416019855e-05,0.000120545810205,12037,11892,False
7082,0.00113524100743,0.0037719104439,18571,18554,False
7083,0,0,4171,4171,True
7084,0,0,4172,4172,True
7085,0.00051110307686,0.00166849291418,15632,15536,False
7086,0.000941343605518,0.00316522386856,18068,18088,False
7087,0,0,4173,4173,True
7088,0,0,4174,4174,True
7089,0.00162782147527,0.00540433498099,19292,19275,False
7090,0,0,4175,4175,True
7091,0,0,4176,4176,True
7092,0,0,4177,4177,True
7093,0,0,4178,4178,True
7094,0,0,4179,4179,True
7095,0.000394561240682,0.00135081168264,14876,14916,False
7096,0,0,4180,4180,True
7097,0.00217465381138,0.00705868331715,19709,19673,False
7098,0,0,4181,4181,True
7099,0.000180296920007,0.000629299785942,13519,13570,False
7100,0,0,4182,4182,True
7101,0,0,4183,4183,True
7102,0.00011830751464,0.000431425578427,12903,13014,False
7103,0.00169553479645,0.00537115428597,19359,19269,False
7104,0.000931594753638,0.00309526128694,18041,18015,False
7105,0.000500425056089,0.00166420591995,15561,15528,False
7106,0,0,4184,4184,True
7107,0.000948821601924,0.00320570589975,18098,18121,False
7108,0.000662535487209,0.00212139543146,16786,16574,False
7109,0,0,4185,4185,True
7110,0.000646375643555,0.00210424955003,16665,16532,False
7111,9.86822196865e-05,0.000304386456264,12668,12584,False
7112,7.02747420291e-05,0.000232247140957,12325,12322,False
7113,0.00217217882164,0.00708238128573,19705,19677,False
7114,0.000444345030701,0.0014561957214,15187,15135,False
7115,0,0,4186,4186,True
7116,0.000706762133632,0.00229688128456,17028,16897,False
7117,0,0,4187,4187,True
7118,0.00113455916289,0.0037398415152,18570,18529,False
7119,0,0,4188,4188,True
7120,0,0,4189,4189,True
7121,6.90176893841e-05,0.000195348678972,12312,12181,False
7122,0.000463840959128,0.00160153012257,15307,15411,False
7123,0,0,4190,4190,True
7124,0.000392949790694,0.00130605010781,14872,14846,False
7125,0,0,4191,4191,True
7126,0.000312357587973,0.00102962413803,14377,14359,False
7127,0.00172256841324,0.00589920347556,19384,19404,False
7128,0,0,4192,4192,True
7129,0.00139477965422,0.00475733634084,19020,19047,False
7130,0,0,4193,4193,True
7131,0.000769759470131,0.0026343872305,17381,17458,False
7132,0,0,4194,4194,True
7133,0,0,4195,4195,True
7134,0,0,4196,4196,True
7135,0.00056999392109,0.00192064139992,16082,16114,False
7136,0.000731556909159,0.002523051342,17177,17301,False
7137,3.94355192839e-05,0.0001419877226,11937,11974,False
7138,0,0,4197,4197,True
7139,0.000520344357938,0.00172599789221,15703,15655,False
7140,0,0,4198,4198,True
7141,0.000144345278386,0.000464051932795,13176,13115,False
7142,0,0,4199,4199,True
7143,0,0,4200,4200,True
7144,0,0,4201,4201,True
7145,0,0,4202,4202,True
7146,0,0,4203,4203,True
7147,0.000534295919351,0.00184180843644,15811,15930,False
7148,0,0,4204,4204,True
7149,0.00069620081922,0.0024459885899,16971,17167,False
7150,0,0,4205,4205,True
7151,0,0,4206,4206,True
7152,0,0,4207,4207,True
7153,0,0,4208,4208,True
7154,0.000181429684744,0.000678608252201,13532,13675,False
7155,0.000441036303528,0.00151441374328,15157,15244,False
7156,0,0,4209,4209,True
7157,0.000383128499379,0.00125678919721,14800,14751,False
7158,0,0,4210,4210,True
7159,4.41800984845e-05,0.000123661899124,11995,11912,False
7160,0.000368577166228,0.00122443540022,14694,14685,False
7161,0,0,4211,4211,True
7162,0.000201910661417,0.000635697098915,13687,13583,False
7163,0.000530863006134,0.00176489516161,15782,15746,False
7164,6.90642482368e-05,0.00020427115669,12313,12215,False
7165,0,0,4212,4212,True
7166,5.19777422596e-05,0.000146663413034,12092,11995,False
7167,0.000301267806208,0.00097551610088,14325,14258,False
7168,0,0,4213,4213,True
7169,0,0,4214,4214,True
7170,0.000252643454587,0.000835612707306,14035,14003,False
7171,0,0,4215,4215,True
7172,0,0,4216,4216,True
7173,0,0,4217,4217,True
7174,0.000920832972042,0.00314157945104,18002,18065,False
7175,0.00084680004511,0.00294362730347,17734,17842,False
7176,0.000120841374155,0.000382451515179,12929,12861,False
7177,0,0,4218,4218,True
7178,0,0,4219,4219,True
7179,0,0,4220,4220,True
7180,0.000631037342828,0.00206604972482,16559,16462,False
7181,0,0,4221,4221,True
7182,0,0,4222,4222,True
7183,0,0,4223,4223,True
7184,0.000554065394681,0.00183714681771,15950,15920,False
7185,0,0,4224,4224,True
7186,0.00013497407781,0.000482171191834,13083,13170,False
7187,0,0,4225,4225,True
7188,0,0,4226,4226,True
7189,0,0,4227,4227,True
7190,0,0,4228,4228,True
7191,0,0,4229,4229,True
7192,0,0,4230,4230,True
7193,0.000391717127059,0.00131463923026,14867,14862,False
7194,0,0,4231,4231,True
7195,0,0,4232,4232,True
7196,0.000751603161916,0.00251024402678,17296,17278,False
7197,0,0,4233,4233,True
7198,0,0,4234,4234,True
7199,0.00123365654144,0.00405791494995,18756,18711,False
7200,0,0,4235,4235,True
7201,0,0,4236,4236,True
7202,0.00106358225457,0.00361851789057,18417,18445,False
7203,0,0,4237,4237,True
7204,0.000721024698578,0.00234108162113,17115,16983,False
7205,0.00175977603067,0.00606023194268,19420,19464,False
7206,0,0,4238,4238,True
7207,0.000555946084205,0.00186957826372,15965,15987,False
7208,0.000487622601213,0.00170158175752,15466,15602,False
7209,0.000151052663568,0.000466351862997,13248,13123,False
7210,0.000225262730964,0.000736572721507,13842,13786,False
7211,0.000179148948519,0.000578076636884,13510,13446,False
7212,0,0,4239,4239,True
7213,0,0,4240,4240,True
7214,0.000378713244572,0.00157898198813,14764,15365,False
7215,0.000376501528081,0.00135087082162,14756,14917,False
7216,0.000956171075813,0.00333912763745,18121,18241,False
7217,0.00172533548903,0.00586182577536,19390,19394,False
7218,0.000245628092671,0.000881419575308,13980,14099,False
7219,0.000500223832205,0.00172991910949,15558,15660,False
7220,0,0,4241,4241,True
7221,0,0,4242,4242,True
7222,0.000866659916937,0.00283826026134,17809,17714,False
7223,0.000421335193096,0.00140347448178,15040,15027,False
7224,0,0,4243,4243,True
7225,0,0,4244,4244,True
7226,0,0,4245,4245,True
7227,0.00140412070323,0.00485251611099,19034,19091,False
7228,0,0,4246,4246,True
7229,0.000224292307394,0.000754754873924,13837,13827,False
7230,0,0,4247,4247,True
7231,0,0,4248,4248,True
7232,0.000371360947611,0.00116700399667,14717,14601,False
7233,0.000753297004849,0.00239376490936,17303,17072,False
7234,0,0,4249,4249,True
7235,0,0,4250,4250,True
7236,0,0,4251,4251,True
7237,0.000673337897751,0.0020994937513,16846,16524,False
7238,0,0,4252,4252,True
7239,0.000832902675029,0.00289626186714,17677,17791,False
7240,0,0,4253,4253,True
7241,0,0,4254,4254,True
7242,0,0,4255,4255,True
7243,0,0,4256,4256,True
7244,9.40670579439e-05,0.000289786315989,12616,12542,False
7245,0,0,4257,4257,True
7246,0.000195039101527,0.000622558582108,13621,13553,False
7247,0,0,4258,4258,True
7248,0,0,4259,4259,True
7249,0,0,4260,4260,True
7250,0,0,4261,4261,True
7251,0,0,4262,4262,True
7252,0,0,4263,4263,True
7253,0,0,4264,4264,True
7254,0,0,4265,4265,True
7255,0.000475820415886,0.00154840201139,15374,15312,False
7256,0,0,4266,4266,True
7257,0.00149137806147,0.00516709685326,19150,19205,False
7258,0,0,4267,4267,True
7259,0.00137636018917,0.00472664134577,18994,19025,False
7260,0,0,4268,4268,True
7261,0,0,4269,4269,True
7262,0.00109348027036,0.00376794557087,18482,18553,False
7263,0,0,4270,4270,True
7264,0.000606216897722,0.00207053404301,16385,16472,False
7265,0.000657417054754,0.00225618551485,16745,16831,False
7266,0,0,4271,4271,True
7267,0,0,4272,4272,True
7268,0,0,4273,4273,True
7269,0,0,4274,4274,True
7270,0,0,4275,4275,True
7271,0,0,4276,4276,True
7272,0,0,4277,4277,True
7273,0.00131184048951,0.00432823086157,18891,18852,False
7274,0.000618411402684,0.00202583801001,16462,16383,False
7275,0,0,4278,4278,True
7276,0,0,4279,4279,True
7277,0,0,4280,4280,True
7278,0.000848795520142,0.00295528722927,17743,17857,False
7279,0,0,4281,4281,True
7280,0,0,4282,4282,True
7281,0.000805371964816,0.00266629550606,17544,17501,False
7282,0,0,4283,4283,True
7283,0,0,4284,4284,True
7284,0,0,4285,4285,True
7285,0,0,4286,4286,True
7286,0.00019249903562,0.000710372696631,13608,13738,False
7287,0,0,4287,4287,True
7288,0.000807786243968,0.00270490464754,17550,17551,False
7289,0,0,4288,4288,True
7290,0,0,4289,4289,True
7291,0.000415169284679,0.00145652296487,14993,15137,False
7292,0,0,4290,4290,True
7293,0,0,4291,4291,True
7294,0.000297896825941,0.00101555557922,14304,14335,False
7295,0.0003075292625,0.000944565807004,14352,14217,False
7296,0.00254001887515,0.00878418330103,19803,19814,False
7297,0.00122429267503,0.0041392785497,18740,18746,False
7298,0,0,4292,4292,True
7299,0.000553779711481,0.00179000315256,15948,15813,False
7300,0,0,4293,4293,True
7301,0.00168002629653,0.00576034374535,19343,19363,False
7302,0,0,4294,4294,True
7303,0,0,4295,4295,True
7304,0,0,4296,4296,True
7305,0.000977760530077,0.00319129787385,18194,18107,False
7306,0,0,4297,4297,True
7307,0,0,4298,4298,True
7308,9.68101812759e-05,0.000352136907168,12645,12730,False
7309,0,0,4299,4299,True
7310,0.000567914627027,0.00189019169193,16060,16037,False
7311,0,0,4300,4300,True
7312,0,0,4301,4301,True
7313,0,0,4302,4302,True
7314,0.000444786332082,0.00143050053157,15189,15079,False
7315,0,0,4303,4303,True
7316,0.0012865770841,0.00423359079286,18852,18802,False
7317,0.000847687013447,0.00289343670011,17736,17787,False
7318,0,0,4304,4304,True
7319,0,0,4305,4305,True
7320,0,0,4306,4306,True
7321,0.000725751800928,0.00238318159245,17146,17055,False
7322,0,0,4307,4307,True
7323,0.00176822813228,0.005961954128,19434,19433,False
7324,0.000635440868791,0.00223933928646,16593,16801,False
7325,0,0,4308,4308,True
7326,0,0,4309,4309,True
7327,0,0,4310,4310,True
7328,0,0,4311,4311,True
7329,0,0,4312,4312,True
7330,0.000557753606699,0.00189449056052,15984,16044,False
7331,0,0,4313,4313,True
7332,0,0,4314,4314,True
7333,0,0,4315,4315,True
7334,0.00116495252587,0.00381369050592,18631,18574,False
7335,0.000617339741439,0.00201405934058,16449,16350,False
7336,0,0,4316,4316,True
7337,0,0,4317,4317,True
7338,0.000711888773367,0.00237563881092,17055,17034,False
7339,0,0,4318,4318,True
7340,0.000517111853696,0.0016966535477,15674,15597,False
7341,0.00073017179966,0.00249558873475,17167,17246,False
7342,0,0,4319,4319,True
7343,0,0,4320,4320,True
7344,0,0,4321,4321,True
7345,0.000140850635944,0.000465959135909,13143,13122,False
7346,0.00283000525087,0.00981054082513,19845,19848,False
7347,0.000336238183081,0.00109963817522,14523,14467,False
7348,0,0,4322,4322,True
7349,0.000154090259457,0.000403248413932,13275,12924,False
7350,0.000697983021382,0.00230974098668,16981,16929,False
7351,0,0,4323,4323,True
7352,0,0,4324,4324,True
7353,0,0,4325,4325,True
7354,0.000907233392354,0.00309783150442,17957,18019,False
7355,0,0,4326,4326,True
7356,0.000886388879735,0.002997914562,17885,17899,False
7357,0,0,4327,4327,True
7358,0,0,4328,4328,True
7359,0,0,4329,4329,True
7360,0,0,4330,4330,True
7361,0,0,4331,4331,True
7362,0,0,4332,4332,True
7363,0.000945389794651,0.00319026224315,18087,18106,False
7364,0.000582847860642,0.00207036081702,16193,16471,False
7365,0.000617376179434,0.00204712431878,16450,16429,False
7366,0,0,4333,4333,True
7367,0,0,4334,4334,True
7368,0.00130926631391,0.00442212959751,18882,18896,False
7369,0.000107512183604,0.000340049038641,12759,12698,False
7370,0,0,4335,4335,True
7371,0,0,4336,4336,True
7372,0,0,4337,4337,True
7373,0.000314691686071,0.00110496336129,14391,14479,False
7374,0,0,4338,4338,True
7375,0,0,4339,4339,True
7376,0,0,4340,4340,True
7377,0.000456471811049,0.00162895210087,15260,15455,False
7378,0,0,4341,4341,True
7379,0,0,4342,4342,True
7380,0,0,4343,4343,True
7381,0,0,4344,4344,True
7382,0,0,4345,4345,True
7383,0,0,4346,4346,True
7384,0,0,4347,4347,True
7385,0,0,4348,4348,True
7386,0,0,4349,4349,True
7387,0.000342884362908,0.00112683488987,14564,14522,False
7388,0.000770800979808,0.00258527230471,17386,17388,False
7389,0.000133654597448,0.000440482865088,13063,13038,False
7390,0.000602650281508,0.00208057812415,16354,16495,False
7391,0.000976192124654,0.00330741261132,18189,18213,False
7392,0,0,4350,4350,True
7393,0.000733535795007,0.00248775631189,17192,17235,False
7394,0,0,4351,4351,True
7395,0,0,4352,4352,True
7396,0,0,4353,4353,True
7397,0,0,4354,4354,True
7398,0.000400549761252,0.00136601948179,14914,14949,False
7399,0,0,4355,4355,True
7400,0,0,4356,4356,True
7401,0.00110998202581,0.00372724072076,18521,18519,False
7402,0,0,4357,4357,True
7403,0,0,4358,4358,True
7404,0,0,4359,4359,True
7405,0,0,4360,4360,True
7406,0,0,4361,4361,True
7407,0,0,4362,4362,True
7408,0.000144476434798,0.000487982004415,13178,13188,False
7409,0,0,4363,4363,True
7410,0,0,4364,4364,True
7411,0,0,4365,4365,True
7412,0,0,4366,4366,True
7413,0,0,4367,4367,True
7414,0,0,4368,4368,True
7415,0,0,4369,4369,True
7416,0.000950904970523,0.00310945743695,18108,18032,False
7417,0,0,4370,4370,True
7418,0,0,4371,4371,True
7419,0,0,4372,4372,True
7420,0,0,4373,4373,True
7421,0,0,4374,4374,True
7422,0,0,4375,4375,True
7423,0,0,4376,4376,True
7424,0,0,4377,4377,True
7425,0.000550802564248,0.00185236136895,15923,15950,False
7426,0,0,4378,4378,True
7427,1.65813908097e-05,5.56353770662e-05,11790,11788,False
7428,0,0,4379,4379,True
7429,0,0,4380,4380,True
7430,0,0,4381,4381,True
7431,0.000522879650816,0.00178771838546,15720,15810,False
7432,0,0,4382,4382,True
7433,0,0,4383,4383,True
7434,0.000112876747153,0.000362113438314,12834,12771,False
7435,0.000437021692051,0.00159479770809,15131,15396,False
7436,0,0,4384,4384,True
7437,0.000103726910311,0.000334324722644,12723,12679,False
7438,0,0,4385,4385,True
7439,0,0,4386,4386,True
7440,0.00025984106469,0.000872972072102,14080,14082,False
7441,0,0,4387,4387,True
7442,0,0,4388,4388,True
7443,0.000176373316208,0.00057050480973,13484,13423,False
7444,4.05117207265e-05,0.000134082656587,11956,11937,False
7445,0.000833358906675,0.00280371238478,17681,17667,False
7446,0,0,4389,4389,True
7447,0.000487859506393,0.00161467608996,15469,15435,False
7448,0.000571238109842,0.00187929812819,16089,16013,False
7449,0.000370628928067,0.00127254577819,14709,14790,False
7450,0,0,4390,4390,True
7451,0.00159472506493,0.00544920749962,19266,19284,False
7452,0.000143790253787,0.000479331531096,13171,13159,False
7453,0,0,4391,4391,True
7454,0,0,4392,4392,True
7455,0,0,4393,4393,True
7456,0,0,4394,4394,True
7457,4.60214978375e-05,0.000150846681208,12019,12014,False
7458,0.00104555883445,0.00342377903871,18368,18306,False
7459,0.000820345710963,0.0029530080501,17617,17855,False
7460,0.000527225958649,0.00174154480919,15758,15691,False
7461,0,0,4395,4395,True
7462,0,0,4396,4396,True
7463,0,0,4397,4397,True
7464,0.000394170056097,0.00129627587739,14874,14822,False
7465,0,0,4398,4398,True
7466,0,0,4399,4399,True
7467,0.000181756462553,0.000614327553194,13536,13535,False
7468,0.00112862396054,0.00372457271442,18564,18516,False
7469,0,0,4400,4400,True
7470,0,0,4401,4401,True
7471,0,0,4402,4402,True
7472,0,0,4403,4403,True
7473,0,0,4404,4404,True
7474,0.000725976016838,0.00239617587067,17148,17078,False
7475,0,0,4405,4405,True
7476,0,0,4406,4406,True
7477,0,0,4407,4407,True
7478,0.00011308692774,0.000338249752531,12838,12691,False
7479,0,0,4408,4408,True
7480,0.000419702409999,0.00135643186513,15029,14928,False
7481,0,0,4409,4409,True
7482,0,0,4410,4410,True
7483,0,0,4411,4411,True
7484,0.000304175395286,0.00094893440837,14336,14222,False
7485,0.000249301519943,0.000765017815866,14008,13853,False
7486,0,0,4412,4412,True
7487,0.0006773834466,0.00237072538584,16868,17023,False
7488,0,0,4413,4413,True
7489,4.4587530283e-05,0.000121976299852,12001,11901,False
7490,0,0,4414,4414,True
7491,0.000275795842754,0.000799690315034,14180,13927,False
7492,0,0,4415,4415,True
7493,0,0,4416,4416,True
7494,0,0,4417,4417,True
7495,0,0,4418,4418,True
7496,0,0,4419,4419,True
7497,0.000701407436281,0.00244012591429,17003,17153,False
7498,0,0,4420,4420,True
7499,0.00172494433355,0.00579638592899,19388,19373,False
7500,0.000539858243428,0.00180800887756,15845,15861,False
7501,0,0,4421,4421,True
7502,0,0,4422,4422,True
7503,0,0,4423,4423,True
7504,0,0,4424,4424,True
7505,0,0,4425,4425,True
7506,0.00116232107393,0.00386493233964,18624,18604,False
7507,0,0,4426,4426,True
7508,0.000653694442008,0.00212998595089,16721,16588,False
7509,0.00105366692878,0.00357641559094,18387,18419,False
7510,0.000159035698744,0.000530481629539,13319,13291,False
7511,0.00186778674833,0.00637111999094,19518,19542,False
7512,0.000551535864361,0.00187167199329,15927,15994,False
7513,0.0013946123654,0.00474051060155,19019,19036,False
7514,0,0,4427,4427,True
7515,0.000844953057822,0.00279695237987,17728,17658,False
7516,0.00033996780985,0.00113675964531,14547,14538,False
7517,0,0,4428,4428,True
7518,0.00194049277343,0.00652093905956,19568,19573,False
7519,0.00134444073774,0.00458394084126,18943,18968,False
7520,0.000731075997464,0.00252547720447,17173,17306,False
7521,0,0,4429,4429,True
7522,0.000693346024491,0.00230262195691,16956,16915,False
7523,0,0,4430,4430,True
7524,0,0,4431,4431,True
7525,0.000303775916109,0.00100063276477,14334,14307,False
7526,0,0,4432,4432,True
7527,0.0014254526468,0.00479980790988,19061,19068,False
7528,0.00102167308796,0.00331912422553,18307,18221,False
7529,0.00245260749944,0.00824973918498,19786,19788,False
7530,0,0,4433,4433,True
7531,0.000628377893008,0.00220882683061,16536,16745,False
7532,0.000739528681152,0.00248480006121,17225,17229,False
7533,0,0,4434,4434,True
7534,0.000389524822822,0.00137382384855,14851,14967,False
7535,0.000414498150349,0.00139041012153,14990,15007,False
7536,0.00176485220436,0.00596148986369,19427,19432,False
7537,0.000166692800121,0.000518895685673,13394,13257,False
7538,0.00079110317165,0.00257028429769,17486,17367,False
7539,0.00160798337311,0.00555593520403,19277,19310,False
7540,0.000253761594649,0.000874238496181,14044,14084,False
7541,0.00213273987174,0.00736960722134,19693,19717,False
7542,0.000521618232597,0.00175609858707,15709,15726,False
7543,0.000146946797031,0.000461831950815,13202,13107,False
7544,0,0,4435,4435,True
7545,0.00210447493009,0.00702910358086,19681,19667,False
7546,0.0005549864145,0.00184889230877,15958,15946,False
7547,0.000510404352099,0.00176215649117,15627,15737,False
7548,0.00022397263092,0.000779980618972,13833,13889,False
7549,0.000983282341622,0.00328108388931,18215,18190,False
7550,0.000623011088464,0.00204206467606,16501,16418,False
7551,0.000666229811031,0.00230365525931,16807,16917,False
7552,0.000356127711711,0.00114503351506,14640,14556,False
7553,0,0,4436,4436,True
7554,0.000378777098376,0.00127245124895,14765,14788,False
7555,0.00160932226572,0.00550027610734,19280,19293,False
7556,0.000110050517833,0.000257927225903,12795,12423,False
7557,0.000756212335546,0.00253232941031,17315,17317,False
7558,0.000696523173247,0.00223825569265,16972,16796,False
7559,0.000394552596845,0.00131312408485,14875,14860,False
7560,0,0,4437,4437,True
7561,0.000692235247698,0.00233860500157,16948,16977,False
7562,0,0,4438,4438,True
7563,0,0,4439,4439,True
7564,0.0004014162987,0.00131475762464,14919,14863,False
7565,0.00113973626867,0.00380027852952,18580,18572,False
7566,0.000235313171288,0.000689038715791,13917,13693,False
7567,0,0,4440,4440,True
7568,0.000338052603183,0.00103686691727,14530,14371,False
7569,0.00161150842905,0.00539616681635,19283,19272,False
7570,0.00180750305299,0.00587552133948,19467,19397,False
7571,0.000724075827748,0.00237851776183,17138,17042,False
7572,0.000434141140431,0.00143951689824,15112,15102,False
7573,0.000846056849696,0.00283492449671,17733,17709,False
7574,0.000550121942069,0.00173249666113,15919,15669,False
7575,0.000294688070426,0.00102020509075,14285,14339,False
7576,0.00166249251924,0.00573130184785,19326,19358,False
7577,0.000710928405169,0.00228820275515,17052,16884,False
7578,0.000623613887001,0.00191925955005,16505,16110,False
7579,0,0,4441,4441,True
7580,0.000475904875202,0.00155607610941,15376,15325,False
7581,0.000544610025827,0.00195074395742,15879,16202,False
7582,0.00115743326023,0.00382173154503,18617,18581,False
7583,0,0,4442,4442,True
7584,0,0,4443,4443,True
7585,0.00180112279486,0.00603952212259,19461,19458,False
7586,0.0011937773088,0.00382047146559,18684,18579,False
7587,0,0,4444,4444,True
7588,0,0,4445,4445,True
7589,0.000717721064575,0.00242532975972,17092,17133,False
7590,0,0,4446,4446,True
7591,0.000533939048182,0.00173165660817,15807,15666,False
7592,0,0,4447,4447,True
7593,0,0,4448,4448,True
7594,0.00234147161245,0.00798406545073,19759,19771,False
7595,8.80531515577e-05,0.000291717471555,12550,12550,False
7596,0.0014733140124,0.00498775811866,19137,19140,False
7597,3.65500454791e-05,0.000145130397868,11904,11985,False
7598,0,0,4449,4449,True
7599,0,0,4450,4450,True
7600,0.000174916072865,0.000548970536329,13468,13356,False
7601,0.00212673610076,0.00724101811647,19690,19701,False
7602,0.00091756391339,0.00312605127692,17993,18047,False
7603,0.000731750100385,0.00246397173032,17179,17192,False
7604,0,0,4451,4451,True
7605,0.000495230837259,0.00156252027955,15519,15335,False
7606,0,0,4452,4452,True
7607,7.91702404968e-05,0.000249068718404,12440,12382,False
7608,0,0,4453,4453,True
7609,0.00056129618315,0.00196487689391,16010,16239,False
7610,0.000576068647206,0.0018722799141,16133,15996,False
7611,0,0,4454,4454,True
7612,0.00133280607406,0.00453855516389,18925,18943,False
7613,0,0,4455,4455,True
7614,0.0028105492238,0.00960849691182,19843,19842,False
7615,9.68208696577e-05,0.000318627047818,12646,12635,False
7616,0.000856886908878,0.00285110925324,17774,17735,False
7617,0.00182552612387,0.0060412385501,19487,19460,False
7618,0,0,4456,4456,True
7619,0.0015210834099,0.00531970523298,19198,19252,False
7620,0.000511903665029,0.0017181354342,15640,15641,False
7621,0.000683625752572,0.00217900867574,16903,16687,False
7622,0,0,4457,4457,True
7623,0.00052174233133,0.00163987686392,15712,15477,False
7624,0.000611750991084,0.00213045091368,16417,16589,False
7625,0.000373932154616,0.00125030078925,14737,14735,False
7626,0.000749227358028,0.00251049734652,17282,17279,False
7627,0.000317611178616,0.00112017523497,14403,14504,False
7628,8.50613068906e-05,0.000280567532172,12507,12516,False
7629,0,0,4458,4458,True
7630,0.000672598951496,0.00227353256196,16841,16854,False
7631,0,0,4459,4459,True
7632,4.89795238536e-05,0.000130184154841,12049,11927,False
7633,0,0,4460,4460,True
7634,0.000832596968394,0.00287269195542,17675,17760,False
7635,0,0,4461,4461,True
7636,0,0,4462,4462,True
7637,0,0,4463,4463,True
7638,0,0,4464,4464,True
7639,0.000674521666951,0.00236268667504,16850,17012,False
7640,0,0,4465,4465,True
7641,0,0,4466,4466,True
7642,0,0,4467,4467,True
7643,0,0,4468,4468,True
7644,0.000739631592296,0.00243672076613,17227,17145,False
7645,0,0,4469,4469,True
7646,0.0010881787166,0.00362284481525,18472,18448,False
7647,0,0,4470,4470,True
7648,0,0,4471,4471,True
7649,0,0,4472,4472,True
7650,0,0,4473,4473,True
7651,0,0,4474,4474,True
7652,0.000495253072586,0.00173901591916,15520,15685,False
7653,0.00100108189508,0.00329933990724,18255,18199,False
7654,0.00209462596104,0.00700146565214,19672,19660,False
7655,0,0,4475,4475,True
7656,0,0,4476,4476,True
7657,0.000548787240405,0.00177128205542,15905,15766,False
7658,0,0,4477,4477,True
7659,0.000169696300873,0.000644961954094,13415,13609,False
7660,0.000141803582665,0.000497248372994,13153,13214,False
7661,0.000990369240753,0.00319445412606,18227,18108,False
7662,0,0,4478,4478,True
7663,0,0,4479,4479,True
7664,0.000494965759572,0.00172668579035,15517,15656,False
7665,0.000352760136593,0.00119950505905,14618,14653,False
7666,5.95460223849e-05,0.000210061785765,12182,12238,False
7667,0,0,4480,4480,True
7668,0,0,4481,4481,True
7669,0,0,4482,4482,True
7670,0,0,4483,4483,True
7671,0.00050478358753,0.00174844940193,15590,15711,False
7672,0,0,4484,4484,True
7673,0,0,4485,4485,True
7674,0,0,4486,4486,True
7675,0.000549755990505,0.00213556573726,15914,16601,False
7676,0,0,4487,4487,True
7677,0.000726329511963,0.00244688312523,17149,17169,False
7678,0,0,4488,4488,True
7679,0,0,4489,4489,True
7680,0,0,4490,4490,True
7681,0,0,4491,4491,True
7682,0,0,4492,4492,True
7683,0.000106795137981,0.000344267609762,12752,12708,False
7684,0.000195078071556,0.0006931713433,13623,13702,False
7685,0.000207623350434,0.000737076392397,13726,13788,False
7686,9.03713589651e-05,0.000301624357235,12579,12577,False
7687,0,0,4493,4493,True
7688,0.000470311002573,0.00157011137344,15343,15345,False
7689,0.000145797486766,0.000494753359817,13192,13205,False
7690,0.00131077284459,0.0043820599094,18888,18876,False
7691,0,0,4494,4494,True
7692,0.000580186257139,0.00195384002291,16172,16214,False
7693,0,0,4495,4495,True
7694,0.000646672328003,0.00210711243562,16668,16536,False
7695,0,0,4496,4496,True
7696,0,0,4497,4497,True
7697,0,0,4498,4498,True
7698,0.00253111962229,0.00843868870288,19802,19797,False
7699,0,0,4499,4499,True
7700,0,0,4500,4500,True
7701,0,0,4501,4501,True
7702,0,0,4502,4502,True
7703,0,0,4503,4503,True
7704,0,0,4504,4504,True
7705,0,0,4505,4505,True
7706,0.00129227805883,0.00431106705219,18858,18842,False
7707,0.00222178944387,0.00735812913626,19726,19716,False
7708,0,0,4506,4506,True
7709,0,0,4507,4507,True
7710,0.00104634219315,0.00354353780858,18369,18395,False
7711,0,0,4508,4508,True
7712,0.000123675228679,0.000435381691204,12961,13022,False
7713,0,0,4509,4509,True
7714,0,0,4510,4510,True
7715,0,0,4511,4511,True
7716,0.000127085673739,0.000424093537731,12997,12986,False
7717,0.000594789453316,0.00197041104548,16292,16256,False
7718,0,0,4512,4512,True
7719,0.00123529485427,0.00416273297742,18760,18756,False
7720,0.00111661467236,0.00366168143228,18541,18480,False
7721,0.000388650223613,0.00129737774841,14845,14825,False
7722,2.83764384221e-05,0.000109338936454,11829,11859,False
7723,0,0,4513,4513,True
7724,0,0,4514,4514,True
7725,0.000699822616298,0.00228084577248,16994,16868,False
7726,0,0,4515,4515,True
7727,0.000663211336359,0.00214578118175,16792,16619,False
7728,0,0,4516,4516,True
7729,0.0011622622842,0.00391367357224,18623,18635,False
7730,0,0,4517,4517,True
7731,0,0,4518,4518,True
7732,0.00104468513746,0.00352092296816,18365,18377,False
7733,0,0,4519,4519,True
7734,0,0,4520,4520,True
7735,0,0,4521,4521,True
7736,0.00138220062945,0.00461986567825,19003,18985,False
7737,0,0,4522,4522,True
7738,0,0,4523,4523,True
7739,0,0,4524,4524,True
7740,0,0,4525,4525,True
7741,0,0,4526,4526,True
7742,0.00189062254503,0.00615520169958,19537,19485,False
7743,0,0,4527,4527,True
7744,3.95288661821e-05,0.000123331425129,11940,11910,False
7745,0.000110479559225,0.000315425655572,12799,12623,False
7746,0,0,4528,4528,True
7747,8.31498327898e-05,0.000274272315437,12489,12490,False
7748,0.000972692214418,0.00326181249693,18172,18172,False
7749,4.3504354835e-05,9.9317432614e-05,11987,11839,False
7750,0.000479221896967,0.00168725848198,15401,15571,False
7751,0,0,4529,4529,True
7752,0,0,4530,4530,True
7753,0.00184104440268,0.00617402140051,19496,19492,False
7754,0.000347438675817,0.0011604023166,14588,14584,False
7755,0,0,4531,4531,True
7756,0.000148998282384,0.000548843003344,13221,13354,False
7757,0.00085643818602,0.00290112593211,17770,17802,False
7758,0,0,4532,4532,True
7759,0,0,4533,4533,True
7760,0,0,4534,4534,True
7761,0,0,4535,4535,True
7762,0.000149150888319,0.000548333278857,13225,13351,False
7763,0.00018908266793,0.000666212523356,13586,13647,False
7764,0.00015735506895,0.000524569419213,13310,13274,False
7765,6.91993554938e-05,0.000271085533313,12314,12480,False
7766,0,0,4536,4536,True
7767,0,0,4537,4537,True
7768,0,0,4538,4538,True
7769,0.00218331790529,0.00726146670058,19716,19707,False
7770,0.000122155543067,0.00039702677168,12943,12903,False
7771,0,0,4539,4539,True
7772,0,0,4540,4540,True
7773,0.000810420955531,0.00272013130598,17563,17575,False
7774,0.000478294037748,0.0015205462696,15390,15254,False
7775,0.00107446638867,0.00368269579485,18437,18492,False
7776,0,0,4541,4541,True
7777,0.000953111157287,0.00342519883998,18115,18309,False
7778,0,0,4542,4542,True
7779,0,0,4543,4543,True
7780,0,0,4544,4544,True
7781,0.00204595807008,0.00671467417851,19646,19609,False
7782,0.000647820124868,0.0021230711136,16673,16577,False
7783,0,0,4545,4545,True
7784,0.000836726336274,0.00280632288195,17698,17671,False
7785,2.3693395633e-05,9.02682877495e-05,11810,11820,False
7786,0,0,4546,4546,True
7787,0,0,4547,4547,True
7788,0,0,4548,4548,True
7789,0,0,4549,4549,True
7790,0,0,4550,4550,True
7791,0.000159598188475,0.000701637531165,13325,13722,False
7792,0.00039286489482,0.00130715186242,14871,14847,False
7793,0,0,4551,4551,True
7794,0,0,4552,4552,True
7795,0.000882182910573,0.00284090521745,17868,17717,False
7796,0,0,4553,4553,True
7797,0,0,4554,4554,True
7798,0,0,4555,4555,True
7799,0.000571486132685,0.00209447415546,16094,16517,False
7800,0.00163280207198,0.00541411200538,19297,19278,False
7801,0,0,4556,4556,True
7802,0,0,4557,4557,True
7803,0.00065900204936,0.00221792259254,16757,16767,False
7804,0.000136395203299,0.000457889313111,13100,13090,False
7805,0,0,4558,4558,True
7806,0,0,4559,4559,True
7807,0.000352181727067,0.00129666470457,14615,14824,False
7808,0.000630561262369,0.00197474518791,16549,16267,False
7809,0.000573949480895,0.00196172622964,16114,16232,False
7810,0,0,4560,4560,True
7811,0,0,4561,4561,True
7812,0.000159967166837,0.000483714044094,13330,13176,False
7813,0,0,4562,4562,True
7814,0,0,4563,4563,True
7815,0.000663993763737,0.00222310400568,16795,16770,False
7816,0.000144967401866,0.000465405319119,13181,13120,False
7817,0,0,4564,4564,True
7818,0.000823062146083,0.00284200813621,17629,17722,False
7819,0.000339653634001,0.0011749684345,14544,14614,False
7820,0,0,4565,4565,True
7821,0,0,4566,4566,True
7822,0,0,4567,4567,True
7823,0,0,4568,4568,True
7824,0.000137242488563,0.000495397020131,13112,13209,False
7825,0,0,4569,4569,True
7826,0,0,4570,4570,True
7827,0.000132719491376,0.000471983279567,13048,13139,False
7828,0,0,4571,4571,True
7829,0.000127928971779,0.000408775376854,13003,12938,False
7830,0.00025827542413,0.00084974715719,14070,14025,False
7831,0.000288858311251,0.000980529002845,14258,14272,False
7832,0.00152504106518,0.00505579495803,19202,19157,False
7833,8.17104737507e-05,0.00026392316795,12470,12446,False
7834,0,0,4572,4572,True
7835,0.000304053130094,0.00101150176488,14335,14331,False
7836,0,0,4573,4573,True
7837,0.00144177884795,0.00498455017805,19093,19138,False
7838,0,0,4574,4574,True
7839,0.000417574716266,0.00139422737993,15013,15014,False
7840,0.000329592148773,0.00110527907964,14473,14481,False
7841,0,0,4575,4575,True
7842,0.000256324157817,0.000890190363862,14060,14112,False
7843,0.00124357291497,0.00405577430502,18774,18709,False
7844,0.000726786674932,0.00243492471054,17152,17143,False
7845,0.00085043796571,0.00282526086085,17752,17694,False
7846,0,0,4576,4576,True
7847,0.000310513336444,0.00117127492558,14365,14606,False
7848,0.00229017832316,0.00802135840058,19748,19773,False
7849,0,0,4577,4577,True
7850,0,0,4578,4578,True
7851,0.000627211877145,0.00220113061368,16527,16727,False
7852,0,0,4579,4579,True
7853,0.000577150378376,0.00193706771825,16144,16162,False
7854,0.000352828094037,0.00114503223449,14619,14555,False
7855,0,0,4580,4580,True
7856,0.000546950963326,0.00183666008525,15893,15917,False
7857,0,0,4581,4581,True
7858,0.00138145673554,0.00461278762668,19001,18982,False
7859,0,0,4582,4582,True
7860,0,0,4583,4583,True
7861,0,0,4584,4584,True
7862,0,0,4585,4585,True
7863,0.000798320223112,0.00265976646915,17513,17496,False
7864,0.000262760586338,0.000939310761169,14102,14205,False
7865,0.000344581290847,0.00116489082575,14576,14594,False
7866,0.000172071202542,0.000587185611948,13442,13469,False
7867,0.00227690092288,0.00797086767852,19744,19767,False
7868,0.000991911860183,0.00328485295177,18233,18192,False
7869,0.00166678975802,0.00554273137823,19330,19305,False
7870,0.000463606615085,0.00163218099624,15304,15460,False
7871,0,0,4586,4586,True
7872,0,0,4587,4587,True
7873,0,0,4588,4588,True
7874,0.000335008080583,0.00119121791795,14512,14644,False
7875,0.00102761317976,0.00338774523698,18328,18275,False
7876,0,0,4589,4589,True
7877,0,0,4590,4590,True
7878,0,0,4591,4591,True
7879,0.000296295736916,0.00104247173294,14296,14376,False
7880,0,0,4592,4592,True
7881,0.00168028462213,0.00562885915861,19344,19326,False
7882,0,0,4593,4593,True
7883,0.000153508182848,0.000486464618007,13267,13184,False
7884,0.00090912997257,0.00310543342493,17965,18026,False
7885,0,0,4594,4594,True
7886,0,0,4595,4595,True
7887,0,0,4596,4596,True
7888,0,0,4597,4597,True
7889,8.66071932251e-05,0.00030990538653,12525,12603,False
7890,0,0,4598,4598,True
7891,0,0,4599,4599,True
7892,0,0,4600,4600,True
7893,0.000324548396748,0.00113475788385,14440,14535,False
7894,0,0,4601,4601,True
7895,0.000113094567496,0.000368852721294,12839,12805,False
7896,0.000101528392406,0.000349253416061,12701,12723,False
7897,0,0,4602,4602,True
7898,0,0,4603,4603,True
7899,0.00122965918854,0.00403136340901,18748,18692,False
7900,0,0,4604,4604,True
7901,0,0,4605,4605,True
7902,0,0,4606,4606,True
7903,0,0,4607,4607,True
7904,0,0,4608,4608,True
7905,0,0,4609,4609,True
7906,0.000527593831066,0.00170506699942,15762,15613,False
7907,0,0,4610,4610,True
7908,0,0,4611,4611,True
7909,0,0,4612,4612,True
7910,0,0,4613,4613,True
7911,0.000289497460471,0.000940077996347,14262,14206,False
7912,0,0,4614,4614,True
7913,0,0,4615,4615,True
7914,9.66411389527e-05,0.000334801356075,12643,12680,False
7915,0.000647968961857,0.00224696286023,16676,16814,False
7916,0,0,4616,4616,True
7917,0.000434630113887,0.00143324269447,15117,15091,False
7918,0,0,4617,4617,True
7919,0.000148923572851,0.00054725818336,13220,13348,False
7920,0,0,4618,4618,True
7921,0.000315198587487,0.00102193816565,14392,14344,False
7922,0,0,4619,4619,True
7923,0,0,4620,4620,True
7924,0,0,4621,4621,True
7925,0.000104204889794,0.000350043497747,12727,12725,False
7926,0.000375735573471,0.00126906356309,14752,14780,False
7927,0.00255255540833,0.00872934889048,19804,19809,False
7928,5.93410586589e-05,0.000188836260349,12180,12161,False
7929,0,0,4622,4622,True
7930,0,0,4623,4623,True
7931,0,0,4624,4624,True
7932,1.07644200398e-05,5.31981422682e-05,11784,11787,False
7933,0,0,4625,4625,True
7934,0.000268671748927,0.000898198923096,14135,14125,False
7935,0,0,4626,4626,True
7936,0,0,4627,4627,True
7937,0,0,4628,4628,True
7938,0,0,4629,4629,True
7939,0,0,4630,4630,True
7940,0,0,4631,4631,True
7941,0,0,4632,4632,True
7942,0.00192005827557,0.00625851470977,19554,19515,False
7943,0,0,4633,4633,True
7944,0,0,4634,4634,True
7945,0,0,4635,4635,True
7946,0,0,4636,4636,True
7947,0,0,4637,4637,True
7948,0,0,4638,4638,True
7949,0,0,4639,4639,True
7950,0,0,4640,4640,True
7951,0,0,4641,4641,True
7952,5.35164144821e-05,0.000174377215444,12111,12100,False
7953,0,0,4642,4642,True
7954,0,0,4643,4643,True
7955,0,0,4644,4644,True
7956,0.000622989726253,0.00224386411719,16500,16807,False
7957,0.00188560667448,0.0063322330825,19534,19532,False
7958,0.000149704224896,0.000465025485028,13231,13119,False
7959,7.86722739576e-05,0.00027258443879,12423,12483,False
7960,0,0,4645,4645,True
7961,0,0,4646,4646,True
7962,0,0,4647,4647,True
7963,0,0,4648,4648,True
7964,0,0,4649,4649,True
7965,0,0,4650,4650,True
7966,0,0,4651,4651,True
7967,7.74479776737e-05,0.000258664163994,12405,12429,False
7968,0.000313748168992,0.00106462382246,14384,14411,False
7969,0,0,4652,4652,True
7970,0,0,4653,4653,True
7971,0,0,4654,4654,True
7972,0,0,4655,4655,True
7973,0.000485025375383,0.00156548956875,15445,15338,False
7974,0,0,4656,4656,True
7975,0,0,4657,4657,True
7976,0.000809698249213,0.00275904289447,17561,17613,False
7977,0,0,4658,4658,True
7978,0,0,4659,4659,True
7979,0.000137921961141,0.000494984036777,13119,13206,False
7980,0,0,4660,4660,True
7981,0,0,4661,4661,True
7982,0,0,4662,4662,True
7983,0.000636615906842,0.0021024576854,16603,16528,False
7984,0,0,4663,4663,True
7985,0,0,4664,4664,True
7986,3.8980258978e-05,0.000142585471622,11932,11979,False
7987,0,0,4665,4665,True
7988,0.000331539748004,0.00103087513708,14485,14362,False
7989,0.00264418078586,0.0089810565114,19818,19820,False
7990,0.000481247639982,0.00161859346554,15413,15442,False
7991,0,0,4666,4666,True
7992,0.000928306602873,0.00305240508169,18027,17965,False
7993,0.000105946324766,0.000380578654585,12746,12853,False
7994,0,0,4667,4667,True
7995,0,0,4668,4668,True
7996,0.000810477125924,0.00269211106934,17564,17538,False
7997,0,0,4669,4669,True
7998,0.000281411921605,0.000855650403537,14213,14044,False
7999,0,0,4670,4670,True
8000,0.00100237014703,0.00330302398652,18256,18205,False
8001,0,0,4671,4671,True
8002,0,0,4672,4672,True
8003,0,0,4673,4673,True
8004,0.000751073297579,0.00250540836714,17293,17274,False
8005,0,0,4674,4674,True
8006,0,0,4675,4675,True
8007,0,0,4676,4676,True
8008,0,0,4677,4677,True
8009,0,0,4678,4678,True
8010,0.000777339853812,0.00265117129311,17416,17482,False
8011,0,0,4679,4679,True
8012,6.67828644509e-05,0.000219596811803,12284,12272,False
8013,0,0,4680,4680,True
8014,0,0,4681,4681,True
8015,0,0,4682,4682,True
8016,0,0,4683,4683,True
8017,0,0,4684,4684,True
8018,0.000563612615224,0.00190104288049,16030,16066,False
8019,0,0,4685,4685,True
8020,0.00102899165358,0.00341476756148,18333,18298,False
8021,0,0,4686,4686,True
8022,0,0,4687,4687,True
8023,0,0,4688,4688,True
8024,0,0,4689,4689,True
8025,0.000416028080508,0.00122605531942,14999,14689,False
8026,0,0,4690,4690,True
8027,0,0,4691,4691,True
8028,0,0,4692,4692,True
8029,0,0,4693,4693,True
8030,0,0,4694,4694,True
8031,0,0,4695,4695,True
8032,0,0,4696,4696,True
8033,0,0,4697,4697,True
8034,0,0,4698,4698,True
8035,0.000778905989137,0.00268057011999,17425,17527,False
8036,0,0,4699,4699,True
8037,0.000360557460226,0.00116151559632,14662,14588,False
8038,0,0,4700,4700,True
8039,0,0,4701,4701,True
8040,0,0,4702,4702,True
8041,0.001223725616,0.00417010951787,18739,18766,False
8042,0,0,4703,4703,True
8043,0,0,4704,4704,True
8044,0,0,4705,4705,True
8045,0.00057613721583,0.00196520006284,16134,16241,False
8046,8.83796092239e-05,0.000309663824737,12554,12601,False
8047,0.0002864273265,0.000984839512967,14242,14282,False
8048,0,0,4706,4706,True
8049,0,0,4707,4707,True
8050,0.000646572385449,0.00207641674206,16667,16487,False
8051,0,0,4708,4708,True
8052,0,0,4709,4709,True
8053,0,0,4710,4710,True
8054,4.19185926148e-05,0.000158712384291,11971,12043,False
8055,0,0,4711,4711,True
8056,0,0,4712,4712,True
8057,3.53397226718e-05,0.000124305253848,11887,11915,False
8058,0.000107484804175,0.000402454403229,12757,12922,False
8059,0.000873818120454,0.00284566543996,17828,17726,False
8060,7.04385674908e-05,0.00025459509925,12327,12411,False
8061,0,0,4713,4713,True
8062,0,0,4714,4714,True
8063,0.000535570434295,0.00186470209155,15818,15976,False
8064,0,0,4715,4715,True
8065,0,0,4716,4716,True
8066,0,0,4717,4717,True
8067,0.000625874090474,0.00202825455926,16516,16387,False
8068,0.000694117858075,0.00236048642546,16958,17010,False
8069,0.000528010248672,0.0018022271106,15764,15847,False
8070,0,0,4718,4718,True
8071,0.000823554582894,0.0027682769578,17635,17626,False
8072,0,0,4719,4719,True
8073,0.000200179434614,0.000717931659892,13668,13758,False
8074,0,0,4720,4720,True
8075,0,0,4721,4721,True
8076,0,0,4722,4722,True
8077,0.00080136442557,0.00271559599787,17533,17568,False
8078,0,0,4723,4723,True
8079,0,0,4724,4724,True
8080,0.000450946419733,0.00152723456267,15230,15266,False
8081,0,0,4725,4725,True
8082,0.000105612780317,0.000381604128052,12744,12856,False
8083,0.000467170437332,0.0015222140355,15328,15258,False
8084,0.000139243958984,0.000483363866806,13131,13174,False
8085,0,0,4726,4726,True
8086,0.000556012440939,0.00184535235167,15966,15939,False
8087,0,0,4727,4727,True
8088,0,0,4728,4728,True
8089,0,0,4729,4729,True
8090,0.000417744158767,0.0014482520055,15015,15118,False
8091,0,0,4730,4730,True
8092,0,0,4731,4731,True
8093,0,0,4732,4732,True
8094,0.000277663057204,0.000931720482185,14193,14192,False
8095,0.000437928014435,0.00143170717638,15135,15087,False
8096,0,0,4733,4733,True
8097,0,0,4734,4734,True
8098,0,0,4735,4735,True
8099,0,0,4736,4736,True
8100,0.000501838570926,0.00159401283599,15568,15393,False
8101,0.00169755751267,0.00571442628279,19361,19353,False
8102,0,0,4737,4737,True
8103,0.000499020679854,0.00173066742718,15552,15661,False
8104,0,0,4738,4738,True
8105,0,0,4739,4739,True
8106,5.8240188082e-05,0.000218493194552,12163,12267,False
8107,0,0,4740,4740,True
8108,0,0,4741,4741,True
8109,0,0,4742,4742,True
8110,0.000182673655218,0.000586946203839,13544,13468,False
8111,0.00234892056324,0.00788299553096,19763,19758,False
8112,0,0,4743,4743,True
8113,0,0,4744,4744,True
8114,0,0,4745,4745,True
8115,0,0,4746,4746,True
8116,0,0,4747,4747,True
8117,0,0,4748,4748,True
8118,0.000682824174874,0.00235056364909,16898,16997,False
8119,0.000445021665655,0.00149638927542,15191,15213,False
8120,0.000588484108448,0.0018880822463,16239,16032,False
8121,0,0,4749,4749,True
8122,0,0,4750,4750,True
8123,0.00077479716856,0.00282772118226,17402,17700,False
8124,0,0,4751,4751,True
8125,0,0,4752,4752,True
8126,0.000808841490652,0.00277722114697,17557,17637,False
8127,2.79696960206e-05,0.000112083609565,11823,11866,False
8128,0.000129296488012,0.000375010858988,13014,12828,False
8129,0,0,4753,4753,True
8130,0.000706848048139,0.0022581028752,17029,16833,False
8131,0.00104210479185,0.00349344266579,18358,18357,False
8132,0.000534266117029,0.00173976784572,15810,15687,False
8133,0.00193941860925,0.0062887952663,19567,19523,False
8134,0.000107565407234,0.000366389198462,12760,12792,False
8135,0.000542904424947,0.00174397428054,15866,15698,False
8136,0,0,4754,4754,True
8137,0,0,4755,4755,True
8138,0.000209665784496,0.000845989678055,13740,14016,False
8139,0.000451501022326,0.00149174488615,15232,15204,False
8140,0.000295539852232,0.000966769701336,14292,14251,False
8141,0,0,4756,4756,True
8142,0,0,4757,4757,True
8143,0.000373937888071,0.00131087633781,14738,14854,False
8144,0.000343566964148,0.00113537546713,14569,14537,False
8145,0.000140814372571,0.00047818859457,13142,13154,False
8146,0.000504939642269,0.00171117600985,15591,15623,False
8147,0.000264083268121,0.000730411848053,14112,13778,False
8148,0.000819313980173,0.00274101132527,17612,17595,False
8149,0.000630164402537,0.00205197208561,16546,16440,False
8150,0.00127682916354,0.00441381707788,18841,18890,False
8151,0.00165380642284,0.00557209411636,19317,19316,False
8152,0.000641393766273,0.00211685663089,16636,16558,False
8153,0.000735865789466,0.0024481585715,17207,17171,False
8154,0,0,4758,4758,True
8155,0.000478966539958,0.00157071149442,15397,15346,False
8156,0.000645119522233,0.00205884873867,16658,16448,False
8157,0,0,4759,4759,True
8158,0.000725932302885,0.00241715391167,17147,17116,False
8159,0,0,4760,4760,True
8160,0.00087505223928,0.00282863900065,17833,17702,False
8161,0,0,4761,4761,True
8162,0.000660107354634,0.00214868085459,16762,16624,False
8163,5.28046584805e-05,0.000181175288162,12098,12128,False
8164,0,0,4762,4762,True
8165,3.39050166076e-05,0.000120979260828,11879,11896,False
8166,0,0,4763,4763,True
8167,0.00164605199825,0.0053620710969,19310,19267,False
8168,0.000261671928456,0.000978078576736,14094,14269,False
8169,0.0031873898115,0.0104101104662,19872,19867,False
8170,0,0,4764,4764,True
8171,0.001002640347,0.00324866385199,18257,18162,False
8172,0,0,4765,4765,True
8173,0.000164934419445,0.000467040052172,13379,13125,False
8174,0,0,4766,4766,True
8175,0,0,4767,4767,True
8176,0,0,4768,4768,True
8177,0,0,4769,4769,True
8178,0.000396020535845,0.00138012366369,14885,14980,False
8179,0,0,4770,4770,True
8180,0.000163530305144,0.000587343005463,13368,13471,False
8181,0.00121203472372,0.00395918171853,18717,18661,False
8182,0.00102418276947,0.00326441787183,18315,18173,False
8183,0.00201542233117,0.00665353937075,19624,19599,False
8184,0.00193039875012,0.00666028633714,19559,19600,False
8185,0,0,4771,4771,True
8186,0.000603165128268,0.00200693588704,16356,16328,False
8187,0.000690820219461,0.00239724898711,16941,17083,False
8188,0.000108818334411,0.00033201102633,12773,12672,False
8189,0,0,4772,4772,True
8190,0.000820958055556,0.00277723395266,17620,17638,False
8191,0,0,4773,4773,True
8192,0.00166104303207,0.00564964860678,19324,19332,False
8193,0.00131204735953,0.00431214086711,18893,18843,False
8194,0.00232807965949,0.00765251228586,19757,19744,False
8195,0,0,4774,4774,True
8196,0.000250188459177,0.000910137314349,14016,14152,False
8197,0.00113697210327,0.00378629076295,18574,18563,False
8198,0.0017120995326,0.00581802800298,19373,19379,False
8199,0.000728396000341,0.00218273000792,17157,16692,False
8200,0.000725522229914,0.00234049046412,17145,16981,False
8201,0,0,4775,4775,True
8202,0.00162215542514,0.00532323354855,19289,19254,False
8203,0.000677357311361,0.00225000269711,16867,16820,False
8204,0.000195407061256,0.000603119144216,13627,13507,False
8205,0,0,4776,4776,True
8206,0.000689851585776,0.00229723146185,16936,16900,False
8207,0,0,4777,4777,True
8208,0.000634261756204,0.00202851160429,16587,16389,False
8209,0,0,4778,4778,True
8210,0,0,4779,4779,True
8211,0,0,4780,4780,True
8212,0.000557250517886,0.00166258576792,15978,15526,False
8213,0,0,4781,4781,True
8214,0,0,4782,4782,True
8215,0.000916078570299,0.00321979960427,17990,18137,False
8216,0.00126502744388,0.00419046077877,18815,18783,False
8217,0.000495888700243,0.00156619725749,15527,15339,False
8218,0,0,4783,4783,True
8219,0,0,4784,4784,True
8220,0.000122611338156,0.00042174156988,12948,12981,False
8221,0,0,4785,4785,True
8222,0.000168108454091,0.000581435102504,13401,13461,False
8223,0.000720986048691,0.00239035533741,17114,17068,False
8224,0.000788938894402,0.00256455829367,17473,17361,False
8225,0.000762827752624,0.00262593757361,17351,17448,False
8226,0,0,4786,4786,True
8227,0.000770110229496,0.00257117999718,17383,17368,False
8228,0.0041501969099,0.01393866539,19896,19896,False
8229,0.000740126066376,0.00247400067747,17229,17204,False
8230,0,0,4787,4787,True
8231,0.000577685364988,0.00190986215603,16151,16089,False
8232,0.00103674619459,0.00335118966177,18346,18252,False
8233,0.000524836650584,0.00168907071929,15738,15579,False
8234,0.000805077317636,0.00257664429955,17542,17374,False
8235,0.000799079600256,0.00263768061996,17521,17466,False
8236,0.000290541473078,0.000932633760385,14269,14193,False
8237,0,0,4788,4788,True
8238,0.00102256424725,0.00337700569071,18310,18270,False
8239,0,0,4789,4789,True
8240,0.00151997618377,0.00508839916438,19196,19175,False
8241,0.000386945204809,0.00126550800633,14824,14766,False
8242,3.98844204028e-05,0.000118854441098,11949,11886,False
8243,0.00153182866052,0.00498664844781,19209,19139,False
8244,0.000325533561409,0.00107968854718,14450,14432,False
8245,0,0,4790,4790,True
8246,0.000557737774216,0.00187806063332,15983,16010,False
8247,0.00156883010641,0.00556882377714,19242,19315,False
8248,0.00126731407363,0.00422232085839,18820,18793,False
8249,0,0,4791,4791,True
8250,0.00133647024632,0.00445561949164,18933,18907,False
8251,0.00210139132105,0.00711776781827,19679,19684,False
8252,0.000524601782672,0.00177501200233,15734,15778,False
8253,0,0,4792,4792,True
8254,0,0,4793,4793,True
8255,0.000568704272155,0.00192583724856,16068,16138,False
8256,0.000423775491072,0.00142490130384,15057,15070,False
8257,0,0,4794,4794,True
8258,9.04258340597e-05,0.000309139635647,12581,12599,False
8259,0,0,4795,4795,True
8260,0.000802749127615,0.00278751645237,17537,17647,False
8261,0,0,4796,4796,True
8262,0,0,4797,4797,True
8263,0.000536714389455,0.00173861498479,15828,15682,False
8264,0,0,4798,4798,True
8265,0,0,4799,4799,True
8266,0.000162509371876,0.000546123075765,13358,13345,False
8267,0,0,4800,4800,True
8268,0,0,4801,4801,True
8269,0,0,4802,4802,True
8270,0.000950591347646,0.00337586016394,18105,18268,False
8271,0.000742712640204,0.00259590125643,17245,17407,False
8272,0,0,4803,4803,True
8273,0.00032620888669,0.000933603965677,14455,14195,False
8274,0.000262338930042,0.000822124828119,14099,13981,False
8275,0.000729342747945,0.0024279919453,17163,17135,False
8276,8.66263071657e-05,0.000300195126329,12526,12571,False
8277,0.00135635212064,0.00471929879859,18964,19022,False
8278,0.000123805526528,0.000395708630094,12964,12899,False
8279,0.000312195799779,0.00108024897054,14375,14434,False
8280,0,0,4804,4804,True
8281,0.000952238391619,0.00318056158721,18111,18098,False
8282,0.00289662322029,0.00986347906291,19851,19849,False
8283,0,0,4805,4805,True
8284,0.00122999423184,0.00403986824676,18750,18697,False
8285,0,0,4806,4806,True
8286,0.000251781078987,0.000857618753798,14031,14054,False
8287,0.00343436305411,0.0115884337574,19885,19882,False
8288,0,0,4807,4807,True
8289,0.000648548186291,0.00219614896923,16682,16716,False
8290,0.000314302975312,0.00109159760177,14388,14453,False
8291,0,0,4808,4808,True
8292,0,0,4809,4809,True
8293,0,0,4810,4810,True
8294,0.00197717617266,0.00668892962858,19594,19605,False
8295,0.000505922304001,0.00169930630364,15596,15600,False
8296,0,0,4811,4811,True
8297,0.000820809509605,0.00267445156351,17619,17519,False
8298,0.00217320607044,0.00715622352436,19706,19695,False
8299,0,0,4812,4812,True
8300,0,0,4813,4813,True
8301,0.000295506411931,0.00109547027387,14291,14462,False
8302,0,0,4814,4814,True
8303,0.000662411795929,0.00234466418624,16783,16990,False
8304,0.000386555184377,0.00128772936296,14821,14811,False
8305,0,0,4815,4815,True
8306,8.31172583275e-05,0.000342999526765,12488,12706,False
8307,0,0,4816,4816,True
8308,0.000571019016206,0.00192254642025,16086,16124,False
8309,0,0,4817,4817,True
8310,0,0,4818,4818,True
8311,0,0,4819,4819,True
8312,0,0,4820,4820,True
8313,0.000374871247914,0.00129845226184,14744,14829,False
8314,0,0,4821,4821,True
8315,0.00115474057384,0.00384571566246,18611,18597,False
8316,0.000737593858503,0.00244118529372,17217,17156,False
8317,0,0,4822,4822,True
8318,0.000553416379262,0.00179348292295,15943,15822,False
8319,0,0,4823,4823,True
8320,0,0,4824,4824,True
8321,0.000372905429685,0.00127662392333,14731,14793,False
8322,0.000505732547026,0.00171782937832,15593,15639,False
8323,0,0,4825,4825,True
8324,0.000384547136491,0.00122921494767,14811,14694,False
8325,0,0,4826,4826,True
8326,0.00106126861647,0.00359926000237,18410,18428,False
8327,0,0,4827,4827,True
8328,0.000404929684009,0.00136219197884,14933,14939,False
8329,0.00158488273155,0.00527049554512,19256,19234,False
8330,0,0,4828,4828,True
8331,0,0,4829,4829,True
8332,0,0,4830,4830,True
8333,0.00284613040276,0.00962841603905,19847,19844,False
8334,0,0,4831,4831,True
8335,0,0,4832,4832,True
8336,0,0,4833,4833,True
8337,0,0,4834,4834,True
8338,0.000827470968943,0.00282751931809,17656,17699,False
8339,0,0,4835,4835,True
8340,0,0,4836,4836,True
8341,0,0,4837,4837,True
8342,0.00265669124201,0.00909204315394,19821,19825,False
8343,0.000786709249951,0.00261769560166,17463,17440,False
8344,0,0,4838,4838,True
8345,0.000261817243882,0.000960544217378,14097,14240,False
8346,0,0,4839,4839,True
8347,0.000464505370473,0.00168752181344,15312,15572,False
8348,0.000470275059342,0.00168768479489,15342,15573,False
8349,0.0024340711534,0.00797873642296,19784,19770,False
8350,0,0,4840,4840,True
8351,0.000615695898887,0.00202734046616,16439,16385,False
8352,0,0,4841,4841,True
8353,0.000630744034424,0.00211046915501,16553,16548,False
8354,0.00197665975429,0.0066066654399,19592,19590,False
8355,0.000924159830902,0.00299468799494,18015,17895,False
8356,0.000977722113021,0.0033048610203,18193,18209,False
8357,0.000527254596818,0.00175899034366,15759,15735,False
8358,0,0,4842,4842,True
8359,0.000220440706471,0.00084925442934,13811,14024,False
8360,0,0,4843,4843,True
8361,0.000374852446839,0.0012579059694,14743,14752,False
8362,0.00131689407863,0.00432628719136,18905,18850,False
8363,0,0,4844,4844,True
8364,0.00191584078129,0.00676716165617,19550,19617,False
8365,0.00155894935597,0.0052258791402,19231,19224,False
8366,5.09494748258e-05,0.000174554530531,12073,12101,False
8367,0,0,4845,4845,True
8368,0,0,4846,4846,True
8369,0.00134964997414,0.00449973903596,18951,18918,False
8370,0,0,4847,4847,True
8371,0.000795444531832,0.00276768091135,17504,17625,False
8372,0.000585916859563,0.00186754914466,16227,15982,False
8373,0,0,4848,4848,True
8374,0.000181169627467,0.000626466993708,13527,13561,False
8375,0,0,4849,4849,True
8376,0.000350889313268,0.00127048383001,14608,14782,False
8377,0,0,4850,4850,True
8378,0,0,4851,4851,True
8379,0,0,4852,4852,True
8380,0,0,4853,4853,True
8381,0,0,4854,4854,True
8382,6.2169827288e-05,0.000264415633865,12217,12452,False
8383,0.000517724547535,0.00178709637839,15683,15806,False
8384,0.000299072591588,0.00101564847864,14313,14336,False
8385,0.00087577017257,0.00285530881956,17837,17741,False
8386,0,0,4855,4855,True
8387,0.000126636310597,0.000412633846281,12990,12956,False
8388,0,0,4856,4856,True
8389,0,0,4857,4857,True
8390,0.00194373761769,0.0065202252008,19570,19572,False
8391,0,0,4858,4858,True
8392,0,0,4859,4859,True
8393,0,0,4860,4860,True
8394,0.000108851440018,0.000337580917403,12774,12688,False
8395,0,0,4861,4861,True
8396,0,0,4862,4862,True
8397,0,0,4863,4863,True
8398,0,0,4864,4864,True
8399,0,0,4865,4865,True
8400,0,0,4866,4866,True
8401,0,0,4867,4867,True
8402,0.000624232809059,0.00191061978694,16507,16090,False
8403,0.000629487622064,0.00214249780402,16543,16615,False
8404,0,0,4868,4868,True
8405,0,0,4869,4869,True
8406,0,0,4870,4870,True
8407,0.000139540017699,0.000491568061989,13133,13195,False
8408,0,0,4871,4871,True
8409,0,0,4872,4872,True
8410,0.00260403868742,0.00901453569531,19813,19824,False
8411,0,0,4873,4873,True
8412,0,0,4874,4874,True
8413,0,0,4875,4875,True
8414,0,0,4876,4876,True
8415,4.81432653032e-05,0.00018450380594,12038,12147,False
8416,0,0,4877,4877,True
8417,0,0,4878,4878,True
8418,0,0,4879,4879,True
8419,0,0,4880,4880,True
8420,0.000353920797352,0.00118726713117,14626,14636,False
8421,0.000943194143474,0.00324196438305,18077,18158,False
8422,0,0,4881,4881,True
8423,0,0,4882,4882,True
8424,0,0,4883,4883,True
8425,0.00093758024741,0.00322546926327,18058,18143,False
8426,5.1913648349e-05,0.000210889571463,12090,12240,False
8427,0.000377388467314,0.00123518018518,14759,14704,False
8428,0.00120618869551,0.00411022035405,18709,18735,False
8429,0.000472514133435,0.00150471774396,15357,15227,False
8430,0.000101248129795,0.000310497736791,12698,12606,False
8431,0,0,4884,4884,True
8432,0,0,4885,4885,True
8433,0.000864251400344,0.00305858626962,17800,17977,False
8434,0,0,4886,4886,True
8435,0,0,4887,4887,True
8436,0,0,4888,4888,True
8437,0,0,4889,4889,True
8438,0.000278921856079,0.000976322335191,14199,14260,False
8439,0,0,4890,4890,True
8440,0.000939183635637,0.00323876622133,18062,18155,False
8441,0.000152155713295,0.000461690971861,13256,13106,False
8442,0.00094189029187,0.00306491344236,18073,17986,False
8443,8.06712705526e-05,0.000243250731728,12456,12359,False
8444,0,0,4891,4891,True
8445,0,0,4892,4892,True
8446,0,0,4893,4893,True
8447,0.000481205788674,0.00168809085153,15412,15575,False
8448,0,0,4894,4894,True
8449,0,0,4895,4895,True
8450,0,0,4896,4896,True
8451,0,0,4897,4897,True
8452,0.00229952391237,0.00760641135275,19752,19739,False
8453,6.00610110268e-05,0.000205964970519,12189,12221,False
8454,0,0,4898,4898,True
8455,0.00155625655316,0.00528551870957,19229,19238,False
8456,0,0,4899,4899,True
8457,0,0,4900,4900,True
8458,0.000491976796184,0.00164183031302,15496,15482,False
8459,0,0,4901,4901,True
8460,0.000437955488451,0.00137621047907,15136,14971,False
8461,0.000630788796116,0.00207753363065,16554,16491,False
8462,6.46597836749e-05,0.000254608108662,12256,12412,False
8463,0.000943592865951,0.0031165832188,18079,18037,False
8464,0,0,4902,4902,True
8465,0.000326510402374,0.00112089782488,14456,14506,False
8466,0.000162170501426,0.000523338501807,13351,13269,False
8467,0,0,4903,4903,True
8468,0,0,4904,4904,True
8469,0,0,4905,4905,True
8470,0,0,4906,4906,True
8471,0.000260675617028,0.000851224118378,14084,14029,False
8472,0,0,4907,4907,True
8473,3.73951661459e-05,0.000110708599095,11915,11862,False
8474,0,0,4908,4908,True
8475,0,0,4909,4909,True
8476,0,0,4910,4910,True
8477,0,0,4911,4911,True
8478,0,0,4912,4912,True
8479,0.000420354306698,0.00134329323191,15031,14900,False
8480,0,0,4913,4913,True
8481,4.68770667794e-05,0.00018057275156,12025,12126,False
8482,0,0,4914,4914,True
8483,0,0,4915,4915,True
8484,0.000720475742128,0.00242353742942,17110,17130,False
8485,0,0,4916,4916,True
8486,0.000220071029617,0.000717674440239,13810,13756,False
8487,3.04712048091e-05,0.000111620211101,11847,11865,False
8488,0,0,4917,4917,True
8489,0.00190907821525,0.00625632097945,19548,19514,False
8490,0,0,4918,4918,True
8491,0,0,4919,4919,True
8492,0,0,4920,4920,True
8493,0,0,4921,4921,True
8494,0,0,4922,4922,True
8495,0,0,4923,4923,True
8496,0,0,4924,4924,True
8497,0,0,4925,4925,True
8498,0,0,4926,4926,True
8499,0.000269691750873,0.000908248184714,14145,14144,False
8500,0,0,4927,4927,True
8501,0,0,4928,4928,True
8502,0.000317124446156,0.00103084940929,14401,14361,False
8503,0,0,4929,4929,True
8504,0.000130580549012,0.000454152177554,13027,13078,False
8505,0,0,4930,4930,True
8506,0,0,4931,4931,True
8507,0,0,4932,4932,True
8508,0.000227713666391,0.000742011936381,13861,13800,False
8509,0,0,4933,4933,True
8510,0.000567721144762,0.00194887898397,16057,16192,False
8511,0.000486165547045,0.0014583618613,15453,15142,False
8512,0,0,4934,4934,True
8513,0.000493437401019,0.00171250989661,15501,15625,False
8514,0,0,4935,4935,True
8515,0,0,4936,4936,True
8516,0,0,4937,4937,True
8517,9.48045126279e-05,0.000345894601196,12621,12715,False
8518,0,0,4938,4938,True
8519,0,0,4939,4939,True
8520,0.00076000118861,0.00261478708126,17342,17431,False
8521,0,0,4940,4940,True
8522,0,0,4941,4941,True
8523,0,0,4942,4942,True
8524,0,0,4943,4943,True
8525,2.98183058476e-05,9.70291293925e-05,11842,11834,False
8526,0,0,4944,4944,True
8527,0.000102737962152,0.000375466770492,12714,12835,False
8528,0,0,4945,4945,True
8529,0,0,4946,4946,True
8530,0,0,4947,4947,True
8531,0,0,4948,4948,True
8532,6.61162048345e-05,0.000214379120735,12270,12250,False
8533,0,0,4949,4949,True
8534,0.00159932021052,0.00533927418292,19273,19261,False
8535,0,0,4950,4950,True
8536,0,0,4951,4951,True
8537,0,0,4952,4952,True
8538,0,0,4953,4953,True
8539,0,0,4954,4954,True
8540,0,0,4955,4955,True
8541,0,0,4956,4956,True
8542,0.00140577694401,0.00483608944342,19040,19084,False
8543,0,0,4957,4957,True
8544,0.000854992074892,0.00284200487658,17766,17721,False
8545,0,0,4958,4958,True
8546,0,0,4959,4959,True
8547,0,0,4960,4960,True
8548,0.00149532116484,0.0051156594418,19154,19185,False
8549,0,0,4961,4961,True
8550,0.000104618186015,0.000362897349987,12729,12774,False
8551,0,0,4962,4962,True
8552,0,0,4963,4963,True
8553,0.000390543631511,0.00128488929477,14860,14806,False
8554,0,0,4964,4964,True
8555,0,0,4965,4965,True
8556,0,0,4966,4966,True
8557,0.00104240723886,0.00354363303632,18362,18396,False
8558,0.000320271181408,0.00110561714973,14420,14482,False
8559,0,0,4967,4967,True
8560,6.00291714363e-05,0.000227178476052,12187,12303,False
8561,0,0,4968,4968,True
8562,0,0,4969,4969,True
8563,0,0,4970,4970,True
8564,0,0,4971,4971,True
8565,0,0,4972,4972,True
8566,0,0,4973,4973,True
8567,0,0,4974,4974,True
8568,2.82369655906e-05,9.34299168875e-05,11826,11826,False
8569,0,0,4975,4975,True
8570,0,0,4976,4976,True
8571,0,0,4977,4977,True
8572,7.90396079537e-05,0.000268539617537,12435,12469,False
8573,0.000158491835464,0.000538125110324,13313,13320,False
8574,0.000182582007255,0.000589365256019,13543,13478,False
8575,0,0,4978,4978,True
8576,0,0,4979,4979,True
8577,0,0,4980,4980,True
8578,0.000630144262686,0.00176687468775,16545,15750,False
8579,0.000524667906575,0.00176875281613,15736,15754,False
8580,0,0,4981,4981,True
8581,0,0,4982,4982,True
8582,0,0,4983,4983,True
8583,0,0,4984,4984,True
8584,0,0,4985,4985,True
8585,0.000379828125006,0.00117176491767,14779,14608,False
8586,0,0,4986,4986,True
8587,0.000263938243734,0.00091920531122,14110,14167,False
8588,0.000211545935599,0.000651164038572,13754,13624,False
8589,0,0,4987,4987,True
8590,0,0,4988,4988,True
8591,0,0,4989,4989,True
8592,0.000143462602864,0.000497154018376,13168,13213,False
8593,0,0,4990,4990,True
8594,0,0,4991,4991,True
8595,0,0,4992,4992,True
8596,0.000165373741766,0.000554549624212,13383,13373,False
8597,0.000209227728192,0.000679640390445,13735,13678,False
8598,0.000173164953594,0.000627956236713,13450,13565,False
8599,0,0,4993,4993,True
8600,0,0,4994,4994,True
8601,0,0,4995,4995,True
8602,0,0,4996,4996,True
8603,0,0,4997,4997,True
8604,0,0,4998,4998,True
8605,0,0,4999,4999,True
8606,0,0,5000,5000,True
8607,0,0,5001,5001,True
8608,0,0,5002,5002,True
8609,0,0,5003,5003,True
8610,0,0,5004,5004,True
8611,0,0,5005,5005,True
8612,0.000315985787893,0.00100171868689,14396,14310,False
8613,0.000314569886541,0.00112635083497,14389,14519,False
8614,0.000149482380948,0.000463259202661,13229,13112,False
8615,0,0,5006,5006,True
8616,0,0,5007,5007,True
8617,0,0,5008,5008,True
8618,0,0,5009,5009,True
8619,9.68301173998e-05,0.00029084153357,12647,12547,False
8620,0,0,5010,5010,True
8621,0,0,5011,5011,True
8622,0,0,5012,5012,True
8623,0,0,5013,5013,True
8624,0.00099550455343,0.00341615895741,18245,18300,False
8625,0.000173933425685,0.000558890518732,13455,13385,False
8626,0.000979415024631,0.00332270516083,18204,18227,False
8627,0,0,5014,5014,True
8628,0,0,5015,5015,True
8629,0,0,5016,5016,True
8630,0,0,5017,5017,True
8631,0,0,5018,5018,True
8632,0,0,5019,5019,True
8633,0,0,5020,5020,True
8634,0,0,5021,5021,True
8635,0,0,5022,5022,True
8636,0,0,5023,5023,True
8637,0,0,5024,5024,True
8638,0.000283630914055,0.000857751641888,14224,14055,False
8639,0,0,5025,5025,True
8640,0,0,5026,5026,True
8641,0,0,5027,5027,True
8642,0,0,5028,5028,True
8643,0.000172204890987,0.000547944102436,13444,13350,False
8644,0,0,5029,5029,True
8645,0,0,5030,5030,True
8646,0,0,5031,5031,True
8647,0.000613524520304,0.00204630824737,16430,16428,False
8648,0,0,5032,5032,True
8649,0,0,5033,5033,True
8650,0.00082181248581,0.00282602757215,17624,17697,False
8651,0.000145125653944,0.000384500279324,13184,12867,False
8652,0,0,5034,5034,True
8653,0.00023435940966,0.000809131248388,13913,13952,False
8654,0,0,5035,5035,True
8655,0,0,5036,5036,True
8656,0.00182411738206,0.00612892536446,19485,19480,False
8657,0,0,5037,5037,True
8658,0.00096952333115,0.00336107285693,18159,18260,False
8659,4.24648642365e-05,0.00012320492533,11974,11909,False
8660,0,0,5038,5038,True
8661,0,0,5039,5039,True
8662,9.30639362196e-05,0.000311548210448,12608,12611,False
8663,5.44468093722e-05,0.000233637023484,12124,12328,False
8664,0.000448847596999,0.00146399624646,15220,15151,False
8665,0,0,5040,5040,True
8666,0,0,5041,5041,True
8667,0,0,5042,5042,True
8668,0.000324531691149,0.00116390013136,14439,14591,False
8669,0,0,5043,5043,True
8670,0.00118221354205,0.00403481069952,18667,18694,False
8671,0,0,5044,5044,True
8672,0.000124440950458,0.000417392700911,12971,12969,False
8673,0,0,5045,5045,True
8674,0,0,5046,5046,True
8675,0,0,5047,5047,True
8676,0,0,5048,5048,True
8677,0.000744759105146,0.00245398329571,17253,17183,False
8678,0,0,5049,5049,True
8679,0,0,5050,5050,True
8680,0,0,5051,5051,True
8681,0.000195948508917,0.000777757202741,13634,13885,False
8682,0,0,5052,5052,True
8683,0,0,5053,5053,True
8684,0,0,5054,5054,True
8685,0,0,5055,5055,True
8686,0,0,5056,5056,True
8687,0.000682843150571,0.00213091401383,16899,16591,False
8688,0.00140685192309,0.00470692617819,19042,19014,False
8689,0,0,5057,5057,True
8690,0,0,5058,5058,True
8691,0,0,5059,5059,True
8692,0.000472001120215,0.0014839482028,15354,15193,False
8693,0,0,5060,5060,True
8694,0.000990138971247,0.00330205191858,18226,18202,False
8695,0,0,5061,5061,True
8696,0.00154685322195,0.00518211489543,19222,19207,False
8697,0,0,5062,5062,True
8698,0.000465272692963,0.0015356449876,15317,15288,False
8699,0,0,5063,5063,True
8700,0.000209184625419,0.000660319230519,13734,13637,False
8701,0.000335224729497,0.00105818535667,14515,14403,False
8702,0.000434936780948,0.00160098052584,15118,15409,False
8703,0.000298983621178,0.00102716044057,14311,14352,False
8704,7.74788568378e-05,0.000240180233959,12406,12353,False
8705,0,0,5064,5064,True
8706,0.000460293231299,0.00143545644823,15278,15096,False
8707,6.85512422933e-05,0.000164733239217,12309,12061,False
8708,0,0,5065,5065,True
8709,0,0,5066,5066,True
8710,0.00124277418945,0.00418090214953,18772,18777,False
8711,0,0,5067,5067,True
8712,0,0,5068,5068,True
8713,0,0,5069,5069,True
8714,0,0,5070,5070,True
8715,4.43941462436e-05,0.000161308358656,11998,12053,False
8716,0.000448881357443,0.0014309915714,15221,15081,False
8717,0.000980764278211,0.00314498064108,18209,18070,False
8718,9.12952891667e-05,0.000249463511864,12590,12384,False
8719,0.000876186066307,0.00318881077692,17840,18105,False
8720,0,0,5071,5071,True
8721,0.00150654814206,0.0048884912394,19175,19105,False
8722,0.000390021421481,0.00114509044215,14858,14557,False
8723,0.000497039465699,0.0015927037457,15539,15388,False
8724,0,0,5072,5072,True
8725,0,0,5073,5073,True
8726,0,0,5074,5074,True
8727,0.000605289707892,0.00201575667597,16376,16354,False
8728,0.000746175413951,0.00251264404505,17262,17284,False
8729,0,0,5075,5075,True
8730,0,0,5076,5076,True
8731,0,0,5077,5077,True
8732,8.78299979377e-05,0.000282905821223,12547,12526,False
8733,0.000201345726964,0.000694034504704,13681,13704,False
8734,0,0,5078,5078,True
8735,0,0,5079,5079,True
8736,0.000832792837173,0.00280577223748,17676,17670,False
8737,0,0,5080,5080,True
8738,0.000113068555947,0.000373335264158,12837,12819,False
8739,0,0,5081,5081,True
8740,4.8850881285e-05,0.000159418355906,12048,12048,False
8741,0,0,5082,5082,True
8742,0,0,5083,5083,True
8743,0,0,5084,5084,True
8744,0,0,5085,5085,True
8745,0,0,5086,5086,True
8746,0.00125105469488,0.00419423589483,18792,18785,False
8747,0,0,5087,5087,True
8748,0,0,5088,5088,True
8749,0.00070088164648,0.00233428599313,16999,16967,False
8750,0,0,5089,5089,True
8751,0,0,5090,5090,True
8752,0,0,5091,5091,True
8753,0,0,5092,5092,True
8754,0.00206385948695,0.00697284843773,19654,19655,False
8755,0,0,5093,5093,True
8756,0.000218094632146,0.000771977531258,13798,13869,False
8757,0.0014235638082,0.00473142182454,19060,19032,False
8758,0,0,5094,5094,True
8759,0,0,5095,5095,True
8760,0.000435540045146,0.00154957000632,15123,15314,False
8761,0,0,5096,5096,True
8762,9.91686611087e-05,0.00027864362346,12678,12507,False
8763,0,0,5097,5097,True
8764,0.00048465305008,0.00152413826436,15438,15260,False
8765,0.000976029376034,0.00339659722522,18186,18284,False
8766,0,0,5098,5098,True
8767,0.00136621471029,0.0045419591479,18979,18948,False
8768,0,0,5099,5099,True
8769,0,0,5100,5100,True
8770,0.000210495330975,0.000712410372216,13748,13742,False
8771,0.000366066204151,0.00122811528854,14687,14692,False
8772,0,0,5101,5101,True
8773,5.1695817092e-05,0.000178284666617,12086,12114,False
8774,0,0,5102,5102,True
8775,0,0,5103,5103,True
8776,0,0,5104,5104,True
8777,0,0,5105,5105,True
8778,0,0,5106,5106,True
8779,0.00251450180076,0.00849461648613,19796,19799,False
8780,0.000571301905438,0.00186398043297,16092,15973,False
8781,0,0,5107,5107,True
8782,0.000875825237017,0.00293609616347,17838,17835,False
8783,0,0,5108,5108,True
8784,0,0,5109,5109,True
8785,0.00138329900801,0.00474302051589,19006,19037,False
8786,0,0,5110,5110,True
8787,0.000736998103093,0.00242085824721,17212,17124,False
8788,0.000470871134894,0.00156779028475,15346,15342,False
8789,0.000609859183896,0.0020916594658,16406,16514,False
8790,0.000387628038879,0.00128626998048,14830,14810,False
8791,3.54568765033e-05,0.00011161956354,11888,11864,False
8792,0,0,5111,5111,True
8793,0.000163971679285,0.000551004661247,13371,13361,False
8794,0,0,5112,5112,True
8795,0.000817898195237,0.00286697945558,17601,17755,False
8796,0.00161501078401,0.00523434579372,19286,19227,False
8797,0,0,5113,5113,True
8798,0.000462625641376,0.00149420276284,15291,15211,False
8799,0,0,5114,5114,True
8800,0,0,5115,5115,True
8801,2.02088158403e-05,6.59927827655e-05,11799,11796,False
8802,0,0,5116,5116,True
8803,0,0,5117,5117,True
8804,0,0,5118,5118,True
8805,0,0,5119,5119,True
8806,0,0,5120,5120,True
8807,0,0,5121,5121,True
8808,0,0,5122,5122,True
8809,0,0,5123,5123,True
8810,0,0,5124,5124,True
8811,0,0,5125,5125,True
8812,0,0,5126,5126,True
8813,0.000636784301605,0.00216211983934,16604,16651,False
8814,0,0,5127,5127,True
8815,0,0,5128,5128,True
8816,0,0,5129,5129,True
8817,0,0,5130,5130,True
8818,0,0,5131,5131,True
8819,0,0,5132,5132,True
8820,6.0357786424e-05,0.000203134361072,12195,12213,False
8821,0,0,5133,5133,True
8822,0.000995269976556,0.00340362545103,18243,18290,False
8823,0,0,5134,5134,True
8824,0,0,5135,5135,True
8825,0,0,5136,5136,True
8826,0.000195028376766,0.00064360012766,13620,13604,False
8827,0,0,5137,5137,True
8828,0.000979079050012,0.00332058221102,18202,18224,False
8829,0,0,5138,5138,True
8830,0.000115835013276,0.00036782620009,12872,12798,False
8831,0.00178760499693,0.00609652791172,19451,19471,False
8832,8.12006983324e-05,0.000280252017546,12464,12515,False
8833,0,0,5139,5139,True
8834,0,0,5140,5140,True
8835,0,0,5141,5141,True
8836,0.000403458223445,0.00138293055352,14926,14989,False
8837,0,0,5142,5142,True
8838,0,0,5143,5143,True
8839,0,0,5144,5144,True
8840,9.30177120608e-05,0.000332792609697,12606,12675,False
8841,0,0,5145,5145,True
8842,0.000240733177634,0.000767992809415,13953,13860,False
8843,0,0,5146,5146,True
8844,0,0,5147,5147,True
8845,0.000525870244019,0.00181725120638,15747,15882,False
8846,0.000598345126491,0.00210895156488,16322,16544,False
8847,6.62765305606e-05,0.000219615743845,12278,12273,False
8848,0.000335773773259,0.00127162586432,14519,14784,False
8849,0.000178161048098,0.000569857773371,13498,13420,False
8850,0.000634490861557,0.00212340871803,16588,16579,False
8851,0.000133155859658,0.000459230737761,13054,13096,False
8852,0,0,5148,5148,True
8853,0,0,5149,5149,True
8854,0,0,5150,5150,True
8855,0.000284589739749,0.000863929395564,14228,14065,False
8856,0,0,5151,5151,True
8857,0,0,5152,5152,True
8858,0,0,5153,5153,True
8859,0,0,5154,5154,True
8860,0,0,5155,5155,True
8861,0,0,5156,5156,True
8862,0,0,5157,5157,True
8863,0,0,5158,5158,True
8864,0.000559503969271,0.00180686917156,15990,15859,False
8865,0.000560364103876,0.00185797479935,16001,15959,False
8866,0,0,5159,5159,True
8867,0,0,5160,5160,True
8868,0,0,5161,5161,True
8869,0.000252882397035,0.000954161165282,14038,14232,False
8870,0,0,5162,5162,True
8871,0,0,5163,5163,True
8872,0,0,5164,5164,True
8873,6.47807028145e-05,0.00019220651302,12257,12174,False
8874,0.00125731853768,0.00431612180546,18805,18846,False
8875,0.0010839374736,0.00358565198258,18457,18423,False
8876,0,0,5165,5165,True
8877,0.00110352598131,0.00364922871813,18508,18470,False
8878,0,0,5166,5166,True
8879,0,0,5167,5167,True
8880,0,0,5168,5168,True
8881,0.000490735692438,0.00159169617109,15488,15386,False
8882,0.00141522090416,0.00485390005633,19051,19092,False
8883,0,0,5169,5169,True
8884,0.0017553132493,0.0061278892681,19414,19479,False
8885,0,0,5170,5170,True
8886,0.00164898438379,0.00552479689941,19314,19300,False
8887,0,0,5171,5171,True
8888,0.000256935862126,0.000812708749436,14065,13958,False
8889,0,0,5172,5172,True
8890,0.000430963322287,0.00142322329339,15088,15066,False
8891,0,0,5173,5173,True
8892,0,0,5174,5174,True
8893,0.00014819840726,0.000567333772779,13213,13414,False
8894,0.00058150984114,0.0018973138649,16187,16056,False
8895,0,0,5175,5175,True
8896,0,0,5176,5176,True
8897,0,0,5177,5177,True
8898,0.000109200394945,0.000358844758011,12782,12755,False
8899,6.35787509964e-05,0.000159606686793,12238,12049,False
8900,0,0,5178,5178,True
8901,0.000133725567139,0.000488501915243,13064,13190,False
8902,0,0,5179,5179,True
8903,0,0,5180,5180,True
8904,0,0,5181,5181,True
8905,0.000109295629954,0.000412463588873,12784,12953,False
8906,0.00114688463509,0.00385715230368,18596,18602,False
8907,0,0,5182,5182,True
8908,0,0,5183,5183,True
8909,0,0,5184,5184,True
8910,0,0,5185,5185,True
8911,0,0,5186,5186,True
8912,0,0,5187,5187,True
8913,0,0,5188,5188,True
8914,0,0,5189,5189,True
8915,0,0,5190,5190,True
8916,0,0,5191,5191,True
8917,0.000284596404526,0.000951859052293,14229,14228,False
8918,0,0,5192,5192,True
8919,0,0,5193,5193,True
8920,0,0,5194,5194,True
8921,0,0,5195,5195,True
8922,0.000454116874607,0.00147365068551,15247,15171,False
8923,0.000914998992812,0.00309288920835,17986,18014,False
8924,0.000343498832081,0.00120091577992,14568,14655,False
8925,0.00187032518443,0.00648279301822,19520,19566,False
8926,0,0,5196,5196,True
8927,0.00119608046953,0.00417891936377,18691,18774,False
8928,0.00037959832116,0.00127796817105,14772,14795,False
8929,0,0,5197,5197,True
8930,0,0,5198,5198,True
8931,0,0,5199,5199,True
8932,0,0,5200,5200,True
8933,9.11171664484e-05,0.000286368682282,12587,12536,False
8934,0,0,5201,5201,True
8935,0,0,5202,5202,True
8936,0,0,5203,5203,True
8937,0,0,5204,5204,True
8938,0,0,5205,5205,True
8939,0.000221312904614,0.000783179420978,13817,13894,False
8940,0,0,5206,5206,True
8941,0,0,5207,5207,True
8942,0,0,5208,5208,True
8943,0,0,5209,5209,True
8944,0,0,5210,5210,True
8945,0,0,5211,5211,True
8946,0,0,5212,5212,True
8947,0,0,5213,5213,True
8948,0.00151215319056,0.00515546603128,19183,19198,False
8949,0,0,5214,5214,True
8950,0.00029654064565,0.000984167912975,14297,14281,False
8951,0,0,5215,5215,True
8952,0.000355428375769,0.00123683572747,14635,14707,False
8953,0,0,5216,5216,True
8954,0,0,5217,5217,True
8955,0.000169247417944,0.000554293685127,13412,13371,False
8956,0.00145909213461,0.00481593981385,19118,19076,False
8957,0.00247274083085,0.00843031425029,19789,19796,False
8958,0,0,5218,5218,True
8959,0,0,5219,5219,True
8960,0.00086903659394,0.00285998149775,17815,17747,False
8961,0,0,5220,5220,True
8962,0.00175165303517,0.00583842583001,19406,19383,False
8963,0,0,5221,5221,True
8964,0,0,5222,5222,True
8965,0,0,5223,5223,True
8966,0,0,5224,5224,True
8967,0.000112052737677,0.000375204806915,12821,12831,False
8968,0,0,5225,5225,True
8969,0,0,5226,5226,True
8970,0,0,5227,5227,True
8971,0,0,5228,5228,True
8972,0,0,5229,5229,True
8973,0,0,5230,5230,True
8974,0.00124462158419,0.00414100848138,18779,18747,False
8975,0,0,5231,5231,True
8976,0.000395470240619,0.00130546581931,14882,14844,False
8977,0,0,5232,5232,True
8978,0.000175690060132,0.00057084596483,13474,13426,False
8979,0,0,5233,5233,True
8980,0,0,5234,5234,True
8981,0,0,5235,5235,True
8982,0,0,5236,5236,True
8983,0,0,5237,5237,True
8984,0,0,5238,5238,True
8985,0.000583549088333,0.00189688557293,16198,16054,False
8986,0,0,5239,5239,True
8987,0,0,5240,5240,True
8988,0,0,5241,5241,True
8989,0,0,5242,5242,True
8990,0,0,5243,5243,True
8991,0,0,5244,5244,True
8992,0,0,5245,5245,True
8993,0,0,5246,5246,True
8994,0.00176776957233,0.0060518803075,19432,19463,False
8995,0.000357935787179,0.00119008717593,14651,14640,False
8996,0.000442779273726,0.00141464406624,15173,15052,False
8997,0,0,5247,5247,True
8998,0.000813844846562,0.00270790793002,17581,17555,False
8999,0,0,5248,5248,True
9000,0,0,5249,5249,True
9001,0,0,5250,5250,True
9002,0,0,5251,5251,True
9003,0,0,5252,5252,True
9004,0.00198758207262,0.00687141856179,19601,19636,False
9005,0.000227402517339,0.000896411132999,13858,14123,False
9006,0,0,5253,5253,True
9007,0,0,5254,5254,True
9008,0,0,5255,5255,True
9009,0,0,5256,5256,True
9010,0,0,5257,5257,True
9011,0,0,5258,5258,True
9012,0,0,5259,5259,True
9013,0,0,5260,5260,True
9014,0,0,5261,5261,True
9015,0,0,5262,5262,True
9016,0.000541197427083,0.00178162695374,15854,15792,False
9017,0,0,5263,5263,True
9018,0,0,5264,5264,True
9019,0.000190177655895,0.000637410790659,13595,13588,False
9020,0,0,5265,5265,True
9021,0,0,5266,5266,True
9022,0,0,5267,5267,True
9023,0.000638713361695,0.0020616480615,16613,16454,False
9024,0,0,5268,5268,True
9025,0.000511651742272,0.0017151273787,15636,15631,False
9026,5.07760159962e-05,0.000183285912499,12072,12139,False
9027,0,0,5269,5269,True
9028,0,0,5270,5270,True
9029,0,0,5271,5271,True
9030,0.00144551473204,0.00478822225705,19097,19062,False
9031,0.000326806068188,0.0011005376,14458,14469,False
9032,0,0,5272,5272,True
9033,0,0,5273,5273,True
9034,0.00209626299329,0.00694866105914,19675,19650,False
9035,0.000988190528005,0.00329899392091,18221,18197,False
9036,0.000413434929214,0.00145922461525,14978,15144,False
9037,0.0006523252232,0.00230634678155,16711,16924,False
9038,0,0,5274,5274,True
9039,0,0,5275,5275,True
9040,0.00101373065263,0.00331988930702,18287,18223,False
9041,0,0,5276,5276,True
9042,0.000104759834358,0.000319333659718,12735,12637,False
9043,0,0,5277,5277,True
9044,0.00175460346509,0.00576228369027,19413,19364,False
9045,0.000171229927219,0.000562275585253,13437,13396,False
9046,0,0,5278,5278,True
9047,0,0,5279,5279,True
9048,0,0,5280,5280,True
9049,0,0,5281,5281,True
9050,0.00185464741662,0.00620595365763,19504,19504,False
9051,0,0,5282,5282,True
9052,0,0,5283,5283,True
9053,0,0,5284,5284,True
9054,0,0,5285,5285,True
9055,0.00152755831368,0.00511862197891,19207,19187,False
9056,0,0,5286,5286,True
9057,0,0,5287,5287,True
9058,0,0,5288,5288,True
9059,0,0,5289,5289,True
9060,0.000190371705685,0.000684762082528,13597,13684,False
9061,0.000178266403964,0.000511136837304,13500,13240,False
9062,0.000408292806242,0.00130944850389,14953,14850,False
9063,0,0,5290,5290,True
9064,0.000235684696236,0.000805887102615,13918,13947,False
9065,0,0,5291,5291,True
9066,0,0,5292,5292,True
9067,0,0,5293,5293,True
9068,0,0,5294,5294,True
9069,0,0,5295,5295,True
9070,0,0,5296,5296,True
9071,0.000578314531595,0.00191806000657,16155,16106,False
9072,0,0,5297,5297,True
9073,9.26522479858e-05,0.000345695385477,12602,12714,False
9074,0.000272482691798,0.000893970718607,14158,14121,False
9075,0,0,5298,5298,True
9076,0.000604844535701,0.00214049266651,16372,16610,False
9077,0,0,5299,5299,True
9078,0.00134484865703,0.00450291065499,18945,18920,False
9079,0,0,5300,5300,True
9080,0.000186117962585,0.000592234544456,13566,13487,False
9081,0,0,5301,5301,True
9082,0,0,5302,5302,True
9083,0.00106188841164,0.00352641521022,18415,18382,False
9084,0.000130884232931,0.000467489880975,13031,13128,False
9085,0,0,5303,5303,True
9086,0,0,5304,5304,True
9087,0.000700765638612,0.00238480349071,16997,17058,False
9088,0,0,5305,5305,True
9089,2.51755736826e-05,8.16935498733e-05,11814,11810,False
9090,0,0,5306,5306,True
9091,0,0,5307,5307,True
9092,0,0,5308,5308,True
9093,7.88895195001e-05,0.000258720247075,12429,12430,False
9094,0,0,5309,5309,True
9095,0,0,5310,5310,True
9096,0.000640439335257,0.0021550625097,16629,16638,False
9097,0.000355243013473,0.00105770363007,14633,14402,False
9098,0,0,5311,5311,True
9099,8.01127316663e-05,0.000282767490717,12448,12524,False
9100,0.000424594705692,0.00141215650365,15062,15048,False
9101,0.000216047861613,0.000699429831002,13781,13718,False
9102,0,0,5312,5312,True
9103,0,0,5313,5313,True
9104,0,0,5314,5314,True
9105,0,0,5315,5315,True
9106,5.13006634719e-05,0.000162595213624,12080,12056,False
9107,0.00111413712148,0.00391244655475,18532,18633,False
9108,0.000513674807735,0.00163810816593,15654,15473,False
9109,0.00130963826086,0.00439003575593,18884,18882,False
9110,0,0,5316,5316,True
9111,0,0,5317,5317,True
9112,0,0,5318,5318,True
9113,0.000289874267764,0.000910877657589,14265,14153,False
9114,0,0,5319,5319,True
9115,0.000813197169919,0.00285008526407,17577,17734,False
9116,0.000216978005483,0.000678952492308,13790,13676,False
9117,0.00011085029837,0.000370884517906,12806,12815,False
9118,0.00145521340892,0.00477807829157,19111,19056,False
9119,0,0,5320,5320,True
9120,0.000190697493963,0.000634748081211,13599,13581,False
9121,0,0,5321,5321,True
9122,0.000364325824194,0.00116393074859,14678,14592,False
9123,0,0,5322,5322,True
9124,0,0,5323,5323,True
9125,0.000885545334313,0.00302635226399,17881,17935,False
9126,0,0,5324,5324,True
9127,0,0,5325,5325,True
9128,0,0,5326,5326,True
9129,0,0,5327,5327,True
9130,0,0,5328,5328,True
9131,0.000611005001701,0.00213883048855,16410,16609,False
9132,0,0,5329,5329,True
9133,0,0,5330,5330,True
9134,0,0,5331,5331,True
9135,0,0,5332,5332,True
9136,0,0,5333,5333,True
9137,0,0,5334,5334,True
9138,0,0,5335,5335,True
9139,0,0,5336,5336,True
9140,0,0,5337,5337,True
9141,0,0,5338,5338,True
9142,0,0,5339,5339,True
9143,0.00142017076723,0.0048118759878,19054,19073,False
9144,0.000503500050399,0.00175101985224,15574,15717,False
9145,0,0,5340,5340,True
9146,0,0,5341,5341,True
9147,0,0,5342,5342,True
9148,0,0,5343,5343,True
9149,0,0,5344,5344,True
9150,0,0,5345,5345,True
9151,0.00130154017825,0.00438056886196,18870,18874,False
9152,0,0,5346,5346,True
9153,0,0,5347,5347,True
9154,8.37822808535e-05,0.000250562996371,12494,12392,False
9155,0,0,5348,5348,True
9156,0,0,5349,5349,True
9157,0,0,5350,5350,True
9158,0.000652609101962,0.00208946364,16713,16509,False
9159,0,0,5351,5351,True
9160,0.00042183304322,0.00136322749313,15042,14942,False
9161,7.07590006641e-05,0.000206157987122,12330,12223,False
9162,0,0,5352,5352,True
9163,0,0,5353,5353,True
9164,0,0,5354,5354,True
9165,0,0,5355,5355,True
9166,0.000824901915621,0.00280044157989,17641,17664,False
9167,0.00125383865088,0.00441202055663,18799,18887,False
9168,6.00405292062e-05,0.000216141008423,12188,12252,False
9169,0,0,5356,5356,True
9170,0,0,5357,5357,True
9171,0,0,5358,5358,True
9172,0,0,5359,5359,True
9173,0.000852863420732,0.00286664417945,17759,17754,False
9174,0,0,5360,5360,True
9175,0,0,5361,5361,True
9176,0.00217537698336,0.00757424300537,19710,19737,False
9177,0,0,5362,5362,True
9178,0,0,5363,5363,True
9179,0.000112471039756,0.000258635584032,12828,12428,False
9180,0,0,5364,5364,True
9181,0,0,5365,5365,True
9182,0,0,5366,5366,True
9183,0.000854872574564,0.00307992729358,17765,18000,False
9184,0,0,5367,5367,True
9185,0.000487197830807,0.00149962829892,15461,15221,False
9186,0,0,5368,5368,True
9187,0.000118058160297,0.000371759175323,12899,12818,False
9188,0,0,5369,5369,True
9189,0.000446774647571,0.00152938591782,15201,15275,False
9190,0,0,5370,5370,True
9191,0,0,5371,5371,True
9192,2.030311407e-05,6.94613845553e-05,11801,11801,False
9193,0,0,5372,5372,True
9194,0,0,5373,5373,True
9195,0,0,5374,5374,True
9196,0.000174617875018,0.000524993403815,13463,13276,False
9197,0.00046672904864,0.00163916219026,15325,15475,False
9198,0,0,5375,5375,True
9199,0,0,5376,5376,True
9200,0,0,5377,5377,True
9201,0,0,5378,5378,True
9202,0.000990774366073,0.00333372689784,18230,18236,False
9203,0.000230221878155,0.000751605257392,13878,13819,False
9204,0.000819391512778,0.00283766328357,17613,17712,False
9205,0,0,5379,5379,True
9206,0,0,5380,5380,True
9207,0,0,5381,5381,True
9208,0,0,5382,5382,True
9209,0,0,5383,5383,True
9210,0,0,5384,5384,True
9211,0,0,5385,5385,True
9212,0.000152001230163,0.000557551742531,13255,13381,False
9213,0,0,5386,5386,True
9214,0,0,5387,5387,True
9215,6.70656881994e-05,0.000250235345447,12286,12390,False
9216,0.000368213048205,0.00114154745825,14692,14549,False
9217,0,0,5388,5388,True
9218,0,0,5389,5389,True
9219,0,0,5390,5390,True
9220,0.000694764312357,0.00224925554357,16962,16818,False
9221,0,0,5391,5391,True
9222,0,0,5392,5392,True
9223,0,0,5393,5393,True
9224,0.000212280807318,0.000715755624697,13759,13752,False
9225,0,0,5394,5394,True
9226,0,0,5395,5395,True
9227,0.000135499576572,0.000444253935711,13086,13052,False
9228,0.000193719388335,0.000683220860083,13614,13682,False
9229,0,0,5396,5396,True
9230,4.04130514653e-05,0.000128245068481,11951,11924,False
9231,0,0,5397,5397,True
9232,0.000570762320422,0.00180742377415,16084,15860,False
9233,5.49710166524e-05,0.000177797366632,12129,12112,False
9234,0.00127497443464,0.00434637023136,18836,18859,False
9235,0,0,5398,5398,True
9236,0.00184236618225,0.00623669149354,19497,19508,False
9237,0,0,5399,5399,True
9238,0.0011309129186,0.0036085806787,18566,18440,False
9239,0,0,5400,5400,True
9240,0,0,5401,5401,True
9241,0,0,5402,5402,True
9242,0.00142787070945,0.00462728366256,19066,18988,False
9243,0,0,5403,5403,True
9244,0,0,5404,5404,True
9245,0,0,5405,5405,True
9246,0,0,5406,5406,True
9247,0.00043591670692,0.00142981030513,15130,15077,False
9248,0.000418089795858,0.00134528637864,15016,14902,False
9249,0,0,5407,5407,True
9250,0.0019313293742,0.00618276977912,19560,19495,False
9251,0,0,5408,5408,True
9252,0,0,5409,5409,True
9253,0,0,5410,5410,True
9254,0,0,5411,5411,True
9255,0.000735230278224,0.00255292793736,17204,17345,False
9256,0.0015866458416,0.00538361957297,19259,19270,False
9257,0.000694144458976,0.00241403304972,16959,17109,False
9258,0.00140448112506,0.00489144213498,19036,19107,False
9259,0.000287196948193,0.00102401478216,14246,14349,False
9260,0,0,5412,5412,True
9261,3.54895273631e-05,0.00012496492127,11889,11916,False
9262,0.000298807339277,0.000960909412242,14310,14241,False
9263,0,0,5413,5413,True
9264,0,0,5414,5414,True
9265,0,0,5415,5415,True
9266,0,0,5416,5416,True
9267,0,0,5417,5417,True
9268,0,0,5418,5418,True
9269,0,0,5419,5419,True
9270,0,0,5420,5420,True
9271,0,0,5421,5421,True
9272,0,0,5422,5422,True
9273,0,0,5423,5423,True
9274,0,0,5424,5424,True
9275,0,0,5425,5425,True
9276,0,0,5426,5426,True
9277,0,0,5427,5427,True
9278,0,0,5428,5428,True
9279,0.000201550748898,0.000609737879131,13683,13524,False
9280,0,0,5429,5429,True
9281,0,0,5430,5430,True
9282,3.11569347105e-05,0.000121899618534,11853,11900,False
9283,0,0,5431,5431,True
9284,0,0,5432,5432,True
9285,0,0,5433,5433,True
9286,0,0,5434,5434,True
9287,0,0,5435,5435,True
9288,0,0,5436,5436,True
9289,0.00109371775761,0.00355936796404,18485,18408,False
9290,0,0,5437,5437,True
9291,5.07396798639e-05,0.000147794373333,12071,12000,False
9292,0,0,5438,5438,True
9293,0,0,5439,5439,True
9294,0.000346673215972,0.0011164090829,14586,14498,False
9295,0.000162025360623,0.000432659755461,13350,13019,False
9296,0,0,5440,5440,True
9297,0,0,5441,5441,True
9298,3.9494891098e-05,0.000130018088385,11938,11926,False
9299,0.00171881215647,0.00570868235081,19376,19349,False
9300,0.00015239919594,0.000548840325791,13260,13353,False
9301,0,0,5442,5442,True
9302,0,0,5443,5443,True
9303,0.00114214315545,0.00389938638546,18587,18624,False
9304,0.00034679521923,0.0011301683262,14587,14526,False
9305,0.00115374918096,0.00393693475053,18609,18650,False
9306,0,0,5444,5444,True
9307,0.00061942578759,0.00214220467024,16472,16613,False
9308,0.000571265001781,0.00191940844525,16091,16111,False
9309,0.000484837539261,0.00161765166558,15440,15440,False
9310,0,0,5445,5445,True
9311,0,0,5446,5446,True
9312,0,0,5447,5447,True
9313,0,0,5448,5448,True
9314,0,0,5449,5449,True
9315,0,0,5450,5450,True
9316,0,0,5451,5451,True
9317,0,0,5452,5452,True
9318,0,0,5453,5453,True
9319,0,0,5454,5454,True
9320,0,0,5455,5455,True
9321,0,0,5456,5456,True
9322,0,0,5457,5457,True
9323,0.000135919777676,0.000483144685859,13092,13172,False
9324,0.000643573526759,0.00204898393713,16654,16434,False
9325,0.000640128855594,0.00213757879101,16624,16606,False
9326,3.15568722726e-05,0.000104171827843,11857,11847,False
9327,0,0,5458,5458,True
9328,0,0,5459,5459,True
9329,0,0,5460,5460,True
9330,0.000138731411425,0.000537144078407,13127,13317,False
9331,0,0,5461,5461,True
9332,0,0,5462,5462,True
9333,0.000466816796688,0.00159262609668,15326,15387,False
9334,0,0,5463,5463,True
9335,0.000206768294447,0.000643243431114,13719,13602,False
9336,0,0,5464,5464,True
9337,0,0,5465,5465,True
9338,0,0,5466,5466,True
9339,0,0,5467,5467,True
9340,0,0,5468,5468,True
9341,6.63499668008e-05,0.000222974194912,12279,12285,False
9342,0.000250551471254,0.000830774486531,14022,13992,False
9343,0,0,5469,5469,True
9344,0,0,5470,5470,True
9345,0.000923322048038,0.00313015771098,18010,18051,False
9346,0,0,5471,5471,True
9347,0.00070958584547,0.00234730425291,17043,16993,False
9348,0,0,5472,5472,True
9349,0,0,5473,5473,True
9350,0,0,5474,5474,True
9351,0.000928155553993,0.00313168065622,18025,18052,False
9352,0.000640690675937,0.00214718119241,16632,16623,False
9353,0,0,5475,5475,True
9354,0,0,5476,5476,True
9355,0,0,5477,5477,True
9356,0.000727803795598,0.00237949425355,17156,17048,False
9357,0.000161635471159,0.000495007669087,13342,13207,False
9358,0.0004968814319,0.00176443625242,15538,15744,False
9359,0.00118738482706,0.00414418010041,18676,18749,False
9360,0.000888595357537,0.00296146469191,17897,17860,False
9361,0,0,5478,5478,True
9362,0.00118494534399,0.00390436523594,18674,18628,False
9363,0,0,5479,5479,True
9364,0,0,5480,5480,True
9365,0,0,5481,5481,True
9366,0,0,5482,5482,True
9367,0.000648080545943,0.00212771352381,16679,16585,False
9368,0,0,5483,5483,True
9369,0.000348987668986,0.00111017096788,14599,14491,False
9370,0,0,5484,5484,True
9371,0.000496697204653,0.00162289780565,15536,15449,False
9372,0.00119534495752,0.00398525642231,18689,18671,False
9373,0,0,5485,5485,True
9374,0,0,5486,5486,True
9375,0,0,5487,5487,True
9376,0,0,5488,5488,True
9377,0,0,5489,5489,True
9378,0.000456487148767,0.00153969042003,15261,15297,False
9379,0,0,5490,5490,True
9380,0,0,5491,5491,True
9381,0,0,5492,5492,True
9382,0.000138671981404,0.000461998861283,13126,13108,False
9383,0.000528699252754,0.00179968972225,15769,15841,False
9384,5.67046299693e-05,0.000181788534974,12147,12131,False
9385,0,0,5493,5493,True
9386,0.000519284221809,0.00171327742282,15693,15627,False
9387,0,0,5494,5494,True
9388,0,0,5495,5495,True
9389,0,0,5496,5496,True
9390,0.000269583397312,0.00082183512859,14144,13979,False
9391,0,0,5497,5497,True
9392,0.000688333471771,0.00223755626939,16928,16792,False
9393,0.000514281273354,0.00165263051167,15657,15504,False
9394,0,0,5498,5498,True
9395,0.000969238113612,0.00338042201474,18158,18271,False
9396,0,0,5499,5499,True
9397,0,0,5500,5500,True
9398,0,0,5501,5501,True
9399,5.11491452926e-05,0.000156519832672,12078,12035,False
9400,0,0,5502,5502,True
9401,0.00063501438126,0.00201052287593,16591,16338,False
9402,0.000822175468784,0.00277850683779,17626,17641,False
9403,0,0,5503,5503,True
9404,0,0,5504,5504,True
9405,0,0,5505,5505,True
9406,0,0,5506,5506,True
9407,0,0,5507,5507,True
9408,0,0,5508,5508,True
9409,0.000132937639137,0.000463042670162,13050,13111,False
9410,0.00014000646479,0.00047891237773,13136,13157,False
9411,0,0,5509,5509,True
9412,0,0,5510,5510,True
9413,0.000617409241386,0.00218298914842,16451,16693,False
9414,0,0,5511,5511,True
9415,0.000980148557574,0.00326009350829,18206,18171,False
9416,0,0,5512,5512,True
9417,0.00059617869556,0.00203833170235,16305,16414,False
9418,0.000116201023047,0.000451969885034,12874,13072,False
9419,0,0,5513,5513,True
9420,0.00238401116803,0.0080698383972,19773,19775,False
9421,0,0,5514,5514,True
9422,0,0,5515,5515,True
9423,0.000827641692013,0.00287605193444,17657,17764,False
9424,0,0,5516,5516,True
9425,0.00108396436553,0.00367896445096,18458,18489,False
9426,0,0,5517,5517,True
9427,0,0,5518,5518,True
9428,0,0,5519,5519,True
9429,0,0,5520,5520,True
9430,0.000114020353067,0.000375233212253,12853,12833,False
9431,0.000228415578022,0.000800878042355,13869,13934,False
9432,0,0,5521,5521,True
9433,0.000941826670896,0.00317709357478,18072,18097,False
9434,0,0,5522,5522,True
9435,0.000329344649799,0.00111449311953,14471,14497,False
9436,0,0,5523,5523,True
9437,0,0,5524,5524,True
9438,0,0,5525,5525,True
9439,0.000412751513068,0.00129888416268,14976,14830,False
9440,0,0,5526,5526,True
9441,0.000502346782014,0.0016226785956,15569,15448,False
9442,0,0,5527,5527,True
9443,0,0,5528,5528,True
9444,0.000560408516321,0.00187222100794,16004,15995,False
9445,0.000229576500715,0.00073968450306,13876,13795,False
9446,0,0,5529,5529,True
9447,0,0,5530,5530,True
9448,0,0,5531,5531,True
9449,0,0,5532,5532,True
9450,0.00148127996363,0.00495576253161,19142,19129,False
9451,0,0,5533,5533,True
9452,0,0,5534,5534,True
9453,0,0,5535,5535,True
9454,0.000676371681038,0.00225331471302,16860,16826,False
9455,0.000713649555109,0.00252537126653,17064,17305,False
9456,0,0,5536,5536,True
9457,0.000780236150604,0.00244356621988,17428,17160,False
9458,0.000568789138924,0.00183927337639,16069,15924,False
9459,0,0,5537,5537,True
9460,0,0,5538,5538,True
9461,0,0,5539,5539,True
9462,0,0,5540,5540,True
9463,0.000482151925098,0.00167621765286,15420,15546,False
9464,0,0,5541,5541,True
9465,0.000105400111352,0.000356174510671,12742,12748,False
9466,0.000861896318384,0.00303472648375,17791,17943,False
9467,0.00116958154831,0.00395452463999,18636,18657,False
9468,0,0,5542,5542,True
9469,0,0,5543,5543,True
9470,0,0,5544,5544,True
9471,0.00194458442274,0.00662336871028,19571,19593,False
9472,0,0,5545,5545,True
9473,0,0,5546,5546,True
9474,0.00054924149299,0.00179086718708,15906,15814,False
9475,0,0,5547,5547,True
9476,0,0,5548,5548,True
9477,0.000524636998307,0.00176730996463,15735,15751,False
9478,0,0,5549,5549,True
9479,0.000476810004329,0.00153448083438,15381,15286,False
9480,0,0,5550,5550,True
9481,0.000462947646156,0.00159990973771,15295,15407,False
9482,0,0,5551,5551,True
9483,0,0,5552,5552,True
9484,0.000818175962195,0.00275708106346,17606,17609,False
9485,0,0,5553,5553,True
9486,0,0,5554,5554,True
9487,0,0,5555,5555,True
9488,0,0,5556,5556,True
9489,0.000839974672999,0.00285782525316,17708,17744,False
9490,0,0,5557,5557,True
9491,0,0,5558,5558,True
9492,0.000743510434404,0.00252332375385,17246,17303,False
9493,0.000201264541829,0.000644128595013,13679,13605,False
9494,0.000392601476051,0.00127036753111,14870,14781,False
9495,0.000451494124718,0.00157447287347,15231,15355,False
9496,0.000599006365519,0.00197847699746,16332,16271,False
9497,0.00101464730687,0.00339543260634,18291,18282,False
9498,0.000818437023554,0.00260823522694,17608,17423,False
9499,0.000617155514192,0.0020366597455,16447,16411,False
9500,0.000197198358364,0.000697228475474,13648,13712,False
9501,0.00199609878473,0.00664231134579,19606,19598,False
9502,0,0,5559,5559,True
9503,0.000408844294725,0.00135788007174,14959,14930,False
9504,0.00130067032296,0.00425227591768,18866,18815,False
9505,0,0,5560,5560,True
9506,7.38573653507e-05,0.000251814490184,12364,12399,False
9507,0,0,5561,5561,True
9508,0,0,5562,5562,True
9509,0.000556834565941,0.00195632246323,15976,16221,False
9510,0.000500264286529,0.00166140554938,15559,15522,False
9511,0,0,5563,5563,True
9512,0,0,5564,5564,True
9513,0,0,5565,5565,True
9514,0.000582339183893,0.00189892493654,16190,16061,False
9515,0,0,5566,5566,True
9516,0,0,5567,5567,True
9517,0.000975798000582,0.00341315125115,18184,18296,False
9518,0.000792296428699,0.00272380607203,17491,17578,False
9519,0,0,5568,5568,True
9520,0.000661023019347,0.00218152045272,16769,16690,False
9521,0,0,5569,5569,True
9522,0.000444542412879,0.00152090250049,15188,15256,False
9523,0.00049800722627,0.00169378041755,15547,15590,False
9524,0.000837174069602,0.00278685800731,17699,17645,False
9525,0.000289830029942,0.000933044648264,14264,14194,False
9526,0.000184809541679,0.000620256934781,13556,13548,False
9527,0,0,5570,5570,True
9528,0.000742432835978,0.00238613388501,17243,17059,False
9529,0.000594944867771,0.00202173972502,16295,16369,False
9530,0.000906240078621,0.00306312995963,17955,17983,False
9531,0,0,5571,5571,True
9532,0,0,5572,5572,True
9533,0.000562030763831,0.00181818834972,16015,15884,False
9534,0.000507420045324,0.00174690445419,15608,15705,False
9535,0,0,5573,5573,True
9536,0.00339560862631,0.0118259806186,19881,19885,False
9537,0,0,5574,5574,True
9538,0,0,5575,5575,True
9539,0.000481034338009,0.00168510247022,15409,15567,False
9540,0,0,5576,5576,True
9541,0.000536583946086,0.00185032386798,15826,15948,False
9542,0,0,5577,5577,True
9543,0.00175307365134,0.00595632614568,19408,19429,False
9544,0.00101230328437,0.00344541994855,18280,18324,False
9545,0.000283561646938,0.000980161130428,14223,14270,False
9546,0.00155175861437,0.00517584942281,19227,19206,False
9547,0.000854294921737,0.0028809919022,17764,17770,False
9548,0,0,5578,5578,True
9549,0.000984325539321,0.00330250221305,18217,18204,False
9550,0,0,5579,5579,True
9551,0,0,5580,5580,True
9552,0,0,5581,5581,True
9553,0.000666600186378,0.00223911833018,16809,16798,False
9554,0,0,5582,5582,True
9555,0.00167321425397,0.00555235845968,19334,19308,False
9556,0.000946029031184,0.00314452731982,18091,18068,False
9557,0.00112219376024,0.00382312433794,18552,18582,False
9558,0.000687595340423,0.00220534787513,16923,16737,False
9559,0,0,5583,5583,True
9560,0.000595014949795,0.00187265512068,16297,15999,False
9561,0.00156701612286,0.00529219070449,19240,19243,False
9562,0,0,5584,5584,True
9563,0,0,5585,5585,True
9564,0.000486228324007,0.00163396564312,15454,15467,False
9565,0,0,5586,5586,True
9566,0.000243624919676,0.000766834011301,13968,13856,False
9567,0,0,5587,5587,True
9568,0,0,5588,5588,True
9569,0.000604053086136,0.00198196433485,16364,16276,False
9570,6.06342691754e-05,0.00019280948618,12202,12175,False
9571,0.000291292846669,0.000982174067758,14274,14278,False
9572,0.000525483046658,0.00175049412064,15746,15716,False
9573,0,0,5589,5589,True
9574,0.0012446626788,0.00428528897464,18780,18828,False
9575,0,0,5590,5590,True
9576,0.000396031915443,0.00133410387207,14886,14891,False
9577,0,0,5591,5591,True
9578,0.000855627818964,0.00297929649241,17768,17880,False
9579,0.000206142256502,0.000711330620106,13715,13740,False
9580,0,0,5592,5592,True
9581,0.000940030324273,0.00305379997008,18066,17967,False
9582,0.000909596099518,0.00321756023914,17967,18134,False
9583,0,0,5593,5593,True
9584,0,0,5594,5594,True
9585,0.000876066857018,0.00306619540788,17839,17989,False
9586,0.000248385214945,0.000798807595856,13999,13923,False
9587,0,0,5595,5595,True
9588,0,0,5596,5596,True
9589,0,0,5597,5597,True
9590,0,0,5598,5598,True
9591,0,0,5599,5599,True
9592,0.000698814692441,0.00241745053791,16989,17117,False
9593,0.00103596283589,0.00356340035796,18344,18413,False
9594,0,0,5600,5600,True
9595,0.00215186364949,0.0070215058513,19702,19665,False
9596,0.000578020233661,0.001947642304,16154,16186,False
9597,0,0,5601,5601,True
9598,0,0,5602,5602,True
9599,0,0,5603,5603,True
9600,0,0,5604,5604,True
9601,0.000825113849714,0.00282697542571,17643,17698,False
9602,0.000646803120617,0.002291562967,16669,16891,False
9603,0,0,5605,5605,True
9604,0.0018667508848,0.00610003946349,19516,19474,False
9605,0,0,5606,5606,True
9606,0,0,5607,5607,True
9607,0,0,5608,5608,True
9608,0.0012207000982,0.00418449146673,18735,18778,False
9609,0.00315376743674,0.0108516188338,19870,19874,False
9610,0,0,5609,5609,True
9611,4.93956613354e-05,0.00017722712073,12058,12108,False
9612,0.00197675917298,0.00647296383977,19593,19564,False
9613,0.000156644877279,0.000562441709917,13301,13397,False
9614,0,0,5610,5610,True
9615,0.00152865704149,0.00514067336917,19208,19194,False
9616,0,0,5611,5611,True
9617,0.00211753579788,0.00712785776705,19686,19686,False
9618,0,0,5612,5612,True
9619,0.000656711112242,0.00220592087135,16742,16740,False
9620,0,0,5613,5613,True
9621,0,0,5614,5614,True
9622,0,0,5615,5615,True
9623,0,0,5616,5616,True
9624,0,0,5617,5617,True
9625,0,0,5618,5618,True
9626,0.000169854218257,0.000622221035883,13418,13551,False
9627,0,0,5619,5619,True
9628,0,0,5620,5620,True
9629,0,0,5621,5621,True
9630,0.0029777281452,0.00992957036942,19857,19853,False
9631,0.000165858989931,0.00051922374405,13386,13259,False
9632,0.000600172730628,0.00202262401581,16345,16371,False
9633,0.0011822435772,0.00392493465915,18668,18640,False
9634,0.000246988725848,0.000824078102596,13987,13982,False
9635,0,0,5622,5622,True
9636,0.00120538868941,0.00416833395138,18707,18763,False
9637,0,0,5623,5623,True
9638,0,0,5624,5624,True
9639,0.00137162674218,0.00459602568299,18985,18974,False
9640,0,0,5625,5625,True
9641,0.000682131096255,0.00213318807073,16894,16598,False
9642,0,0,5626,5626,True
9643,0.000289100629743,0.00091311102733,14261,14157,False
9644,0.000512831029482,0.00174174131826,15644,15693,False
9645,0,0,5627,5627,True
9646,0.000552556535695,0.00179962464608,15938,15840,False
9647,0.000737982860301,0.00247232802212,17221,17202,False
9648,0.000677763309795,0.00227987649851,16872,16864,False
9649,0.000164425960975,0.000530526915099,13375,13292,False
9650,0,0,5628,5628,True
9651,0.000755511806346,0.00248860451393,17311,17239,False
9652,0,0,5629,5629,True
9653,0,0,5630,5630,True
9654,0,0,5631,5631,True
9655,0.00142926571425,0.00493166968226,19069,19123,False
9656,3.39011457982e-05,0.00010822382319,11878,11858,False
9657,0.000881872605532,0.00292470236309,17865,17823,False
9658,3.93128866563e-05,0.000120528202388,11936,11891,False
9659,0,0,5632,5632,True
9660,0.000574895297177,0.00188733858522,16121,16030,False
9661,0,0,5633,5633,True
9662,0.00102637859527,0.00340282614343,18320,18289,False
9663,0.000723410805222,0.0024246906396,17134,17131,False
9664,0.000782647519372,0.00263344007544,17444,17454,False
9665,0.00107573182322,0.00368792237714,18443,18496,False
9666,0.00121014087927,0.00394685659558,18715,18654,False
9667,0,0,5634,5634,True
9668,4.92592989758e-05,0.000157999791554,12055,12041,False
9669,0,0,5635,5635,True
9670,6.8458772148e-05,0.000234432154684,12307,12331,False
9671,0.000958961842116,0.00333850528114,18130,18239,False
9672,0.00263919029385,0.00887141097337,19816,19817,False
9673,0,0,5636,5636,True
9674,0,0,5637,5637,True
9675,0,0,5638,5638,True
9676,0.000339286838425,0.00116569397505,14541,14597,False
9677,0,0,5639,5639,True
9678,0,0,5640,5640,True
9679,0.000551573641133,0.001903198543,15929,16073,False
9680,0,0,5641,5641,True
9681,0.00156230921857,0.00510051567107,19235,19181,False
9682,0,0,5642,5642,True
9683,0,0,5643,5643,True
9684,0,0,5644,5644,True
9685,0.000553672609385,0.00178805575706,15947,15812,False
9686,0,0,5645,5645,True
9687,0.00162396032829,0.00569331599399,19290,19345,False
9688,0,0,5646,5646,True
9689,0,0,5647,5647,True
9690,0,0,5648,5648,True
9691,0.00109490309842,0.00375997717492,18487,18544,False
9692,0,0,5649,5649,True
9693,0,0,5650,5650,True
9694,0.00131381780375,0.0044813035056,18898,18915,False
9695,0.000557492079679,0.00184824457392,15981,15945,False
9696,0.00130101374816,0.00437372038141,18867,18870,False
9697,0,0,5651,5651,True
9698,0,0,5652,5652,True
9699,0.00207482650876,0.00693121319637,19662,19647,False
9700,0,0,5653,5653,True
9701,0,0,5654,5654,True
9702,0.000620330509264,0.00208711251616,16480,16504,False
9703,0,0,5655,5655,True
9704,0.00096660212148,0.00296390266158,18154,17864,False
9705,0,0,5656,5656,True
9706,0.000379692413844,0.00138084462378,14773,14982,False
9707,0.000628866953775,0.0020615379326,16539,16453,False
9708,0,0,5657,5657,True
9709,0,0,5658,5658,True
9710,0,0,5659,5659,True
9711,0,0,5660,5660,True
9712,0.00049846211914,0.00168459035922,15549,15564,False
9713,0,0,5661,5661,True
9714,0,0,5662,5662,True
9715,0,0,5663,5663,True
9716,0,0,5664,5664,True
9717,0.000966600549873,0.00316601293162,18153,18089,False
9718,0,0,5665,5665,True
9719,0.000826161587611,0.00254596280865,17648,17334,False
9720,0,0,5666,5666,True
9721,0,0,5667,5667,True
9722,0,0,5668,5668,True
9723,0.00107738655061,0.00343031738885,18447,18312,False
9724,0,0,5669,5669,True
9725,0,0,5670,5670,True
9726,0,0,5671,5671,True
9727,0,0,5672,5672,True
9728,0,0,5673,5673,True
9729,0.000878549763002,0.00284810946323,17846,17730,False
9730,0.000134900285047,0.000442159041995,13080,13044,False
9731,0.000348465808202,0.00109345850069,14596,14459,False
9732,0,0,5674,5674,True
9733,0,0,5675,5675,True
9734,0,0,5676,5676,True
9735,0,0,5677,5677,True
9736,0,0,5678,5678,True
9737,0,0,5679,5679,True
9738,0.00047204765724,0.00165300793014,15356,15505,False
9739,0.00222887657583,0.00752384681255,19733,19734,False
9740,0,0,5680,5680,True
9741,0.000127212158986,0.000464967481093,12998,13117,False
9742,0,0,5681,5681,True
9743,0,0,5682,5682,True
9744,0.000289676245302,0.000929729663767,14263,14188,False
9745,0,0,5683,5683,True
9746,0,0,5684,5684,True
9747,0.00104366324376,0.00364969158545,18363,18471,False
9748,0.000173997279489,0.000540528155398,13457,13326,False
9749,0,0,5685,5685,True
9750,0,0,5686,5686,True
9751,0.000866302580107,0.00284161348827,17807,17719,False
9752,0,0,5687,5687,True
9753,0,0,5688,5688,True
9754,0,0,5689,5689,True
9755,0,0,5690,5690,True
9756,0,0,5691,5691,True
9757,0,0,5692,5692,True
9758,0,0,5693,5693,True
9759,0,0,5694,5694,True
9760,0,0,5695,5695,True
9761,0.000976611976512,0.00332753523253,18190,18229,False
9762,0,0,5696,5696,True
9763,0.000213229592191,0.000697415729519,13764,13714,False
9764,0,0,5697,5697,True
9765,0.000216695232666,0.000718683353625,13789,13759,False
9766,0,0,5698,5698,True
9767,0,0,5699,5699,True
9768,0.00032111897599,0.00107786816079,14425,14430,False
9769,0,0,5700,5700,True
9770,0.00286028976552,0.00989287905395,19848,19852,False
9771,0.000357792858267,0.00117460009642,14649,14613,False
9772,0.00144869706128,0.00506905466318,19102,19165,False
9773,0,0,5701,5701,True
9774,0.000737052410841,0.0025128161069,17214,17285,False
9775,0,0,5702,5702,True
9776,0.00117547169793,0.0037346300669,18651,18526,False
9777,0.00127914338373,0.00433497782797,18842,18855,False
9778,0,0,5703,5703,True
9779,0,0,5704,5704,True
9780,0,0,5705,5705,True
9781,0.000496323220432,0.00174732448068,15532,15707,False
9782,0.0003584799706,0.00111877906602,14655,14503,False
9783,0,0,5706,5706,True
9784,0,0,5707,5707,True
9785,0.000598422891926,0.00193135393783,16327,16149,False
9786,0,0,5708,5708,True
9787,0,0,5709,5709,True
9788,0,0,5710,5710,True
9789,0,0,5711,5711,True
9790,0.000249254517257,0.000796290463768,14007,13918,False
9791,0.000213356222957,0.000770593993366,13766,13863,False
9792,0,0,5712,5712,True
9793,0,0,5713,5713,True
9794,0,0,5714,5714,True
9795,0,0,5715,5715,True
9796,0,0,5716,5716,True
9797,0.000244504539296,0.000816550687887,13973,13967,False
9798,0,0,5717,5717,True
9799,0.000714628200512,0.0023063623812,17072,16925,False
9800,0,0,5718,5718,True
9801,0,0,5719,5719,True
9802,0.000209555510082,0.000629426271189,13739,13571,False
9803,0.000460819079308,0.00152918731328,15282,15273,False
9804,0.000223437076784,0.000767196936067,13830,13857,False
9805,0.000887890346348,0.00292598339729,17893,17825,False
9806,0,0,5720,5720,True
9807,0.000574311707169,0.0018659888301,16116,15977,False
9808,0,0,5721,5721,True
9809,0.000240148539888,0.000810315017588,13950,13956,False
9810,0,0,5722,5722,True
9811,0.000821125344373,0.00264642806724,17622,17478,False
9812,0,0,5723,5723,True
9813,0,0,5724,5724,True
9814,0,0,5725,5725,True
9815,0.00110088777728,0.00371850794181,18500,18511,False
9816,0,0,5726,5726,True
9817,0,0,5727,5727,True
9818,7.89211917436e-05,0.00025298516266,12431,12405,False
9819,0,0,5728,5728,True
9820,0,0,5729,5729,True
9821,0.00248830881901,0.00822524540126,19793,19785,False
9822,0,0,5730,5730,True
9823,0,0,5731,5731,True
9824,0,0,5732,5732,True
9825,0,0,5733,5733,True
9826,0,0,5734,5734,True
9827,0,0,5735,5735,True
9828,0,0,5736,5736,True
9829,0,0,5737,5737,True
9830,0,0,5738,5738,True
9831,0,0,5739,5739,True
9832,0,0,5740,5740,True
9833,0,0,5741,5741,True
9834,0,0,5742,5742,True
9835,0,0,5743,5743,True
9836,0,0,5744,5744,True
9837,0,0,5745,5745,True
9838,0,0,5746,5746,True
9839,0,0,5747,5747,True
9840,0,0,5748,5748,True
9841,0,0,5749,5749,True
9842,0,0,5750,5750,True
9843,0.000956572417635,0.00318549224176,18122,18103,False
9844,0,0,5751,5751,True
9845,0,0,5752,5752,True
9846,0,0,5753,5753,True
9847,0.00298744952306,0.0106327189133,19859,19872,False
9848,0,0,5754,5754,True
9849,0,0,5755,5755,True
9850,0,0,5756,5756,True
9851,0,0,5757,5757,True
9852,0,0,5758,5758,True
9853,0.000898377969861,0.00296891923063,17927,17868,False
9854,0.000392434652895,0.00134905765299,14869,14911,False
9855,0,0,5759,5759,True
9856,0,0,5760,5760,True
9857,0,0,5761,5761,True
9858,0,0,5762,5762,True
9859,0.000872093311045,0.00288832769729,17822,17780,False
9860,0,0,5763,5763,True
9861,4.35493820987e-05,0.000152393462486,11988,12021,False
9862,0.000278183375485,0.000878905993886,14198,14094,False
9863,0,0,5764,5764,True
9864,0,0,5765,5765,True
9865,0.000229643977946,0.000763715710491,13877,13851,False
9866,0,0,5766,5766,True
9867,0,0,5767,5767,True
9868,0,0,5768,5768,True
9869,0.000442354852566,0.0014628272038,15168,15149,False
9870,0,0,5769,5769,True
9871,0,0,5770,5770,True
9872,4.87248471472e-05,0.000139293551911,12046,11959,False
9873,0,0,5771,5771,True
9874,0,0,5772,5772,True
9875,0,0,5773,5773,True
9876,0,0,5774,5774,True
9877,9.29833404371e-05,0.000262644549366,12604,12440,False
9878,0,0,5775,5775,True
9879,0,0,5776,5776,True
9880,0.00164627761114,0.00553297717124,19311,19303,False
9881,0,0,5777,5777,True
9882,0,0,5778,5778,True
9883,0,0,5779,5779,True
9884,0.000178864822374,0.000637109798845,13507,13586,False
9885,0,0,5780,5780,True
9886,0,0,5781,5781,True
9887,0.000713734538294,0.00232128496282,17066,16948,False
9888,0.000199689035071,0.000561463064514,13664,13393,False
9889,0,0,5782,5782,True
9890,0,0,5783,5783,True
9891,0.000255198421655,0.000800856214482,14056,13933,False
9892,0,0,5784,5784,True
9893,0.000371058064047,0.00121917144861,14712,14679,False
9894,0,0,5785,5785,True
9895,0.00136679259595,0.00468528363854,18980,19009,False
9896,0.0020982590504,0.00716051785275,19677,19696,False
9897,0.00103014707565,0.00352796632797,18335,18383,False
9898,0,0,5786,5786,True
9899,0,0,5787,5787,True
9900,6.80862285662e-05,0.000268404342933,12303,12467,False
9901,0.000879743427504,0.00290943402797,17852,17808,False
9902,0,0,5788,5788,True
9903,0,0,5789,5789,True
9904,0,0,5790,5790,True
9905,0,0,5791,5791,True
9906,0.00196284498088,0.00642096297815,19583,19553,False
9907,0,0,5792,5792,True
9908,0.000474014348583,0.00168082199525,15365,15556,False
9909,0.000513038423378,0.00173262890894,15649,15670,False
9910,0,0,5793,5793,True
9911,8.20945715532e-05,0.000335594057105,12475,12682,False
9912,0.00122365436982,0.00416824966669,18738,18762,False
9913,0.00273116026074,0.00917531549931,19831,19831,False
9914,0.000439149269368,0.00139600073453,15146,15019,False
9915,0.00059379969025,0.00195001403335,16281,16200,False
9916,0.000843578658532,0.00281035387889,17720,17676,False
9917,0,0,5794,5794,True
9918,0,0,5795,5795,True
9919,0,0,5796,5796,True
9920,0,0,5797,5797,True
9921,0,0,5798,5798,True
9922,0,0,5799,5799,True
9923,0.000110788947495,0.000407646642998,12803,12935,False
9924,0,0,5800,5800,True
9925,0.000383636535844,0.00128347077407,14805,14803,False
9926,0.00237399339676,0.00806168466806,19770,19774,False
9927,0.00012159824837,0.000413355883211,12937,12960,False
9928,0.000243184098508,0.000739028910175,13965,13794,False
9929,0.000284612528048,0.00102876848541,14230,14358,False
9930,0,0,5801,5801,True
9931,0,0,5802,5802,True
9932,0.000829729775432,0.00288472813554,17664,17774,False
9933,0,0,5803,5803,True
9934,0.000166144687682,0.000567736569792,13389,13415,False
9935,0,0,5804,5804,True
9936,0,0,5805,5805,True
9937,0.000356041797204,0.00122539571021,14639,14688,False
9938,0.000539948872756,0.00180314178579,15846,15850,False
9939,0,0,5806,5806,True
9940,0.00178041367326,0.00598399620503,19444,19443,False
9941,0.000488399120513,0.00158219679724,15472,15375,False
9942,0,0,5807,5807,True
9943,0.000902151106857,0.00303357443772,17940,17941,False
9944,0,0,5808,5808,True
9945,0,0,5809,5809,True
9946,0.000609006441664,0.0019415669376,16397,16175,False
9947,0.00102344702464,0.00341250258498,18313,18295,False
9948,0,0,5810,5810,True
9949,0,0,5811,5811,True
9950,0.000662902428303,0.00223797815852,16790,16795,False
9951,0.000234566789004,0.00079330673907,13914,13909,False
9952,0.000338711222867,0.00111286260653,14535,14493,False
9953,5.37917985639e-05,0.000198052861379,12114,12193,False
9954,0.000269536336418,0.000847469666041,14143,14019,False
9955,4.58493923361e-05,0.000150590814883,12016,12013,False
9956,0.000702051387634,0.00243929959834,17006,17151,False
9957,0,0,5812,5812,True
9958,0.000979949836619,0.00334005570039,18205,18242,False
9959,0,0,5813,5813,True
9960,0,0,5814,5814,True
9961,0,0,5815,5815,True
9962,0,0,5816,5816,True
9963,7.6577271102e-05,0.000244215276325,12392,12363,False
9964,0.000433093984611,0.00144546222873,15102,15108,False
9965,0.000306294212351,0.00100171635859,14343,14309,False
9966,0,0,5817,5817,True
9967,0,0,5818,5818,True
9968,0.00021485092293,0.00085218809545,13775,14032,False
9969,0.00132417608984,0.00451637711376,18912,18929,False
9970,0.00084324128693,0.00276254606433,17719,17622,False
9971,0.000268311501713,0.000890214811079,14130,14113,False
9972,0,0,5819,5819,True
9973,0,0,5820,5820,True
9974,0.00103912176564,0.003660363378,18348,18479,False
9975,0,0,5821,5821,True
9976,0.000824240618385,0.00273376051337,17637,17587,False
9977,0.00220905733295,0.00737568642944,19724,19718,False
9978,0,0,5822,5822,True
9979,0.00200842204504,0.00669730082154,19620,19606,False
9980,0,0,5823,5823,True
9981,0.000552029989194,0.00192583096214,15934,16137,False
9982,0,0,5824,5824,True
9983,0,0,5825,5825,True
9984,0,0,5826,5826,True
9985,0,0,5827,5827,True
9986,0.000631377275568,0.00207732757553,16561,16490,False
9987,0,0,5828,5828,True
9988,0,0,5829,5829,True
9989,4.18176132371e-05,0.000137275434099,11968,11951,False
9990,0,0,5830,5830,True
9991,0,0,5831,5831,True
9992,0,0,5832,5832,True
9993,6.51434675092e-05,0.000165089863003,12261,12064,False
9994,0,0,5833,5833,True
9995,0.000575043493882,0.00196913792752,16124,16252,False
9996,0.000168242651853,0.000538407475688,13404,13321,False
9997,0,0,5834,5834,True
9998,0.00126495969016,0.00423164945096,18814,18801,False
9999,0.000159190880368,0.00054440140957,13321,13337,False
10000,0,0,5835,5835,True
10001,0,0,5836,5836,True
10002,0,0,5837,5837,True
10003,0.000911946408451,0.00314927077852,17974,18072,False
10004,3.62389764632e-05,0.000125874867081,11901,11918,False
10005,0,0,5838,5838,True
10006,0,0,5839,5839,True
10007,0.000442260934506,0.00145530619193,15167,15133,False
10008,0,0,5840,5840,True
10009,0.000141733515193,0.000474997912534,13152,13150,False
10010,0,0,5841,5841,True
10011,0.00124425906688,0.00451207673177,18778,18926,False
10012,0,0,5842,5842,True
10013,0,0,5843,5843,True
10014,0,0,5844,5844,True
10015,0,0,5845,5845,True
10016,0,0,5846,5846,True
10017,0,0,5847,5847,True
10018,0.000230326142628,0.00077610113658,13880,13878,False
10019,0,0,5848,5848,True
10020,0.00039493618533,0.00136877968907,14877,14959,False
10021,0.000541987945326,0.00194989459123,15862,16199,False
10022,0,0,5849,5849,True
10023,0,0,5850,5850,True
10024,0.000473797466839,0.00157691224013,15362,15363,False
10025,0,0,5851,5851,True
10026,0,0,5852,5852,True
10027,0,0,5853,5853,True
10028,0.000737012189347,0.00250533060171,17213,17273,False
10029,0,0,5854,5854,True
10030,0,0,5855,5855,True
10031,0,0,5856,5856,True
10032,0,0,5857,5857,True
10033,0,0,5858,5858,True
10034,0.000573266646825,0.0018264973769,16108,15902,False
10035,0,0,5859,5859,True
10036,7.56289082346e-05,0.000236038700677,12382,12337,False
10037,0,0,5860,5860,True
10038,0.000552017416339,0.00190056522842,15933,16064,False
10039,0,0,5861,5861,True
10040,0.000709955929779,0.00237387418747,17047,17030,False
10041,0.000445838406449,0.00154921016656,15196,15313,False
10042,0,0,5862,5862,True
10043,0,0,5863,5863,True
10044,0,0,5864,5864,True
10045,0,0,5865,5865,True
10046,0.000338351848768,0.0011269148672,14533,14523,False
10047,0.000161936855875,0.000562953529879,13348,13400,False
10048,0,0,5866,5866,True
10049,0,0,5867,5867,True
10050,0,0,5868,5868,True
10051,0.000614425109234,0.00194891553838,16435,16193,False
10052,0,0,5869,5869,True
10053,0,0,5870,5870,True
10054,0,0,5871,5871,True
10055,0.00125315436162,0.00414177170023,18796,18748,False
10056,0,0,5872,5872,True
10057,0,0,5873,5873,True
10058,0.000284614390694,0.000928961380851,14231,14184,False
10059,0,0,5874,5874,True
10060,0,0,5875,5875,True
10061,0,0,5876,5876,True
10062,0.000835143844597,0.00270371534862,17687,17549,False
10063,0,0,5877,5877,True
10064,0.000497878296301,0.00162025948521,15546,15444,False
10065,0,0,5878,5878,True
10066,0,0,5879,5879,True
10067,0.000162909680512,0.000500445021316,13361,13221,False
10068,0,0,5880,5880,True
10069,0,0,5881,5881,True
10070,0,0,5882,5882,True
10071,0,0,5883,5883,True
10072,0,0,5884,5884,True
10073,0.00101343169808,0.00334595120512,18284,18247,False
10074,0,0,5885,5885,True
10075,8.75103360158e-05,0.000244605937041,12543,12365,False
10076,0.000407838553656,0.00135675491765,14949,14929,False
10077,0,0,5886,5886,True
10078,0.00180999469012,0.00603445246816,19471,19456,False
10079,0,0,5887,5887,True
10080,0,0,5888,5888,True
10081,0.000105348699435,0.000297757913359,12741,12567,False
10082,0,0,5889,5889,True
10083,0,0,5890,5890,True
10084,0,0,5891,5891,True
10085,0,0,5892,5892,True
10086,0,0,5893,5893,True
10087,0.000633595976979,0.00212068692781,16580,16570,False
10088,0,0,5894,5894,True
10089,0,0,5895,5895,True
10090,0.000585415167734,0.00202330201864,16219,16373,False
10091,0,0,5896,5896,True
10092,0,0,5897,5897,True
10093,0,0,5898,5898,True
10094,0,0,5899,5899,True
10095,0,0,5900,5900,True
10096,0.00062326900661,0.00208176905289,16502,16499,False
10097,0,0,5901,5901,True
10098,0,0,5902,5902,True
10099,0,0,5903,5903,True
10100,0.000156177135068,0.000506869633682,13296,13232,False
10101,0,0,5904,5904,True
10102,0,0,5905,5905,True
10103,0.000537612766493,0.00177670200355,15834,15783,False
10104,0.000381362973712,0.00125521281734,14793,14745,False
10105,0,0,5906,5906,True
10106,0.000218347267946,0.000717772578355,13802,13757,False
10107,0,0,5907,5907,True
10108,3.86796127714e-05,0.000135467460495,11928,11944,False
10109,0,0,5908,5908,True
10110,0.000483834359329,0.0014975965023,15434,15214,False
10111,0,0,5909,5909,True
10112,0.000456325680716,0.00141624640673,15256,15056,False
10113,0,0,5910,5910,True
10114,0,0,5911,5911,True
10115,0.000271038879873,0.000861842941958,14150,14060,False
10116,0,0,5912,5912,True
10117,7.7950731793e-05,0.000285780755803,12411,12533,False
10118,0,0,5913,5913,True
10119,0,0,5914,5914,True
10120,0,0,5915,5915,True
10121,0,0,5916,5916,True
10122,0,0,5917,5917,True
10123,0,0,5918,5918,True
10124,0,0,5919,5919,True
10125,0.000117978437629,0.000399976386689,12898,12913,False
10126,0,0,5920,5920,True
10127,6.46278640488e-05,0.000232651858823,12255,12324,False
10128,0,0,5921,5921,True
10129,0,0,5922,5922,True
10130,0.000543822010513,0.00181354139931,15872,15873,False
10131,0,0,5923,5923,True
10132,0,0,5924,5924,True
10133,0,0,5925,5925,True
10134,0,0,5926,5926,True
10135,0,0,5927,5927,True
10136,0.000383908045478,0.00134892982896,14806,14910,False
10137,0,0,5928,5928,True
10138,0,0,5929,5929,True
10139,0,0,5930,5930,True
10140,0.00073782360414,0.00253303139471,17218,17318,False
10141,0.000343686784618,0.00115797680337,14570,14579,False
10142,0,0,5931,5931,True
10143,0,0,5932,5932,True
10144,0,0,5933,5933,True
10145,0,0,5934,5934,True
10146,0,0,5935,5935,True
10147,0,0,5936,5936,True
10148,0.000138320116093,0.000460570154246,13124,13103,False
10149,0,0,5937,5937,True
10150,0,0,5938,5938,True
10151,0,0,5939,5939,True
10152,0.000586563139223,0.0020620720461,16231,16455,False
10153,0,0,5940,5940,True
10154,0,0,5941,5941,True
10155,6.25412867521e-05,0.000242714391788,12224,12358,False
10156,0.0013715462992,0.00455446867272,18984,18958,False
10157,0,0,5942,5942,True
10158,0.000423152931035,0.00138483429328,15051,14994,False
10159,0.00189063791186,0.00631552375853,19538,19529,False
10160,8.45444519655e-05,0.000278839841485,12502,12509,False
10161,0,0,5943,5943,True
10162,0.000111452296551,0.000353430135874,12812,12738,False
10163,0,0,5944,5944,True
10164,0,0,5945,5945,True
10165,0.000514532905072,0.00188725057524,15659,16029,False
10166,0,0,5946,5946,True
10167,0,0,5947,5947,True
10168,0,0,5948,5948,True
10169,0.000443038647063,0.00148292514496,15177,15189,False
10170,0.000368668144802,0.00121105695143,14695,14670,False
10171,0,0,5949,5949,True
10172,0.001333943801,0.0045478111133,18929,18955,False
10173,0.000952337984927,0.00332259014249,18113,18226,False
10174,0,0,5950,5950,True
10175,0.00132491311524,0.00463013816625,18913,18990,False
10176,0,0,5951,5951,True
10177,0,0,5952,5952,True
10178,8.57335180626e-05,0.000322210107697,12519,12647,False
10179,0,0,5953,5953,True
10180,0.000584311666898,0.00206350395456,16208,16459,False
10181,0.00118326081429,0.00405839458108,18671,18712,False
10182,0,0,5954,5954,True
10183,0,0,5955,5955,True
10184,0,0,5956,5956,True
10185,0,0,5957,5957,True
10186,0,0,5958,5958,True
10187,3.57509015885e-05,0.000145728336065,11894,11988,False
10188,0,0,5959,5959,True
10189,0,0,5960,5960,True
10190,0,0,5961,5961,True
10191,0,0,5962,5962,True
10192,0,0,5963,5963,True
10193,0.0014635771513,0.00499226991087,19124,19142,False
10194,0,0,5964,5964,True
10195,0,0,5965,5965,True
10196,0,0,5966,5966,True
10197,0,0,5967,5967,True
10198,0,0,5968,5968,True
10199,0,0,5969,5969,True
10200,0,0,5970,5970,True
10201,0.000178779198905,0.00057010864839,13506,13421,False
10202,0,0,5971,5971,True
10203,0,0,5972,5972,True
10204,4.92776780447e-05,0.000165114106494,12056,12065,False
10205,0,0,5973,5973,True
10206,5.19477616763e-05,0.000178787493496,12091,12117,False
10207,0.000955590629019,0.00327763264067,18119,18188,False
10208,0.00234826980159,0.00792110245675,19762,19759,False
10209,0,0,5974,5974,True
10210,0.000195359112695,0.000629017944448,13626,13568,False
10211,0.00197351328097,0.00682109966874,19590,19630,False
10212,0,0,5975,5975,True
10213,0,0,5976,5976,True
10214,0,0,5977,5977,True
10215,0,0,5978,5978,True
10216,0.000115570132039,0.000391834124457,12869,12887,False
10217,0,0,5979,5979,True
10218,0,0,5980,5980,True
10219,5.33594175067e-05,0.000181743380381,12110,12130,False
10220,0,0,5981,5981,True
10221,0,0,5982,5982,True
10222,0.00101361086126,0.0032288308721,18286,18149,False
10223,0.000781007984187,0.00271384324878,17434,17560,False
10224,0.000134264089866,0.000454306020401,13070,13079,False
10225,0,0,5983,5983,True
10226,0,0,5984,5984,True
10227,9.71480330918e-05,0.000323178450344,12652,12652,False
10228,0.000506512064021,0.0017168429913,15601,15635,False
10229,0,0,5985,5985,True
10230,0,0,5986,5986,True
10231,0.000678785145283,0.00231351493858,16877,16937,False
10232,0.000218009532546,0.000766584067605,13796,13855,False
10233,0,0,5987,5987,True
10234,0,0,5988,5988,True
10235,0.000210888567381,0.000713823828846,13750,13747,False
10236,0,0,5989,5989,True
10237,0,0,5990,5990,True
10238,0.000181375318789,0.000633364950772,13531,13580,False
10239,0,0,5991,5991,True
10240,0.000333670846885,0.00113124784548,14500,14527,False
10241,0,0,5992,5992,True
10242,0,0,5993,5993,True
10243,0.000155747475219,0.000501791306306,13289,13223,False
10244,0,0,5994,5994,True
10245,0.000150488238432,0.000484251359012,13236,13180,False
10246,3.1034964195e-05,9.730282909e-05,11851,11835,False
10247,0,0,5995,5995,True
10248,0.000668343913276,0.00227110087872,16818,16851,False
10249,0,0,5996,5996,True
10250,0,0,5997,5997,True
10251,0,0,5998,5998,True
10252,0,0,5999,5999,True
10253,0.000713805842679,0.00241959211417,17068,17123,False
10254,0,0,6000,6000,True
10255,0,0,6001,6001,True
10256,0.000639894336928,0.00215003266931,16621,16627,False
10257,0,0,6002,6002,True
10258,0,0,6003,6003,True
10259,0,0,6004,6004,True
10260,0,0,6005,6005,True
10261,0.00094376684865,0.00316760619171,18080,18090,False
10262,0,0,6006,6006,True
10263,0.00054961652495,0.00192979257554,15910,16145,False
10264,0.000800239155069,0.00261606206186,17527,17436,False
10265,0,0,6007,6007,True
10266,0,0,6008,6008,True
10267,0.000523325346876,0.00178222067188,15725,15794,False
10268,0,0,6009,6009,True
10269,0,0,6010,6010,True
10270,0,0,6011,6011,True
10271,0.000907855341211,0.00306459306739,17961,17985,False
10272,0.000982773955911,0.00325679499656,18213,18167,False
10273,0,0,6012,6012,True
10274,0,0,6013,6013,True
10275,0,0,6014,6014,True
10276,0.000781873648521,0.00258549652062,17440,17391,False
10277,0.000944815517869,0.00306053599343,18085,17980,False
10278,0.000546722032595,0.00182247336488,15891,15895,False
10279,0.000629734538961,0.00220026262105,16544,16726,False
10280,0,0,6015,6015,True
10281,0,0,6016,6016,True
10282,0,0,6017,6017,True
10283,0,0,6018,6018,True
10284,0.000196390523342,0.000637668941636,13637,13589,False
10285,0,0,6019,6019,True
10286,0,0,6020,6020,True
10287,0,0,6021,6021,True
10288,0.00124970532488,0.00402786256745,18786,18689,False
10289,0.000880105246324,0.00291698216461,17855,17815,False
10290,0,0,6022,6022,True
10291,0.00141627329867,0.00485800625756,19053,19093,False
10292,0.000187230340089,0.000628652167507,13574,13567,False
10293,0,0,6023,6023,True
10294,0.000331162969815,0.00110416510142,14483,14476,False
10295,0.00127485720441,0.00479183392599,18835,19064,False
10296,0,0,6024,6024,True
10297,0,0,6025,6025,True
10298,0.000636093085632,0.00227237073705,16600,16853,False
10299,0.000247408781433,0.000676800787915,13990,13671,False
10300,0.000651124690194,0.00217281398363,16707,16676,False
10301,0.00058412848739,0.00192538939882,16206,16136,False
10302,0,0,6026,6026,True
10303,0,0,6027,6027,True
10304,0,0,6028,6028,True
10305,0,0,6029,6029,True
10306,0,0,6030,6030,True
10307,0,0,6031,6031,True
10308,0,0,6032,6032,True
10309,0,0,6033,6033,True
10310,0,0,6034,6034,True
10311,0,0,6035,6035,True
10312,0,0,6036,6036,True
10313,0,0,6037,6037,True
10314,0.000617724377662,0.00207603257149,16454,16485,False
10315,0,0,6038,6038,True
10316,0,0,6039,6039,True
10317,0.000826793140732,0.00286644767039,17651,17753,False
10318,0,0,6040,6040,True
10319,7.79499314376e-05,0.000219649547944,12410,12274,False
10320,0,0,6041,6041,True
10321,0,0,6042,6042,True
10322,0,0,6043,6043,True
10323,0,0,6044,6044,True
10324,0.000954673450906,0.00325803924352,18118,18168,False
10325,0,0,6045,6045,True
10326,0,0,6046,6046,True
10327,0,0,6047,6047,True
10328,0,0,6048,6048,True
10329,0,0,6049,6049,True
10330,0,0,6050,6050,True
10331,0.000291674950859,0.000937352830078,14275,14202,False
10332,0.000130775006255,0.000547786592506,13029,13349,False
10333,0,0,6051,6051,True
10334,0.00220161536708,0.00733838649467,19721,19711,False
10335,0.00133825256489,0.00458440743387,18936,18970,False
10336,0,0,6052,6052,True
10337,0.000339710328262,0.00114935671445,14545,14566,False
10338,0,0,6053,6053,True
10339,4.74526532344e-05,0.000184735326911,12029,12148,False
10340,0,0,6054,6054,True
10341,0.000825002847705,0.00275671202689,17642,17608,False
10342,0,0,6055,6055,True
10343,0.000308788090479,0.00103156082332,14355,14364,False
10344,0,0,6056,6056,True
10345,0,0,6057,6057,True
10346,0.00135047547519,0.00455176504329,18952,18957,False
10347,0,0,6058,6058,True
10348,0,0,6059,6059,True
10349,0.00029505873681,0.00100447167642,14287,14316,False
10350,0.000388448592275,0.00126012042165,14843,14758,False
10351,0,0,6060,6060,True
10352,0.000839714775793,0.00298828654923,17705,17892,False
10353,0.000633924559224,0.00219321600161,16583,16709,False
10354,0,0,6061,6061,True
10355,0,0,6062,6062,True
10356,0,0,6063,6063,True
10357,0.00156407908071,0.005368698854,19236,19268,False
10358,0,0,6064,6064,True
10359,0,0,6065,6065,True
10360,0.000996887218207,0.00341229699552,18247,18294,False
10361,0.000690022890922,0.00235088053159,16938,16999,False
10362,0,0,6066,6066,True
10363,0,0,6067,6067,True
10364,0,0,6068,6068,True
10365,0.000519666413311,0.0019021006301,15697,16070,False
10366,0.0010056408355,0.00339349987917,18262,18280,False
10367,0,0,6069,6069,True
10368,0,0,6070,6070,True
10369,0,0,6071,6071,True
10370,0.00130989716854,0.00441347621381,18886,18889,False
10371,0.00108567380812,0.00364129408263,18465,18462,False
10372,0,0,6072,6072,True
10373,0,0,6073,6073,True
10374,0.000468187092338,0.00166201172397,15333,15525,False
10375,0,0,6074,6074,True
10376,0.000299032573821,0.00100954796653,14312,14329,False
10377,0.000601870007813,0.00211188336834,16352,16550,False
10378,0,0,6075,6075,True
10379,0,0,6076,6076,True
10380,0,0,6077,6077,True
10381,8.23413429316e-05,0.000272684090305,12480,12484,False
10382,0,0,6078,6078,True
10383,0,0,6079,6079,True
10384,0,0,6080,6080,True
10385,0,0,6081,6081,True
10386,0.000523222784977,0.00177482212894,15724,15776,False
10387,0,0,6082,6082,True
10388,0,0,6083,6083,True
10389,0,0,6084,6084,True
10390,0.000892703363206,0.00293806684203,17912,17839,False
10391,0,0,6085,6085,True
10392,0.00052768655587,0.00181388994679,15763,15874,False
10393,0,0,6086,6086,True
10394,0,0,6087,6087,True
10395,0,0,6088,6088,True
10396,0,0,6089,6089,True
10397,0,0,6090,6090,True
10398,0,0,6091,6091,True
10399,0.000621471786872,0.00210974598303,16487,16546,False
10400,0.00217543519102,0.00746862217784,19711,19728,False
10401,0.000734980392735,0.00239678518847,17202,17081,False
10402,0,0,6092,6092,True
10403,9.11185852601e-05,0.000281008135062,12588,12520,False
10404,0.000884110748302,0.00292494473979,17879,17824,False
10405,0,0,6093,6093,True
10406,0.000170548708411,0.0005319804186,13429,13303,False
10407,0,0,6094,6094,True
10408,0,0,6095,6095,True
10409,0,0,6096,6096,True
10410,0,0,6097,6097,True
10411,0,0,6098,6098,True
10412,0,0,6099,6099,True
10413,0,0,6100,6100,True
10414,0,0,6101,6101,True
10415,0.000225686948397,0.000773776439019,13844,13873,False
10416,0.000171689811395,0.00053058488993,13439,13293,False
10417,0.000162389740581,0.000538459222298,13357,13322,False
10418,0,0,6102,6102,True
10419,0.000780687492806,0.00259595597163,17429,17408,False
10420,0.000625923101325,0.00208489014767,16517,16501,False
10421,0,0,6103,6103,True
10422,0.000102986799902,0.000380256300559,12716,12849,False
10423,0,0,6104,6104,True
10424,0,0,6105,6105,True
10425,0,0,6106,6106,True
10426,0,0,6107,6107,True
10427,0,0,6108,6108,True
10428,0,0,6109,6109,True
10429,0,0,6110,6110,True
10430,0,0,6111,6111,True
10431,4.33360983152e-05,0.00013623200357,11986,11948,False
10432,0,0,6112,6112,True
10433,0,0,6113,6113,True
10434,0.00123895623256,0.00431085051969,18765,18841,False
10435,0,0,6114,6114,True
10436,0.00031810902874,0.00100761884823,14407,14322,False
10437,4.95740387123e-05,0.000160477778991,12061,12052,False
10438,0,0,6115,6115,True
10439,0.000680497440044,0.00239457981661,16885,17076,False
10440,0,0,6116,6116,True
10441,0,0,6117,6117,True
10442,0,0,6118,6118,True
10443,0,0,6119,6119,True
10444,0,0,6120,6120,True
10445,0,0,6121,6121,True
10446,0.000352020229911,0.00117898429744,14614,14622,False
10447,0.000387973239413,0.00132002483588,14837,14874,False
10448,0.000151438522153,0.000530598161276,13251,13294,False
10449,0.00049442629097,0.00168463145383,15513,15565,False
10450,0,0,6122,6122,True
10451,0,0,6123,6123,True
10452,0,0,6124,6124,True
10453,0,0,6125,6125,True
10454,9.88792744465e-05,0.000364708539564,12673,12781,False
10455,0,0,6126,6126,True
10456,0,0,6127,6127,True
10457,0.000703781319316,0.0022653338965,17016,16844,False
10458,0,0,6128,6128,True
10459,0,0,6129,6129,True
10460,0.000194991778699,0.000638293568045,13619,13591,False
10461,0,0,6130,6130,True
10462,0,0,6131,6131,True
10463,0.000114273410873,0.00036582670873,12855,12787,False
10464,0,0,6132,6132,True
10465,0,0,6133,6133,True
10466,0,0,6134,6134,True
10467,0.000376534240786,0.00125677359756,14757,14750,False
10468,0.000256350758718,0.000907687412109,14061,14143,False
10469,0.000132038141601,0.000444000615971,13042,13051,False
10470,0.000326158740791,0.00108124164399,14454,14441,False
10471,0,0,6135,6135,True
10472,0,0,6136,6136,True
10473,0,0,6137,6137,True
10474,0.00238004606217,0.00818806793541,19772,19781,False
10475,0.00141506886575,0.00473898136988,19050,19034,False
10476,0.00172734621447,0.00565101299435,19393,19334,False
10477,0.00147051131353,0.00495097832754,19132,19128,False
10478,0.000515075458679,0.00178149843123,15663,15791,False
10479,0,0,6138,6138,True
10480,0.00147051177919,0.0050158072263,19133,19146,False
10481,0,0,6139,6139,True
10482,0,0,6140,6140,True
10483,0,0,6141,6141,True
10484,0.000929382280447,0.00300917890854,18031,17913,False
10485,0.00084038201021,0.00272656534798,17709,17582,False
10486,0.00195513037033,0.00681461161003,19580,19628,False
10487,6.75377741572e-05,0.000219723544433,12295,12275,False
10488,0.000493565807119,0.00179291900713,15503,15819,False
10489,0,0,6142,6142,True
10490,0,0,6143,6143,True
10491,0,0,6144,6144,True
10492,0,0,6145,6145,True
10493,0.000476896268083,0.00153433473315,15382,15285,False
10494,0,0,6146,6146,True
10495,0,0,6147,6147,True
10496,0,0,6148,6148,True
10497,0.000496267748531,0.00158784736414,15531,15381,False
10498,0,0,6149,6149,True
10499,0.0011203060858,0.00372038222849,18550,18514,False
10500,0.000578623148613,0.00194330944214,16161,16179,False
10501,0,0,6150,6150,True
10502,0.000146888080053,0.000460453564301,13201,13102,False
10503,0,0,6151,6151,True
10504,0.000645662308671,0.00213317270391,16660,16596,False
10505,0.00144966354128,0.00485960859805,19105,19096,False
10506,0,0,6152,6152,True
10507,0.000890519411769,0.00301434518769,17903,17921,False
10508,0.000324420485413,0.00112300866749,14438,14515,False
10509,0,0,6153,6153,True
10510,0.00012128862727,0.00043129720143,12935,13013,False
10511,0,0,6154,6154,True
10512,0,0,6155,6155,True
10513,0,0,6156,6156,True
10514,0,0,6157,6157,True
10515,0.000442871823907,0.00142873567529,15175,15076,False
10516,0.000989648862742,0.00337291462347,18225,18264,False
10517,0.000686460698489,0.00253434386104,16916,17323,False
10518,0,0,6158,6158,True
10519,0.000813171092886,0.00274477037601,17576,17598,False
10520,0,0,6159,6159,True
10521,0.000181917086593,0.000561038556043,13539,13390,False
10522,0.000546371215023,0.00186384271365,15887,15971,False
10523,0.00096588867018,0.00332952197641,18152,18232,False
10524,0,0,6160,6160,True
10525,6.17800396867e-05,0.000201858041692,12212,12212,False
10526,0.000198965746677,0.000648586254101,13660,13619,False
10527,0.000331248214934,0.00112154486123,14484,14510,False
10528,0,0,6161,6161,True
10529,0,0,6162,6162,True
10530,0,0,6163,6163,True
10531,0,0,6164,6164,True
10532,0,0,6165,6165,True
10533,0.000243108122959,0.000810863508377,13964,13957,False
10534,0,0,6166,6166,True
10535,0.000444817065727,0.00147651496809,15190,15174,False
10536,0,0,6167,6167,True
10537,0.00101833848748,0.00340095022693,18301,18286,False
10538,0,0,6168,6168,True
10539,0.000269359414233,0.000859435414895,14140,14057,False
10540,0,0,6169,6169,True
10541,0,0,6170,6170,True
10542,0.00111581443343,0.00384449958801,18538,18595,False
10543,0,0,6171,6171,True
10544,0,0,6172,6172,True
10545,0.000375356816221,0.00125448708422,14748,14742,False
10546,8.89840957825e-05,0.000310542061925,12562,12607,False
10547,0,0,6173,6173,True
10548,0,0,6174,6174,True
10549,6.2934755988e-05,0.000196015185793,12229,12182,False
10550,0,0,6175,6175,True
10551,0,0,6176,6176,True
10552,0,0,6177,6177,True
10553,0,0,6178,6178,True
10554,0,0,6179,6179,True
10555,0,0,6180,6180,True
10556,0,0,6181,6181,True
10557,0.00149626645725,0.00513932248577,19158,19193,False
10558,0,0,6182,6182,True
10559,0.000721358868759,0.00246697524562,17119,17197,False
10560,0.00178079423495,0.00593405449763,19445,19416,False
10561,0,0,6183,6183,True
10562,0,0,6184,6184,True
10563,0.000617844460066,0.00200825114734,16456,16329,False
10564,0,0,6185,6185,True
10565,0.000789516197983,0.00268506142311,17477,17533,False
10566,0.000107598592876,0.000380428915378,12761,12850,False
10567,0,0,6186,6186,True
10568,0.000567858514842,0.00197255867533,16059,16260,False
10569,0.000588296970818,0.00201761210337,16238,16359,False
10570,0,0,6187,6187,True
10571,0,0,6188,6188,True
10572,5.17700354976e-05,0.000183233278221,12087,12137,False
10573,0.00034003762994,0.00117508100811,14548,14615,False
10574,0.000874251418281,0.00301056960598,17831,17915,False
10575,0,0,6189,6189,True
10576,0.000330685958033,0.00114175258204,14479,14550,False
10577,0,0,6190,6190,True
10578,0,0,6191,6191,True
10579,0,0,6192,6192,True
10580,0,0,6193,6193,True
10581,0.000110322049295,0.000374663533876,12797,12825,False
10582,0,0,6194,6194,True
10583,0,0,6195,6195,True
10584,0,0,6196,6196,True
10585,0.000681644538417,0.0022812995594,16891,16869,False
10586,0,0,6197,6197,True
10587,0,0,6198,6198,True
10588,0,0,6199,6199,True
10589,0,0,6200,6200,True
10590,0.00321738654748,0.0108292475343,19874,19873,False
10591,0,0,6201,6201,True
10592,0.000234010498389,0.000838350504637,13908,14006,False
10593,0,0,6202,6202,True
10594,0.00241628685035,0.00831434782594,19781,19791,False
10595,0.000768499157857,0.00252187484875,17375,17299,False
10596,0,0,6203,6203,True
10597,0.000660594145302,0.00223723147064,16766,16791,False
10598,0.000722473545466,0.00238416483626,17128,17057,False
10599,0,0,6204,6204,True
10600,0,0,6205,6205,True
10601,0,0,6206,6206,True
10602,0.000141902128235,0.000462884578155,13155,13110,False
10603,0.000517326931003,0.0018639654154,15680,15972,False
10604,0,0,6207,6207,True
10605,0.00098056520801,0.00313497753814,18208,18056,False
10606,0,0,6208,6208,True
10607,7.50192193664e-05,0.000275062950095,12376,12494,False
10608,0.000613317475654,0.00204550614581,16428,16424,False
10609,0,0,6209,6209,True
10610,0,0,6210,6210,True
10611,0.000180978880962,0.000648158660624,13525,13616,False
10612,0.00032749332604,0.00108121079393,14462,14440,False
10613,0,0,6211,6211,True
10614,0,0,6212,6212,True
10615,0.000515095423907,0.00179589877371,15664,15827,False
10616,0.00081586802844,0.0026795102749,17592,17524,False
10617,0,0,6213,6213,True
10618,0.000174319226062,0.000610874965787,13460,13525,False
10619,0,0,6214,6214,True
10620,0,0,6215,6215,True
10621,0,0,6216,6216,True
10622,0,0,6217,6217,True
10623,0.000648664368782,0.00219678506255,16684,16718,False
10624,0,0,6218,6218,True
10625,0,0,6219,6219,True
10626,0,0,6220,6220,True
10627,0.000480551563669,0.00170077721123,15407,15601,False
10628,0.000244493217906,0.000863611756358,13972,14064,False
10629,0.000604423054028,0.00212098169141,16370,16572,False
10630,0.000354165851604,0.00112934783101,14627,14525,False
10631,0,0,6221,6221,True
10632,0,0,6222,6222,True
10633,0.000971468922216,0.00322232861072,18167,18140,False
10634,0.000722740311176,0.00239926972426,17130,17084,False
10635,0,0,6223,6223,True
10636,0.000504088937305,0.00160160125233,15578,15412,False
10637,0.000793529325165,0.00257759285159,17497,17376,False
10638,0.00048680024338,0.00179306953214,15458,15820,False
10639,0.000363350874977,0.00124536280055,14670,14725,False
10640,0.000281897082459,0.000940587779041,14216,14209,False
10641,0,0,6224,6224,True
10642,0,0,6225,6225,True
10643,0,0,6226,6226,True
10644,0.000384736864362,0.00126217294019,14813,14761,False
10645,0,0,6227,6227,True
10646,0.000438527407823,0.0013943699887,15142,15016,False
10647,0.000478512432892,0.00153371226043,15391,15282,False
10648,0,0,6228,6228,True
10649,0.00239808834158,0.00821641180664,19778,19784,False
10650,9.04781845747e-05,0.000320235063555,12582,12641,False
10651,0,0,6229,6229,True
10652,0,0,6230,6230,True
10653,0.000209008168895,0.000660619756673,13732,13638,False
10654,0.00104908668436,0.00351697998121,18375,18372,False
10655,0.00129663129337,0.00433307234198,18864,18853,False
10656,0.000786774151493,0.00268415315077,17464,17531,False
10657,0,0,6231,6231,True
10658,0.000110010892968,0.000335315096891,12794,12681,False
10659,7.96011736384e-05,0.000169418155565,12443,12082,False
10660,0.00151563610416,0.00512290420011,19190,19189,False
10661,0,0,6232,6232,True
10662,0.000676123949233,0.00222451332957,16856,16774,False
10663,0.000879084749613,0.00300667481497,17848,17909,False
10664,0,0,6233,6233,True
10665,0.000691917084623,0.00233052787371,16946,16961,False
10666,0,0,6234,6234,True
10667,0,0,6235,6235,True
10668,0,0,6236,6236,True
10669,0.000126953906147,0.000400390097639,12993,12916,False
10670,0,0,6237,6237,True
10671,0.000741447904147,0.00258091790602,17238,17381,False
10672,0,0,6238,6238,True
10673,0.00109178840648,0.00371342082508,18475,18510,False
10674,0.000750639592297,0.00255056703463,17289,17340,False
10675,0.00117011077236,0.00368805904873,18637,18497,False
10676,0,0,6239,6239,True
10677,0.00033594595152,0.00115483615082,14520,14575,False
10678,0,0,6240,6240,True
10679,0.00334990303963,0.0114621520042,19880,19881,False
10680,0.00100574200042,0.00343477516435,18263,18315,False
10681,0,0,6241,6241,True
10682,6.04979431955e-05,0.00022422488837,12198,12288,False
10683,0.000388586748159,0.00125872867648,14844,14754,False
10684,0.000784967152867,0.00255777221173,17455,17353,False
10685,0.00051184889162,0.00169060658664,15638,15584,False
10686,0.000928617781028,0.00303584290668,18028,17944,False
10687,0,0,6242,6242,True
10688,0.00027500136639,0.000887484289706,14175,14107,False
10689,0.0012449841015,0.00416334485635,18782,18760,False
10690,0,0,6243,6243,True
10691,0.000850032258313,0.00295049604028,17749,17850,False
10692,0.000566614849959,0.00196991977282,16050,16254,False
10693,0.00115390564315,0.00393372261897,18610,18647,False
10694,0.000964315899182,0.00313524273224,18146,18058,False
10695,0.0017053806223,0.00562544818968,19365,19324,False
10696,0.000736886169761,0.00247895205393,17211,17217,False
10697,0,0,6244,6244,True
10698,0,0,6245,6245,True
10699,0,0,6246,6246,True
10700,0.000656303076539,0.00226259906776,16740,16837,False
10701,7.90001286077e-05,0.000224645220442,12433,12290,False
10702,0,0,6247,6247,True
10703,0,0,6248,6248,True
10704,0.00014600038412,0.000467528268928,13194,13129,False
10705,0,0,6249,6249,True
10706,0.00150106463116,0.00502893794328,19163,19149,False
10707,0.00084540201351,0.00297228409909,17729,17872,False
10708,0.000232394217164,0.000789650075603,13897,13902,False
10709,0.000343282998074,0.00123407843057,14567,14701,False
10710,0,0,6250,6250,True
10711,0,0,6251,6251,True
10712,0.000163262302522,0.000537476036698,13366,13318,False
10713,0.00111002859194,0.00356094748713,18522,18409,False
10714,0,0,6252,6252,True
10715,0.000648542190902,0.00219448655844,16681,16711,False
10716,0,0,6253,6253,True
10717,0,0,6254,6254,True
10718,0.000413002446294,0.00151440058835,14977,15243,False
10719,0,0,6255,6255,True
10720,0.000585881236475,0.00195597647689,16226,16220,False
10721,0,0,6256,6256,True
10722,0,0,6257,6257,True
10723,0.000815150386188,0.00269126403145,17587,17537,False
10724,0.000729797116946,0.00247813132592,17165,17213,False
10725,0.000164869867149,0.00056463200599,13378,13404,False
10726,0.000587542366702,0.00209546438418,16235,16519,False
10727,0,0,6258,6258,True
10728,0.00160541350488,0.00528909219429,19276,19240,False
10729,0.00112660427112,0.00374043290503,18560,18531,False
10730,0,0,6259,6259,True
10731,0.000478652189486,0.0015452177031,15392,15306,False
10732,0.00178575667087,0.00600874703377,19450,19448,False
10733,0,0,6260,6260,True
10734,0.000763612100855,0.00252828770317,17356,17310,False
10735,0.000170963787241,0.000561357242987,13434,13392,False
10736,0.000264261470875,0.000862909539137,14115,14062,False
10737,0,0,6261,6261,True
10738,0.00054444221314,0.00173605117016,15878,15678,False
10739,0,0,6262,6262,True
10740,0,0,6263,6263,True
10741,0.000463800242869,0.00162291922607,15306,15450,False
10742,0,0,6264,6264,True
10743,0,0,6265,6265,True
10744,0.00135710497852,0.00439037429169,18968,18883,False
10745,0.00067235896131,0.0022064007353,16838,16741,False
10746,0.00177062675357,0.0059473933652,19437,19425,False
10747,0,0,6266,6266,True
10748,0.000593988981564,0.00196754047647,16283,16247,False
10749,0,0,6267,6267,True
10750,0.00223492784426,0.00764949992299,19735,19743,False
10751,0.000744539953303,0.00251836818643,17250,17290,False
10752,0,0,6268,6268,True
10753,0,0,6269,6269,True
10754,0.000503478862811,0.0016705696471,15573,15541,False
10755,0,0,6270,6270,True
10756,0.000534725084435,0.00180477963295,15813,15853,False
10757,0,0,6271,6271,True
10758,0.00135837204289,0.00458369823173,18970,18967,False
10759,0,0,6272,6272,True
10760,0,0,6273,6273,True
10761,0.000469834863907,0.00155130517669,15340,15319,False
10762,0,0,6274,6274,True
10763,0.00179235253017,0.00591735215858,19454,19410,False
10764,5.52874480491e-05,0.00018044373428,12132,12124,False
10765,0.000977949355729,0.00326997158118,18195,18177,False
10766,0,0,6275,6275,True
10767,0.000561604858376,0.0019598621875,16013,16228,False
10768,0,0,6276,6276,True
10769,0.000723398465198,0.00238833273761,17133,17063,False
10770,0.000183841199032,0.000580327527132,13550,13455,False
10771,0,0,6277,6277,True
10772,0,0,6278,6278,True
10773,0,0,6279,6279,True
10774,0,0,6280,6280,True
10775,0,0,6281,6281,True
10776,0.00112471112516,0.00362001731992,18557,18446,False
10777,0.000156094305567,0.000512224563863,13295,13243,False
10778,0.00170873396564,0.00585121847689,19371,19389,False
10779,0.000121091135952,0.000413605128415,12932,12962,False
10780,0.000206796699786,0.000644454092253,13720,13607,False
10781,0.00197146553546,0.00653539970517,19587,19576,False
10782,0.000544340640772,0.00176820007619,15876,15753,False
10783,0,0,6282,6282,True
10784,0.000709917920176,0.0024800337851,17045,17222,False
10785,0,0,6283,6283,True
10786,0,0,6284,6284,True
10787,0,0,6285,6285,True
10788,0.00229898118414,0.00769467838109,19751,19748,False
10789,0.000531939906068,0.00177155144047,15790,15768,False
10790,0.000478897010908,0.00159405940212,15396,15394,False
10791,0,0,6286,6286,True
10792,0,0,6287,6287,True
10793,0.000613440468442,0.00207836693153,16429,16494,False
10794,0,0,6288,6288,True
10795,0.00114195293281,0.00384085462429,18586,18593,False
10796,0.00158982875291,0.00527181755751,19263,19235,False
10797,0.00192487135064,0.00648743286729,19556,19567,False
10798,0.000457718095277,0.00151074968744,15267,15234,False
10799,0.00102238589898,0.00338562671095,18309,18273,False
10800,0.000597420381382,0.00200954824686,16316,16332,False
10801,0,0,6289,6289,True
10802,0,0,6290,6290,True
10803,2.86132017209e-05,0.000116490125947,11832,11881,False
10804,0.000642664148472,0.00212112884037,16646,16573,False
10805,0,0,6291,6291,True
10806,0.000371211499441,0.00126360543072,14713,14764,False
10807,0,0,6292,6292,True
10808,0,0,6293,6293,True
10809,0.000319397513522,0.00105373119004,14412,14394,False
10810,0,0,6294,6294,True
10811,0,0,6295,6295,True
10812,0,0,6296,6296,True
10813,0.00026119092945,0.000850173237268,14091,14026,False
10814,0,0,6297,6297,True
10815,0.000655186653603,0.00223764171824,16734,16793,False
10816,0.000448095990578,0.00147733662743,15213,15178,False
10817,0,0,6298,6298,True
10818,0.000933032075409,0.00318173924461,18047,18101,False
10819,0.00088813045295,0.00279625831172,17895,17654,False
10820,0.000952744565438,0.00321675068699,18114,18132,False
10821,0,0,6299,6299,True
10822,0,0,6300,6300,True
10823,0.000443783064838,0.00144638633355,15183,15112,False
10824,0.000774685526267,0.00258758175187,17401,17393,False
10825,0,0,6301,6301,True
10826,0.000806688505691,0.00277429353446,17549,17631,False
10827,0,0,6302,6302,True
10828,0.002039184561,0.00701901875436,19643,19663,False
10829,0,0,6303,6303,True
10830,0.000567090173718,0.0018694200553,16055,15986,False
10831,8.94405311556e-05,0.000300455052638,12568,12572,False
10832,0.000462477706606,0.00155078293756,15289,15318,False
10833,0,0,6304,6304,True
10834,0,0,6305,6305,True
10835,0.000517341133673,0.00171207950916,15681,15624,False
10836,0,0,6306,6306,True
10837,0.000880221079569,0.00282412394881,17857,17692,False
10838,0,0,6307,6307,True
10839,0.00200640782714,0.00663167284802,19615,19595,False
10840,0,0,6308,6308,True
10841,0.00102541036904,0.00346189900301,18319,18336,False
10842,0,0,6309,6309,True
10843,0,0,6310,6310,True
10844,0,0,6311,6311,True
10845,0,0,6312,6312,True
10846,0.000483180745505,0.00157213723287,15428,15350,False
10847,0.000657927012071,0.00216934783384,16752,16667,False
10848,0.00167402497027,0.0057103629224,19335,19350,False
10849,0.000423722085543,0.00138741987757,15056,15003,False
10850,0,0,6313,6313,True
10851,0.000532216916326,0.00180329219438,15791,15851,False
10852,0,0,6314,6314,True
10853,0.000528124510311,0.00174982694443,15765,15714,False
10854,0.000930580019485,0.00310769700445,18036,18029,False
10855,0,0,6315,6315,True
10856,0.000323878484778,0.00104294507764,14435,14379,False
10857,8.78008650034e-05,0.000261026492808,12546,12434,False
10858,0.000565255468246,0.00184306746814,16038,15933,False
10859,0,0,6316,6316,True
10860,0.000748565827962,0.00249736546539,17277,17249,False
10861,0.000504215538967,0.00168216158636,15581,15562,False
10862,0.000115288232337,0.000364613282727,12865,12778,False
10863,0,0,6317,6317,True
10864,0.00014384361566,0.000483735493617,13172,13177,False
10865,0,0,6318,6318,True
10866,0.00111868313979,0.00373993255198,18544,18530,False
10867,0.00130325753707,0.00439865980297,18873,18885,False
10868,0.00071146414848,0.00235066446476,17053,16998,False
10869,0,0,6319,6319,True
10870,0,0,6320,6320,True
10871,0.00065853446722,0.00216997228563,16755,16669,False
10872,0.000818069616798,0.00277593382634,17602,17634,False
10873,0.00127105705906,0.00435778871179,18828,18863,False
10874,0.000863641442265,0.00288937008008,17797,17781,False
10875,0,0,6321,6321,True
10876,0.000395211885916,0.00129566760734,14879,14820,False
10877,0,0,6322,6322,True
10878,8.10336641734e-05,0.000285429850919,12461,12532,False
10879,0,0,6323,6323,True
10880,0,0,6324,6324,True
10881,0,0,6325,6325,True
10882,0,0,6326,6326,True
10883,0,0,6327,6327,True
10884,0,0,6328,6328,True
10885,0,0,6329,6329,True
10886,0.000209069592529,0.000644875399303,13733,13608,False
10887,0,0,6330,6330,True
10888,0.000723007775377,0.00252183084376,17132,17297,False
10889,0,0,6331,6331,True
10890,0,0,6332,6332,True
10891,0.00232091778889,0.00797684676945,19756,19768,False
10892,0,0,6333,6333,True
10893,0,0,6334,6334,True
10894,0,0,6335,6335,True
10895,0,0,6336,6336,True
10896,0,0,6337,6337,True
10897,0,0,6338,6338,True
10898,4.74585795018e-05,0.000158809314598,12031,12045,False
10899,0,0,6339,6339,True
10900,0,0,6340,6340,True
10901,0,0,6341,6341,True
10902,0.00166257319506,0.00548954727128,19327,19291,False
10903,0,0,6342,6342,True
10904,0.000422133423854,0.00138399284333,15045,14990,False
10905,0,0,6343,6343,True
10906,0,0,6344,6344,True
10907,0.000225937707,0.000635450123809,13845,13582,False
10908,0,0,6345,6345,True
10909,0.00110882462468,0.00365357357077,18518,18472,False
10910,0,0,6346,6346,True
10911,0.000626032182481,0.00206959014758,16519,16468,False
10912,0,0,6347,6347,True
10913,0.000131970824441,0.00041243864689,13040,12952,False
10914,6.97742725606e-05,0.000217442167923,12321,12259,False
10915,0.000259768625256,0.000997710158117,14078,14303,False
10916,0.000531568250153,0.0018334708875,15786,15911,False
10917,0,0,6348,6348,True
10918,0,0,6349,6349,True
10919,0,0,6350,6350,True
10920,0.00101920228917,0.00345641677268,18303,18331,False
10921,0,0,6351,6351,True
10922,3.16513833241e-05,0.000110890221549,11860,11863,False
10923,0,0,6352,6352,True
10924,0,0,6353,6353,True
10925,0,0,6354,6354,True
10926,0.00144109886605,0.00485928962007,19091,19095,False
10927,0,0,6355,6355,True
10928,0.00023629295174,0.000817919149995,13922,13971,False
10929,0.000970618042629,0.0031515150331,18163,18075,False
10930,0.00167792174034,0.00560042681172,19341,19319,False
10931,0,0,6356,6356,True
10932,0,0,6357,6357,True
10933,0.000121472141473,0.00032937238575,12936,12665,False
10934,0,0,6358,6358,True
10935,0,0,6359,6359,True
10936,0,0,6360,6360,True
10937,0,0,6361,6361,True
10938,0,0,6362,6362,True
10939,0.000557391380426,0.00179659819696,15979,15829,False
10940,0.000433763081674,0.00140434072819,15110,15029,False
10941,0,0,6363,6363,True
10942,0,0,6364,6364,True
10943,0,0,6365,6365,True
10944,6.41911974526e-05,0.000198166249902,12251,12194,False
10945,0.00072388863191,0.00230419705622,17136,16919,False
10946,0,0,6366,6366,True
10947,0,0,6367,6367,True
10948,0.000842619221658,0.00284260208718,17714,17724,False
10949,0.00154152023606,0.00522517831996,19217,19221,False
10950,0.000338059238857,0.00104796688538,14531,14385,False
10951,0.000669080123771,0.00238883588463,16820,17065,False
10952,0,0,6368,6368,True
10953,0.000734205823392,0.00244587589987,17198,17166,False
10954,0.000808297016192,0.00284839468077,17553,17732,False
10955,0.000929248169996,0.0030759552028,18030,17998,False
10956,0,0,6369,6369,True
10957,0,0,6370,6370,True
10958,0,0,6371,6371,True
10959,0,0,6372,6372,True
10960,0,0,6373,6373,True
10961,4.90012971568e-05,0.000144127858221,12050,11983,False
10962,0,0,6374,6374,True
10963,0,0,6375,6375,True
10964,0,0,6376,6376,True
10965,0,0,6377,6377,True
10966,0,0,6378,6378,True
10967,0,0,6379,6379,True
10968,0,0,6380,6380,True
10969,0,0,6381,6381,True
10970,0,0,6382,6382,True
10971,0.00070891022915,0.00236424291506,17039,17016,False
10972,0,0,6383,6383,True
10973,0,0,6384,6384,True
10974,0,0,6385,6385,True
10975,0,0,6386,6386,True
10976,0.000812049314845,0.00284711900167,17568,17728,False
10977,8.44395399326e-05,0.000266209914116,12500,12459,False
10978,0.000228987075388,0.000809279561508,13873,13953,False
10979,0.000115825532703,0.000401952507673,12871,12920,False
10980,0.000435715483036,0.0014044145355,15127,15030,False
10981,0,0,6387,6387,True
10982,0,0,6388,6388,True
10983,0,0,6389,6389,True
10984,0.000111601388198,0.000275260332273,12815,12495,False
10985,0,0,6390,6390,True
10986,0,0,6391,6391,True
10987,0.000450167426607,0.00145795871504,15227,15141,False
10988,0,0,6392,6392,True
10989,0.00120339822024,0.00387949007563,18702,18612,False
10990,0,0,6393,6393,True
10991,0.00197094329633,0.00658639054745,19586,19583,False
10992,0,0,6394,6394,True
10993,0,0,6395,6395,True
10994,0.000721383024938,0.00239554164,17120,17077,False
10995,0.000563138572033,0.00173525162973,16027,15675,False
10996,0,0,6396,6396,True
10997,0.000649312685709,0.00221710652113,16687,16764,False
10998,0,0,6397,6397,True
10999,0.000788950186688,0.00258782762103,17474,17395,False
11000,0,0,6398,6398,True
11001,0.000591346179135,0.00195748265833,16263,16224,False
11002,0.000505760486703,0.00157486263197,15594,15357,False
11003,0.00115536048543,0.00388082349673,18613,18615,False
11004,0,0,6399,6399,True
11005,0,0,6400,6400,True
11006,0.000520105764735,0.00157161464449,15702,15349,False
11007,0,0,6401,6401,True
11008,0,0,6402,6402,True
11009,0,0,6403,6403,True
11010,0,0,6404,6404,True
11011,0,0,6405,6405,True
11012,0,0,6406,6406,True
11013,0,0,6407,6407,True
11014,0,0,6408,6408,True
11015,0,0,6409,6409,True
11016,0.000103049140307,0.000211014732486,12718,12242,False
11017,0.000396251125494,0.00139687780757,14888,15020,False
11018,0.000627928355243,0.00212486111559,16533,16583,False
11019,0,0,6410,6410,True
11020,0,0,6411,6411,True
11021,0.000137953655212,0.000558441795874,13120,13383,False
11022,0.000208725570701,0.000713773537427,13731,13746,False
11023,0,0,6412,6412,True
11024,0,0,6413,6413,True
11025,0,0,6414,6414,True
11026,0,0,6415,6415,True
11027,3.82517027901e-05,0.0001206998204,11923,11894,False
11028,0,0,6416,6416,True
11029,0,0,6417,6417,True
11030,0,0,6418,6418,True
11031,0,0,6419,6419,True
11032,0,0,6420,6420,True
11033,0.00014980675769,0.000454983703094,13232,13080,False
11034,0.000733978755306,0.0025208578445,17196,17294,False
11035,0.000570705917198,0.00196812418289,16083,16248,False
11036,0,0,6421,6421,True
11037,0,0,6422,6422,True
11038,0.000126972459839,0.000441406475147,12994,13042,False
11039,0,0,6423,6423,True
11040,0.000116252864245,0.00038056174526,12875,12851,False
11041,0.000220649308176,0.000896643439773,13814,14124,False
11042,0,0,6424,6424,True
11043,0.00097049807664,0.00327720912173,18162,18187,False
11044,0,0,6425,6425,True
11045,0,0,6426,6426,True
11046,0.000299571896903,0.000987133011222,14319,14286,False
11047,0,0,6427,6427,True
11048,0.00142278359272,0.00481405248865,19057,19074,False
11049,0.000642309372779,0.00211759959348,16645,16561,False
11050,0.000112641522719,0.00039955257671,12831,12911,False
11051,0,0,6428,6428,True
11052,0,0,6429,6429,True
11053,0.00203438731842,0.00696452986449,19636,19653,False
11054,0,0,6430,6430,True
11055,3.51826456608e-05,0.000116133851407,11884,11880,False
11056,0.000621966144536,0.00211796397343,16492,16562,False
11057,0.000332744733896,0.00111429288518,14496,14496,False
11058,0,0,6431,6431,True
11059,0.00191610085312,0.0062359184958,19552,19506,False
11060,0,0,6432,6432,True
11061,0.000478796515381,0.00165729585569,15394,15514,False
11062,0.00146736367606,0.0049646566622,19129,19132,False
11063,0,0,6433,6433,True
11064,0,0,6434,6434,True
11065,0,0,6435,6435,True
11066,0.00120614678599,0.00389061262831,18708,18619,False
11067,0,0,6436,6436,True
11068,0,0,6437,6437,True
11069,0.000104623613879,0.000389403692679,12730,12881,False
11070,0.000448388193035,0.00143733946607,15217,15100,False
11071,0,0,6438,6438,True
11072,0.000990598928183,0.00342610571533,18229,18310,False
11073,0.000728870625608,0.00232598534785,17159,16958,False
11074,0,0,6439,6439,True
11075,0.00234738201834,0.00797868426889,19761,19769,False
11076,0,0,6440,6440,True
11077,0,0,6441,6441,True
11078,0,0,6442,6442,True
11079,0.000649877940305,0.00213270680979,16694,16595,False
11080,0.00157050299458,0.00539027014747,19243,19271,False
11081,0,0,6443,6443,True
11082,0,0,6444,6444,True
11083,0,0,6445,6445,True
11084,0,0,6446,6446,True
11085,0.000136686852784,0.000423468241934,13106,12983,False
11086,0,0,6447,6447,True
11087,0,0,6448,6448,True
11088,0,0,6449,6449,True
11089,0,0,6450,6450,True
11090,0.000106628816866,0.000312904419843,12751,12614,False
11091,0.00106702372432,0.00365437101573,18423,18474,False
11092,0,0,6451,6451,True
11093,0.000844191992655,0.00278167263605,17723,17642,False
11094,0.000442630844191,0.00147130340338,15169,15169,False
11095,0,0,6452,6452,True
11096,0,0,6453,6453,True
11097,0,0,6454,6454,True
11098,0,0,6455,6455,True
11099,0,0,6456,6456,True
11100,0,0,6457,6457,True
11101,0,0,6458,6458,True
11102,0.000609507202171,0.00188572495244,16401,16025,False
11103,0,0,6459,6459,True
11104,0,0,6460,6460,True
11105,0.000568894029129,0.00193671591114,16070,16160,False
11106,0,0,6461,6461,True
11107,0,0,6462,6462,True
11108,0,0,6463,6463,True
11109,0.000197280111024,0.000660670048092,13650,13639,False
11110,0,0,6464,6464,True
11111,0.000185235126992,0.000615983444732,13561,13539,False
11112,2.85515998257e-05,8.89386283234e-05,11830,11818,False
11113,0.000559595122468,0.00181332207285,15992,15872,False
11114,0,0,6465,6465,True
11115,0.000298418715829,0.000928213645238,14308,14183,False
11116,0,0,6466,6466,True
11117,0,0,6467,6467,True
11118,0,0,6468,6468,True
11119,0.000461906340206,0.00156730075832,15285,15340,False
11120,0.00227548158728,0.00741538358852,19743,19722,False
11121,0.00042352383025,0.00145105668344,15053,15124,False
11122,0,0,6469,6469,True
11123,0.000339089659974,0.0010900311172,14540,14450,False
11124,0,0,6470,6470,True
11125,0.000445605372079,0.00144816981629,15193,15117,False
11126,0,0,6471,6471,True
11127,0,0,6472,6472,True
11128,0.000573697616346,0.00192253931891,16111,16123,False
11129,0.000180483883014,0.000726097554434,13521,13773,False
11130,0.000449083192507,0.00141001632437,15223,15043,False
11131,0,0,6473,6473,True
11132,0.00232846383005,0.00808851607144,19758,19776,False
11133,0.000226835021749,0.00085027544992,13856,14027,False
11134,0,0,6474,6474,True
11135,0,0,6475,6475,True
11136,0,0,6476,6476,True
11137,0,0,6477,6477,True
11138,0,0,6478,6478,True
11139,0.00065508694388,0.00219468562864,16732,16712,False
11140,0,0,6479,6479,True
11141,0,0,6480,6480,True
11142,0,0,6481,6481,True
11143,0.00130821671337,0.00429589813575,18879,18833,False
11144,0,0,6482,6482,True
11145,0.00038792291889,0.00130065041594,14835,14835,False
11146,0.000497091969009,0.00165578571614,15540,15512,False
11147,0,0,6483,6483,True
11148,0,0,6484,6484,True
11149,0.000130403888761,0.000443527853349,13023,13047,False
11150,0.000876192643773,0.00303301820531,17841,17940,False
11151,0.000431283755461,0.0015049126232,15091,15229,False
11152,0,0,6485,6485,True
11153,0.000189328391571,0.000662744219881,13588,13642,False
11154,0.000649612920824,0.00216766702943,16692,16662,False
11155,0.000439802039182,0.00150556839071,15150,15230,False
11156,0,0,6486,6486,True
11157,0,0,6487,6487,True
11158,0,0,6488,6488,True
11159,0.00117996311747,0.00416321819648,18657,18758,False
11160,0,0,6489,6489,True
11161,0,0,6490,6490,True
11162,0,0,6491,6491,True
11163,0,0,6492,6492,True
11164,0,0,6493,6493,True
11165,0.000489472469781,0.00164311693516,15478,15489,False
11166,0.000586782582104,0.00198105978779,16232,16274,False
11167,0.000327853107592,0.00106335128658,14464,14407,False
11168,0.000894564494956,0.00294382986613,17915,17843,False
11169,0.00370577769354,0.0125138452277,19890,19889,False
11170,0,0,6494,6494,True
11171,0.000987677020021,0.00327626569197,18220,18184,False
11172,0,0,6495,6495,True
11173,0.00124026008416,0.00399811752141,18769,18677,False
11174,0,0,6496,6496,True
11175,0,0,6497,6497,True
11176,0,0,6498,6498,True
11177,5.36433653906e-05,0.000192175197299,12112,12173,False
11178,0,0,6499,6499,True
11179,0.00010287900659,0.000369386048988,12715,12808,False
11180,0,0,6500,6500,True
11181,0,0,6501,6501,True
11182,0.000253554637311,0.000701265933458,14042,13721,False
11183,0.000111363449832,0.000359240890248,12809,12759,False
11184,0.000234137449297,0.000756895227823,13910,13831,False
11185,0,0,6502,6502,True
11186,0,0,6503,6503,True
11187,0.00157610198949,0.0052971993573,19249,19244,False
11188,0,0,6504,6504,True
11189,0,0,6505,6505,True
11190,0.000348683854099,0.00107871484943,14598,14431,False
11191,0.000109380955109,0.000371183239622,12786,12817,False
11192,0,0,6506,6506,True
11193,0,0,6507,6507,True
11194,0.000775812892243,0.00259254849516,17410,17401,False
11195,0,0,6508,6508,True
11196,2.80993390334e-05,9.63874772424e-05,11825,11830,False
11197,0,0,6509,6509,True
11198,0,0,6510,6510,True
11199,0.00080645858543,0.00289658643305,17547,17792,False
11200,0,0,6511,6511,True
11201,0,0,6512,6512,True
11202,0,0,6513,6513,True
11203,0,0,6514,6514,True
11204,0,0,6515,6515,True
11205,0,0,6516,6516,True
11206,0,0,6517,6517,True
11207,0,0,6518,6518,True
11208,0.000887794885784,0.0029978423845,17892,17898,False
11209,0,0,6519,6519,True
11210,0,0,6520,6520,True
11211,0,0,6521,6521,True
11212,0,0,6522,6522,True
11213,0.000372951326426,0.00122365390416,14733,14683,False
11214,2.3756569135e-05,9.33339179028e-05,11811,11825,False
11215,0.000515842286404,0.00198235246353,15669,16279,False
11216,0,0,6523,6523,True
11217,3.52265851689e-05,0.00012231398432,11886,11905,False
11218,0,0,6524,6524,True
11219,0,0,6525,6525,True
11220,0.000692507077474,0.0022878148593,16950,16882,False
11221,0,0,6526,6526,True
11222,0,0,6527,6527,True
11223,0,0,6528,6528,True
11224,0.000103354243038,0.000337594508892,12720,12689,False
11225,0,0,6529,6529,True
11226,0,0,6530,6530,True
11227,0,0,6531,6531,True
11228,0,0,6532,6532,True
11229,0,0,6533,6533,True
11230,0,0,6534,6534,True
11231,0,0,6535,6535,True
11232,5.30296820216e-05,0.000188859165064,12101,12162,False
11233,0,0,6536,6536,True
11234,0,0,6537,6537,True
11235,0,0,6538,6538,True
11236,0,0,6539,6539,True
11237,0.00033328004065,0.00117973960005,14498,14627,False
11238,0.000119126867503,0.000409079599194,12912,12940,False
11239,0,0,6540,6540,True
11240,0,0,6541,6541,True
11241,0,0,6542,6542,True
11242,0,0,6543,6543,True
11243,0,0,6544,6544,True
11244,0,0,6545,6545,True
11245,0,0,6546,6546,True
11246,0,0,6547,6547,True
11247,0.000930874550249,0.00303810695186,18037,17948,False
11248,5.18943488714e-05,0.000173140055267,12089,12095,False
11249,0,0,6548,6548,True
11250,0,0,6549,6549,True
11251,0,0,6550,6550,True
11252,0,0,6551,6551,True
11253,3.38160461979e-05,0.000112803754746,11877,11869,False
11254,0,0,6552,6552,True
11255,0.0013335958356,0.00457691261545,18928,18964,False
11256,5.38967251487e-05,0.000151425323565,12116,12016,False
11257,0,0,6553,6553,True
11258,0.000466077151941,0.00159302202519,15323,15389,False
11259,0,0,6554,6554,True
11260,0,0,6555,6555,True
11261,0,0,6556,6556,True
11262,0,0,6557,6557,True
11263,0,0,6558,6558,True
11264,6.61985686747e-05,0.000222802074859,12274,12284,False
11265,0,0,6559,6559,True
11266,0,0,6560,6560,True
11267,0,0,6561,6561,True
11268,0,0,6562,6562,True
11269,0,0,6563,6563,True
11270,0,0,6564,6564,True
11271,0,0,6565,6565,True
11272,0,0,6566,6566,True
11273,0.00279949000105,0.00960472784936,19840,19841,False
11274,0.00010121773812,0.000390586996218,12697,12885,False
11275,0,0,6567,6567,True
11276,0,0,6568,6568,True
11277,0,0,6569,6569,True
11278,0,0,6570,6570,True
11279,0,0,6571,6571,True
11280,0,0,6572,6572,True
11281,0,0,6573,6573,True
11282,0,0,6574,6574,True
11283,0,0,6575,6575,True
11284,0,0,6576,6576,True
11285,0,0,6577,6577,True
11286,0,0,6578,6578,True
11287,0,0,6579,6579,True
11288,0.000592542812228,0.00200435193256,16268,16325,False
11289,0,0,6580,6580,True
11290,0,0,6581,6581,True
11291,0.00022872860427,0.000740744813811,13870,13798,False
11292,0,0,6582,6582,True
11293,0,0,6583,6583,True
11294,0,0,6584,6584,True
11295,0.000429039035225,0.00149233080447,15084,15206,False
11296,0,0,6585,6585,True
11297,0,0,6586,6586,True
11298,4.13552079408e-05,0.000149928600877,11965,12009,False
11299,0.000107090549136,0.000396878283937,12753,12902,False
11300,0,0,6587,6587,True
11301,0,0,6588,6588,True
11302,0,0,6589,6589,True
11303,3.86691644962e-05,0.000152130509377,11927,12019,False
11304,6.06854155194e-05,0.000199075497221,12203,12197,False
11305,0,0,6590,6590,True
11306,0.000335999153322,0.00112098560203,14521,14507,False
11307,0,0,6591,6591,True
11308,0,0,6592,6592,True
11309,0.00152661057655,0.00512589840218,19206,19191,False
11310,0.000247538206168,0.00074509420665,13991,13806,False
11311,0,0,6593,6593,True
11312,0,0,6594,6594,True
11313,0,0,6595,6595,True
11314,0,0,6596,6596,True
11315,0,0,6597,6597,True
11316,0,0,6598,6598,True
11317,0,0,6599,6599,True
11318,0,0,6600,6600,True
11319,0,0,6601,6601,True
11320,0,0,6602,6602,True
11321,0,0,6603,6603,True
11322,0,0,6604,6604,True
11323,0,0,6605,6605,True
11324,0,0,6606,6606,True
11325,0.000135792681249,0.000523052993231,13090,13268,False
11326,0,0,6607,6607,True
11327,0,0,6608,6608,True
11328,0,0,6609,6609,True
11329,0.000596376543399,0.00199548318051,16311,16304,False
11330,0,0,6610,6610,True
11331,0,0,6611,6611,True
11332,0,0,6612,6612,True
11333,0,0,6613,6613,True
11334,0,0,6614,6614,True
11335,0,0,6615,6615,True
11336,0.000845562492032,0.00291326758452,17731,17810,False
11337,0,0,6616,6616,True
11338,0,0,6617,6617,True
11339,0,0,6618,6618,True
11340,0.000217682842049,0.000830569886602,13793,13991,False
11341,0,0,6619,6619,True
11342,0.000117622126709,0.000463686999865,12891,13113,False
11343,0,0,6620,6620,True
11344,0.000434602523455,0.00145842914935,15116,15143,False
11345,0,0,6621,6621,True
11346,9.65200524661e-05,0.000331165472744,12642,12669,False
11347,0,0,6622,6622,True
11348,0,0,6623,6623,True
11349,0,0,6624,6624,True
11350,0.000554544676561,0.00192910525948,15953,16142,False
11351,8.69292125572e-05,0.000322349253111,12531,12648,False
11352,0,0,6625,6625,True
11353,0,0,6626,6626,True
11354,0,0,6627,6627,True
11355,0,0,6628,6628,True
11356,0,0,6629,6629,True
11357,4.57890600956e-05,0.000205414224183,12015,12217,False
11358,0,0,6630,6630,True
11359,0.000155189394718,0.000579308369197,13285,13450,False
11360,0.000160371462698,0.000577347003855,13333,13441,False
11361,0.00014970045595,0.00055645982502,13230,13378,False
11362,0,0,6631,6631,True
11363,0,0,6632,6632,True
11364,0.000215371968807,0.000697369046975,13777,13713,False
11365,0,0,6633,6633,True
11366,0.000198373076273,0.000723321340047,13655,13768,False
11367,0,0,6634,6634,True
11368,0,0,6635,6635,True
11369,0.00142744055483,0.00483262725174,19065,19082,False
11370,0,0,6636,6636,True
11371,0,0,6637,6637,True
11372,0,0,6638,6638,True
11373,0,0,6639,6639,True
11374,0,0,6640,6640,True
11375,0.000839413376525,0.00277230003849,17703,17629,False
11376,0,0,6641,6641,True
11377,0,0,6642,6642,True
11378,0,0,6643,6643,True
11379,0,0,6644,6644,True
11380,7.16839422239e-05,0.00030120430165,12340,12575,False
11381,7.02661709511e-05,0.000198894325877,12324,12195,False
11382,0,0,6645,6645,True
11383,0,0,6646,6646,True
11384,0,0,6647,6647,True
11385,0,0,6648,6648,True
11386,0,0,6649,6649,True
11387,0,0,6650,6650,True
11388,0,0,6651,6651,True
11389,0,0,6652,6652,True
11390,0,0,6653,6653,True
11391,0,0,6654,6654,True
11392,0,0,6655,6655,True
11393,0,0,6656,6656,True
11394,0,0,6657,6657,True
11395,0.000493438041303,0.0017139663687,15502,15629,False
11396,0,0,6658,6658,True
11397,0,0,6659,6659,True
11398,0,0,6660,6660,True
11399,0.00217401748523,0.00735383247957,19707,19715,False
11400,0,0,6661,6661,True
11401,0.000372365873773,0.00129649671726,14725,14823,False
11402,0,0,6662,6662,True
11403,0,0,6663,6663,True
11404,3.37331875926e-05,0.00012255513866,11874,11906,False
11405,0,0,6664,6664,True
11406,0,0,6665,6665,True
11407,0,0,6666,6666,True
11408,0,0,6667,6667,True
11409,0.000277472223388,0.000995747512206,14192,14297,False
11410,0,0,6668,6668,True
11411,0,0,6669,6669,True
11412,0,0,6670,6670,True
11413,0,0,6671,6671,True
11414,0,0,6672,6672,True
11415,0,0,6673,6673,True
11416,0,0,6674,6674,True
11417,0,0,6675,6675,True
11418,0,0,6676,6676,True
11419,7.21794931451e-05,0.000185458251508,12348,12150,False
11420,0,0,6677,6677,True
11421,0,0,6678,6678,True
11422,0,0,6679,6679,True
11423,0,0,6680,6680,True
11424,0,0,6681,6681,True
11425,0,0,6682,6682,True
11426,0.000476919958601,0.00157481292263,15383,15356,False
11427,0,0,6683,6683,True
11428,0.000291103002382,0.000983228906989,14273,14280,False
11429,0,0,6684,6684,True
11430,0.000463056436274,0.00146695075091,15297,15157,False
11431,0,0,6685,6685,True
11432,0,0,6686,6686,True
11433,0.000207502554986,0.000685683742631,13724,13685,False
11434,0.000204164112802,0.000581512867939,13700,13462,False
11435,0,0,6687,6687,True
11436,0,0,6688,6688,True
11437,0.00017439572548,0.000756949826609,13461,13832,False
11438,0.000239427245106,0.000899980252143,13944,14131,False
11439,0,0,6689,6689,True
11440,0.00148868130054,0.00504265865311,19149,19155,False
11441,0,0,6690,6690,True
11442,0,0,6691,6691,True
11443,2.82963119389e-05,9.52796617639e-05,11827,11829,False
11444,0,0,6692,6692,True
11445,8.69484283612e-05,0.000265027745627,12532,12455,False
11446,0,0,6693,6693,True
11447,0,0,6694,6694,True
11448,0.000860344152898,0.0030584144406,17787,17976,False
11449,0,0,6695,6695,True
11450,0.000335124786943,0.00113169546239,14513,14528,False
11451,0.000882751075551,0.00296513270587,17871,17865,False
11452,0.000974333379418,0.00323223136365,18179,18150,False
11453,0,0,6696,6696,True
11454,0,0,6697,6697,True
11455,0,0,6698,6698,True
11456,0,0,6699,6699,True
11457,0,0,6700,6700,True
11458,0,0,6701,6701,True
11459,0,0,6702,6702,True
11460,0,0,6703,6703,True
11461,0,0,6704,6704,True
11462,0.000708592880983,0.00237937015481,17036,17047,False
11463,9.85770457191e-05,0.000362007296644,12666,12769,False
11464,0,0,6705,6705,True
11465,0.000124730038806,0.000450206862297,12973,13067,False
11466,0,0,6706,6706,True
11467,0.000399007141823,0.00141988298856,14905,15059,False
11468,0,0,6707,6707,True
11469,0,0,6708,6708,True
11470,0,0,6709,6709,True
11471,0,0,6710,6710,True
11472,0,0,6711,6711,True
11473,0.0007930212887,0.00254124170169,17496,17330,False
11474,0.000275356142083,0.000957291631494,14178,14236,False
11475,0,0,6712,6712,True
11476,0,0,6713,6713,True
11477,0.000851252523717,0.00284972065128,17755,17733,False
11478,0.000170580591657,0.00054852257017,13430,13352,False
11479,0.000261772365775,0.000969590910245,14096,14255,False
11480,0.000791269470938,0.0025824799668,17487,17385,False
11481,0.000817335501779,0.00277529796585,17598,17632,False
11482,0,0,6714,6714,True
11483,0.000537884072401,0.0017399644712,15839,15688,False
11484,0.000330728362314,0.00112534081563,14480,14518,False
11485,0.000474374683108,0.00157395773567,15367,15353,False
11486,0.00015494498075,0.000523873837665,13282,13270,False
11487,0.00256638252176,0.00830697268248,19806,19789,False
11488,0.000133371257107,0.000431022810517,13058,13012,False
11489,0,0,6715,6715,True
11490,0,0,6716,6716,True
11491,0,0,6717,6717,True
11492,0,0,6718,6718,True
11493,0.00169532862492,0.00570203643292,19358,19347,False
11494,0.000665176776238,0.00225252239034,16803,16825,False
11495,0.000358410208719,0.00117159471847,14654,14607,False
11496,0.000844480528031,0.00293670920655,17724,17836,False
11497,0.000483277108287,0.00160515424795,15430,15420,False
11498,0,0,6719,6719,True
11499,0.00109793047886,0.00376471318305,18491,18551,False
11500,0,0,6720,6720,True
11501,0,0,6721,6721,True
11502,0,0,6722,6722,True
11503,0.00130770681426,0.00458642002195,18877,18971,False
11504,0,0,6723,6723,True
11505,0.00147617328912,0.00477096345276,19138,19052,False
11506,0.000355838652467,0.00119088543579,14637,14643,False
11507,0,0,6724,6724,True
11508,0,0,6725,6725,True
11509,0,0,6726,6726,True
11510,0,0,6727,6727,True
11511,0.000813004095107,0.00282805226743,17574,17701,False
11512,0.000786241900641,0.00256182113662,17459,17358,False
11513,0,0,6728,6728,True
11514,0,0,6729,6729,True
11515,0,0,6730,6730,True
11516,0.00105863576755,0.00333679281175,18404,18238,False
11517,0.00155704701319,0.00520655093715,19230,19216,False
11518,0,0,6731,6731,True
11519,0,0,6732,6732,True
11520,0.000994761940092,0.0033578753937,18239,18257,False
11521,0,0,6733,6733,True
11522,0.00116484588943,0.00374850700609,18630,18537,False
11523,0.00101788970642,0.00328819220886,18299,18195,False
11524,0,0,6734,6734,True
11525,0,0,6735,6735,True
11526,0.000729473598767,0.00243684928864,17164,17146,False
11527,0.000589173461776,0.00191657361574,16245,16103,False
11528,0,0,6736,6736,True
11529,0.00048319157213,0.00163345003966,15429,15465,False
11530,0,0,6737,6737,True
11531,0.00167475547642,0.00568694341928,19338,19344,False
11532,0,0,6738,6738,True
11533,0,0,6739,6739,True
11534,0,0,6740,6740,True
11535,0.000851795484778,0.00295188114978,17756,17853,False
11536,0,0,6741,6741,True
11537,0,0,6742,6742,True
11538,0,0,6743,6743,True
11539,0,0,6744,6744,True
11540,0.000529169279616,0.00180499290582,15773,15854,False
11541,0.000580835621804,0.00207503931597,16177,16480,False
11542,0.000849638192449,0.00282864202745,17746,17703,False
11543,0.000646314816549,0.00211193854921,16662,16551,False
11544,0,0,6745,6745,True
11545,0.000543196045328,0.00178597157355,15868,15802,False
11546,0.000246386625804,0.000884273613337,13985,14102,False
11547,0,0,6746,6746,True
11548,0.000226091447985,0.000771300168708,13846,13866,False
11549,0,0,6747,6747,True
11550,0.00108444038779,0.00365867838264,18460,18477,False
11551,0.000896083598491,0.00296272127889,17920,17862,False
11552,0.000628694018815,0.0021895498503,16538,16703,False
11553,0,0,6748,6748,True
11554,0,0,6749,6749,True
11555,0.000713671615813,0.00240869470872,17065,17098,False
11556,0.000434011919424,0.00139982427936,15111,15022,False
11557,0.000717308197636,0.00235883728601,17088,17009,False
11558,0,0,6750,6750,True
11559,0.00103632791433,0.00353378313594,18345,18388,False
11560,0.000266792892944,0.000907089037355,14125,14142,False
11561,0.00106456084177,0.00377336191013,18419,18555,False
11562,0,0,6751,6751,True
11563,0,0,6752,6752,True
11564,0,0,6753,6753,True
11565,0.00110527873039,0.00366772920825,18512,18484,False
11566,0.000225284515182,0.000666532723699,13843,13648,False
11567,0,0,6754,6754,True
11568,5.11213656864e-05,0.000172397893039,12077,12093,False
11569,0.000180198112503,0.00061854935484,13517,13542,False
11570,0.000801345100626,0.00273148622364,17532,17586,False
11571,0.00132866553031,0.00441766902804,18921,18892,False
11572,0.00137172883842,0.00471131457016,18987,19017,False
11573,0.000326598557876,0.000977474730462,14457,14264,False
11574,0,0,6755,6755,True
11575,0,0,6756,6756,True
11576,0,0,6757,6757,True
11577,0,0,6758,6758,True
11578,0.000145135694765,0.00047412852291,13185,13146,False
11579,0.00144069129601,0.00475301314145,19089,19044,False
11580,0.000990868662484,0.00332938530482,18232,18231,False
11581,0.000789786863606,0.00266830064356,17479,17505,False
11582,0.00132581021171,0.00454089790583,18916,18946,False
11583,0,0,6759,6759,True
11584,0.00146501290146,0.00499754073098,19126,19144,False
11585,0,0,6760,6760,True
11586,0.00101330666803,0.00351735646836,18283,18373,False
11587,0,0,6761,6761,True
11588,0.000304654735373,0.00105425470974,14337,14396,False
11589,0.000251780438703,0.000856843136717,14030,14051,False
11590,0,0,6762,6762,True
11591,0,0,6763,6763,True
11592,0.000699730706401,0.00234339013696,16993,16988,False
11593,0.000518188928254,0.00177160464227,15685,15769,False
11594,0,0,6764,6764,True
11595,0.00207996601239,0.00705879833549,19666,19674,False
11596,0.000462633179268,0.00166424224153,15292,15529,False
11597,0,0,6765,6765,True
11598,0.000541422341485,0.00189011113252,15857,16036,False
11599,0.000763386371545,0.00244459463283,17353,17165,False
11600,0,0,6766,6766,True
11601,0.000684220110998,0.0022163996473,16906,16762,False
11602,0,0,6767,6767,True
11603,0,0,6768,6768,True
11604,0,0,6769,6769,True
11605,0.00167428166606,0.00574203953147,19336,19360,False
11606,0,0,6770,6770,True
11607,0,0,6771,6771,True
11608,0.000163793636602,0.00051280844491,13369,13244,False
11609,0.00160464888904,0.00556797068566,19275,19314,False
11610,0,0,6772,6772,True
11611,0.000670603069011,0.00225055939518,16829,16822,False
11612,0,0,6773,6773,True
11613,0,0,6774,6774,True
11614,0.00091017363593,0.00309216906317,17968,18012,False
11615,0,0,6775,6775,True
11616,0,0,6776,6776,True
11617,0.000462654279545,0.00154770025983,15293,15309,False
11618,0,0,6777,6777,True
11619,0.00310998456553,0.010413447395,19868,19868,False
11620,0,0,6778,6778,True
11621,0.00076603150228,0.00267926091328,17366,17521,False
11622,0.000218297005631,0.000740377407055,13801,13796,False
11623,0.000629459857009,0.00200352980755,16541,16322,False
11624,0,0,6779,6779,True
11625,0.000730572501197,0.00243966537528,17168,17152,False
11626,0,0,6780,6780,True
11627,0,0,6781,6781,True
11628,0,0,6782,6782,True
11629,0,0,6783,6783,True
11630,0,0,6784,6784,True
11631,0,0,6785,6785,True
11632,0,0,6786,6786,True
11633,0,0,6787,6787,True
11634,0.002131548943,0.00715449638665,19692,19693,False
11635,0.000422020326369,0.00140355736949,15043,15028,False
11636,3.88242006011e-05,0.00014051105245,11929,11966,False
11637,0.000717336661182,0.00245747086592,17089,17185,False
11638,0,0,6788,6788,True
11639,0.000155201545567,0.000554578145966,13286,13374,False
11640,0.000449732295237,0.00153521471657,15225,15287,False
11641,0,0,6789,6789,True
11642,6.33577437839e-05,0.00024378762464,12236,12360,False
11643,0,0,6790,6790,True
11644,0.00227195885964,0.00770094338804,19741,19749,False
11645,0.000522445188835,0.00168040697463,15718,15554,False
11646,0,0,6791,6791,True
11647,0,0,6792,6792,True
11648,0.000491057930049,0.00154298974667,15489,15305,False
11649,0.000720737210941,0.00237741298042,17112,17039,False
11650,0,0,6793,6793,True
11651,0.000280609790934,0.000940331025049,14207,14207,False
11652,0,0,6794,6794,True
11653,0,0,6795,6795,True
11654,0,0,6796,6796,True
11655,0.000944276514929,0.00303956028074,18083,17950,False
11656,0.00150363997091,0.00508769741282,19170,19174,False
11657,0,0,6797,6797,True
11658,0.000276290375041,0.000876061676536,14183,14090,False
11659,0,0,6798,6798,True
11660,0.00205016485415,0.00710049085319,19648,19683,False
11661,0,0,6799,6799,True
11662,0.000269035575911,0.000957609096076,14138,14237,False
11663,0.000770225888118,0.00264914077707,17384,17480,False
11664,0.000501435424667,0.00170245592017,15565,15604,False
11665,0.00134795508347,0.00455905264243,18948,18960,False
11666,0.000113262307423,0.000406250619562,12842,12930,False
11667,0.000640811049379,0.00214591179974,16633,16620,False
11668,0,0,6800,6800,True
11669,0,0,6801,6801,True
11670,0,0,6802,6802,True
11671,0.00035324410419,0.00123135978356,14623,14697,False
11672,0.000949736626353,0.0032044807449,18102,18118,False
11673,0.000537128362339,0.00177497707773,15831,15777,False
11674,0.000199334026547,0.00067176122684,13662,13660,False
11675,0.00128553679679,0.00430839974433,18850,18839,False
11676,0,0,6803,6803,True
11677,0,0,6804,6804,True
11678,0,0,6805,6805,True
11679,0,0,6806,6806,True
11680,0,0,6807,6807,True
11681,0,0,6808,6808,True
11682,0.000831063429359,0.00287993019447,17671,17768,False
11683,0.000887094705831,0.00289838202298,17889,17795,False
11684,0,0,6809,6809,True
11685,5.6432079873e-05,0.000196696521016,12143,12187,False
11686,0.000181555529707,0.000783259223681,13534,13895,False
11687,0.00108539685607,0.00352037255652,18464,18376,False
11688,0.000283006811514,0.000929814414121,14222,14189,False
11689,0,0,6810,6810,True
11690,4.55176268588e-05,0.000142384029459,12009,11977,False
11691,0,0,6811,6811,True
11692,0.000632541719824,0.00206345389597,16573,16458,False
11693,0.000473879743367,0.00158872676548,15364,15383,False
11694,0,0,6812,6812,True
11695,0.000681674748193,0.00225240155123,16892,16824,False
11696,0,0,6813,6813,True
11697,0,0,6814,6814,True
11698,0,0,6815,6815,True
11699,0,0,6816,6816,True
11700,0,0,6817,6817,True
11701,0,0,6818,6818,True
11702,9.52757836785e-05,0.000382806087146,12628,12863,False
11703,0.0003744540154,0.00124064856209,14741,14715,False
11704,0.000487199868076,0.00173327454831,15462,15671,False
11705,0,0,6819,6819,True
11706,0,0,6820,6820,True
11707,0.000686671526637,0.00232264725491,16917,16950,False
11708,9.85916412901e-05,0.000355215772288,12667,12744,False
11709,0,0,6821,6821,True
11710,0,0,6822,6822,True
11711,0.000442679593107,0.00145453331061,15171,15129,False
11712,0,0,6823,6823,True
11713,0,0,6824,6824,True
11714,0,0,6825,6825,True
11715,0.000618687598035,0.00206846580841,16464,16465,False
11716,0,0,6826,6826,True
11717,0.000585649046116,0.00195203220937,16222,16208,False
11718,0.000372411333956,0.00127169291954,14727,14785,False
11719,0,0,6827,6827,True
11720,0.000145498561324,0.000448975682957,13188,13062,False
11721,0.000691824476235,0.00232056202367,16945,16944,False
11722,0,0,6828,6828,True
11723,0.00130742229521,0.00443513551727,18876,18899,False
11724,0,0,6829,6829,True
11725,0.000459951523226,0.00144241692033,15277,15106,False
11726,0,0,6830,6830,True
11727,0.00013605163258,0.000421047559939,13094,12978,False
11728,0,0,6831,6831,True
11729,0,0,6832,6832,True
11730,0.000306493166136,0.00097160495352,14345,14256,False
11731,0,0,6833,6833,True
11732,0,0,6834,6834,True
11733,0.000931871996727,0.00330514949746,18043,18211,False
11734,0,0,6835,6835,True
11735,8.04258233984e-05,0.000274433521554,12451,12491,False
11736,0,0,6836,6836,True
11737,0,0,6837,6837,True
11738,0.00104870041832,0.00343498657458,18374,18316,False
11739,0,0,6838,6838,True
11740,0,0,6839,6839,True
11741,0,0,6840,6840,True
11742,8.33637386677e-05,0.000264256523224,12491,12450,False
11743,0.000213695398998,0.00076259317575,13770,13846,False
11744,0,0,6841,6841,True
11745,0,0,6842,6842,True
11746,0,0,6843,6843,True
11747,0.000657623342704,0.00221006083302,16749,16749,False
11748,0.0014271811815,0.00488880090415,19063,19106,False
11749,0,0,6844,6844,True
11750,0.000764768570662,0.00248337467201,17361,17227,False
11751,0,0,6845,6845,True
11752,0,0,6846,6846,True
11753,0.000547109753825,0.00182351935655,15895,15896,False
11754,0,0,6847,6847,True
11755,0,0,6848,6848,True
11756,0.000707029073965,0.00238853460178,17031,17064,False
11757,0.000656492018607,0.00207142205909,16741,16474,False
11758,9.60998659139e-05,0.000347426510416,12636,12718,False
11759,0,0,6849,6849,True
11760,0.000759070389904,0.00254907412454,17334,17338,False
11761,0.000646348518785,0.00219576456584,16664,16714,False
11762,0.000510499405209,0.00163548847195,15628,15470,False
11763,0,0,6850,6850,True
11764,0,0,6851,6851,True
11765,0.000497732777148,0.00186303758528,15545,15969,False
11766,0,0,6852,6852,True
11767,0,0,6853,6853,True
11768,0,0,6854,6854,True
11769,0,0,6855,6855,True
11770,0.000282502820482,0.000918745063245,14219,14165,False
11771,0.000691951718181,0.00247579440475,16947,17206,False
11772,0.000107511208626,0.000357555109076,12758,12752,False
11773,0.000395500042941,0.00132901698817,14883,14883,False
11774,0.000357376469765,0.00128983636387,14647,14815,False
11775,0.000605369685218,0.00199560588226,16377,16305,False
11776,2.96112393698e-05,0.000104675171315,11840,11848,False
11777,0.000465522549348,0.00153923395555,15320,15294,False
11778,0,0,6856,6856,True
11779,0,0,6857,6857,True
11780,0,0,6858,6858,True
11781,0,0,6859,6859,True
11782,0.000400904886192,0.00136059336364,14916,14936,False
11783,0,0,6860,6860,True
11784,0,0,6861,6861,True
11785,0.00175426108763,0.00584890553728,19412,19387,False
11786,0,0,6862,6862,True
11787,0.000201208211365,0.000637238612399,13678,13587,False
11788,0,0,6863,6863,True
11789,0,0,6864,6864,True
11790,0,0,6865,6865,True
11791,0.000840706983581,0.00287509663031,17710,17763,False
11792,0,0,6866,6866,True
11793,0,0,6867,6867,True
11794,0.00264720222913,0.00866737775505,19820,19805,False
11795,0.000456418318208,0.00160322838929,15258,15416,False
11796,0,0,6868,6868,True
11797,0,0,6869,6869,True
11798,0,0,6870,6870,True
11799,0.000657603202853,0.0023811685387,16748,17052,False
11800,0,0,6871,6871,True
11801,0,0,6872,6872,True
11802,0,0,6873,6873,True
11803,0,0,6874,6874,True
11804,0.000221294205403,0.000826150702778,13815,13986,False
11805,0,0,6875,6875,True
11806,0.00100426247809,0.00313526811078,18260,18059,False
11807,0.00181990128476,0.00619779247791,19480,19502,False
11808,0,0,6876,6876,True
11809,0,0,6877,6877,True
11810,0.000193615633179,0.000670395791531,13613,13658,False
11811,0,0,6878,6878,True
11812,0.00515041919425,0.0179845001549,19900,19900,False
11813,0,0,6879,6879,True
11814,0,0,6880,6880,True
11815,0,0,6881,6881,True
11816,0.0012718528742,0.0040800194256,18830,18720,False
11817,0,0,6882,6882,True
11818,0,0,6883,6883,True
11819,0.00428701471537,0.0143056660891,19899,19898,False
11820,0.000159706934937,0.00055754405912,13326,13380,False
11821,0,0,6884,6884,True
11822,0,0,6885,6885,True
11823,0.00417373981327,0.0144377956167,19897,19899,False
11824,0,0,6886,6886,True
11825,0,0,6887,6887,True
11826,0,0,6888,6888,True
11827,0,0,6889,6889,True
11828,0,0,6890,6890,True
11829,0.00126035721041,0.00409498019144,18810,18729,False
11830,0,0,6891,6891,True
11831,0.000593496020883,0.00194847013336,16277,16190,False
11832,0,0,6892,6892,True
11833,0,0,6893,6893,True
11834,0,0,6894,6894,True
11835,0,0,6895,6895,True
11836,0,0,6896,6896,True
11837,0,0,6897,6897,True
11838,0,0,6898,6898,True
11839,0,0,6899,6899,True
11840,0,0,6900,6900,True
11841,0,0,6901,6901,True
11842,0.000299522012938,0.00102183490526,14318,14343,False
11843,0,0,6902,6902,True
11844,0,0,6903,6903,True
11845,0,0,6904,6904,True
11846,0,0,6905,6905,True
11847,0,0,6906,6906,True
11848,0,0,6907,6907,True
11849,0.000915226875804,0.00321176298894,17988,18125,False
11850,0,0,6908,6908,True
11851,0,0,6909,6909,True
11852,0,0,6910,6910,True
11853,0,0,6911,6911,True
11854,0.000811126490589,0.00267848465592,17566,17520,False
11855,0,0,6912,6912,True
11856,0.000488030724227,0.00160349917132,15470,15417,False
11857,0,0,6913,6913,True
11858,0.000616649456788,0.00210049026646,16441,16527,False
11859,0.000227769414778,0.000832303601783,13862,13998,False
11860,0,0,6914,6914,True
11861,0,0,6915,6915,True
11862,0,0,6916,6916,True
11863,0,0,6917,6917,True
11864,0,0,6918,6918,True
11865,0,0,6919,6919,True
11866,0,0,6920,6920,True
11867,0,0,6921,6921,True
11868,0,0,6922,6922,True
11869,0,0,6923,6923,True
11870,0,0,6924,6924,True
11871,0,0,6925,6925,True
11872,0,0,6926,6926,True
11873,0,0,6927,6927,True
11874,0,0,6928,6928,True
11875,0.000102659840195,0.000377899152227,12712,12843,False
11876,0.000338879384799,0.00125854101498,14538,14753,False
11877,0.000104752885818,0.000368426466594,12734,12800,False
11878,0,0,6929,6929,True
11879,0.00200000172481,0.00667138490826,19610,19603,False
11880,0,0,6930,6930,True
11881,0.00359525624663,0.0122207570821,19887,19888,False
11882,0,0,6931,6931,True
11883,0,0,6932,6932,True
11884,0.000345675100107,0.00119622296188,14582,14649,False
11885,0,0,6933,6933,True
11886,0,0,6934,6934,True
11887,0.00189837324433,0.00636287825182,19540,19540,False
11888,0,0,6935,6935,True
11889,0.00076232466381,0.00252705812454,17349,17309,False
11890,0,0,6936,6936,True
11891,0,0,6937,6937,True
11892,0,0,6938,6938,True
11893,0,0,6939,6939,True
11894,0,0,6940,6940,True
11895,0,0,6941,6941,True
11896,0,0,6942,6942,True
11897,0.00145601329859,0.00497312657535,19112,19135,False
11898,0,0,6943,6943,True
11899,0,0,6944,6944,True
11900,0.00158180715516,0.00552102038637,19254,19299,False
11901,0,0,6945,6945,True
11902,0,0,6946,6946,True
11903,0,0,6947,6947,True
11904,6.80255834595e-05,0.000237335538259,12301,12340,False
11905,0,0,6948,6948,True
11906,0,0,6949,6949,True
11907,0,0,6950,6950,True
11908,0,0,6951,6951,True
11909,0.000123993129819,0.000410903128795,12965,12948,False
11910,0,0,6952,6952,True
11911,0,0,6953,6953,True
11912,0.000395858864067,0.00128566694912,14884,14807,False
11913,0,0,6954,6954,True
11914,0,0,6955,6955,True
11915,0,0,6956,6956,True
11916,0,0,6957,6957,True
11917,0,0,6958,6958,True
11918,0,0,6959,6959,True
11919,8.4801336925e-05,0.000284257606836,12504,12529,False
11920,0.00128124840558,0.00427711615339,18845,18824,False
11921,0.00343223405071,0.0116579961032,19884,19883,False
11922,0,0,6960,6960,True
11923,0,0,6961,6961,True
11924,0.000438184302766,0.00152689812239,15138,15265,False
11925,0,0,6962,6962,True
11926,0,0,6963,6963,True
11927,0,0,6964,6964,True
11928,0,0,6965,6965,True
11929,0,0,6966,6966,True
11930,0,0,6967,6967,True
11931,0,0,6968,6968,True
11932,0,0,6969,6969,True
11933,0,0,6970,6970,True
11934,0,0,6971,6971,True
11935,0,0,6972,6972,True
11936,0,0,6973,6973,True
11937,0.000375180767151,0.00120465049986,14746,14661,False
11938,0,0,6974,6974,True
11939,0,0,6975,6975,True
11940,0.000432237749919,0.00150265533011,15099,15225,False
11941,0,0,6976,6976,True
11942,0,0,6977,6977,True
11943,0,0,6978,6978,True
11944,0,0,6979,6979,True
11945,0.00129552453291,0.00433855457231,18862,18857,False
11946,0,0,6980,6980,True
11947,0,0,6981,6981,True
11948,0,0,6982,6982,True
11949,0,0,6983,6983,True
11950,0.00143659720197,0.00475777499378,19079,19048,False
11951,7.76426240918e-05,0.000275475671515,12408,12497,False
11952,0.000134182177135,0.00043912162073,13069,13032,False
11953,5.48994321434e-05,0.000193527434021,12127,12178,False
11954,0.000169144957908,0.000540578097571,13411,13327,False
11955,0,0,6984,6984,True
11956,7.39393872209e-05,0.000234575636568,12365,12332,False
11957,0,0,6985,6985,True
11958,0,0,6986,6986,True
11959,0,0,6987,6987,True
11960,0,0,6988,6988,True
11961,0.000138486735523,0.000477172958199,13125,13153,False
11962,0,0,6989,6989,True
11963,0,0,6990,6990,True
11964,0,0,6991,6991,True
11965,0,0,6992,6992,True
11966,0,0,6993,6993,True
11967,0,0,6994,6994,True
11968,0.000575080513954,0.00195232906844,16125,16210,False
11969,0,0,6995,6995,True
11970,0.000908961810637,0.00289341644384,17964,17786,False
11971,0,0,6996,6996,True
11972,0,0,6997,6997,True
11973,0.000844561553095,0.00288334814832,17725,17773,False
11974,0.00101070699748,0.0034625059925,18275,18337,False
11975,0,0,6998,6998,True
11976,0.00118429609574,0.00399615056813,18673,18675,False
11977,0.000472875632113,0.00157650571782,15359,15362,False
11978,0,0,6999,6999,True
11979,0,0,7000,7000,True
11980,0.000923765997868,0.00304644880816,18012,17957,False
11981,0,0,7001,7001,True
11982,0.00015274148609,0.000571887416299,13262,13429,False
11983,0,0,7002,7002,True
11984,0,0,7003,7003,True
11985,0,0,7004,7004,True
11986,0,0,7005,7005,True
11987,0,0,7006,7006,True
11988,0,0,7007,7007,True
11989,0,0,7008,7008,True
11990,0.0026919003576,0.00894611049443,19827,19818,False
11991,0,0,7009,7009,True
11992,0.000142170232721,0.00048112103832,13158,13166,False
11993,0,0,7010,7010,True
11994,0,0,7011,7011,True
11995,0,0,7012,7012,True
11996,0,0,7013,7013,True
11997,0.000748149701394,0.00253864657134,17275,17328,False
11998,0,0,7014,7014,True
11999,0,0,7015,7015,True
12000,0,0,7016,7016,True
12001,0,0,7017,7017,True
12002,0.00014851593005,0.000570673728362,13216,13424,False
12003,0,0,7018,7018,True
12004,0,0,7019,7019,True
12005,0,0,7020,7020,True
12006,0,0,7021,7021,True
12007,0.000233789804042,0.000816376879811,13904,13966,False
12008,0.000853787292726,0.00269532157108,17762,17541,False
12009,0,0,7022,7022,True
12010,0,0,7023,7023,True
12011,0,0,7024,7024,True
12012,0,0,7025,7025,True
12013,0,0,7026,7026,True
12014,0,0,7027,7027,True
12015,0.0021113154944,0.00713629508391,19684,19690,False
12016,0.000523413531482,0.00171552307438,15726,15633,False
12017,0,0,7028,7028,True
12018,0,0,7029,7029,True
12019,0,0,7030,7030,True
12020,0,0,7031,7031,True
12021,0,0,7032,7032,True
12022,0,0,7033,7033,True
12023,3.97221883759e-05,0.000137635637657,11945,11953,False
12024,6.89138250891e-05,0.000216783664655,12311,12255,False
12025,0,0,7034,7034,True
12026,0,0,7035,7035,True
12027,0,0,7036,7036,True
12028,0,0,7037,7037,True
12029,0.000324851018377,0.00116402329877,14442,14593,False
12030,0,0,7038,7038,True
12031,0,0,7039,7039,True
12032,0,0,7040,7040,True
12033,0.00161106931046,0.0055550117977,19281,19309,False
12034,0.000676652649418,0.00224830955267,16862,16817,False
12035,0,0,7041,7041,True
12036,0,0,7042,7042,True
12037,0,0,7043,7043,True
12038,0,0,7044,7044,True
12039,7.04969788785e-05,0.000251657766057,12328,12398,False
12040,0.00020288900123,0.000686539511662,13692,13687,False
12041,0.00155069190077,0.00535502936691,19226,19265,False
12042,0,0,7045,7045,True
12043,0,0,7046,7046,True
12044,0.000510003708769,0.00189377309289,15624,16041,False
12045,0,0,7047,7047,True
12046,0,0,7048,7048,True
12047,0,0,7049,7049,True
12048,0,0,7050,7050,True
12049,0,0,7051,7051,True
12050,0,0,7052,7052,True
12051,0.000642838131171,0.00243254494853,16651,17141,False
12052,0,0,7053,7053,True
12053,0,0,7054,7054,True
12054,0,0,7055,7055,True
12055,0.000604153901804,0.00188810774125,16366,16033,False
12056,0,0,7056,7056,True
12057,0,0,7057,7057,True
12058,3.96945688408e-05,0.000145433514263,11943,11987,False
12059,0,0,7058,7058,True
12060,0.000222189119086,0.000719603151083,13821,13762,False
12061,0,0,7059,7059,True
12062,0,0,7060,7060,True
12063,0.00120760384016,0.00387008604594,18711,18609,False
12064,0.00207062088884,0.00709858350456,19660,19682,False
12065,0,0,7061,7061,True
12066,8.53105011629e-05,0.000322625157423,12510,12650,False
12067,0,0,7062,7062,True
12068,0,0,7063,7063,True
12069,0,0,7064,7064,True
12070,0,0,7065,7065,True
12071,0,0,7066,7066,True
12072,0,0,7067,7067,True
12073,0,0,7068,7068,True
12074,0,0,7069,7069,True
12075,0.000275243917713,0.000899106962606,14177,14127,False
12076,0,0,7070,7070,True
12077,0.00011329750123,0.000338833488058,12843,12693,False
12078,0.000858597864863,0.0028319247067,17781,17705,False
12079,0,0,7071,7071,True
12080,0,0,7072,7072,True
12081,0.000613122247159,0.002146322513,16427,16621,False
12082,0.000791536993347,0.00271736993454,17488,17572,False
12083,0,0,7073,7073,True
12084,0,0,7074,7074,True
12085,0.000145433936268,0.000474593805848,13187,13149,False
12086,0,0,7075,7075,True
12087,0,0,7076,7076,True
12088,0,0,7077,7077,True
12089,0.000409222004237,0.00132860778831,14960,14882,False
12090,0,0,7078,7078,True
12091,0,0,7079,7079,True
12092,0,0,7080,7080,True
12093,0,0,7081,7081,True
12094,0,0,7082,7082,True
12095,0,0,7083,7083,True
12096,0.000735226611141,0.00247759162448,17203,17212,False
12097,0.00134447449818,0.00449813669547,18944,18917,False
12098,6.31204748061e-05,0.000211114122067,12232,12243,False
12099,0.00104910566006,0.00360391661525,18376,18436,False
12100,0,0,7084,7084,True
12101,0,0,7085,7085,True
12102,0.000671050627716,0.0023705761414,16831,17022,False
12103,0,0,7086,7086,True
12104,0,0,7087,7087,True
12105,0,0,7088,7088,True
12106,0.00177602109034,0.00617147330195,19440,19491,False
12107,0.000381046207622,0.00124299502932,14791,14718,False
12108,0,0,7089,7089,True
12109,0,0,7090,7090,True
12110,0.000617676705588,0.00202263658866,16453,16372,False
12111,0.000531124649569,0.0017987631727,15783,15837,False
12112,0,0,7091,7091,True
12113,0.000586866401136,0.00194933440071,16233,16195,False
12114,0,0,7092,7092,True
12115,0,0,7093,7093,True
12116,0,0,7094,7094,True
12117,0.000835734943394,0.00270337797701,17691,17548,False
12118,0.000992175308056,0.00330487289466,18234,18210,False
12119,0,0,7095,7095,True
12120,0.000281163607724,0.000904186803382,14210,14137,False
12121,0,0,7096,7096,True
12122,0.000355114520062,0.0011322258506,14630,14529,False
12123,0,0,7097,7097,True
12124,0.000361421552952,0.00120418239385,14667,14660,False
12125,0.000674019160215,0.00229119299911,16847,16890,False
12126,0.000809132296126,0.00262300181203,17558,17445,False
12127,0.000130522690597,0.000439828261733,13025,13035,False
12128,0.000250498036621,0.000824645336252,14020,13984,False
12129,0,0,7098,7098,True
12130,5.7132459915e-05,0.000210893529584,12149,12241,False
12131,0,0,7099,7099,True
12132,0,0,7100,7100,True
12133,0.000995086506009,0.00322499498725,18242,18142,False
12134,0.00071782496525,0.00237584975548,17095,17036,False
12135,0.000671759888064,0.00221699057147,16834,16763,False
12136,0.000168084865436,0.000553698570002,13400,13368,False
12137,0.000567078648601,0.00193040072918,16054,16147,False
12138,0,0,7101,7101,True
12139,0,0,7102,7102,True
12140,0,0,7103,7103,True
12141,0,0,7104,7104,True
12142,0,0,7105,7105,True
12143,7.22182157915e-05,0.000239574976149,12349,12349,False
12144,7.66796438256e-05,0.000247574818786,12395,12376,False
12145,0.000239135624724,0.000746453704778,13941,13814,False
12146,0,0,7106,7106,True
12147,0.000213242907193,0.000690613291226,13765,13694,False
12148,0,0,7107,7107,True
12149,0.000695454305969,0.00232303095981,16965,16951,False
12150,0.00107124750502,0.00356230558828,18431,18411,False
12151,0,0,7108,7108,True
12152,0.000209919991903,0.000639161618892,13743,13593,False
12153,0,0,7109,7109,True
12154,0.000859162886627,0.00287167937495,17784,17758,False
12155,0.00134428776801,0.00453974911943,18942,18945,False
12156,0,0,7110,7110,True
12157,0.000463282893179,0.00153704674449,15299,15292,False
12158,0.000164284720086,0.000533251382876,13373,13310,False
12159,0,0,7111,7111,True
12160,0,0,7112,7112,True
12161,0,0,7113,7113,True
12162,0,0,7114,7114,True
12163,0,0,7115,7115,True
12164,0,0,7116,7116,True
12165,0.000562407076359,0.00187332229689,16020,16001,False
12166,0.000655724550597,0.0022044738289,16737,16734,False
12167,0,0,7117,7117,True
12168,0,0,7118,7118,True
12169,0.000574204896111,0.00197477848269,16115,16268,False
12170,3.15243523801e-05,0.000115579212434,11856,11877,False
12171,0,0,7119,7119,True
12172,0,0,7120,7120,True
12173,0.000494959531352,0.00165516871493,15516,15510,False
12174,0,0,7121,7121,True
12175,0,0,7122,7122,True
12176,0,0,7123,7123,True
12177,0.000387314357795,0.00127237883862,14827,14787,False
12178,0,0,7124,7124,True
12179,0.000648073328193,0.00216333358549,16678,16653,False
12180,0,0,7125,7125,True
12181,0,0,7126,7126,True
12182,0.000584842578974,0.00204487331212,16213,16423,False
12183,0.000664829509333,0.00218429998495,16800,16696,False
12184,0,0,7127,7127,True
12185,0.000653154798783,0.00219076289795,16716,16705,False
12186,0,0,7128,7128,True
12187,0.00110738014337,0.00363474176265,18516,18458,False
12188,0,0,7129,7129,True
12189,6.7788780143e-05,0.000219414840103,12298,12271,False
12190,0,0,7130,7130,True
12191,0,0,7131,7131,True
12192,0,0,7132,7132,True
12193,0,0,7133,7133,True
12194,0,0,7134,7134,True
12195,0.000494373962283,0.00166418554727,15511,15527,False
12196,0,0,7135,7135,True
12197,0.000251693592872,0.000870583753567,14029,14075,False
12198,0,0,7136,7136,True
12199,0,0,7137,7137,True
12200,0.00144794012886,0.0047288951464,19100,19027,False
12201,0,0,7138,7138,True
12202,0,0,7139,7139,True
12203,0,0,7140,7140,True
12204,0.000150088701048,0.000517592241522,13233,13255,False
12205,0.000129932363052,0.000435828143964,13020,13025,False
12206,0,0,7141,7141,True
12207,0,0,7142,7142,True
12208,0,0,7143,7143,True
12209,0.000404508173233,0.00129739858676,14929,14826,False
12210,0.000717990158591,0.00256757577881,17096,17363,False
12211,0,0,7144,7144,True
12212,0.00085201690672,0.00278597092256,17757,17644,False
12213,0,0,7145,7145,True
12214,0,0,7146,7146,True
12215,0.000683069694787,0.00228795176372,16900,16883,False
12216,0.000985418795608,0.00329846795648,18218,18196,False
12217,0,0,7147,7147,True
12218,0.000699985073879,0.00241009052843,16995,17101,False
12219,0.000522080692463,0.00170482764952,15715,15611,False
12220,0,0,7148,7148,True
12221,0.00137919303961,0.00488130096346,18998,19103,False
12222,0.000432013242971,0.00144555722363,15097,15109,False
12223,0.00133864767849,0.00448841927573,18939,18916,False
12224,0,0,7149,7149,True
12225,0,0,7150,7150,True
12226,0,0,7151,7151,True
12227,0,0,7152,7152,True
12228,0,0,7153,7153,True
12229,0,0,7154,7154,True
12230,0,0,7155,7155,True
12231,0,0,7156,7156,True
12232,0.000154403067427,0.000537013984285,13279,13316,False
12233,0,0,7157,7157,True
12234,0,0,7158,7158,True
12235,0.00121872127056,0.00404944457114,18730,18703,False
12236,5.993103332e-05,0.000228813063586,12186,12309,False
12237,0.00114531023428,0.00377426017076,18593,18556,False
12238,7.67831006669e-05,0.000250002602115,12397,12386,False
12239,0.000375334115233,0.00115280284081,14747,14569,False
12240,0,0,7159,7159,True
12241,0,0,7160,7160,True
12242,0,0,7161,7161,True
12243,0.000926636566874,0.00300548807718,18022,17907,False
12244,0.000169657141669,0.000551645236555,13414,13364,False
12245,0,0,7162,7162,True
12246,0,0,7163,7163,True
12247,0,0,7164,7164,True
12248,0,0,7165,7165,True
12249,0,0,7166,7166,True
12250,0,0,7167,7167,True
12251,0,0,7168,7168,True
12252,0,0,7169,7169,True
12253,0,0,7170,7170,True
12254,0.00031588593265,0.00125015736558,14394,14734,False
12255,0.000470991159091,0.0015244348906,15347,15261,False
12256,0,0,7171,7171,True
12257,0,0,7172,7172,True
12258,0,0,7173,7173,True
12259,0,0,7174,7174,True
12260,0,0,7175,7175,True
12261,0,0,7176,7176,True
12262,0,0,7177,7177,True
12263,8.92157331691e-05,0.000279879430309,12565,12513,False
12264,0,0,7178,7178,True
12265,0,0,7179,7179,True
12266,0,0,7180,7180,True
12267,0,0,7181,7181,True
12268,0.000138073781272,0.000499475572724,13122,13220,False
12269,0,0,7182,7182,True
12270,0,0,7183,7183,True
12271,0.00043311144691,0.00145704415627,15103,15138,False
12272,0,0,7184,7184,True
12273,0,0,7185,7185,True
12274,0,0,7186,7186,True
12275,0,0,7187,7187,True
12276,0,0,7188,7188,True
12277,0,0,7189,7189,True
12278,0,0,7190,7190,True
12279,0,0,7191,7191,True
12280,0,0,7192,7192,True
12281,0.000617957382929,0.00201284349896,16457,16346,False
12282,3.92651490984e-05,0.000149504441652,11934,12006,False
12283,0,0,7193,7193,True
12284,0,0,7194,7194,True
12285,0,0,7195,7195,True
12286,0.00147873535752,0.00496455747634,19140,19131,False
12287,0.000469258782687,0.00162208732218,15338,15446,False
12288,0,0,7196,7196,True
12289,0,0,7197,7197,True
12290,0.00109780265484,0.00356289162301,18490,18412,False
12291,0,0,7198,7198,True
12292,0,0,7199,7199,True
12293,0,0,7200,7200,True
12294,0.00012923302711,0.000394242437324,13012,12897,False
12295,0,0,7201,7201,True
12296,0,0,7202,7202,True
12297,0,0,7203,7203,True
12298,0.000101553043351,0.000362013146514,12702,12770,False
12299,0,0,7204,7204,True
12300,0,0,7205,7205,True
12301,0,0,7206,7206,True
12302,0.000679789867718,0.00232207332738,16881,16949,False
12303,0.000294927565847,0.000995357753709,14286,14296,False
12304,0.000205876043765,0.000619240221567,13711,13543,False
12305,0,0,7207,7207,True
12306,0,0,7208,7208,True
12307,0,0,7209,7209,True
12308,0.000329994945787,0.00109520368278,14475,14461,False
12309,0,0,7210,7210,True
12310,0,0,7211,7211,True
12311,0,0,7212,7212,True
12312,0,0,7213,7213,True
12313,0.000143210767419,0.000494431238621,13165,13203,False
12314,0,0,7214,7214,True
12315,0,0,7215,7215,True
12316,0.000517210923135,0.00184140342753,15677,15926,False
12317,0,0,7216,7216,True
12318,0,0,7217,7217,True
12319,0.000125863953144,0.00042164963088,12986,12980,False
12320,0,0,7218,7218,True
12321,0,0,7219,7219,True
12322,0.00053768028738,0.00175676646177,15837,15729,False
12323,0,0,7220,7220,True
12324,0.000309783034027,0.00114401220344,14359,14553,False
12325,0.00042262673378,0.00135948788375,15049,14931,False
12326,7.78730900493e-05,0.000266863411525,12409,12460,False
12327,0,0,7221,7221,True
12328,0,0,7222,7222,True
12329,0,0,7223,7223,True
12330,0,0,7224,7224,True
12331,8.01326532383e-05,0.000244583177846,12449,12364,False
12332,0,0,7225,7225,True
12333,0,0,7226,7226,True
12334,0,0,7227,7227,True
12335,0,0,7228,7228,True
12336,0,0,7229,7229,True
12337,0,0,7230,7230,True
12338,0,0,7231,7231,True
12339,0,0,7232,7232,True
12340,0.000168560640304,0.000546872674022,13407,13346,False
12341,0,0,7233,7233,True
12342,0,0,7234,7234,True
12343,0,0,7235,7235,True
12344,0,0,7236,7236,True
12345,0.000582993496209,0.00194974022452,16194,16198,False
12346,0,0,7237,7237,True
12347,0.000153445143951,0.00053273543017,13266,13307,False
12348,0,0,7238,7238,True
12349,0,0,7239,7239,True
12350,0,0,7240,7240,True
12351,0,0,7241,7241,True
12352,0,0,7242,7242,True
12353,0,0,7243,7243,True
12354,4.8677859013e-05,0.000156908674398,12045,12037,False
12355,0,0,7244,7244,True
12356,0,0,7245,7245,True
12357,0,0,7246,7246,True
12358,0.000123141246149,0.000535495288204,12953,13315,False
12359,0,0,7247,7247,True
12360,0.000180800969247,0.000606244953815,13523,13515,False
12361,0,0,7248,7248,True
12362,0,0,7249,7249,True
12363,0.000708935258444,0.00243055867031,17040,17139,False
12364,0,0,7250,7250,True
12365,0.000826979230624,0.00280230026692,17654,17666,False
12366,0,0,7251,7251,True
12367,0,0,7252,7252,True
12368,0,0,7253,7253,True
12369,0.000534044636879,0.00175716076046,15808,15731,False
12370,0,0,7254,7254,True
12371,8.33275335026e-05,0.000255763356108,12490,12416,False
12372,0.00110305368435,0.00390900252387,18505,18630,False
12373,0,0,7255,7255,True
12374,0,0,7256,7256,True
12375,0.00114783470053,0.00392386130989,18601,18639,False
12376,0.000291058357107,0.00103615853004,14272,14370,False
12377,0,0,7257,7257,True
12378,0,0,7258,7258,True
12379,0,0,7259,7259,True
12380,0,0,7260,7260,True
12381,0,0,7261,7261,True
12382,0,0,7262,7262,True
12383,0.000371278205421,0.00119860086124,14715,14652,False
12384,0,0,7263,7263,True
12385,0,0,7264,7264,True
12386,0,0,7265,7265,True
12387,0,0,7266,7266,True
12388,0,0,7267,7267,True
12389,0,0,7268,7268,True
12390,0,0,7269,7269,True
12391,0,0,7270,7270,True
12392,0,0,7271,7271,True
12393,0.000579614541493,0.00190393987577,16168,16076,False
12394,0,0,7272,7272,True
12395,0,0,7273,7273,True
12396,0,0,7274,7274,True
12397,0,0,7275,7275,True
12398,0,0,7276,7276,True
12399,6.31528455415e-05,0.000213278995943,12233,12247,False
12400,0,0,7277,7277,True
12401,0,0,7278,7278,True
12402,0,0,7279,7279,True
12403,0,0,7280,7280,True
12404,0,0,7281,7281,True
12405,0,0,7282,7282,True
12406,0,0,7283,7283,True
12407,0,0,7284,7284,True
12408,0,0,7285,7285,True
12409,0,0,7286,7286,True
12410,0,0,7287,7287,True
12411,0.00181177235208,0.0059453365393,19474,19423,False
12412,0.000303555978462,0.00103537121322,14332,14369,False
12413,0,0,7288,7288,True
12414,6.40176804154e-05,0.000255347957136,12246,12414,False
12415,0,0,7289,7289,True
12416,0,0,7290,7290,True
12417,0,0,7291,7291,True
12418,0.000222550908802,0.000818077707663,13825,13972,False
12419,0,0,7292,7292,True
12420,0.000823358423077,0.00264173024334,17632,17469,False
12421,0,0,7293,7293,True
12422,0,0,7294,7294,True
12423,0,0,7295,7295,True
12424,0,0,7296,7296,True
12425,0.000150288760778,0.000531752069946,13235,13300,False
12426,0,0,7297,7297,True
12427,0,0,7298,7298,True
12428,0.00134381267708,0.00460276892409,18941,18977,False
12429,0,0,7299,7299,True
12430,0,0,7300,7300,True
12431,0,0,7301,7301,True
12432,0.000591825868469,0.00201989826746,16265,16364,False
12433,0,0,7302,7302,True
12434,0.000172581101651,0.000601975305472,13445,13503,False
12435,0,0,7303,7303,True
12436,0,0,7304,7304,True
12437,0,0,7305,7305,True
12438,0.00111524271779,0.00369334942661,18536,18500,False
12439,9.93767025648e-05,0.000362164253602,12681,12773,False
12440,0,0,7306,7306,True
12441,0,0,7307,7307,True
12442,0,0,7308,7308,True
12443,0.000510181882419,0.00173131772317,15625,15663,False
12444,0.000388723885408,0.00131997128483,14846,14873,False
12445,0.000655218726024,0.00220460770652,16735,16735,False
12446,0,0,7309,7309,True
12447,0.0014791120775,0.00475812330842,19141,19049,False
12448,0,0,7310,7310,True
12449,0,0,7311,7311,True
12450,0,0,7312,7312,True
12451,0,0,7313,7313,True
12452,0,0,7314,7314,True
12453,2.24885061471e-05,7.18870578567e-05,11807,11804,False
12454,0,0,7315,7315,True
12455,0,0,7316,7316,True
12456,0,0,7317,7317,True
12457,0,0,7318,7318,True
12458,0,0,7319,7319,True
12459,0.000116583141789,0.000364709063433,12879,12782,False
12460,0,0,7320,7320,True
12461,0,0,7321,7321,True
12462,0,0,7322,7322,True
12463,0,0,7323,7323,True
12464,0,0,7324,7324,True
12465,0.000240071181906,0.000821834430099,13949,13978,False
12466,0,0,7325,7325,True
12467,0,0,7326,7326,True
12468,0,0,7327,7327,True
12469,0,0,7328,7328,True
12470,0.000276233127806,0.00089874031255,14182,14126,False
12471,0,0,7329,7329,True
12472,0,0,7330,7330,True
12473,0.000625738583039,0.00206222874112,16514,16456,False
12474,0,0,7331,7331,True
12475,0,0,7332,7332,True
12476,0,0,7333,7333,True
12477,0.00255823833868,0.00808912795037,19805,19777,False
12478,0,0,7334,7334,True
12479,0.000552257639356,0.00178527890239,15936,15799,False
12480,7.56977533456e-05,0.000279023137409,12383,12510,False
12481,0,0,7335,7335,True
12482,0.00079609930981,0.00263468851335,17508,17459,False
12483,0,0,7336,7336,True
12484,0,0,7337,7337,True
12485,0,0,7338,7338,True
12486,0,0,7339,7339,True
12487,0,0,7340,7340,True
12488,0.000477144902106,0.00157901993953,15384,15366,False
12489,0,0,7341,7341,True
12490,0,0,7342,7342,True
12491,0,0,7343,7343,True
12492,0,0,7344,7344,True
12493,0,0,7345,7345,True
12494,0,0,7346,7346,True
12495,0,0,7347,7347,True
12496,0,0,7348,7348,True
12497,0,0,7349,7349,True
12498,0,0,7350,7350,True
12499,0,0,7351,7351,True
12500,0,0,7352,7352,True
12501,0,0,7353,7353,True
12502,0.00075596611714,0.00264435145073,17313,17472,False
12503,0,0,7354,7354,True
12504,0.000945760810282,0.00318108289503,18090,18100,False
12505,2.25131534535e-05,0.000115159818961,11808,11876,False
12506,0,0,7355,7355,True
12507,0,0,7356,7356,True
12508,0,0,7357,7357,True
12509,0,0,7358,7358,True
12510,0,0,7359,7359,True
12511,0.000486274366267,0.00170433719177,15455,15609,False
12512,0,0,7360,7360,True
12513,0,0,7361,7361,True
12514,0,0,7362,7362,True
12515,0,0,7363,7363,True
12516,0,0,7364,7364,True
12517,0,0,7365,7365,True
12518,0,0,7366,7366,True
12519,0,0,7367,7367,True
12520,0.00126962154172,0.00422140397131,18826,18792,False
12521,0,0,7368,7368,True
12522,0.000389013206586,0.001256166026,14847,14748,False
12523,0,0,7369,7369,True
12524,0,0,7370,7370,True
12525,0,0,7371,7371,True
12526,0.00114175118506,0.00372828519903,18585,18521,False
12527,9.34549825615e-05,0.000357987475581,12611,12754,False
12528,0.000170499581145,0.000595345860347,13428,13490,False
12529,0,0,7372,7372,True
12530,0,0,7373,7373,True
12531,8.40238499222e-05,0.000253424281254,12496,12406,False
12532,0,0,7374,7374,True
12533,0.000697214505635,0.00237935222685,16979,17046,False
12534,0,0,7375,7375,True
12535,0,0,7376,7376,True
12536,0,0,7377,7377,True
12537,0,0,7378,7378,True
12538,0,0,7379,7379,True
12539,0,0,7380,7380,True
12540,3.52109018422e-05,0.000151594635099,11885,12017,False
12541,0,0,7381,7381,True
12542,0,0,7382,7382,True
12543,0,0,7383,7383,True
12544,0,0,7384,7384,True
12545,0.000334316515364,0.0011770373676,14502,14620,False
12546,0,0,7385,7385,True
12547,0,0,7386,7386,True
12548,0,0,7387,7387,True
12549,0,0,7388,7388,True
12550,0.000555125356186,0.00176685431506,15960,15749,False
12551,0,0,7389,7389,True
12552,0,0,7390,7390,True
12553,0,0,7391,7391,True
12554,0,0,7392,7392,True
12555,0,0,7393,7393,True
12556,9.79006726993e-05,0.000374412571546,12661,12822,False
12557,0,0,7394,7394,True
12558,0,0,7395,7395,True
12559,0,0,7396,7396,True
12560,0,0,7397,7397,True
12561,0.00277178036049,0.00937464460731,19837,19837,False
12562,0,0,7398,7398,True
12563,0.00104504195042,0.00349225546233,18367,18355,False
12564,0,0,7399,7399,True
12565,0.00056253396906,0.00196335581131,16024,16236,False
12566,0,0,7400,7400,True
12567,0.000179179929546,0.00065261713462,13511,13626,False
12568,0,0,7401,7401,True
12569,0,0,7402,7402,True
12570,0,0,7403,7403,True
12571,0,0,7404,7404,True
12572,0,0,7405,7405,True
12573,0,0,7406,7406,True
12574,8.66388581926e-05,0.000311647629132,12527,12612,False
12575,0,0,7407,7407,True
12576,0.00201813667081,0.00649242475629,19626,19568,False
12577,0.000352589850081,0.00121752859559,14617,14677,False
12578,0.000180556671694,0.000599212420639,13522,13498,False
12579,0.000483740790514,0.00165922252927,15433,15516,False
12580,0.000413468922488,0.00148331315722,14979,15190,False
12581,0,0,7408,7408,True
12582,0.000595927238464,0.00188473449089,16301,16021,False
12583,0.00241188472137,0.00831940583885,19780,19793,False
12584,0,0,7409,7409,True
12585,0.00260072131641,0.00867425091565,19812,19806,False
12586,0.0016656719381,0.00560454232618,19328,19320,False
12587,0,0,7410,7410,True
12588,0,0,7411,7411,True
12589,0.000580838648602,0.00190449843649,16178,16077,False
12590,0.000211838807445,0.000755001674406,13757,13829,False
12591,0,0,7412,7412,True
12592,0.000826097733807,0.00285467109643,17645,17739,False
12593,0,0,7413,7413,True
12594,0.00137478846591,0.00473950896412,18992,19035,False
12595,0,0,7414,7414,True
12596,0,0,7415,7415,True
12597,0,0,7416,7416,True
12598,0,0,7417,7417,True
12599,0.000429500738392,0.0015525217168,15085,15320,False
12600,0.000667341402732,0.00223420606926,16815,16786,False
12601,0,0,7418,7418,True
12602,0,0,7419,7419,True
12603,0.00181264523417,0.0061982315965,19477,19503,False
12604,0,0,7420,7420,True
12605,0,0,7421,7421,True
12606,0.000718374329153,0.00247862306423,17097,17215,False
12607,0,0,7422,7422,True
12608,0.00199688295834,0.00688886642456,19607,19641,False
12609,0.0015018209815,0.00505863735452,19166,19159,False
12610,0,0,7423,7423,True
12611,0.00087191775674,0.00292125437409,17821,17819,False
12612,0,0,7424,7424,True
12613,0,0,7425,7425,True
12614,0,0,7426,7426,True
12615,0,0,7427,7427,True
12616,0,0,7428,7428,True
12617,0,0,7429,7429,True
12618,0.000736185465939,0.00248547201045,17209,17231,False
12619,7.58085589041e-05,0.000282513734419,12387,12523,False
12620,0,0,7430,7430,True
12621,0,0,7431,7431,True
12622,0.000725455465727,0.00241696625017,17144,17114,False
12623,0,0,7432,7432,True
12624,0,0,7433,7433,True
12625,0.000204138006666,0.000624982290901,13699,13559,False
12626,0,0,7434,7434,True
12627,0,0,7435,7435,True
12628,0,0,7436,7436,True
12629,0,0,7437,7437,True
12630,0,0,7438,7438,True
12631,0,0,7439,7439,True
12632,0.00106140819844,0.00366535875946,18412,18483,False
12633,0,0,7440,7440,True
12634,0.00330238812603,0.0112679405138,19877,19879,False
12635,0,0,7441,7441,True
12636,0.000160587733262,0.000520932255313,13335,13262,False
12637,0,0,7442,7442,True
12638,0.000597494363319,0.00201486167498,16317,16351,False
12639,0,0,7443,7443,True
12640,0,0,7444,7444,True
12641,0,0,7445,7445,True
12642,0.000444213015726,0.00150830612984,15186,15231,False
12643,0,0,7446,7446,True
12644,3.59350415238e-05,0.00011909432942,11895,11887,False
12645,0.00156620552298,0.00540748890489,19238,19276,False
12646,0,0,7447,7447,True
12647,0.000519412802532,0.00170858961064,15694,15619,False
12648,0,0,7448,7448,True
12649,0,0,7449,7449,True
12650,0.000102693731606,0.000304809043882,12713,12588,False
12651,0.000631639093626,0.00202827062458,16565,16388,False
12652,0.00033615634311,0.00109004275873,14522,14451,False
12653,0,0,7450,7450,True
12654,0.00171977409627,0.00571514386684,19379,19354,False
12655,0.000324032676872,0.00123166118283,14437,14698,False
12656,0,0,7451,7451,True
12657,0,0,7452,7452,True
12658,0,0,7453,7453,True
12659,0.00147788063623,0.00474326824769,19139,19038,False
12660,0,0,7454,7454,True
12661,0.000544167938642,0.00181609776337,15874,15879,False
12662,0.00341340294108,0.0117538413033,19883,19884,False
12663,0.000198537731194,0.000729229359422,13657,13775,False
12664,0.000928119930904,0.00309772207402,18024,18017,False
12665,8.7266031187e-05,0.000435794820078,12538,13024,False
12666,0.00251106545329,0.00851940270513,19794,19800,False
12667,0,0,7455,7455,True
12668,0,0,7456,7456,True
12669,0.000824813207146,0.00260717584752,17639,17421,False
12670,0.000121608987683,0.000407645275118,12938,12934,False
12671,0,0,7457,7457,True
12672,0.000589299132116,0.0019371578237,16249,16163,False
12673,0.000155983216246,0.000428903760621,13293,13000,False
12674,0.00124358630273,0.00402166228741,18775,18685,False
12675,0,0,7458,7458,True
12676,0,0,7459,7459,True
12677,0,0,7460,7460,True
12678,0,0,7461,7461,True
12679,0,0,7462,7462,True
12680,0,0,7463,7463,True
12681,0,0,7464,7464,True
12682,0.000549278978724,0.0018132776022,15907,15871,False
12683,0,0,7465,7465,True
12684,0,0,7466,7466,True
12685,0,0,7467,7467,True
12686,0,0,7468,7468,True
12687,1.54823173943e-05,5.92934520682e-05,11788,11792,False
12688,0,0,7469,7469,True
12689,0.000164417127962,0.000559976731893,13374,13387,False
12690,0.00106137024704,0.00345030147582,18411,18327,False
12691,0.00277788285166,0.00966022256762,19839,19845,False
12692,0.0008686685469,0.0029952081386,17813,17896,False
12693,0,0,7470,7470,True
12694,0.00182465417311,0.00612476700917,19486,19478,False
12695,0.000446898833616,0.00148910656571,15204,15199,False
12696,0,0,7471,7471,True
12697,0,0,7472,7472,True
12698,0.000475518463645,0.00160408194643,15373,15419,False
12699,0.00146342243534,0.00487571302801,19123,19101,False
12700,0.000870123854838,0.00296929525211,17818,17869,False
12701,0.00150798400864,0.00499319843948,19177,19143,False
12702,0.000941609789152,0.00327390618622,18070,18183,False
12703,0.000270534248557,0.000926739070565,14147,14181,False
12704,0,0,7473,7473,True
12705,0.000538802123629,0.00179471704178,15842,15825,False
12706,0,0,7474,7474,True
12707,0,0,7475,7475,True
12708,0.000226296353503,0.000721832679119,13851,13766,False
12709,0,0,7476,7476,True
12710,0,0,7477,7477,True
12711,0,0,7478,7478,True
12712,0.000249943026574,0.000856498954818,14014,14047,False
12713,0.000683318183292,0.00232344539836,16901,16953,False
12714,0,0,7479,7479,True
12715,0.000654105155263,0.00217342074029,16725,16677,False
12716,0,0,7480,7480,True
12717,0,0,7481,7481,True
12718,0.00119542097673,0.0044500362128,18690,18905,False
12719,0.000150947351358,0.000481240451336,13247,13167,False
12720,0,0,7482,7482,True
12721,0,0,7483,7483,True
12722,0,0,7484,7484,True
12723,0.000532916863449,0.00187073054258,15798,15991,False
12724,0,0,7485,7485,True
12725,0,0,7486,7486,True
12726,0.000405072554713,0.00134742981754,14935,14905,False
12727,0,0,7487,7487,True
12728,0,0,7488,7488,True
12729,0.000567696522921,0.00201130681671,16056,16341,False
12730,0,0,7489,7489,True
12731,2.80248368654e-05,8.89191796887e-05,11824,11817,False
12732,9.36273427214e-05,0.000304957240587,12612,12589,False
12733,0,0,7490,7490,True
12734,0,0,7491,7491,True
12735,0,0,7492,7492,True
12736,0.000370084540918,0.00118843617383,14704,14638,False
12737,0.000142254633829,0.000529091688804,13160,13285,False
12738,0,0,7493,7493,True
12739,0.0023554188665,0.0079496325925,19765,19764,False
12740,0.000130483473185,0.000553574063815,13024,13366,False
12741,0,0,7494,7494,True
12742,0.00175678543746,0.00596045237035,19416,19431,False
12743,0,0,7495,7495,True
12744,0.0011388604762,0.00379560585134,18577,18570,False
12745,0,0,7496,7496,True
12746,0.000136157963425,0.000481422583107,13095,13169,False
12747,0.00022312157671,0.000809501449112,13828,13955,False
12748,0,0,7497,7497,True
12749,0,0,7498,7498,True
12750,0,0,7499,7499,True
12751,0,0,7500,7500,True
12752,0,0,7501,7501,True
12753,0,0,7502,7502,True
12754,0.000585377041716,0.00198067631572,16218,16273,False
12755,0,0,7503,7503,True
12756,0,0,7504,7504,True
12757,0,0,7505,7505,True
12758,0,0,7506,7506,True
12759,0,0,7507,7507,True
12760,0,0,7508,7508,True
12761,4.85300006403e-05,0.00017419536016,12043,12099,False
12762,0,0,7509,7509,True
12763,0,0,7510,7510,True
12764,0.000593204167672,0.00198536156677,16274,16285,False
12765,0,0,7511,7511,True
12766,0,0,7512,7512,True
12767,0,0,7513,7513,True
12768,0,0,7514,7514,True
12769,0,0,7515,7515,True
12770,0,0,7516,7516,True
12771,0,0,7517,7517,True
12772,0,0,7518,7518,True
12773,0.00148724473547,0.00531035428867,19147,19247,False
12774,0.0010270641651,0.00335637410171,18324,18256,False
12775,0,0,7519,7519,True
12776,0.000196989873075,0.000625621876679,13646,13560,False
12777,0,0,7520,7520,True
12778,0.00143223966006,0.00486516533419,19075,19098,False
12779,0,0,7521,7521,True
12780,0,0,7522,7522,True
12781,0,0,7523,7523,True
12782,0.000311333074933,0.000964731210843,14370,14249,False
12783,7.8874603787e-05,0.000257609557593,12427,12420,False
12784,0,0,7524,7524,True
12785,0,0,7525,7525,True
12786,0.00134962517768,0.00466565880924,18950,19001,False
12787,0.000179142371053,0.000497906701639,13509,13216,False
12788,0.000222245158511,0.000741796626244,13823,13799,False
12789,0.0014379795175,0.00507654622197,19083,19167,False
12790,0.000414242909756,0.00137430464383,14985,14968,False
12791,0,0,7526,7526,True
12792,0,0,7527,7527,True
12793,0,0,7528,7528,True
12794,0,0,7529,7529,True
12795,0.000312378047965,0.000942211190704,14378,14214,False
12796,0,0,7530,7530,True
12797,0.000980169279501,0.00329927774146,18207,18198,False
12798,0.0016576613998,0.00591871980578,19320,19411,False
12799,0.000576771155465,0.00196882756427,16141,16251,False
12800,0,0,7531,7531,True
12801,0,0,7532,7532,True
12802,0.000204849318834,0.000612413801719,13704,13532,False
12803,0,0,7533,7533,True
12804,0,0,7534,7534,True
12805,0,0,7535,7535,True
12806,0,0,7536,7536,True
12807,0,0,7537,7537,True
12808,8.09352495708e-05,0.000223746683332,12459,12287,False
12809,0,0,7538,7538,True
12810,0.000372942129616,0.00124652695376,14732,14727,False
12811,0,0,7539,7539,True
12812,0.000787571829278,0.00261651282199,17467,17438,False
12813,0,0,7540,7540,True
12814,0,0,7541,7541,True
12815,0,0,7542,7542,True
12816,9.28073786781e-05,0.000310738105327,12603,12608,False
12817,0.000113194255391,0.000390594330383,12840,12886,False
12818,0,0,7543,7543,True
12819,0.00111450057011,0.00373188755475,18533,18522,False
12820,0.000200318434509,0.000647589331493,13669,13615,False
12821,0,0,7544,7544,True
12822,0,0,7545,7545,True
12823,0,0,7546,7546,True
12824,0,0,7547,7547,True
12825,0,0,7548,7548,True
12826,0,0,7549,7549,True
12827,0,0,7550,7550,True
12828,0,0,7551,7551,True
12829,0,0,7552,7552,True
12830,0.000452890846645,0.00165084563196,15234,15500,False
12831,0,0,7553,7553,True
12832,0,0,7554,7554,True
12833,0,0,7555,7555,True
12834,0,0,7556,7556,True
12835,0,0,7557,7557,True
12836,0,0,7558,7558,True
12837,0,0,7559,7559,True
12838,0.000377352291252,0.00135071435943,14758,14915,False
12839,0.000151820291649,0.000491738377605,13254,13197,False
12840,0.000479000766063,0.00169559370261,15398,15594,False
12841,0,0,7560,7560,True
12842,0,0,7561,7561,True
12843,0.000679858785588,0.00229019951075,16882,16889,False
12844,0.00010908391414,0.000355659693014,12781,12747,False
12845,0.00107297231443,0.00369428051636,18434,18501,False
12846,0,0,7562,7562,True
12847,8.08934564702e-05,0.000265158392722,12457,12456,False
12848,0.000312800286338,0.00102418649476,14380,14350,False
12849,0,0,7563,7563,True
12850,0,0,7564,7564,True
12851,0,0,7565,7565,True
12852,0.000664332299493,0.00227535236627,16798,16858,False
12853,0,0,7566,7566,True
12854,0.000341936596669,0.0011021469254,14558,14471,False
12855,0,0,7567,7567,True
12856,8.73818280525e-05,0.000306649890263,12540,12594,False
12857,0,0,7568,7568,True
12858,0,0,7569,7569,True
12859,0,0,7570,7570,True
12860,0,0,7571,7571,True
12861,0.000247886113357,0.000814508297481,13995,13961,False
12862,0,0,7572,7572,True
12863,0.000161080766702,0.000531070865691,13338,13296,False
12864,0,0,7573,7573,True
12865,0,0,7574,7574,True
12866,0,0,7575,7575,True
12867,0.000136942631798,0.000446567777544,13108,13055,False
12868,0,0,7576,7576,True
12869,0,0,7577,7577,True
12870,0.00103406666312,0.00343372998759,18339,18314,False
12871,0,0,7578,7578,True
12872,0,0,7579,7579,True
12873,0,0,7580,7580,True
12874,0.000356213189662,0.00107326242141,14641,14422,False
12875,0.000733502558433,0.00232552201487,17191,16956,False
12876,0,0,7581,7581,True
12877,0.000110576307634,0.000370132504031,12800,12812,False
12878,0,0,7582,7582,True
12879,0,0,7583,7583,True
12880,0,0,7584,7584,True
12881,0,0,7585,7585,True
12882,0,0,7586,7586,True
12883,0.000123129997519,0.000419954478275,12952,12976,False
12884,0.000604730623309,0.00194731494412,16371,16185,False
12885,0,0,7587,7587,True
12886,0,0,7588,7588,True
12887,0,0,7589,7589,True
12888,0,0,7590,7590,True
12889,0,0,7591,7591,True
12890,0,0,7592,7592,True
12891,0,0,7593,7593,True
12892,0,0,7594,7594,True
12893,0,0,7595,7595,True
12894,0.000290062074782,0.000910964852665,14266,14154,False
12895,0.00123282312416,0.0041328696534,18755,18744,False
12896,0,0,7596,7596,True
12897,0,0,7597,7597,True
12898,0,0,7598,7598,True
12899,0.000254716083873,0.000871563912369,14053,14077,False
12900,0.000162328069564,0.000540012086276,13354,13324,False
12901,0,0,7599,7599,True
12902,0.000312229036354,0.000985552091151,14376,14283,False
12903,7.80927366577e-05,0.000287234113785,12413,12537,False
12904,0,0,7600,7600,True
12905,0,0,7601,7601,True
12906,0.00104229070712,0.00351762049831,18361,18374,False
12907,0.000818409142084,0.00270731467754,17607,17554,False
12908,0,0,7602,7602,True
12909,0,0,7603,7603,True
12910,0,0,7604,7604,True
12911,0,0,7605,7605,True
12912,0.000511676247697,0.00169162289239,15637,15586,False
12913,0,0,7606,7606,True
12914,0,0,7607,7607,True
12915,0.000779388821684,0.00258234492503,17426,17384,False
12916,0,0,7608,7608,True
12917,0,0,7609,7609,True
12918,0.0020074613858,0.0067252824083,19618,19610,False
12919,0.000530354387593,0.00173518387601,15778,15674,False
12920,0,0,7610,7610,True
12921,0,0,7611,7611,True
12922,0,0,7612,7612,True
12923,0,0,7613,7613,True
12924,0,0,7614,7614,True
12925,0,0,7615,7615,True
12926,0,0,7616,7616,True
12927,0,0,7617,7617,True
12928,0,0,7618,7618,True
12929,0,0,7619,7619,True
12930,0.000922761973925,0.00302144396119,18008,17928,False
12931,0,0,7620,7620,True
12932,0,0,7621,7621,True
12933,0,0,7622,7622,True
12934,0,0,7623,7623,True
12935,0.000208373123314,0.000687701511197,13729,13690,False
12936,0,0,7624,7624,True
12937,0,0,7625,7625,True
12938,0,0,7626,7626,True
12939,0,0,7627,7627,True
12940,0,0,7628,7628,True
12941,0.000299155508401,0.00105345295742,14315,14393,False
12942,0.000627059664112,0.00214337627403,16525,16616,False
12943,0,0,7629,7629,True
12944,0,0,7630,7630,True
12945,0,0,7631,7631,True
12946,0,0,7632,7632,True
12947,0,0,7633,7633,True
12948,0,0,7634,7634,True
12949,0.000549485790543,0.00187141320202,15908,15993,False
12950,0,0,7635,7635,True
12951,0,0,7636,7636,True
12952,0,0,7637,7637,True
12953,0.00106499763206,0.00362204364501,18421,18447,False
12954,0,0,7638,7638,True
12955,0.00210997252725,0.00701912399381,19683,19664,False
12956,0.000667169282679,0.00224507250823,16813,16809,False
12957,0,0,7639,7639,True
12958,0,0,7640,7640,True
12959,0,0,7641,7641,True
12960,0,0,7642,7642,True
12961,0,0,7643,7643,True
12962,8.37331899675e-05,0.000304628396407,12493,12586,False
12963,0,0,7644,7644,True
12964,0,0,7645,7645,True
12965,0,0,7646,7646,True
12966,0,0,7647,7647,True
12967,0,0,7648,7648,True
12968,0,0,7649,7649,True
12969,0,0,7650,7650,True
12970,0.000145018551848,0.000440987991169,13182,13040,False
12971,0,0,7651,7651,True
12972,0,0,7652,7652,True
12973,0,0,7653,7653,True
12974,0,0,7654,7654,True
12975,0,0,7655,7655,True
12976,0,0,7656,7656,True
12977,0,0,7657,7657,True
12978,0,0,7658,7658,True
12979,0,0,7659,7659,True
12980,0.000809764489532,0.00273875892162,17562,17592,False
12981,0,0,7660,7660,True
12982,0,0,7661,7661,True
12983,0.000327403424308,0.00105009984691,14461,14388,False
12984,0,0,7662,7662,True
12985,0.000138272560434,0.000471679115435,13123,13138,False
12986,0.000198037378141,0.000738415925298,13653,13793,False
12987,0,0,7663,7663,True
12988,0.000922084320337,0.00293149193749,18007,17830,False
12989,0,0,7664,7664,True
12990,0,0,7665,7665,True
12991,0,0,7666,7666,True
12992,0,0,7667,7667,True
12993,0,0,7668,7668,True
12994,0,0,7669,7669,True
12995,0,0,7670,7670,True
12996,0.000638922851067,0.00200299825519,16616,16321,False
12997,0,0,7671,7671,True
12998,0.000280687963823,0.00102795625571,14208,14353,False
12999,0.000150790321641,0.000554734026082,13245,13375,False
13000,0,0,7672,7672,True
13001,0.00040107825771,0.00134993903339,14917,14914,False
13002,0,0,7673,7673,True
13003,0.000696555769537,0.0023208274506,16973,16946,False
13004,0,0,7674,7674,True
13005,0.000398842210416,0.00134183291811,14904,14897,False
13006,6.93547553965e-05,0.000168015540112,12315,12073,False
13007,0.000121912635223,0.000436344300397,12941,13027,False
13008,0,0,7675,7675,True
13009,0,0,7676,7676,True
13010,0,0,7677,7677,True
13011,0,0,7678,7678,True
13012,0,0,7679,7679,True
13013,0,0,7680,7680,True
13014,0,0,7681,7681,True
13015,0,0,7682,7682,True
13016,0.000559301755857,0.00191502808593,15989,16100,False
13017,0.000426233164035,0.00146732595749,15071,15158,False
13018,0.000576600781642,0.00182005227543,16139,15889,False
13019,0,0,7683,7683,True
13020,0.00200586766005,0.00692321220413,19614,19645,False
13021,0,0,7684,7684,True
13022,0,0,7685,7685,True
13023,0.00205877120607,0.00707004545256,19651,19675,False
13024,0,0,7686,7686,True
13025,6.09013768553e-05,0.000225974232308,12207,12296,False
13026,0,0,7687,7687,True
13027,0,0,7688,7688,True
13028,0,0,7689,7689,True
13029,0.000115227398055,0.00038166824379,12864,12857,False
13030,0,0,7690,7690,True
13031,0,0,7691,7691,True
13032,7.03464611433e-05,0.000239247310674,12326,12348,False
13033,0,0,7692,7692,True
13034,0,0,7693,7693,True
13035,0,0,7694,7694,True
13036,0,0,7695,7695,True
13037,0,0,7696,7696,True
13038,0,0,7697,7697,True
13039,0.000902746629436,0.00301002338529,17942,17914,False
13040,0,0,7698,7698,True
13041,0,0,7699,7699,True
13042,6.96937713656e-05,0.000183210329851,12320,12136,False
13043,7.18669834896e-05,0.000176798435859,12343,12105,False
13044,0,0,7700,7700,True
13045,0.000273150129942,0.000889760616701,14165,14111,False
13046,0.00190062297042,0.00639254087582,19542,19547,False
13047,0.00280818622559,0.00962632149458,19841,19843,False
13048,0,0,7701,7701,True
13049,0,0,7702,7702,True
13050,0,0,7703,7703,True
13051,0.0004497160553,0.00151673192158,15224,15247,False
13052,0,0,7704,7704,True
13053,0,0,7705,7705,True
13054,0.00206695799716,0.00674289744347,19656,19613,False
13055,0.000107856241812,0.000360455160262,12764,12763,False
13056,0,0,7706,7706,True
13057,0,0,7707,7707,True
13058,6.43196763122e-05,0.000232407677686,12253,12323,False
13059,0,0,7708,7708,True
13060,0,0,7709,7709,True
13061,0,0,7710,7710,True
13062,0,0,7711,7711,True
13063,0,0,7712,7712,True
13064,0,0,7713,7713,True
13065,0.0013382260222,0.00445335218683,18935,18906,False
13066,0,0,7714,7714,True
13067,0.00170104438439,0.00566950440407,19362,19337,False
13068,0,0,7715,7715,True
13069,0,0,7716,7716,True
13070,0,0,7717,7717,True
13071,0,0,7718,7718,True
13072,0.000454859051388,0.0015280705411,15252,15270,False
13073,0,0,7719,7719,True
13074,0.000192537685507,0.000677583098877,13609,13673,False
13075,0,0,7720,7720,True
13076,0,0,7721,7721,True
13077,0,0,7722,7722,True
13078,0,0,7723,7723,True
13079,0.000618039397523,0.00215900316834,16458,16642,False
13080,0,0,7724,7724,True
13081,0,0,7725,7725,True
13082,0,0,7726,7726,True
13083,0.000713981688023,0.00235328869894,17071,17001,False
13084,0,0,7727,7727,True
13085,0,0,7728,7728,True
13086,0,0,7729,7729,True
13087,0,0,7730,7730,True
13088,9.02182728169e-05,0.000291110918624,12578,12548,False
13089,0.00112434860785,0.00383073557168,18556,18586,False
13090,0.000272114499239,0.000908517336939,14155,14146,False
13091,0.000678383978084,0.00237987772562,16875,17050,False
13092,0.000446725869551,0.00146772456355,15200,15160,False
13093,7.75334774517e-05,0.00024412071798,12407,12362,False
13094,0,0,7731,7731,True
13095,0,0,7732,7732,True
13096,0.000365268089809,0.00118406035472,14681,14632,False
13097,0.000442635180661,0.00142188835889,15170,15063,False
13098,8.14133672975e-05,0.000237817905145,12466,12341,False
13099,0,0,7733,7733,True
13100,0,0,7734,7734,True
13101,0,0,7735,7735,True
13102,0.00153812533244,0.00514510972425,19216,19196,False
13103,0.00207486608997,0.00695355096832,19663,19652,False
13104,0,0,7736,7736,True
13105,9.95843365672e-05,0.000343908555806,12682,12707,False
13106,0,0,7737,7737,True
13107,0,0,7738,7738,True
13108,0,0,7739,7739,True
13109,0.00135416723788,0.00442035635933,18959,18894,False
13110,0,0,7740,7740,True
13111,0.00056581874378,0.00191817292944,16042,16107,False
13112,0.00054155435646,0.00179563544225,15858,15826,False
13113,0.000282838213025,0.000933622184675,14220,14196,False
13114,0.000572563323658,0.00200201547705,16103,16317,False
13115,0,0,7741,7741,True
13116,0,0,7742,7742,True
13117,0,0,7743,7743,True
13118,0.000571247306652,0.00180911854841,16090,15863,False
13119,0,0,7744,7744,True
13120,0,0,7745,7745,True
13121,8.73531680554e-05,0.000249778880971,12539,12385,False
13122,0,0,7746,7746,True
13123,0,0,7747,7747,True
13124,0,0,7748,7748,True
13125,0.000232127524214,0.000709651678335,13894,13736,False
13126,0,0,7749,7749,True
13127,0.000829774478916,0.00289889681153,17665,17797,False
13128,0,0,7750,7750,True
13129,0,0,7751,7751,True
13130,0,0,7752,7752,True
13131,0.000581608794164,0.00180016539525,16188,15842,False
13132,0.000395338924136,0.0013230824843,14880,14879,False
13133,0.000622608466074,0.00208084238693,16496,16496,False
13134,0,0,7753,7753,True
13135,0,0,7754,7754,True
13136,0,0,7755,7755,True
13137,0.00259941793047,0.00879965536296,19811,19815,False
13138,0,0,7756,7756,True
13139,0.000524331815541,0.00174781831447,15731,15709,False
13140,0.00137165444903,0.00465600378811,18986,18995,False
13141,0.000414387934143,0.00122810492758,14988,14691,False
13142,0,0,7757,7757,True
13143,0,0,7758,7758,True
13144,0.000192910258193,0.000633114483207,13612,13578,False
13145,0.00103397713974,0.00358375697397,18338,18422,False
13146,0,0,7759,7759,True
13147,0.00089244049741,0.00292331632227,17910,17821,False
13148,0,0,7760,7760,True
13149,0.00049112259876,0.0015971880639,15490,15401,False
13150,0.000830122153275,0.00281956419349,17666,17690,False
13151,0,0,7761,7761,True
13152,0.000465213495772,0.00152486539446,15316,15262,False
13153,0,0,7762,7762,True
13154,0,0,7763,7763,True
13155,0,0,7764,7764,True
13156,0,0,7765,7765,True
13157,0,0,7766,7766,True
13158,0,0,7767,7767,True
13159,0,0,7768,7768,True
13160,0,0,7769,7769,True
13161,0,0,7770,7770,True
13162,0.000560009968467,0.00187740602996,16000,16009,False
13163,0,0,7771,7771,True
13164,0.000216125685256,0.00074523978401,13783,13807,False
13165,0,0,7772,7772,True
13166,0,0,7773,7773,True
13167,0,0,7774,7774,True
13168,0,0,7775,7775,True
13169,0.000786319025792,0.00253650569357,17460,17324,False
13170,0,0,7776,7776,True
13171,0,0,7777,7777,True
13172,0,0,7778,7778,True
13173,0.000562446133699,0.00182188081089,16022,15893,False
13174,0,0,7779,7779,True
13175,4.38611823483e-05,0.000133276116685,11991,11935,False
13176,0,0,7780,7780,True
13177,0,0,7781,7781,True
13178,0,0,7782,7782,True
13179,0.000598395592533,0.0019140583463,16326,16096,False
13180,0.00174120301381,0.00563796190545,19402,19329,False
13181,0,0,7783,7783,True
13182,0,0,7784,7784,True
13183,0,0,7785,7785,True
13184,0,0,7786,7786,True
13185,0.000571547541767,0.00188207789324,16095,16017,False
13186,0,0,7787,7787,True
13187,0.00104171095882,0.00364663684741,18355,18467,False
13188,0.000180061091669,0.00060738157481,13513,13519,False
13189,0.000140934062074,0.000469935825095,13144,13133,False
13190,0,0,7788,7788,True
13191,0,0,7789,7789,True
13192,0,0,7790,7790,True
13193,0.000941753562074,0.00320219690911,18071,18111,False
13194,0,0,7791,7791,True
13195,0.000311294948915,0.00109318667091,14368,14457,False
13196,0.000170941697434,0.000601208710577,13433,13502,False
13197,0,0,7792,7792,True
13198,0,0,7793,7793,True
13199,0,0,7794,7794,True
13200,0.000279338040855,0.0010081185028,14201,14324,False
13201,0.000121133489301,0.000371010100935,12933,12816,False
13202,0,0,7795,7795,True
13203,0,0,7796,7796,True
13204,0,0,7797,7797,True
13205,9.9666431197e-05,0.000362150225556,12683,12772,False
13206,0.000301496591419,0.00102139636874,14326,14341,False
13207,0,0,7798,7798,True
13208,0,0,7799,7799,True
13209,0.00206217262894,0.00708148488775,19653,19676,False
13210,0,0,7800,7800,True
13211,5.9156503994e-05,0.000190234073671,12176,12167,False
13212,0,0,7801,7801,True
13213,0,0,7802,7802,True
13214,0,0,7803,7803,True
13215,0.000504519965034,0.00174334552139,15585,15695,False
13216,0,0,7804,7804,True
13217,0,0,7805,7805,True
13218,0,0,7806,7806,True
13219,0.00135395221878,0.00472234236076,18958,19023,False
13220,0.000589359086007,0.00199876399711,16250,16311,False
13221,0,0,7807,7807,True
13222,0.000703019555658,0.00240562576801,17011,17093,False
13223,0.000220034271479,0.000752954918426,13809,13821,False
13224,0,0,7808,7808,True
13225,0.000848530966323,0.00279898522422,17740,17660,False
13226,0,0,7809,7809,True
13227,0,0,7810,7810,True
13228,0,0,7811,7811,True
13229,0,0,7812,7812,True
13230,0,0,7813,7813,True
13231,0.00193665572442,0.00654953857884,19564,19579,False
13232,0,0,7814,7814,True
13233,0.00034501843038,0.00113337032963,14579,14533,False
13234,0,0,7815,7815,True
13235,0,0,7816,7816,True
13236,0.000165554971318,0.000600420113187,13384,13499,False
13237,0,0,7817,7817,True
13238,0,0,7818,7818,True
13239,0,0,7819,7819,True
13240,0,0,7820,7820,True
13241,0,0,7821,7821,True
13242,0,0,7822,7822,True
13243,0,0,7823,7823,True
13244,0,0,7824,7824,True
13245,0,0,7825,7825,True
13246,0.00203282618895,0.00703177182004,19635,19668,False
13247,0,0,7826,7826,True
13248,7.5325006037e-05,0.000268703937763,12379,12470,False
13249,0,0,7827,7827,True
13250,0,0,7828,7828,True
13251,0.000206880213227,0.000624642241746,13721,13558,False
13252,0.00051327078836,0.00184334581718,15652,15935,False
13253,0.000493710220326,0.00161210703664,15505,15432,False
13254,0,0,7829,7829,True
13255,0,0,7830,7830,True
13256,0,0,7831,7831,True
13257,0.000780756061431,0.00264252000488,17430,17471,False
13258,0.0005103025469,0.00170607992914,15626,15616,False
13259,0,0,7832,7832,True
13260,0.000456382898847,0.00141555827577,15257,15054,False
13261,0.000919894082472,0.00303633091971,17998,17946,False
13262,0,0,7833,7833,True
13263,0,0,7834,7834,True
13264,0,0,7835,7835,True
13265,0,0,7836,7836,True
13266,0.000178127957042,0.000521631911397,13497,13264,False
13267,0,0,7837,7837,True
13268,0,0,7838,7838,True
13269,0,0,7839,7839,True
13270,0,0,7840,7840,True
13271,0.000297413789667,0.000929090077989,14302,14185,False
13272,0.0019548907876,0.00650586001575,19579,19569,False
13273,0,0,7841,7841,True
13274,0,0,7842,7842,True
13275,0.000232175429119,0.000742028001696,13895,13801,False
13276,0,0,7843,7843,True
13277,7.81775961514e-05,0.000258002168266,12415,12425,False
13278,0.000105537423224,0.0003856922267,12743,12871,False
13279,0,0,7844,7844,True
13280,0,0,7845,7845,True
13281,0,0,7846,7846,True
13282,7.4318915722e-05,0.000250601384323,12367,12393,False
13283,0,0,7847,7847,True
13284,0,0,7848,7848,True
13285,0,0,7849,7849,True
13286,0,0,7850,7850,True
13287,0,0,7851,7851,True
13288,0,0,7852,7852,True
13289,0,0,7853,7853,True
13290,0.000228972610785,0.000752833089791,13872,13820,False
13291,0.00101622845978,0.00337525946088,18298,18267,False
13292,0,0,7854,7854,True
13293,0.00102768850047,0.00341374939308,18329,18297,False
13294,0,0,7855,7855,True
13295,0.000631571630947,0.0022000267636,16564,16725,False
13296,0,0,7856,7856,True
13297,0,0,7857,7857,True
13298,0,0,7858,7858,True
13299,0,0,7859,7859,True
13300,0,0,7860,7860,True
13301,0.000111364846816,0.000385769642889,12810,12872,False
13302,0,0,7861,7861,True
13303,0,0,7862,7862,True
13304,0.000143348821439,0.000479658599943,13166,13161,False
13305,0.000274304242339,0.000977760879323,14169,14267,False
13306,0.000685947481543,0.00230134953745,16913,16909,False
13307,0,0,7863,7863,True
13308,0.000435213994933,0.00122449710034,15122,14686,False
13309,0,0,7864,7864,True
13310,0.00153555150609,0.00527896592394,19212,19236,False
13311,0.000565102964174,0.00186982820742,16037,15988,False
13312,0,0,7865,7865,True
13313,0,0,7866,7866,True
13314,0,0,7867,7867,True
13315,0.000961680314504,0.00308704026975,18137,18006,False
13316,0.00130118220113,0.0043148775585,18869,18844,False
13317,0.000519508263096,0.00166123267263,15696,15519,False
13318,0,0,7868,7868,True
13319,0,0,7869,7869,True
13320,0,0,7870,7870,True
13321,0,0,7871,7871,True
13322,0.00108792923857,0.0036625280045,18471,18481,False
13323,0,0,7872,7872,True
13324,0,0,7873,7873,True
13325,0,0,7874,7874,True
13326,0.000625079264864,0.002116890857,16510,16559,False
13327,0,0,7875,7875,True
13328,0,0,7876,7876,True
13329,0,0,7877,7877,True
13330,0,0,7878,7878,True
13331,0,0,7879,7879,True
13332,0.000296722864732,0.00097759522032,14299,14265,False
13333,0.000548000680283,0.00191760226153,15901,16105,False
13334,0.00160812446848,0.0053047882393,19278,19246,False
13335,0.000479677837575,0.0015480510192,15403,15311,False
13336,0,0,7880,7880,True
13337,0,0,7881,7881,True
13338,0.00152639241423,0.00511075602844,19205,19184,False
13339,0,0,7882,7882,True
13340,0,0,7883,7883,True
13341,0.000515559164342,0.00179663382005,15666,15830,False
13342,0.00116904522292,0.00380792468786,18635,18573,False
13343,0,0,7884,7884,True
13344,0.000339890364558,0.0010627907468,14546,14406,False
13345,0,0,7885,7885,True
13346,0,0,7886,7886,True
13347,0,0,7887,7887,True
13348,0,0,7888,7888,True
13349,0,0,7889,7889,True
13350,8.02551294328e-05,0.000275284197414,12450,12496,False
13351,0,0,7890,7890,True
13352,0,0,7891,7891,True
13353,6.98890216881e-05,0.000252390425885,12322,12402,False
13354,0,0,7892,7892,True
13355,0.000620838662144,0.0019992007874,16485,16313,False
13356,0,0,7893,7893,True
13357,0.000347516441252,0.0011384410318,14589,14544,False
13358,0.000626835389994,0.00210411869921,16522,16531,False
13359,0,0,7894,7894,True
13360,0.000257611041889,0.000869180017617,14069,14071,False
13361,6.24059466645e-05,0.000201550981728,12220,12210,False
13362,0.000603303371463,0.00208735815249,16357,16505,False
13363,0,0,7895,7895,True
13364,9.5747258456e-05,0.000321589730447,12633,12643,False
13365,0,0,7896,7896,True
13366,0.000175399778527,0.000579938932788,13471,13451,False
13367,0,0,7897,7897,True
13368,9.69110187725e-05,0.000338180718245,12648,12690,False
13369,0,0,7898,7898,True
13370,0,0,7899,7899,True
13371,0,0,7900,7900,True
13372,0,0,7901,7901,True
13373,0,0,7902,7902,True
13374,0,0,7903,7903,True
13375,0,0,7904,7904,True
13376,0,0,7905,7905,True
13377,0,0,7906,7906,True
13378,0.000242513924604,0.000758797803428,13961,13840,False
13379,0,0,7907,7907,True
13380,0.000148357677972,0.000504505645949,13214,13225,False
13381,0,0,7908,7908,True
13382,0,0,7909,7909,True
13383,0.000599094084464,0.0020315987058,16333,16399,False
13384,0,0,7910,7910,True
13385,9.13144394872e-05,0.000275848782621,12591,12498,False
13386,0,0,7911,7911,True
13387,0.000119567004731,0.000420020805905,12915,12977,False
13388,0,0,7912,7912,True
13389,0,0,7913,7913,True
13390,0,0,7914,7914,True
13391,0,0,7915,7915,True
13392,0,0,7916,7916,True
13393,0,0,7917,7917,True
13394,0,0,7918,7918,True
13395,0,0,7919,7919,True
13396,0,0,7920,7920,True
13397,0,0,7921,7921,True
13398,0,0,7922,7922,True
13399,0,0,7923,7923,True
13400,0.000181027862709,0.000622302002739,13526,13552,False
13401,0,0,7924,7924,True
13402,0.000268873700406,0.000881123240106,14137,14098,False
13403,0,0,7925,7925,True
13404,0.000204261639738,0.000744496646803,13701,13805,False
13405,0,0,7926,7926,True
13406,0.000281525572063,0.000999344862066,14214,14305,False
13407,0,0,7927,7927,True
13408,0,0,7928,7928,True
13409,0,0,7929,7929,True
13410,0.000560370157473,0.00176941533573,16002,15757,False
13411,0.000117957897601,0.000431963097071,12897,13016,False
13412,0,0,7930,7930,True
13413,0.000421285483753,0.0013791465899,15039,14977,False
13414,0,0,7931,7931,True
13415,0,0,7932,7932,True
13416,0,0,7933,7933,True
13417,0,0,7934,7934,True
13418,0.000166580837686,0.000568563409615,13393,13417,False
13419,0,0,7935,7935,True
13420,0,0,7936,7936,True
13421,0,0,7937,7937,True
13422,0,0,7938,7938,True
13423,0.000169890874531,0.000608530128375,13420,13523,False
13424,0,0,7939,7939,True
13425,0,0,7940,7940,True
13426,0,0,7941,7941,True
13427,0,0,7942,7942,True
13428,0.000154610097525,0.000462431373307,13280,13109,False
13429,0,0,7943,7943,True
13430,0,0,7944,7944,True
13431,0,0,7945,7945,True
13432,0,0,7946,7946,True
13433,0.000857196864672,0.00293800374493,17777,17838,False
13434,0,0,7947,7947,True
13435,0,0,7948,7948,True
13436,0,0,7949,7949,True
13437,0.000222372618737,0.000909496913664,13824,14148,False
13438,0,0,7950,7950,True
13439,0,0,7951,7951,True
13440,0,0,7952,7952,True
13441,0,0,7953,7953,True
13442,0,0,7954,7954,True
13443,0,0,7955,7955,True
13444,0,0,7956,7956,True
13445,0,0,7957,7957,True
13446,0.000519811641425,0.00170611625072,15698,15617,False
13447,0,0,7958,7958,True
13448,0,0,7959,7959,True
13449,0,0,7960,7960,True
13450,0,0,7961,7961,True
13451,0,0,7962,7962,True
13452,0,0,7963,7963,True
13453,0,0,7964,7964,True
13454,0,0,7965,7965,True
13455,0.000459534756374,0.0015419870615,15274,15303,False
13456,0,0,7966,7966,True
13457,0,0,7967,7967,True
13458,0.000396376999561,0.00136023305822,14889,14934,False
13459,0,0,7968,7968,True
13460,0,0,7969,7969,True
13461,0,0,7970,7970,True
13462,0,0,7971,7971,True
13463,0.000126859886223,0.000387399370084,12991,12875,False
13464,0.000165268444107,0.000553657533601,13382,13367,False
13465,0.000250896322541,0.000771506398451,14025,13868,False
13466,0,0,7972,7972,True
13467,0,0,7973,7973,True
13468,0,0,7974,7974,True
13469,0,0,7975,7975,True
13470,0,0,7976,7976,True
13471,0,0,7977,7977,True
13472,0.000230800447753,0.000815702311229,13884,13964,False
13473,0,0,7978,7978,True
13474,0,0,7979,7979,True
13475,0,0,7980,7980,True
13476,0,0,7981,7981,True
13477,0,0,7982,7982,True
13478,0.000153037661221,0.000479147012811,13265,13158,False
13479,0,0,7983,7983,True
13480,0,0,7984,7984,True
13481,0,0,7985,7985,True
13482,0,0,7986,7986,True
13483,6.70749213896e-05,0.000243849615799,12288,12361,False
13484,0,0,7987,7987,True
13485,0,0,7988,7988,True
13486,0,0,7989,7989,True
13487,0,0,7990,7990,True
13488,0,0,7991,7991,True
13489,0.00222752732225,0.007399270311,19730,19719,False
13490,0,0,7992,7992,True
13491,0,0,7993,7993,True
13492,0,0,7994,7994,True
13493,0.000320769147947,0.00104543112684,14424,14382,False
13494,0.00107666256372,0.00363267562352,18445,18455,False
13495,0.000577630999032,0.00192463514395,16150,16132,False
13496,0,0,7995,7995,True
13497,0,0,7996,7996,True
13498,0,0,7997,7997,True
13499,0,0,7998,7998,True
13500,0,0,7999,7999,True
13501,0,0,8000,8000,True
13502,0,0,8001,8001,True
13503,0,0,8002,8002,True
13504,0,0,8003,8003,True
13505,0,0,8004,8004,True
13506,0,0,8005,8005,True
13507,0,0,8006,8006,True
13508,0,0,8007,8007,True
13509,0,0,8008,8008,True
13510,0,0,8009,8009,True
13511,0,0,8010,8010,True
13512,0.000332261697622,0.00117947231047,14492,14626,False
13513,0.000457213900518,0.00154283782467,15265,15304,False
13514,0,0,8011,8011,True
13515,0,0,8012,8012,True
13516,0,0,8013,8013,True
13517,4.0694965719e-05,0.00014078571985,11960,11969,False
13518,0,0,8014,8014,True
13519,0,0,8015,8015,True
13520,0,0,8016,8016,True
13521,5.66801827517e-05,0.000155834728503,12146,12032,False
13522,0,0,8017,8017,True
13523,0,0,8018,8018,True
13524,0,0,8019,8019,True
13525,0.000111958572234,0.000392811663914,12819,12891,False
13526,0,0,8020,8020,True
13527,0.0006528236554,0.00223581679165,16714,16788,False
13528,0,0,8021,8021,True
13529,0,0,8022,8022,True
13530,0,0,8023,8023,True
13531,0.000748906633817,0.00272949924693,17280,17585,False
13532,0,0,8024,8024,True
13533,0,0,8025,8025,True
13534,0.00023659382714,0.00083127443213,13924,13995,False
13535,0,0,8026,8026,True
13536,0.000882494961843,0.0029865198303,17870,17887,False
13537,0.00021276291227,0.00072994234506,13762,13776,False
13538,0,0,8027,8027,True
13539,0.000654545729049,0.00221112929285,16728,16751,False
13540,0.000131347303977,0.000450644991361,13035,13070,False
13541,0,0,8028,8028,True
13542,0,0,8029,8029,True
13543,0,0,8030,8030,True
13544,0,0,8031,8031,True
13545,0,0,8032,8032,True
13546,0,0,8033,8033,True
13547,0,0,8034,8034,True
13548,0.000599415274337,0.00210012472235,16336,16525,False
13549,0,0,8035,8035,True
13550,0,0,8036,8036,True
13551,8.19840715849e-05,0.000279401487205,12474,12511,False
13552,0,0,8037,8037,True
13553,0,0,8038,8038,True
13554,0.00038047102862,0.00131244258955,14783,14859,False
13555,0,0,8039,8039,True
13556,0,0,8040,8040,True
13557,0.000112287299999,0.000392761547118,12824,12890,False
13558,0.000585232803132,0.00202106963843,16216,16367,False
13559,0,0,8041,8041,True
13560,0.000113526795758,0.000406799430493,12847,12932,False
13561,0.000548734562472,0.00177610653918,15904,15780,False
13562,0,0,8042,8042,True
13563,5.87566391914e-05,0.000147949074744,12170,12002,False
13564,0.000849652744364,0.00271179201081,17747,17557,False
13565,0,0,8043,8043,True
13566,0,0,8044,8044,True
13567,0,0,8045,8045,True
13568,0,0,8046,8046,True
13569,0,0,8047,8047,True
13570,0,0,8048,8048,True
13571,0,0,8049,8049,True
13572,0.000307506707031,0.00102170428727,14351,14342,False
13573,0,0,8050,8050,True
13574,0,0,8051,8051,True
13575,0,0,8052,8052,True
13576,0.00116232945584,0.00383819197305,18625,18591,False
13577,0,0,8053,8053,True
13578,9.56571166171e-05,0.000331572053256,12631,12671,False
13579,0,0,8054,8054,True
13580,0,0,8055,8055,True
13581,0,0,8056,8056,True
13582,0,0,8057,8057,True
13583,0,0,8058,8058,True
13584,0,0,8059,8059,True
13585,0,0,8060,8060,True
13586,0,0,8061,8061,True
13587,0,0,8062,8062,True
13588,0,0,8063,8063,True
13589,0.000275697733741,0.000995073583908,14179,14295,False
13590,0.00044829637045,0.00150930543896,15216,15232,False
13591,0,0,8064,8064,True
13592,0,0,8065,8065,True
13593,0,0,8066,8066,True
13594,0,0,8067,8067,True
13595,0,0,8068,8068,True
13596,0,0,8069,8069,True
13597,0.000698073185049,0.00231311633252,16983,16934,False
13598,0,0,8070,8070,True
13599,0,0,8071,8071,True
13600,0,0,8072,8072,True
13601,5.58899118914e-05,0.000196443725144,12138,12186,False
13602,0.00176633661613,0.00600972957909,19431,19449,False
13603,0,0,8073,8073,True
13604,0,0,8074,8074,True
13605,0,0,8075,8075,True
13606,0.000314005126711,0.00112118420657,14385,14509,False
13607,0.000375615665689,0.00129492266569,14751,14819,False
13608,0,0,8076,8076,True
13609,0,0,8077,8077,True
13610,0,0,8078,8078,True
13611,0.000380926125217,0.00130950263701,14790,14851,False
13612,0.000562240020372,0.00192413339391,16018,16129,False
13613,0.00183444586582,0.00624865619466,19489,19512,False
13614,0,0,8079,8079,True
13615,0,0,8080,8080,True
13616,0,0,8081,8081,True
13617,0,0,8082,8082,True
13618,0,0,8083,8083,True
13619,0,0,8084,8084,True
13620,0,0,8085,8085,True
13621,0,0,8086,8086,True
13622,0,0,8087,8087,True
13623,0.000383926177165,0.0013175830245,14807,14870,False
13624,0.000272321194643,0.000916226534173,14157,14161,False
13625,0.000177570531378,0.000577295664698,13496,13440,False
13626,0.000654119707178,0.00219830335118,16726,16723,False
13627,0,0,8088,8088,True
13628,0.00236057629809,0.00809424277395,19766,19778,False
13629,0,0,8089,8089,True
13630,0.00050723226741,0.00164483755361,15606,15492,False
13631,8.54511090438e-05,0.000293873716146,12512,12554,False
13632,0,0,8090,8090,True
13633,0.000407846877351,0.00139154563658,14950,15009,False
13634,0,0,8091,8091,True
13635,0,0,8092,8092,True
13636,0,0,8093,8093,True
13637,0,0,8094,8094,True
13638,0.000992963905446,0.00342397135682,18235,18307,False
13639,0,0,8095,8095,True
13640,0,0,8096,8096,True
13641,0.000575562182348,0.00186419754755,16128,15974,False
13642,0,0,8097,8097,True
13643,3.20160943375e-05,0.000107253574242,11862,11854,False
13644,0,0,8098,8098,True
13645,0,0,8099,8099,True
13646,0.00329964142293,0.0111739905551,19876,19878,False
13647,0.00186092080548,0.00641355244443,19511,19551,False
13648,4.05736245739e-05,0.000159100687597,11957,12046,False
13649,0,0,8100,8100,True
13650,0,0,8101,8101,True
13651,0.000660817488097,0.00228612823412,16768,16880,False
13652,0,0,8102,8102,True
13653,0.000417548028054,0.00145358941518,15012,15128,False
13654,0,0,8103,8103,True
13655,0.00228005251847,0.00763071887195,19747,19740,False
13656,0.00061923195608,0.00201055523939,16470,16339,False
13657,0.000176006433321,0.000633121060673,13478,13579,False
13658,0,0,8104,8104,True
13659,0,0,8105,8105,True
13660,0.000118530340842,0.000379097415134,12905,12844,False
13661,0.000150096442667,0.000474514439702,13234,13148,False
13662,0,0,8106,8106,True
13663,0,0,8107,8107,True
13664,0.00173330854159,0.00619268184528,19398,19501,False
13665,0.000135326918098,0.00033619205351,13085,12684,False
13666,0,0,8108,8108,True
13667,0,0,8109,8109,True
13668,0.000491619633976,0.00161342055071,15493,15433,False
13669,0.000756282475777,0.00248717912473,17316,17234,False
13670,0.000308720569592,0.00105037388857,14354,14389,False
13671,0,0,8110,8110,True
13672,0,0,8111,8111,True
13673,0,0,8112,8112,True
13674,0,0,8113,8113,True
13675,0.000480054150103,0.00160383270122,15404,15418,False
13676,0,0,8114,8114,True
13677,0,0,8115,8115,True
13678,0,0,8116,8116,True
13679,0,0,8117,8117,True
13680,0,0,8118,8118,True
13681,0.000103011683677,0.000313408148941,12717,12617,False
13682,0,0,8119,8119,True
13683,0,0,8120,8120,True
13684,0,0,8121,8121,True
13685,0,0,8122,8122,True
13686,0.00013480844791,0.00047289126087,13077,13142,False
13687,0,0,8123,8123,True
13688,0,0,8124,8124,True
13689,0,0,8125,8125,True
13690,0,0,8126,8126,True
13691,0,0,8127,8127,True
13692,0,0,8128,8128,True
13693,0,0,8129,8129,True
13694,0,0,8130,8130,True
13695,0,0,8131,8131,True
13696,0,0,8132,8132,True
13697,0,0,8133,8133,True
13698,0,0,8134,8134,True
13699,0,0,8135,8135,True
13700,0,0,8136,8136,True
13701,0,0,8137,8137,True
13702,0,0,8138,8138,True
13703,0.000973297457676,0.00320426188409,18174,18117,False
13704,0,0,8139,8139,True
13705,0.000497554196045,0.00170196313411,15543,15603,False
13706,0,0,8140,8140,True
13707,0,0,8141,8141,True
13708,0.00126758695114,0.00434644520283,18821,18860,False
13709,5.39719076187e-05,0.000182907562703,12119,12135,False
13710,2.83441258944e-05,0.000102304213215,11828,11844,False
13711,0,0,8142,8142,True
13712,0,0,8143,8143,True
13713,0,0,8144,8144,True
13714,0,0,8145,8145,True
13715,0,0,8146,8146,True
13716,0,0,8147,8147,True
13717,0.000932311930228,0.00317348004319,18044,18093,False
13718,0,0,8148,8148,True
13719,0.00149995961692,0.00502938311547,19162,19150,False
13720,0.0019362490857,0.00659450888634,19563,19586,False
13721,0.00095858972054,0.00321712181903,18127,18133,False
13722,0,0,8149,8149,True
13723,0,0,8150,8150,True
13724,0,0,8151,8151,True
13725,0,0,8152,8152,True
13726,0.000814607134089,0.00263384357095,17582,17456,False
13727,0,0,8153,8153,True
13728,0,0,8154,8154,True
13729,0.00054134306265,0.00173598132096,15856,15677,False
13730,0.000405357393902,0.00138928077649,14937,15006,False
13731,0,0,8155,8155,True
13732,0,0,8156,8156,True
13733,0.000933117291424,0.0030577366706,18048,17974,False
13734,0,0,8157,8157,True
13735,0,0,8158,8158,True
13736,0,0,8159,8159,True
13737,0.00118577980902,0.00404358282685,18675,18700,False
13738,0.0011469880119,0.00401569297537,18597,18681,False
13739,8.84010732989e-05,0.00033914486994,12555,12696,False
13740,0,0,8160,8160,True
13741,0.000665097264573,0.00226818909869,16802,16848,False
13742,0,0,8161,8161,True
13743,0.000576173712034,0.00189253629651,16135,16038,False
13744,0.000131527864141,0.000467368983664,13037,13127,False
13745,0,0,8162,8162,True
13746,0.000659437908325,0.0021002239082,16760,16526,False
13747,0.000712207343895,0.00228867423721,17058,16885,False
13748,0.00105659198016,0.00347789912485,18392,18341,False
13749,0,0,8163,8163,True
13750,0,0,8164,8164,True
13751,0,0,8165,8165,True
13752,0,0,8166,8166,True
13753,0,0,8167,8167,True
13754,0,0,8168,8168,True
13755,0,0,8169,8169,True
13756,0,0,8170,8170,True
13757,0.00190400320571,0.00618602056056,19546,19497,False
13758,0,0,8171,8171,True
13759,0,0,8172,8172,True
13760,0,0,8173,8173,True
13761,0,0,8174,8174,True
13762,0,0,8175,8175,True
13763,0.00127666979097,0.00419573485851,18840,18787,False
13764,0.000100395991467,0.000358900608262,12690,12756,False
13765,0.000755083572585,0.00247847149149,17307,17214,False
13766,0.000474466942251,0.00153328792658,15368,15279,False
13767,0,0,8176,8176,True
13768,6.28342168056e-05,0.000210310841794,12227,12239,False
13769,0,0,8177,8177,True
13770,0,0,8178,8178,True
13771,0.000186465287698,0.000591638556216,13568,13485,False
13772,0.000619808444753,0.00202861940488,16474,16390,False
13773,0,0,8179,8179,True
13774,0,0,8180,8180,True
13775,0,0,8181,8181,True
13776,0.00227763713337,0.00746187055483,19745,19726,False
13777,0,0,8182,8182,True
13778,0.00106547190808,0.00354419276118,18422,18399,False
13779,0,0,8183,8183,True
13780,0,0,8184,8184,True
13781,0.00114046328235,0.00375174940564,18581,18541,False
13782,0,0,8185,8185,True
13783,0.00137478904799,0.00459189899266,18993,18972,False
13784,0,0,8186,8186,True
13785,0,0,8187,8187,True
13786,0.000175972192665,0.000585352885537,13477,13466,False
13787,0,0,8188,8188,True
13788,0.000596551748458,0.0019718031399,16313,16258,False
13789,0.000488935911562,0.00168980960734,15474,15582,False
13790,0,0,8189,8189,True
13791,0,0,8190,8190,True
13792,0.000120654942293,0.000368846289348,12928,12804,False
13793,0,0,8191,8191,True
13794,0.00143433758058,0.004777751863,19078,19055,False
13795,0.000492221093737,0.00164287723601,15498,15487,False
13796,0,0,8192,8192,True
13797,0.000172624917468,0.00046783965081,13446,13130,False
13798,0.000151263244334,0.000509832229,13249,13236,False
13799,0,0,8193,8193,True
13800,0,0,8194,8194,True
13801,0.00206873752177,0.00696921534836,19659,19654,False
13802,0.001040252042,0.00350206810981,18351,18364,False
13803,6.83080943418e-05,0.000238732260186,12305,12345,False
13804,0.000637833552901,0.00204028352164,16608,16416,False
13805,0,0,8195,8195,True
13806,0.00041079003131,0.0012609657133,14968,14760,False
13807,0,0,8196,8196,True
13808,0,0,8197,8197,True
13809,0,0,8198,8198,True
13810,0.000136218368425,0.000522004207596,13096,13265,False
13811,6.7300417868e-05,0.000264180620434,12291,12449,False
13812,0,0,8199,8199,True
13813,0,0,8200,8200,True
13814,0.00117171322927,0.00408772053197,18642,18726,False
13815,0,0,8201,8201,True
13816,0,0,8202,8202,True
13817,0,0,8203,8203,True
13818,0,0,8204,8204,True
13819,0.000970759720076,0.0032117695082,18164,18126,False
13820,0.000261999579379,0.000827596115414,14098,13988,False
13821,0,0,8205,8205,True
13822,0,0,8206,8206,True
13823,0.000609802140389,0.0019443485653,16405,16182,False
13824,0,0,8207,8207,True
13825,0.000677465635817,0.00243225391023,16869,17140,False
13826,0,0,8208,8208,True
13827,0,0,8209,8209,True
13828,0,0,8210,8210,True
13829,0.000507912831381,0.00163283676375,15612,15462,False
13830,0,0,8211,8211,True
13831,0,0,8212,8212,True
13832,0.00117496971507,0.00399220967665,18648,18673,False
13833,0,0,8213,8213,True
13834,0.000454642198747,0.00143857276998,15251,15101,False
13835,0.00034376460826,0.00122965860646,14571,14695,False
13836,0,0,8214,8214,True
13837,0.00172953284346,0.0059692026116,19395,19437,False
13838,0.000137617214932,0.00046707232832,13116,13126,False
13839,0.000719680741895,0.00243873731233,17104,17149,False
13840,0,0,8215,8215,True
13841,0,0,8216,8216,True
13842,0,0,8217,8217,True
13843,0,0,8218,8218,True
13844,0,0,8219,8219,True
13845,0.000379787496058,0.00124739389867,14777,14731,False
13846,0.00258045154624,0.00864927563816,19809,19803,False
13847,0.000812186975963,0.00272628944367,17569,17581,False
13848,0,0,8220,8220,True
13849,0,0,8221,8221,True
13850,5.53239951842e-05,0.000199687754503,12135,12200,False
13851,0,0,8222,8222,True
13852,0.00023605307797,0.000996596529149,13920,14299,False
13853,0.000398614065489,0.00149220903404,14902,15205,False
13854,0,0,8223,8223,True
13855,0,0,8224,8224,True
13856,0,0,8225,8225,True
13857,0,0,8226,8226,True
13858,0,0,8227,8227,True
13859,0,0,8228,8228,True
13860,0,0,8229,8229,True
13861,0,0,8230,8230,True
13862,0.000594643177465,0.00207507167943,16291,16481,False
13863,0,0,8231,8231,True
13864,0,0,8232,8232,True
13865,0,0,8233,8233,True
13866,0,0,8234,8234,True
13867,0.00186214677524,0.00618707807735,19512,19498,False
13868,0,0,8235,8235,True
13869,0.00035749777453,0.00112194230314,14648,14512,False
13870,0,0,8236,8236,True
13871,4.7399847972e-05,0.000147466707858,12028,11999,False
13872,0,0,8237,8237,True
13873,0,0,8238,8238,True
13874,0,0,8239,8239,True
13875,0,0,8240,8240,True
13876,0,0,8241,8241,True
13877,0.000245048315264,0.000871522526722,13977,14076,False
13878,0,0,8242,8242,True
13879,9.92928544292e-05,0.000310040137265,12679,12604,False
13880,0.000758354843128,0.00242777983658,17329,17134,False
13881,0.0007148507284,0.00234399619512,17074,16989,False
13882,0,0,8243,8243,True
13883,0,0,8244,8244,True
13884,0,0,8245,8245,True
13885,0.000233079481404,0.000780979113188,13901,13890,False
13886,0,0,8246,8246,True
13887,0.000777898181695,0.00268028164282,17420,17525,False
13888,0.000616667501163,0.00213466724381,16442,16600,False
13889,0,0,8247,8247,True
13890,0,0,8248,8248,True
13891,0,0,8249,8249,True
13892,0.000459778937511,0.00149838253856,15275,15217,False
13893,0,0,8250,8250,True
13894,0,0,8251,8251,True
13895,0,0,8252,8252,True
13896,0.00195272441488,0.00630413368344,19576,19526,False
13897,0,0,8253,8253,True
13898,0,0,8254,8254,True
13899,0.000495701853652,0.00165982975159,15523,15518,False
13900,0,0,8255,8255,True
13901,0,0,8256,8256,True
13902,0,0,8257,8257,True
13903,0.000192194245756,0.00064287672285,13607,13601,False
13904,8.72543532751e-05,0.0002684717183,12536,12468,False
13905,0.000800134497695,0.00263210874982,17525,17452,False
13906,0,0,8258,8258,True
13907,0,0,8259,8259,True
13908,0,0,8260,8260,True
13909,0,0,8261,8261,True
13910,0.000442225311417,0.0015931117814,15165,15390,False
13911,0,0,8262,8262,True
13912,0.000776172033511,0.002542759059,17412,17331,False
13913,0,0,8263,8263,True
13914,0.000227572993026,0.000673447793815,13859,13662,False
13915,0.000462004623841,0.00140590174124,15286,15036,False
13916,0,0,8264,8264,True
13917,0,0,8265,8265,True
13918,0,0,8266,8266,True
13919,0.000574636156671,0.00192094582599,16118,16116,False
13920,0.000187507583178,0.000648468034342,13578,13618,False
13921,0.000655778800137,0.00231088837609,16738,16932,False
13922,0,0,8267,8267,True
13923,0.00238707847893,0.00777611322701,19774,19752,False
13924,0,0,8268,8268,True
13925,0.000547346135136,0.00181226152927,15896,15868,False
13926,0,0,8269,8269,True
13927,0.000440742849605,0.00154073128942,15155,15299,False
13928,0,0,8270,8270,True
13929,0.00129329017363,0.00428292388096,18860,18826,False
13930,0,0,8271,8271,True
13931,0.000218105429667,0.00082466180902,13799,13985,False
13932,0,0,8272,8272,True
13933,0.00159496744163,0.0052890800871,19267,19239,False
13934,0,0,8273,8273,True
13935,0,0,8274,8274,True
13936,0,0,8275,8275,True
13937,0,0,8276,8276,True
13938,0,0,8277,8277,True
13939,0,0,8278,8278,True
13940,0,0,8279,8279,True
13941,0,0,8280,8280,True
13942,0.00153420201968,0.0052612866275,19211,19232,False
13943,0,0,8281,8281,True
13944,0,0,8282,8282,True
13945,0,0,8283,8283,True
13946,0,0,8284,8284,True
13947,8.69833384058e-05,0.000267003284534,12534,12461,False
13948,0,0,8285,8285,True
13949,3.7140223867e-05,0.000109840773803,11913,11860,False
13950,0.000139728741487,0.000443094759248,13135,13046,False
13951,0.00109986832831,0.00373271782883,18497,18525,False
13952,0.000475335342344,0.00160981121007,15372,15428,False
13953,0,0,8286,8286,True
13954,8.50406577229e-05,0.000276534759905,12506,12501,False
13955,0.00140515284147,0.00484629301354,19039,19089,False
13956,0.000635888776742,0.00220935675316,16598,16747,False
13957,0,0,8287,8287,True
13958,0,0,8288,8288,True
13959,0,0,8289,8289,True
13960,0.00136720307637,0.00439299969003,18981,18884,False
13961,0,0,8290,8290,True
13962,0,0,8291,8291,True
13963,0,0,8292,8292,True
13964,0.00105477834586,0.00349742756225,18390,18361,False
13965,0,0,8293,8293,True
13966,0.000877870304976,0.00306998356245,17845,17993,False
13967,0.000395428040065,0.00124175124802,14881,14717,False
13968,0.000310396455461,0.00104482739698,14364,14381,False
13969,0,0,8294,8294,True
13970,0.000360888225259,0.00123805727344,14664,14710,False
13971,0.000650666130241,0.00222815247253,16701,16778,False
13972,0,0,8295,8295,True
13973,0,0,8296,8296,True
13974,0,0,8297,8297,True
13975,0.000494761799928,0.0016056249151,15514,15422,False
13976,0,0,8298,8298,True
13977,0.000254391314229,0.000828292802908,14049,13989,False
13978,0,0,8299,8299,True
13979,0.000134015994263,0.000429519161116,13066,13004,False
13980,0,0,8300,8300,True
13981,0,0,8301,8301,True
13982,0,0,8302,8302,True
13983,0.000390632019844,0.00146898336243,14861,15163,False
13984,0.000417357543483,0.00126744003501,15009,14772,False
13985,0,0,8303,8303,True
13986,0.000640389451291,0.00214880448766,16627,16625,False
13987,0,0,8304,8304,True
13988,0.000490256818011,0.00161187082995,15483,15431,False
13989,0.000930134323426,0.00294484803453,18034,17844,False
13990,0,0,8305,8305,True
13991,0,0,8306,8306,True
13992,0,0,8307,8307,True
13993,0.000749957805965,0.0024811909534,17284,17225,False
13994,0.000421535602072,0.00149604375474,15041,15212,False
13995,0.000154148467118,0.000460188981378,13277,13100,False
13996,8.747872198e-05,0.000324632856064,12541,12656,False
13997,0,0,8308,8308,True
13998,0,0,8309,8309,True
13999,0,0,8310,8310,True
14000,0,0,8311,8311,True
14001,0,0,8312,8312,True
14002,0,0,8313,8313,True
14003,0,0,8314,8314,True
14004,0.000153552944539,0.000560429762118,13268,13389,False
14005,0.000201343558729,0.00071715330705,13680,13755,False
14006,0,0,8315,8315,True
14007,0,0,8316,8316,True
14008,0,0,8317,8317,True
14009,0,0,8318,8318,True
14010,0.000100659482996,0.000388346088585,12693,12878,False
14011,0.000111412984552,0.000417915929575,12811,12973,False
14012,0,0,8319,8319,True
14013,0,0,8320,8320,True
14014,0.00241781794466,0.00831771176308,19782,19792,False
14015,0,0,8321,8321,True
14016,0,0,8322,8322,True
14017,0,0,8323,8323,True
14018,0,0,8324,8324,True
14019,0,0,8325,8325,True
14020,0,0,8326,8326,True
14021,8.60004438437e-05,0.000270337215625,12520,12476,False
14022,0,0,8327,8327,True
14023,0,0,8328,8328,True
14024,0,0,8329,8329,True
14025,0,0,8330,8330,True
14026,0,0,8331,8331,True
14027,0,0,8332,8332,True
14028,0,0,8333,8333,True
14029,0,0,8334,8334,True
14030,0.0001896055619,0.000619267870206,13590,13544,False
14031,0,0,8335,8335,True
14032,0.00184084195644,0.00633459631354,19494,19533,False
14033,0,0,8336,8336,True
14034,0,0,8337,8337,True
14035,0,0,8338,8338,True
14036,0,0,8339,8339,True
14037,0,0,8340,8340,True
14038,0.000526065239683,0.00176374614239,15748,15740,False
14039,0,0,8341,8341,True
14040,8.05511226645e-05,0.000252019031905,12455,12400,False
14041,3.32736781274e-05,0.000134969566716,11871,11942,False
14042,8.57210034155e-05,0.000293855642667,12518,12553,False
14043,0.000943292805459,0.0031532428693,18078,18079,False
14044,0,0,8342,8342,True
14045,0.000272200180916,0.000929165573325,14156,14186,False
14046,0,0,8343,8343,True
14047,0,0,8344,8344,True
14048,0,0,8345,8345,True
14049,0.000456425768789,0.00143317796756,15259,15090,False
14050,0,0,8346,8346,True
14051,0,0,8347,8347,True
14052,0.00234687956981,0.00794217456132,19760,19762,False
14053,0,0,8348,8348,True
14054,0.000657545460854,0.00229728990234,16747,16901,False
14055,0,0,8349,8349,True
14056,0,0,8350,8350,True
14057,0,0,8351,8351,True
14058,0,0,8352,8352,True
14059,0.000342965766322,0.00115941220429,14565,14582,False
14060,0,0,8353,8353,True
14061,0.00109908555169,0.00365425180644,18494,18473,False
14062,0,0,8354,8354,True
14063,0,0,8355,8355,True
14064,0,0,8356,8356,True
14065,0,0,8357,8357,True
14066,0.000595774035901,0.00198023603298,16299,16272,False
14067,0.000939824793022,0.00310689304024,18065,18028,False
14068,0,0,8358,8358,True
14069,0,0,8359,8359,True
14070,0.000781512295362,0.00258529325947,17438,17389,False
14071,0,0,8360,8360,True
14072,0,0,8361,8361,True
14073,0.00215267622843,0.00705477269366,19703,19671,False
14074,0,0,8362,8362,True
14075,0,0,8363,8363,True
14076,0.000168508195202,0.000589771370869,13406,13479,False
14077,0.000370881607523,0.00127251201775,14711,14789,False
14078,0,0,8364,8364,True
14079,0,0,8365,8365,True
14080,0,0,8366,8366,True
14081,0,0,8367,8367,True
14082,0,0,8368,8368,True
14083,0,0,8369,8369,True
14084,0,0,8370,8370,True
14085,0,0,8371,8371,True
14086,0,0,8372,8372,True
14087,0.000102346217318,0.00033340396476,12711,12677,False
14088,0,0,8373,8373,True
14089,0,0,8374,8374,True
14090,0.000552187382709,0.00176438223571,15935,15743,False
14091,0,0,8375,8375,True
14092,0,0,8376,8376,True
14093,0,0,8377,8377,True
14094,0,0,8378,8378,True
14095,6.41885271762e-05,0.000229190351092,12249,12311,False
14096,0.000521756068338,0.00185401062481,15713,15954,False
14097,0.000122214943985,0.000499137793668,12944,13219,False
14098,0,0,8379,8379,True
14099,0.000433325156337,0.00152760953642,15106,15267,False
14100,0.000591711897869,0.00198339740746,16264,16281,False
14101,4.53624197689e-05,0.00014500519319,12007,11984,False
14102,0,0,8380,8380,True
14103,0,0,8381,8381,True
14104,0,0,8382,8382,True
14105,0.00057592894882,0.00207585794851,16131,16483,False
14106,0,0,8383,8383,True
14107,0.000258703221334,0.000967574073002,14075,14254,False
14108,0.000409729924286,0.00131559092551,14963,14867,False
14109,0,0,8384,8384,True
14110,0,0,8385,8385,True
14111,6.06020257692e-05,0.00020829870482,12200,12230,False
14112,0,0,8386,8386,True
14113,0,0,8387,8387,True
14114,0,0,8388,8388,True
14115,0,0,8389,8389,True
14116,0,0,8390,8390,True
14117,0.000244615221163,0.000784101139288,13974,13896,False
14118,0,0,8391,8391,True
14119,0,0,8392,8392,True
14120,0,0,8393,8393,True
14121,0.000669617962558,0.00226913625374,16823,16850,False
14122,0.000198657886358,0.000702770077623,13658,13727,False
14123,0,0,8394,8394,True
14124,0,0,8395,8395,True
14125,4.27996383223e-05,0.000147821672726,11976,12001,False
14126,0.000756319786888,0.0026138832327,17317,17430,False
14127,0,0,8396,8396,True
14128,0.000371975940652,0.00129905180074,14723,14831,False
14129,0,0,8397,8397,True
14130,0.000325684261043,0.00115404487588,14451,14573,False
14131,0,0,8398,8398,True
14132,0,0,8399,8399,True
14133,0,0,8400,8400,True
14134,0,0,8401,8401,True
14135,0,0,8402,8402,True
14136,0,0,8403,8403,True
14137,0,0,8404,8404,True
14138,0.000101890036603,0.000353206414729,12707,12736,False
14139,0,0,8405,8405,True
14140,0,0,8406,8406,True
14141,0.000764183001593,0.00255221128464,17359,17344,False
14142,0,0,8407,8407,True
14143,0.000123531615827,0.00039303896483,12959,12892,False
14144,0.00100479740649,0.00348318810575,18261,18348,False
14145,0,0,8408,8408,True
14146,0,0,8409,8409,True
14147,0,0,8410,8410,True
14148,0,0,8411,8411,True
14149,0,0,8412,8412,True
14150,0.000206144221011,0.00073790474562,13716,13791,False
14151,0.000183108641068,0.000628166482784,13547,13566,False
14152,0.000492664345074,0.00187455699779,15499,16003,False
14153,0,0,8413,8413,True
14154,0,0,8414,8414,True
14155,0,0,8415,8415,True
14156,0.000380226003472,0.00126709695905,14780,14770,False
14157,0.000842660141643,0.00294183427468,17715,17841,False
14158,0,0,8416,8416,True
14159,0,0,8417,8417,True
14160,0,0,8418,8418,True
14161,0.00211792462505,0.00713088223711,19687,19687,False
14162,0,0,8419,8419,True
14163,0.000664171297103,0.00222945399582,16797,16779,False
14164,0,0,8420,8420,True
14165,0,0,8421,8421,True
14166,0,0,8422,8422,True
14167,0,0,8423,8423,True
14168,0.000950669462327,0.00298943324015,18106,17894,False
14169,0,0,8424,8424,True
14170,0,0,8425,8425,True
14171,0,0,8426,8426,True
14172,0,0,8427,8427,True
14173,0,0,8428,8428,True
14174,0,0,8429,8429,True
14175,0,0,8430,8430,True
14176,0,0,8431,8431,True
14177,0,0,8432,8432,True
14178,0,0,8433,8433,True
14179,0,0,8434,8434,True
14180,0.00052938691806,0.00177089730278,15774,15765,False
14181,0,0,8435,8435,True
14182,0,0,8436,8436,True
14183,0,0,8437,8437,True
14184,0,0,8438,8438,True
14185,0,0,8439,8439,True
14186,0,0,8440,8440,True
14187,0.000363881583326,0.00116519373842,14672,14595,False
14188,0,0,8441,8441,True
14189,0,0,8442,8442,True
14190,0,0,8443,8443,True
14191,0,0,8444,8444,True
14192,0,0,8445,8445,True
14193,0,0,8446,8446,True
14194,0.0013149100123,0.00468022050336,18901,19006,False
14195,6.29479982308e-05,0.000224631003221,12230,12289,False
14196,0.00088093202794,0.00293565238826,17860,17833,False
14197,0,0,8447,8447,True
14198,0.000728920043912,0.00249801017344,17160,17254,False
14199,0,0,8448,8448,True
14200,0,0,8449,8449,True
14201,0.00134773959871,0.00451093865559,18947,18923,False
14202,0,0,8450,8450,True
14203,0,0,8451,8451,True
14204,0,0,8452,8452,True
14205,0,0,8453,8453,True
14206,0.000253273174167,0.000856740167364,14040,14050,False
14207,0,0,8454,8454,True
14208,0,0,8455,8455,True
14209,0,0,8456,8456,True
14210,0.000415672780946,0.00143389601726,14997,15093,False
14211,0.000272669043625,0.000909611000679,14160,14149,False
14212,0,0,8457,8457,True
14213,0.000577186467126,0.00194026879035,16145,16174,False
14214,0.000431631400716,0.00141007138882,15094,15044,False
14215,8.68587958394e-05,0.000296354206512,12529,12564,False
14216,0,0,8458,8458,True
14217,0.000536700943485,0.00181798706762,15827,15883,False
14218,0,0,8459,8459,True
14219,0,0,8460,8460,True
14220,0,0,8461,8461,True
14221,0.00099507055711,0.00334363267757,18241,18243,False
14222,0,0,8462,8462,True
14223,0,0,8463,8463,True
14224,0.000117574672913,0.000380105455406,12888,12848,False
14225,0,0,8464,8464,True
14226,0.000180119270226,0.00057550240308,13515,13435,False
14227,0.000541136832908,0.00185302796308,15853,15951,False
14228,0,0,8465,8465,True
14229,0,0,8466,8466,True
14230,0,0,8467,8467,True
14231,7.1897295129e-05,0.000209102436202,12344,12234,False
14232,0.000134693633299,0.000466728874017,13076,13124,False
14233,0,0,8468,8468,True
14234,0.000115953545901,0.000387536652852,12873,12876,False
14235,0,0,8469,8469,True
14236,0,0,8470,8470,True
14237,0,0,8471,8471,True
14238,0.000533184444066,0.00179769285023,15800,15833,False
14239,0,0,8472,8472,True
14240,0.000757800764404,0.00251847528853,17327,17291,False
14241,0.000834003381897,0.00281002256088,17683,17675,False
14242,0,0,8473,8473,True
14243,0,0,8474,8474,True
14244,0,0,8475,8475,True
14245,0.0013011447154,0.00502872886136,18868,19148,False
14246,0.00048394195619,0.00173392205033,15435,15672,False
14247,0,0,8476,8476,True
14248,0,0,8477,8477,True
14249,0,0,8478,8478,True
14250,0,0,8479,8479,True
14251,0,0,8480,8480,True
14252,0.000433742097812,0.00136033236049,15109,14935,False
14253,0.00165822205599,0.00572909740731,19322,19357,False
14254,0.00105848954991,0.00366969313473,18402,18485,False
14255,0,0,8481,8481,True
14256,0,0,8482,8482,True
14257,0,0,8483,8483,True
14258,0.000888701237272,0.00305189448409,17899,17962,False
14259,0.000311590294586,0.000818570784759,14371,13973,False
14260,0,0,8484,8484,True
14261,0,0,8485,8485,True
14262,0,0,8486,8486,True
14263,0.000133360445034,0.000455672794487,13057,13082,False
14264,9.38065204537e-05,0.000289261894068,12613,12540,False
14265,0,0,8487,8487,True
14266,0.000921362778172,0.00306397420354,18005,17984,False
14267,0,0,8488,8488,True
14268,0,0,8489,8489,True
14269,0,0,8490,8490,True
14270,0,0,8491,8491,True
14271,0,0,8492,8492,True
14272,4.92383878736e-05,0.000174638640601,12053,12103,False
14273,7.65988734202e-05,0.000260849454207,12393,12433,False
14274,0,0,8493,8493,True
14275,0,0,8494,8494,True
14276,0.000376418785891,0.00127071735915,14755,14783,False
14277,0.00108202523552,0.00354341347702,18454,18394,False
14278,0.000224212868488,0.000738301081583,13836,13792,False
14279,0,0,8495,8495,True
14280,0,0,8496,8496,True
14281,0,0,8497,8497,True
14282,0.000809286430012,0.00275946850888,17559,17614,False
14283,0,0,8498,8498,True
14284,0,0,8499,8499,True
14285,0,0,8500,8500,True
14286,0,0,8501,8501,True
14287,0,0,8502,8502,True
14288,0.000742664909922,0.00259080575779,17244,17397,False
14289,0,0,8503,8503,True
14290,0.00151256448589,0.00520179606974,19185,19214,False
14291,0,0,8504,8504,True
14292,0,0,8505,8505,True
14293,0,0,8506,8506,True
14294,0,0,8507,8507,True
14295,0.000508767610881,0.00177904218435,15617,15786,False
14296,0,0,8508,8508,True
14297,0,0,8509,8509,True
14298,0,0,8510,8510,True
14299,0,0,8511,8511,True
14300,0.00016193317424,0.000478345929878,13347,13155,False
14301,0,0,8512,8512,True
14302,0.000252191181062,0.000793375133071,14032,13910,False
14303,0,0,8513,8513,True
14304,0,0,8514,8514,True
14305,0,0,8515,8515,True
14306,0,0,8516,8516,True
14307,0.000445694749942,0.00154967315029,15195,15315,False
14308,0,0,8517,8517,True
14309,0,0,8518,8518,True
14310,0,0,8519,8519,True
14311,0,0,8520,8520,True
14312,0.000150659878273,0.000511527934577,13242,13241,False
14313,0,0,8521,8521,True
14314,0,0,8522,8522,True
14315,0,0,8523,8523,True
14316,3.74423761969e-05,0.000145187485032,11916,11986,False
14317,0,0,8524,8524,True
14318,0,0,8525,8525,True
14319,0,0,8526,8526,True
14320,0,0,8527,8527,True
14321,0,0,8528,8528,True
14322,0.000309375376673,0.00103964854497,14356,14374,False
14323,0,0,8529,8529,True
14324,0.000892192649189,0.00289366790093,17908,17788,False
14325,0,0,8530,8530,True
14326,0,0,8531,8531,True
14327,6.648398994e-05,0.000184315213119,12280,12144,False
14328,0.000427789549576,0.00148061069194,15078,15185,False
14329,0,0,8532,8532,True
14330,0,0,8533,8533,True
14331,0.000377662276151,0.00112240412273,14762,14513,False
14332,0,0,8534,8534,True
14333,0,0,8535,8535,True
14334,0,0,8536,8536,True
14335,0,0,8537,8537,True
14336,0,0,8538,8538,True
14337,0,0,8539,8539,True
14338,0.000430925778346,0.00131629989482,15087,14868,False
14339,0,0,8540,8540,True
14340,0,0,8541,8541,True
14341,0,0,8542,8542,True
14342,0.000398034811951,0.00143530755304,14900,15095,False
14343,0.00055272487225,0.00183248834219,15939,15909,False
14344,0,0,8543,8543,True
14345,0,0,8544,8544,True
14346,0,0,8545,8545,True
14347,0,0,8546,8546,True
14348,0.000101695834019,0.000349543668563,12704,12724,False
14349,0,0,8547,8547,True
14350,0,0,8548,8548,True
14351,0,0,8549,8549,True
14352,0,0,8550,8550,True
14353,0,0,8551,8551,True
14354,0.00114776671398,0.00385464471765,18600,18601,False
14355,0.00370024028234,0.0127080706879,19889,19891,False
14356,0,0,8552,8552,True
14357,0,0,8553,8553,True
14358,0,0,8554,8554,True
14359,0.000930102542043,0.00317152682692,18033,18092,False
14360,0,0,8555,8555,True
14361,8.95809644135e-05,0.000295700272545,12571,12563,False
14362,0,0,8556,8556,True
14363,0,0,8557,8557,True
14364,0,0,8558,8558,True
14365,0,0,8559,8559,True
14366,0,0,8560,8560,True
14367,0,0,8561,8561,True
14368,0,0,8562,8562,True
14369,0,0,8563,8563,True
14370,9.04896514839e-05,0.000347561755916,12583,12719,False
14371,0,0,8564,8564,True
14372,0,0,8565,8565,True
14373,0,0,8566,8566,True
14374,0.000461315299617,0.00148527603596,15284,15197,False
14375,0.000746755278669,0.00247714808211,17266,17209,False
14376,0,0,8567,8567,True
14377,0,0,8568,8568,True
14378,0,0,8569,8569,True
14379,0.000990402186289,0.00345819885843,18228,18332,False
14380,0.000744136865251,0.00256095547229,17249,17356,False
14381,0,0,8570,8570,True
14382,0.000888596812729,0.00297440867871,17898,17875,False
14383,0,0,8571,8571,True
14384,0,0,8572,8572,True
14385,0.00041584574501,0.00141083297785,14998,15046,False
14386,0.000134525558678,0.000448236940429,13073,13060,False
14387,0,0,8573,8573,True
14388,5.03670016769e-05,0.000158649068908,12067,12042,False
14389,0,0,8574,8574,True
14390,0,0,8575,8575,True
14391,0,0,8576,8576,True
14392,0,0,8577,8577,True
14393,3.00546453218e-05,0.00013067558757,11845,11929,False
14394,0.00152566516772,0.00516150239855,19204,19202,False
14395,0,0,8578,8578,True
14396,0,0,8579,8579,True
14397,0,0,8580,8580,True
14398,0,0,8581,8581,True
14399,0,0,8582,8582,True
14400,0.000876377045643,0.00295737595297,17842,17858,False
14401,0,0,8583,8583,True
14402,0,0,8584,8584,True
14403,5.62466702831e-05,0.000200266964384,12142,12202,False
14404,0.000157312984811,0.000566550181247,13309,13412,False
14405,0,0,8585,8585,True
14406,0,0,8586,8586,True
14407,0,0,8587,8587,True
14408,0.000142165124998,0.000456882582512,13157,13087,False
14409,0.000669766624924,0.00233925506473,16824,16978,False
14410,0.000494254636578,0.00171908130869,15510,15645,False
14411,0.000170108483871,0.000615564640611,13424,13538,False
14412,0.0011606242042,0.00389540963806,18621,18621,False
14413,0,0,8588,8588,True
14414,0,0,8589,8589,True
14415,0,0,8590,8590,True
14416,0.000729259219952,0.0024124328047,17162,17105,False
14417,0,0,8591,8591,True
14418,0,0,8592,8592,True
14419,0.000110830194899,0.000416444439907,12805,12966,False
14420,0.000195274347789,0.000619583122898,13625,13545,False
14421,0,0,8593,8593,True
14422,0.000582125096116,0.00198335503228,16189,16280,False
14423,0,0,8594,8594,True
14424,0,0,8595,8595,True
14425,0,0,8596,8596,True
14426,0,0,8597,8597,True
14427,9.47509834077e-05,0.00032380328048,12620,12654,False
14428,0,0,8598,8598,True
14429,0.000408218154917,0.00133774499409,14952,14894,False
14430,0,0,8599,8599,True
14431,0,0,8600,8600,True
14432,0.000952286121901,0.00312462984584,18112,18043,False
14433,0,0,8601,8601,True
14434,0,0,8602,8602,True
14435,0,0,8603,8603,True
14436,0,0,8604,8604,True
14437,0,0,8605,8605,True
14438,0,0,8606,8606,True
14439,0.000155804824317,0.000582367065363,13290,13463,False
14440,0,0,8607,8607,True
14441,0.000833489059005,0.00279246736318,17682,17650,False
14442,0,0,8608,8608,True
14443,0,0,8609,8609,True
14444,0.000309644266963,0.00100939883851,14358,14328,False
14445,0.000865693611559,0.00280099734664,17804,17665,False
14446,0,0,8610,8610,True
14447,0,0,8611,8611,True
14448,7.4393574323e-05,0.000249325094046,12368,12383,False
14449,0,0,8612,8612,True
14450,0.000480599032016,0.00160555890761,15408,15421,False
14451,0,0,8613,8613,True
14452,0,0,8614,8614,True
14453,0,0,8615,8615,True
14454,0,0,8616,8616,True
14455,0,0,8617,8617,True
14456,0,0,8618,8618,True
14457,0,0,8619,8619,True
14458,0.000555709353648,0.00180246389937,15963,15849,False
14459,0,0,8620,8620,True
14460,0,0,8621,8621,True
14461,0,0,8622,8622,True
14462,0,0,8623,8623,True
14463,0.00103003147524,0.00354511500336,18334,18401,False
14464,0,0,8624,8624,True
14465,0.000161314863362,0.000530889432412,13340,13295,False
14466,0,0,8625,8625,True
14467,0,0,8626,8626,True
14468,0,0,8627,8627,True
14469,0,0,8628,8628,True
14470,0,0,8629,8629,True
14471,0.000367431377526,0.00124371820129,14690,14721,False
14472,0,0,8630,8630,True
14473,0,0,8631,8631,True
14474,0,0,8632,8632,True
14475,3.66532076441e-05,0.000122033830849,11906,11902,False
14476,0,0,8633,8633,True
14477,0,0,8634,8634,True
14478,0,0,8635,8635,True
14479,0,0,8636,8636,True
14480,0,0,8637,8637,True
14481,0.000257249252172,0.00092183065135,14067,14174,False
14482,0,0,8638,8638,True
14483,0,0,8639,8639,True
14484,0.000590119161643,0.00193462625612,16255,16157,False
14485,0.000566904549487,0.00178741849959,16052,15809,False
14486,0,0,8640,8640,True
14487,0,0,8641,8641,True
14488,8.14238592284e-05,0.000253487378359,12467,12407,False
14489,0,0,8642,8642,True
14490,0.000550175609533,0.0018427564064,15921,15931,False
14491,0,0,8643,8643,True
14492,0,0,8644,8644,True
14493,2.87335624307e-05,9.80307304417e-05,11833,11837,False
14494,0.0012298632646,0.00415422953665,18749,18753,False
14495,0,0,8645,8645,True
14496,0,0,8646,8646,True
14497,0,0,8647,8647,True
14498,0,0,8648,8648,True
14499,0,0,8649,8649,True
14500,0,0,8650,8650,True
14501,0,0,8651,8651,True
14502,0,0,8652,8652,True
14503,0.000156541180331,0.000559955718927,13297,13386,False
14504,0.0016011580592,0.00534900929779,19274,19263,False
14505,0,0,8653,8653,True
14506,0,0,8654,8654,True
14507,0,0,8655,8655,True
14508,0,0,8656,8656,True
14509,0,0,8657,8657,True
14510,0,0,8658,8658,True
14511,0.000457878195448,0.00149268354289,15269,15208,False
14512,0.00104223249946,0.00352217303589,18360,18378,False
14513,0,0,8659,8659,True
14514,1.74985379999e-05,5.83783912589e-05,11792,11791,False
14515,0,0,8660,8660,True
14516,0.000272838835372,0.000926724052988,14163,14180,False
14517,0,0,8661,8661,True
14518,0.000948417990003,0.00320481322706,18096,18119,False
14519,0.00214548897929,0.00699268840253,19698,19657,False
14520,0.00049202889204,0.00147157197352,15497,15170,False
14521,0.00029536706279,0.000982188503258,14290,14279,False
14522,0,0,8662,8662,True
14523,0,0,8663,8663,True
14524,0,0,8664,8664,True
14525,0,0,8665,8665,True
14526,2.98777667922e-05,8.17732361611e-05,11843,11811,False
14527,0.000184274511412,0.000598503102083,13552,13496,False
14528,0.000270762335276,0.000930158537813,14148,14190,False
14529,0.000129704727442,0.000398484873585,13018,12907,False
14530,0,0,8666,8666,True
14531,0,0,8667,8667,True
14532,0.000211093953112,0.000758787384257,13751,13839,False
14533,0.000354188319761,0.00117573339958,14628,14617,False
14534,0,0,8668,8668,True
14535,0,0,8669,8669,True
14536,0,0,8670,8670,True
14537,0,0,8671,8671,True
14538,0,0,8672,8672,True
14539,3.99477503379e-05,0.000132761808345,11950,11934,False
14540,0,0,8673,8673,True
14541,0.000925031548832,0.00299926265143,18018,17902,False
14542,0,0,8674,8674,True
14543,0.000168108774233,0.000604675151408,13402,13511,False
14544,0,0,8675,8675,True
14545,0,0,8676,8676,True
14546,0,0,8677,8677,True
14547,0,0,8678,8678,True
14548,0,0,8679,8679,True
14549,0.000448241597041,0.00164914445486,15215,15496,False
14550,0,0,8680,8680,True
14551,0,0,8681,8681,True
14552,0.000880793435499,0.00295088253915,17859,17851,False
14553,0,0,8682,8682,True
14554,0,0,8683,8683,True
14555,0,0,8684,8684,True
14556,0,0,8685,8685,True
14557,0,0,8686,8686,True
14558,0,0,8687,8687,True
14559,0,0,8688,8688,True
14560,0,0,8689,8689,True
14561,0,0,8690,8690,True
14562,0,0,8691,8691,True
14563,0,0,8692,8692,True
14564,0.000350845803041,0.0011609637877,14607,14586,False
14565,0.000164567260072,0.000574453442823,13377,13432,False
14566,0.000717018090654,0.00252195214853,17086,17300,False
14567,0,0,8693,8693,True
14568,0,0,8694,8694,True
14569,0,0,8695,8695,True
14570,0.000782863295171,0.00263367965817,17447,17455,False
14571,9.51908587012e-05,0.000355106807547,12626,12743,False
14572,0,0,8696,8696,True
14573,0,0,8697,8697,True
14574,0,0,8698,8698,True
14575,0.000351044262061,0.00113867979962,14611,14545,False
14576,5.31054574822e-05,0.000200836395379,12103,12207,False
14577,0.000546795781702,0.00179832789581,15892,15835,False
14578,0,0,8699,8699,True
14579,0.000835255079437,0.00277711544186,17689,17636,False
14580,0,0,8700,8700,True
14581,0.00200770725496,0.0063758213073,19619,19545,False
14582,0,0,8701,8701,True
14583,0,0,8702,8702,True
14584,0,0,8703,8703,True
14585,0,0,8704,8704,True
14586,0,0,8705,8705,True
14587,6.62607271806e-05,0.000261536391918,12277,12435,False
14588,0,0,8706,8706,True
14589,0,0,8707,8707,True
14590,0.000250208307989,0.000853578734677,14018,14038,False
14591,0.000202808063477,0.000723357894458,13691,13769,False
14592,0,0,8708,8708,True
14593,0,0,8709,8709,True
14594,0,0,8710,8710,True
14595,0,0,8711,8711,True
14596,0,0,8712,8712,True
14597,0,0,8713,8713,True
14598,4.12121335103e-05,0.000131120017613,11964,11931,False
14599,0,0,8714,8714,True
14600,0,0,8715,8715,True
14601,0,0,8716,8716,True
14602,0.00034434592817,0.0010738959536,14575,14424,False
14603,0,0,8717,8717,True
14604,0,0,8718,8718,True
14605,0.000332239840645,0.00108068203554,14491,14437,False
14606,0,0,8719,8719,True
14607,0,0,8720,8720,True
14608,0.000387098814826,0.00128328893334,14825,14801,False
14609,0.000124189857161,0.000361094542313,12967,12767,False
14610,0,0,8721,8721,True
14611,0.000813080638181,0.00270395725965,17575,17550,False
14612,0.00131131731905,0.00453034043312,18889,18935,False
14613,0,0,8722,8722,True
14614,6.33021409158e-05,0.000240165856667,12235,12352,False
14615,0,0,8723,8723,True
14616,0,0,8724,8724,True
14617,0,0,8725,8725,True
14618,0,0,8726,8726,True
14619,0,0,8727,8727,True
14620,0.000177153546247,0.000590102514252,13491,13480,False
14621,0.00103450007737,0.00345010939054,18342,18326,False
14622,0,0,8728,8728,True
14623,0,0,8729,8729,True
14624,0,0,8730,8730,True
14625,0.000336381752277,0.00103307620157,14524,14367,False
14626,0,0,8731,8731,True
14627,0,0,8732,8732,True
14628,0.000191554863704,0.000647308130283,13602,13613,False
14629,0,0,8733,8733,True
14630,0,0,8734,8734,True
14631,0,0,8735,8735,True
14632,0,0,8736,8736,True
14633,0,0,8737,8737,True
14634,0.000564707792364,0.00190547970124,16036,16079,False
14635,0,0,8738,8738,True
14636,0,0,8739,8739,True
14637,0,0,8740,8740,True
14638,0.000112259331218,0.000417633127654,12823,12972,False
14639,0,0,8741,8741,True
14640,0,0,8742,8742,True
14641,0,0,8743,8743,True
14642,0,0,8744,8744,True
14643,0.000157201269758,0.00058917561546,13307,13476,False
14644,0.000813542923424,0.00271994178183,17580,17574,False
14645,0,0,8745,8745,True
14646,0.000318015634548,0.00101759622339,14405,14337,False
14647,0,0,8746,8746,True
14648,0,0,8747,8747,True
14649,0.000263121473836,0.000855185673572,14104,14042,False
14650,0,0,8748,8748,True
14651,0,0,8749,8749,True
14652,0.000243272515945,0.000852350960486,13966,14034,False
14653,0,0,8750,8750,True
14654,0,0,8751,8751,True
14655,0,0,8752,8752,True
14656,0,0,8753,8753,True
14657,0,0,8754,8754,True
14658,0,0,8755,8755,True
14659,0,0,8756,8756,True
14660,0.000869654642884,0.00298025179654,17817,17882,False
14661,0,0,8757,8757,True
14662,0,0,8758,8758,True
14663,0.00041436086758,0.00134791410528,14987,14906,False
14664,0,0,8759,8759,True
14665,0,0,8760,8760,True
14666,0,0,8761,8761,True
14667,0,0,8762,8762,True
14668,0,0,8763,8763,True
14669,0.0005042697303,0.00166149472352,15582,15524,False
14670,0,0,8764,8764,True
14671,0,0,8765,8765,True
14672,0,0,8766,8766,True
14673,0.000226157120778,0.000834923645016,13847,14000,False
14674,7.89362456999e-05,0.000276083126664,12432,12499,False
14675,0,0,8767,8767,True
14676,0.00072433880996,0.00244330172427,17139,17158,False
14677,0,0,8768,8768,True
14678,0,0,8769,8769,True
14679,0,0,8770,8770,True
14680,0,0,8771,8771,True
14681,0,0,8772,8772,True
14682,0.00108652410563,0.00342008611187,18468,18302,False
14683,0,0,8773,8773,True
14684,0,0,8774,8774,True
14685,0,0,8775,8775,True
14686,0,0,8776,8776,True
14687,0,0,8777,8777,True
14688,0,0,8778,8778,True
14689,0,0,8779,8779,True
14690,0,0,8780,8780,True
14691,0,0,8781,8781,True
14692,0,0,8782,8782,True
14693,0.000162250333233,0.000550466938876,13352,13359,False
14694,0,0,8783,8783,True
14695,0,0,8784,8784,True
14696,0,0,8785,8785,True
14697,0.000348404311808,0.0011181778973,14593,14502,False
14698,0,0,8786,8786,True
14699,0,0,8787,8787,True
14700,0,0,8788,8788,True
14701,0.00101450865623,0.00340933445841,18289,18292,False
14702,0.000110207707621,0.00031647545984,12796,12627,False
14703,0,0,8789,8789,True
14704,0.000415526796132,0.00143022229895,14996,15078,False
14705,0,0,8790,8790,True
14706,0,0,8791,8791,True
14707,0,0,8792,8792,True
14708,0,0,8793,8793,True
14709,0,0,8794,8794,True
14710,0.000722480588593,0.00253202603199,17129,17316,False
14711,0,0,8795,8795,True
14712,0.000900996848941,0.00304476637393,17935,17953,False
14713,0,0,8796,8796,True
14714,0,0,8797,8797,True
14715,0,0,8798,8798,True
14716,0.00159763393458,0.00529155600816,19271,19242,False
14717,0,0,8799,8799,True
14718,0.000665403960738,0.00226054736413,16804,16836,False
14719,8.169857756e-05,0.00030382341356,12469,12581,False
14720,0,0,8800,8800,True
14721,0,0,8801,8801,True
14722,0,0,8802,8802,True
14723,0,0,8803,8803,True
14724,0,0,8804,8804,True
14725,0,0,8805,8805,True
14726,0,0,8806,8806,True
14727,0,0,8807,8807,True
14728,0.00270883529447,0.00926622468978,19828,19835,False
14729,0,0,8808,8808,True
14730,0.00203282246366,0.00688130408525,19634,19640,False
14731,0,0,8809,8809,True
14732,0.000419312273152,0.00131129217334,15027,14855,False
14733,0,0,8810,8810,True
14734,0,0,8811,8811,True
14735,0,0,8812,8812,True
14736,0,0,8813,8813,True
14737,0.000689336389769,0.00230135279708,16934,16910,False
14738,0,0,8814,8814,True
14739,0,0,8815,8815,True
14740,0,0,8816,8816,True
14741,0.000217659719056,0.000845420814585,13792,14015,False
14742,0,0,8817,8817,True
14743,0,0,8818,8818,True
14744,0.000241879009991,0.000776842294727,13958,13881,False
14745,0,0,8819,8819,True
14746,0,0,8820,8820,True
14747,0.000375397677999,0.00135440647136,14749,14923,False
14748,0.000639449979644,0.00226579234004,16618,16845,False
14749,0,0,8821,8821,True
14750,0,0,8822,8822,True
14751,0,0,8823,8823,True
14752,0,0,8824,8824,True
14753,0,0,8825,8825,True
14754,0.000839921238367,0.00275354646146,17706,17605,False
14755,0.00011854951299,0.000430463493103,12906,13009,False
14756,0.000566224334762,0.00195926916786,16044,16227,False
14757,0,0,8826,8826,True
14758,0,0,8827,8827,True
14759,0,0,8828,8828,True
14760,0.000435690046288,0.00148476241156,15125,15195,False
14761,0.000201882387046,0.000733014603611,13686,13782,False
14762,0,0,8829,8829,True
14763,5.23408016306e-05,0.000261905457592,12096,12438,False
14764,9.89939289866e-05,0.000316260935506,12675,12626,False
14765,0,0,8830,8830,True
14766,0,0,8831,8831,True
14767,0.000285633897875,0.000985963270068,14239,14284,False
14768,0,0,8832,8832,True
14769,0,0,8833,8833,True
14770,0,0,8834,8834,True
14771,0,0,8835,8835,True
14772,0,0,8836,8836,True
14773,0,0,8837,8837,True
14774,0,0,8838,8838,True
14775,0.000487241195515,0.00169773958623,15463,15599,False
14776,0,0,8839,8839,True
14777,0.000886496563908,0.00297850370407,17886,17878,False
14778,0,0,8840,8840,True
14779,0.000696589064319,0.00240795197897,16974,17096,False
14780,0,0,8841,8841,True
14781,0,0,8842,8842,True
14782,0,0,8843,8843,True
14783,0.000622934894636,0.00203348998912,16499,16404,False
14784,0,0,8844,8844,True
14785,0,0,8845,8845,True
14786,0,0,8846,8846,True
14787,0.000124204496387,0.000400011689635,12968,12914,False
14788,0.000919539364986,0.00307013839483,17997,17994,False
14789,0,0,8847,8847,True
14790,0,0,8848,8848,True
14791,0,0,8849,8849,True
14792,0.000248566531809,0.000763553136494,14001,13849,False
14793,0,0,8850,8850,True
14794,0.000300629355479,0.00102826254442,14324,14356,False
14795,0,0,8851,8851,True
14796,0.000836657243781,0.00274028489366,17697,17593,False
14797,0,0,8852,8852,True
14798,0,0,8853,8853,True
14799,0,0,8854,8854,True
14800,0,0,8855,8855,True
14801,0,0,8856,8856,True
14802,0,0,8857,8857,True
14803,0.000250531651545,0.000903143314645,14021,14136,False
14804,0,0,8858,8858,True
14805,0,0,8859,8859,True
14806,0.00110594904982,0.00368203502148,18514,18491,False
14807,0,0,8860,8860,True
14808,0,0,8861,8861,True
14809,0.00167893012986,0.00548633001745,19342,19290,False
14810,4.92549916089e-05,0.000153388158651,12054,12022,False
14811,0,0,8862,8862,True
14812,0.00125333713368,0.00423431489617,18797,18803,False
14813,0,0,8863,8863,True
14814,0.000387533771573,0.00130510213785,14829,14843,False
14815,0,0,8864,8864,True
14816,0,0,8865,8865,True
14817,0,0,8866,8866,True
14818,0,0,8867,8867,True
14819,0,0,8868,8868,True
14820,0.000778055924457,0.00266886572354,17421,17507,False
14821,0,0,8869,8869,True
14822,0.000598339946009,0.00199914211407,16321,16312,False
14823,0,0,8870,8870,True
14824,8.17512700451e-05,0.000261584413238,12471,12436,False
14825,0,0,8871,8871,True
14826,0.00018272503803,0.000660900899675,13545,13640,False
14827,0.000513235514518,0.0017093924107,15651,15620,False
14828,0,0,8872,8872,True
14829,0,0,8873,8873,True
14830,0.00126950244885,0.00422950414941,18825,18799,False
14831,0,0,8874,8874,True
14832,0,0,8875,8875,True
14833,0,0,8876,8876,True
14834,0,0,8877,8877,True
14835,0,0,8878,8878,True
14836,0,0,8879,8879,True
14837,0.00017096560623,0.000581287022214,13435,13459,False
14838,0.000645555672236,0.00215381942689,16659,16635,False
14839,0,0,8880,8880,True
14840,0,0,8881,8881,True
14841,0,0,8882,8882,True
14842,0,0,8883,8883,True
14843,0,0,8884,8884,True
14844,0.000805566785857,0.00274441204965,17545,17597,False
14845,0.000896015088074,0.00305548962206,17919,17970,False
14846,0.000334407261107,0.00117200578097,14504,14609,False
14847,0,0,8885,8885,True
14848,0,0,8886,8886,True
14849,0,0,8887,8887,True
14850,0.000269524316536,0.0009249469731,14142,14177,False
14851,0,0,8888,8888,True
14852,0,0,8889,8889,True
14853,0,0,8890,8890,True
14854,0,0,8891,8891,True
14855,0,0,8892,8892,True
14856,0,0,8893,8893,True
14857,0,0,8894,8894,True
14858,0.000288119888864,0.000875340600032,14254,14087,False
14859,0,0,8895,8895,True
14860,0,0,8896,8896,True
14861,0,0,8897,8897,True
14862,0,0,8898,8898,True
14863,0,0,8899,8899,True
14864,0,0,8900,8900,True
14865,0,0,8901,8901,True
14866,0.000861456559505,0.0028579630889,17790,17745,False
14867,0,0,8902,8902,True
14868,0,0,8903,8903,True
14869,0,0,8904,8904,True
14870,0.000205948454095,0.000722065451555,13712,13767,False
14871,4.61420640931e-05,0.000141260243254,12021,11970,False
14872,0,0,8905,8905,True
14873,0.000745683209971,0.00258082873188,17258,17380,False
14874,0,0,8906,8906,True
14875,0,0,8907,8907,True
14876,0,0,8908,8908,True
14877,0,0,8909,8909,True
14878,0.000804768060334,0.00264636520296,17540,17477,False
14879,0,0,8910,8910,True
14880,0.000908803893253,0.00298654288054,17963,17888,False
14881,0,0,8911,8911,True
14882,0.00104798586108,0.00346554350108,18372,18338,False
14883,0,0,8912,8912,True
14884,0.001252248534,0.0041724210605,18794,18769,False
14885,0.001681853435,0.00565025350079,19346,19333,False
14886,0,0,8913,8913,True
14887,0,0,8914,8914,True
14888,0.000130840242491,0.000428752100561,13030,12999,False
14889,0,0,8915,8915,True
14890,0.00113117380533,0.00386940711178,18567,18607,False
14891,0,0,8916,8916,True
14892,0,0,8917,8917,True
14893,0.000202709721634,0.000693337526172,13690,13703,False
14894,9.93283101707e-05,0.000322089123074,12680,12645,False
14895,0.000340224127285,0.00114638637751,14550,14560,False
14896,0.00101028732024,0.00314259203151,18273,18067,False
14897,0.000390966946725,0.00131227099337,14864,14858,False
14898,0,0,8918,8918,True
14899,0.000534896040335,0.00181827810593,15814,15885,False
14900,0.00200284365565,0.00684850849211,19611,19635,False
14901,0,0,8919,8919,True
14902,0.00130504788831,0.00417199498042,18874,18768,False
14903,0,0,8920,8920,True
14904,0,0,8921,8921,True
14905,0,0,8922,8922,True
14906,0,0,8923,8923,True
14907,0,0,8924,8924,True
14908,9.69136381173e-05,0.000341151171597,12650,12702,False
14909,0.00154278706759,0.00512355938554,19218,19190,False
14910,0.000382256461307,0.00136668630876,14797,14953,False
14911,0.000136950009619,0.000447859871201,13109,13059,False
14912,0.000109751104901,0.000374479073798,12790,12823,False
14913,0.00111185922287,0.00375169119798,18527,18540,False
14914,0,0,8925,8925,True
14915,0.00020854442846,0.000702339923009,13730,13725,False
14916,0,0,8926,8926,True
14917,0,0,8927,8927,True
14918,0,0,8928,8928,True
14919,0,0,8929,8929,True
14920,0.000527085619979,0.00168921065051,15756,15581,False
14921,0,0,8930,8930,True
14922,0,0,8931,8931,True
14923,0.000667723827064,0.00232063815929,16816,16945,False
14924,0,0,8932,8932,True
14925,0,0,8933,8933,True
14926,0.000638786354102,0.00229543028399,16614,16894,False
14927,0.00132145849057,0.00428749481216,18909,18830,False
14928,0.000659197103232,0.00229849130847,16759,16904,False
14929,0,0,8934,8934,True
14930,0,0,8935,8935,True
14931,0,0,8936,8936,True
14932,0.000127401668578,0.00038561274414,12999,12870,False
14933,0.000513553270139,0.00176472996827,15653,15745,False
14934,0,0,8937,8937,True
14935,0.000675236748066,0.00221228017472,16853,16755,False
14936,0.000268578500254,0.000814500788692,14133,13960,False
14937,0.000447475147666,0.00147718703374,15208,15177,False
14938,0,0,8938,8938,True
14939,0.00110902183224,0.00376363098621,18519,18548,False
14940,0,0,8939,8939,True
14941,6.08070731687e-05,0.000199737405637,12204,12201,False
14942,0,0,8940,8940,True
14943,0,0,8941,8941,True
14944,0,0,8942,8942,True
14945,0,0,8943,8943,True
14946,0,0,8944,8944,True
14947,0,0,8945,8945,True
14948,0,0,8946,8946,True
14949,0.000562478147913,0.00186913181096,16023,15984,False
14950,0,0,8947,8947,True
14951,0,0,8948,8948,True
14952,0,0,8949,8949,True
14953,0,0,8950,8950,True
14954,0,0,8951,8951,True
14955,0.00103730789851,0.00345045770518,18347,18328,False
14956,0.00114120694343,0.00376441399567,18582,18549,False
14957,0.00132773385849,0.00430745305493,18919,18838,False
14958,0,0,8952,8952,True
14959,0.000205660704523,0.00066260289168,13707,13641,False
14960,0.002530509606,0.00831241905689,19801,19790,False
14961,0,0,8953,8953,True
14962,0,0,8954,8954,True
14963,0,0,8955,8955,True
14964,0.00200659036636,0.00679885642603,19616,19624,False
14965,6.49485518807e-05,0.000229359808145,12258,12313,False
14966,0,0,8956,8956,True
14967,0,0,8957,8957,True
14968,0.00109439645894,0.00379026355222,18486,18567,False
14969,0,0,8958,8958,True
14970,0.000623976753559,0.00204299692996,16506,16420,False
14971,0,0,8959,8959,True
14972,0,0,8960,8960,True
14973,0,0,8961,8961,True
14974,0.000431756052421,0.00148229731712,15095,15188,False
14975,0,0,8962,8962,True
14976,0,0,8963,8963,True
14977,0,0,8964,8964,True
14978,0.000735848676413,0.0024754574988,17206,17205,False
14979,0.00164137186948,0.00556395994499,19306,19312,False
14980,0,0,8965,8965,True
14981,0.000906045315787,0.00297531695105,17954,17876,False
14982,0.000146463658893,0.000487981858896,13198,13187,False
14983,0.00138742406853,0.00453431904316,19012,18938,False
14984,0,0,8966,8966,True
14985,0,0,8967,8967,True
14986,0.00121121329721,0.00416991254315,18716,18765,False
14987,0,0,8968,8968,True
14988,0,0,8969,8969,True
14989,0.00105753098615,0.00348271988332,18398,18347,False
14990,0.00117190880701,0.00369479507208,18643,18502,False
14991,0,0,8970,8970,True
14992,0.00171943812165,0.00597723061219,19378,19442,False
14993,3.20634353557e-05,0.000112574307423,11863,11868,False
14994,0,0,8971,8971,True
14995,0,0,8972,8972,True
14996,0.000440659321612,0.0014549868647,15154,15131,False
14997,0,0,8973,8973,True
14998,0,0,8974,8974,True
14999,0.000686398299877,0.00232110987417,16915,16947,False
15000,0,0,8975,8975,True
15001,0,0,8976,8976,True
15002,0.00066044239793,0.00221547740512,16765,16760,False
15003,0,0,8977,8977,True
15004,0,0,8978,8978,True
15005,0.000135659051011,0.000484237418277,13087,13179,False
15006,0,0,8979,8979,True
15007,0.00096470688004,0.00340282311663,18150,18288,False
15008,0.000288933864795,0.000996803748421,14259,14300,False
15009,0.000118133233627,0.000407957821153,12900,12936,False
15010,0.00102098798379,0.00348625681363,18306,18349,False
15011,0,0,8980,8980,True
15012,0.000542789988685,0.00169588264544,15865,15595,False
15013,0,0,8981,8981,True
15014,0.000108934640593,0.000389484572224,12777,12882,False
15015,0,0,8982,8982,True
15016,0.000519905239344,0.00174686568789,15700,15704,False
15017,0.00277610030025,0.00947751104832,19838,19838,False
15018,0,0,8983,8983,True
15019,0.000128996602143,0.000436313654063,13011,13026,False
15020,0,0,8984,8984,True
15021,0.000712021137588,0.00233270972967,17057,16963,False
15022,0.000598734011874,0.00201914669015,16329,16362,False
15023,0.00111288879998,0.00360033125617,18529,18433,False
15024,0,0,8985,8985,True
15025,0,0,8986,8986,True
15026,0,0,8987,8987,True
15027,0,0,8988,8988,True
15028,0.00114792736713,0.00381726678461,18602,18577,False
15029,0,0,8989,8989,True
15030,0.000564462854527,0.00192202837206,16033,16121,False
15031,9.41382022575e-05,0.000311222916935,12617,12610,False
15032,0,0,8990,8990,True
15033,0.00101208419073,0.00334694492631,18278,18249,False
15034,0.000180886912858,0.000597380392719,13524,13494,False
15035,0.000549657561351,0.00206964160316,15912,16469,False
15036,0,0,8991,8991,True
15037,0.000569390016608,0.00201890990138,16073,16361,False
15038,0.000379738397896,0.00123729615007,14776,14709,False
15039,0.000886325840838,0.00271602836438,17884,17569,False
15040,0,0,8992,8992,True
15041,0.000504469382577,0.00168494379614,15584,15566,False
15042,7.89057594375e-05,0.000290421856334,12430,12544,False
15043,0,0,8993,8993,True
15044,0,0,8994,8994,True
15045,0.00105739117134,0.00363294617273,18397,18456,False
15046,0,0,8995,8995,True
15047,0.00170824350789,0.00576704647392,19369,19365,False
15048,0.000260214379523,0.000855347607285,14082,14043,False
15049,0,0,8996,8996,True
15050,0,0,8997,8997,True
15051,5.05828829773e-05,0.000171187246451,12069,12088,False
15052,0,0,8998,8998,True
15053,0,0,8999,8999,True
15054,0,0,9000,9000,True
15055,0,0,9001,9001,True
15056,4.87775978399e-05,0.000183441021363,12047,12141,False
15057,0,0,9002,9002,True
15058,0,0,9003,9003,True
15059,0.000702887482475,0.00240381341428,17010,17088,False
15060,0.000272819102975,0.000875314872246,14162,14086,False
15061,0.000204012962058,0.00065964856185,13697,13635,False
15062,0,0,9004,9004,True
15063,0,0,9005,9005,True
15064,0,0,9006,9006,True
15065,0,0,9007,9007,True
15066,0,0,9008,9008,True
15067,0,0,9009,9009,True
15068,0.00097836041823,0.00340255489573,18196,18287,False
15069,0,0,9010,9010,True
15070,8.22961737867e-05,0.000251188117545,12477,12395,False
15071,0,0,9011,9011,True
15072,0,0,9012,9012,True
15073,0.000220633475692,0.000819783308543,13813,13975,False
15074,0,0,9013,9013,True
15075,0,0,9014,9014,True
15076,0.00353421620093,0.0118694715202,19886,19886,False
15077,0,0,9015,9015,True
15078,0,0,9016,9016,True
15079,0,0,9017,9017,True
15080,0,0,9018,9018,True
15081,0,0,9019,9019,True
15082,0.000249759177677,0.000815845793113,14012,13965,False
15083,0.000431611988461,0.00152802851517,15093,15269,False
15084,0,0,9020,9020,True
15085,0,0,9021,9021,True
15086,0.000139454437885,0.00044436234748,13132,13053,False
15087,0.000178655362106,0.000528309843503,13505,13282,False
15088,0,0,9022,9022,True
15089,0,0,9023,9023,True
15090,0,0,9024,9024,True
15091,0.000632251554634,0.00216934550554,16568,16666,False
15092,0.00013687228784,0.000577673083171,13107,13443,False
15093,0.00037554037408,0.00119411060587,14750,14646,False
15094,0,0,9025,9025,True
15095,0.0021836750675,0.00734331458807,19717,19714,False
15096,0.000287184433546,0.000993091147393,14245,14293,False
15097,0.000926115957554,0.00318742636591,18021,18104,False
15098,0,0,9026,9026,True
15099,0,0,9027,9027,True
15100,0.000677765172441,0.00219782185741,16873,16722,False
15101,0.000371355039533,0.00121193565428,14716,14672,False
15102,0,0,9028,9028,True
15103,0.000801155460067,0.00272540561855,17531,17580,False
15104,0,0,9029,9029,True
15105,8.80847073859e-05,0.000300654297462,12551,12573,False
15106,0.000724960525986,0.0024663109798,17142,17195,False
15107,0.000325116998283,0.00110681483056,14443,14485,False
15108,0.000335697201081,0.00114437239245,14518,14554,False
15109,0,0,9030,9030,True
15110,0,0,9031,9031,True
15111,0,0,9032,9032,True
15112,0,0,9033,9033,True
15113,0.000608814822044,0.00208668434061,16396,16503,False
15114,0,0,9034,9034,True
15115,0,0,9035,9035,True
15116,0,0,9036,9036,True
15117,0.000355207390385,0.0011764006922,14632,14618,False
15118,0.000517980544828,0.00177036237437,15684,15763,False
15119,0,0,9037,9037,True
15120,0,0,9038,9038,True
15121,0.000486748438561,0.00167809054255,15456,15548,False
15122,0,0,9039,9039,True
15123,0,0,9040,9040,True
15124,0,0,9041,9041,True
15125,0,0,9042,9042,True
15126,0,0,9043,9043,True
15127,0.00227108458057,0.00770281488076,19740,19750,False
15128,0.000149372441228,0.000557891326025,13228,13382,False
15129,0.000146372665768,0.000553813762963,13196,13370,False
15130,0.000232812963077,0.000842809211463,13898,14011,False
15131,0.00112628831994,0.00395324919373,18559,18655,False
15132,0,0,9044,9044,True
15133,0,0,9045,9045,True
15134,0.000113049478387,0.00036848790478,12836,12801,False
15135,0,0,9046,9046,True
15136,0,0,9047,9047,True
15137,0,0,9048,9048,True
15138,0,0,9049,9049,True
15139,0,0,9050,9050,True
15140,0.000164052908076,0.00057862472022,13372,13447,False
15141,0.000348367233528,0.00113707047421,14592,14540,False
15142,0,0,9051,9051,True
15143,0,0,9052,9052,True
15144,4.30067048001e-05,0.000139732554089,11977,11962,False
15145,0.00206836103462,0.0068007176742,19657,19625,False
15146,0,0,9053,9053,True
15147,0,0,9054,9054,True
15148,0,0,9055,9055,True
15149,0,0,9056,9056,True
15150,0.000640315352939,0.00219857483171,16626,16724,False
15151,0,0,9057,9057,True
15152,0.000109823762614,0.000368128617993,12791,12799,False
15153,0.000139040523209,0.000551117758732,13130,13362,False
15154,0,0,9058,9058,True
15155,0,0,9059,9059,True
15156,0,0,9060,9060,True
15157,0,0,9061,9061,True
15158,0,0,9062,9062,True
15159,9.644110105e-05,0.000375650823116,12640,12836,False
15160,0.000154141438543,0.000578921171837,13276,13449,False
15161,0,0,9063,9063,True
15162,0,0,9064,9064,True
15163,0,0,9065,9065,True
15164,0,0,9066,9066,True
15165,6.38915080344e-05,0.000217934109969,12243,12262,False
15166,0,0,9067,9067,True
15167,0,0,9068,9068,True
15168,0.00167002924718,0.00552505208179,19331,19301,False
15169,0,0,9069,9069,True
15170,0.000415258546127,0.00143369252328,14995,15092,False
15171,0,0,9070,9070,True
15172,0,0,9071,9071,True
15173,0,0,9072,9072,True
15174,0.000828088261187,0.00258047808893,17658,17378,False
15175,0.000146545789903,0.000525742070749,13199,13277,False
15176,0.000829488330055,0.00285193882883,17663,17736,False
15177,0.00096485967515,0.0032155085355,18151,18131,False
15178,0,0,9073,9073,True
15179,0,0,9074,9074,True
15180,0.000168655693415,0.00059109274298,13409,13484,False
15181,0,0,9075,9075,True
15182,0,0,9076,9076,True
15183,0,0,9077,9077,True
15184,0,0,9078,9078,True
15185,0,0,9079,9079,True
15186,0,0,9080,9080,True
15187,0,0,9081,9081,True
15188,8.7729182269e-05,0.000264071422862,12544,12448,False
15189,0.000121732911794,0.000443552562501,12939,13048,False
15190,0,0,9082,9082,True
15191,0,0,9083,9083,True
15192,0,0,9084,9084,True
15193,0,0,9085,9085,True
15194,0,0,9086,9086,True
15195,0,0,9087,9087,True
15196,0,0,9088,9088,True
15197,0.00213132682256,0.00700376788154,19691,19661,False
15198,0.000598993967287,0.00193804723676,16331,16169,False
15199,0,0,9089,9089,True
15200,0,0,9090,9090,True
15201,0,0,9091,9091,True
15202,0.000143035591464,0.000565424095839,13163,13407,False
15203,0,0,9092,9092,True
15204,0,0,9093,9093,True
15205,0,0,9094,9094,True
15206,0,0,9095,9095,True
15207,0,0,9096,9096,True
15208,0,0,9097,9097,True
15209,0.000144869438373,0.000490891456138,13180,13193,False
15210,0.000215820167796,0.000694918737281,13780,13706,False
15211,0,0,9098,9098,True
15212,0,0,9099,9099,True
15213,7.84302683314e-05,0.000263568712398,12419,12444,False
15214,0,0,9100,9100,True
15215,0,0,9101,9101,True
15216,0,0,9102,9102,True
15217,0.000847298011649,0.00300483056344,17735,17905,False
15218,0,0,9103,9103,True
15219,0,0,9104,9104,True
15220,0,0,9105,9105,True
15221,0.000369387387764,0.00124387256801,14699,14722,False
15222,0,0,9106,9106,True
15223,0.000141335651278,0.000463806529297,13146,13114,False
15224,8.18267944851e-05,0.000302579777781,12473,12579,False
15225,0.000989142921753,0.00324108009227,18223,18156,False
15226,0.000768773956224,0.00251066265628,17376,17280,False
15227,0,0,9107,9107,True
15228,0.000758575508371,0.00252133631147,17332,17295,False
15229,0.000804030860309,0.00259674456902,17539,17409,False
15230,0,0,9108,9108,True
15231,0,0,9109,9109,True
15232,0.00059359613806,0.00195988826454,16279,16229,False
15233,0,0,9110,9110,True
15234,0.000192582505406,0.0006269813166,13610,13562,False
15235,0,0,9111,9111,True
15236,0.000559776090086,0.00195503793657,15994,16216,False
15237,0,0,9112,9112,True
15238,0,0,9113,9113,True
15239,0.000495599815622,0.00166486692615,15522,15530,False
15240,0.000556754937861,0.00188531458843,15975,16022,False
15241,0,0,9114,9114,True
15242,0,0,9115,9115,True
15243,0,0,9116,9116,True
15244,0.000209698468097,0.000712310953531,13741,13741,False
15245,0.000594903365709,0.00198173127137,16294,16275,False
15246,0.000238690947299,0.000796263338998,13933,13917,False
15247,0,0,9117,9117,True
15248,0.000618991849478,0.00201915833168,16466,16363,False
15249,0,0,9118,9118,True
15250,0.000926917826291,0.00297331693582,18023,17873,False
15251,0,0,9119,9119,True
15252,0.000706038146745,0.00234886002727,17024,16996,False
15253,0.000204551732168,0.000765113160014,13703,13854,False
15254,0,0,9120,9120,True
15255,0.000424500787631,0.00156290840823,15061,15336,False
15256,0,0,9121,9121,True
15257,0.000664773746394,0.00228325254284,16799,16871,False
15258,0,0,9122,9122,True
15259,0.00059595995117,0.00200682878494,16302,16327,False
15260,0,0,9123,9123,True
15261,0,0,9124,9124,True
15262,0,0,9125,9125,True
15263,0.000319588172715,0.00108072883449,14414,14438,False
15264,0.000767866556998,0.00261303642765,17372,17429,False
15265,0,0,9126,9126,True
15266,0,0,9127,9127,True
15267,0,0,9128,9128,True
15268,0,0,9129,9129,True
15269,0,0,9130,9130,True
15270,0,0,9131,9131,True
15271,0,0,9132,9132,True
15272,0,0,9133,9133,True
15273,0,0,9134,9134,True
15274,0.000621606246568,0.00220251991414,16489,16729,False
15275,0,0,9135,9135,True
15276,0,0,9136,9136,True
15277,0,0,9137,9137,True
15278,0.000712854438461,0.00235698511824,17060,17005,False
15279,0,0,9138,9138,True
15280,0,0,9139,9139,True
15281,0,0,9140,9140,True
15282,0,0,9141,9141,True
15283,0,0,9142,9142,True
15284,0.000650858914014,0.00218792329542,16704,16700,False
15285,0,0,9143,9143,True
15286,3.45103144355e-05,0.000117409486847,11883,11883,False
15287,0.000257330073509,0.000909030612092,14068,14147,False
15288,0,0,9144,9144,True
15289,0.000448448961833,0.00149294687435,15219,15209,False
15290,0.000875452067703,0.00285272113979,17834,17737,False
15291,0,0,9145,9145,True
15292,0,0,9146,9146,True
15293,0.000792721111793,0.00261075724848,17494,17427,False
15294,0.000424745958298,0.00132275593933,15064,14877,False
15295,0,0,9147,9147,True
15296,0,0,9148,9148,True
15297,0.000136384565849,0.000422138662543,13099,12982,False
15298,5.66448616155e-05,0.00020603860321,12145,12222,False
15299,0.00111149565782,0.0036280862987,18526,18453,False
15300,0,0,9149,9149,True
15301,0.000576585764065,0.00188865012024,16138,16034,False
15302,0,0,9150,9150,True
15303,4.5603421313e-05,0.00014725595247,12010,11996,False
15304,0,0,9151,9151,True
15305,0,0,9152,9152,True
15306,0,0,9153,9153,True
15307,0.000911145005375,0.00289436825551,17973,17789,False
15308,0,0,9154,9154,True
15309,0.000637714343611,0.0021629165858,16607,16652,False
15310,0.000320115155773,0.000936509983148,14418,14200,False
15311,0,0,9155,9155,True
15312,0.000733118911739,0.00244902726263,17187,17173,False
15313,0,0,9156,9156,True
15314,0.000106463885459,0.000374622788513,12749,12824,False
15315,0,0,9157,9157,True
15316,0,0,9158,9158,True
15317,0.000147442915477,0.000483226380311,13208,13173,False
15318,7.31132240617e-05,0.000285958463792,12358,12534,False
15319,0,0,9159,9159,True
15320,0.000626870198175,0.00201621837914,16523,16355,False
15321,0,0,9160,9160,True
15322,0.00190166337416,0.00641948031262,19545,19552,False
15323,0,0,9161,9161,True
15324,0.000515765103046,0.00175659579691,15668,15727,False
15325,0.000416900351411,0.0014554921072,15005,15134,False
15326,0.000695796567015,0.00224527344108,16968,16810,False
15327,0,0,9162,9162,True
15328,0,0,9163,9163,True
15329,0.000396895222366,0.00130481552333,14893,14841,False
15330,0,0,9164,9164,True
15331,0.00120134442113,0.00397541653365,18697,18665,False
15332,0,0,9165,9165,True
15333,0.000316892837873,0.00109381135553,14399,14460,False
15334,0,0,9166,9166,True
15335,0.000141630836879,0.000479613721836,13151,13160,False
15336,0,0,9167,9167,True
15337,0,0,9168,9168,True
15338,0,0,9169,9169,True
15339,0,0,9170,9170,True
15340,0.000618991791271,0.0021249926649,16465,16584,False
15341,0.000976056035142,0.00321472738869,18187,18130,False
15342,0,0,9171,9171,True
15343,0.000641932303552,0.00211017695256,16639,16547,False
15344,0,0,9172,9172,True
15345,0.00066017115023,0.00220916629769,16763,16746,False
15346,0.000837997708004,0.00289112166502,17702,17783,False
15347,0.000559788779356,0.00181924656499,15995,15886,False
15348,0.000389668392017,0.00130094250198,14853,14836,False
15349,0,0,9173,9173,True
15350,0.000857672363054,0.00280447606929,17778,17669,False
15351,0,0,9174,9174,True
15352,0.000756345281843,0.00253349076957,17318,17320,False
15353,0,0,9175,9175,True
15354,0,0,9176,9176,True
15355,0.000745418306906,0.00230917125009,17256,16928,False
15356,0,0,9177,9177,True
15357,0,0,9178,9178,True
15358,0.000371845031623,0.00147935841233,14720,15182,False
15359,0,0,9179,9179,True
15360,0,0,9180,9180,True
15361,0.00181150913704,0.00594959361479,19473,19428,False
15362,0.000754519889597,0.00247717788443,17305,17210,False
15363,0.000320507329889,0.00102387974039,14422,14348,False
15364,0,0,9181,9181,True
15365,0.00171571830288,0.00591943273321,19374,19412,False
15366,0.000575787504204,0.00177650060505,16129,15782,False
15367,0.00081530312309,0.00258762110025,17588,17394,False
15368,0,0,9182,9182,True
15369,0,0,9183,9183,True
15370,0.000875768717378,0.00291716540232,17836,17816,False
15371,0,0,9184,9184,True
15372,0,0,9185,9185,True
15373,0,0,9186,9186,True
15374,0.000748590391595,0.00244090473279,17278,17154,False
15375,0,0,9187,9187,True
15376,0,0,9188,9188,True
15377,0.00158578588162,0.00531201064587,19257,19249,False
15378,0.0018080198206,0.00589799229056,19468,19403,False
15379,0,0,9189,9189,True
15380,0.000499190529808,0.00181479158346,15553,15876,False
15381,0.000746269710362,0.00235799071379,17263,17007,False
15382,6.14813761786e-05,0.000208550249226,12211,12232,False
15383,0,0,9190,9190,True
15384,0,0,9191,9191,True
15385,0,0,9192,9192,True
15386,0,0,9193,9193,True
15387,0,0,9194,9194,True
15388,0,0,9195,9195,True
15389,0.000320284598274,0.00107051618397,14421,14416,False
15390,0,0,9196,9196,True
15391,0.00034386664629,0.00114374305122,14572,14552,False
15392,0,0,9197,9197,True
15393,0,0,9198,9198,True
15394,0,0,9199,9199,True
15395,0.000635456060991,0.00219609937631,16594,16715,False
15396,0.000456307665445,0.00155010435265,15255,15316,False
15397,0,0,9200,9200,True
15398,0,0,9201,9201,True
15399,0.000839923857711,0.00275515788235,17707,17607,False
15400,0,0,9202,9202,True
15401,0,0,9203,9203,True
15402,0,0,9204,9204,True
15403,0,0,9205,9205,True
15404,0,0,9206,9206,True
15405,0,0,9207,9207,True
15406,0,0,9208,9208,True
15407,0,0,9209,9209,True
15408,0,0,9210,9210,True
15409,0.000994657864794,0.00321856699884,18238,18135,False
15410,0.000507402990479,0.00173181737773,15607,15667,False
15411,0,0,9211,9211,True
15412,0,0,9212,9212,True
15413,0,0,9213,9213,True
15414,0,0,9214,9214,True
15415,0,0,9215,9215,True
15416,0,0,9216,9216,True
15417,0.000682203972246,0.00222737924196,16895,16777,False
15418,0,0,9217,9217,True
15419,0,0,9218,9218,True
15420,0,0,9219,9219,True
15421,0,0,9220,9220,True
15422,0,0,9221,9221,True
15423,0,0,9222,9222,True
15424,0,0,9223,9223,True
15425,0,0,9224,9224,True
15426,0.000187289289897,0.000611539871898,13575,13528,False
15427,0.000388028332964,0.00129796820693,14838,14827,False
15428,0,0,9225,9225,True
15429,0.000137736948091,0.000472433195682,13117,13140,False
15430,0,0,9226,9226,True
15431,0.000873776385561,0.0028328448534,17827,17706,False
15432,0,0,9227,9227,True
15433,0,0,9228,9228,True
15434,0,0,9229,9229,True
15435,0.000134574511321,0.000455701490864,13075,13083,False
15436,0.000422769022407,0.00132279377431,15050,14878,False
15437,0,0,9230,9230,True
15438,0,0,9231,9231,True
15439,0,0,9232,9232,True
15440,0.000259785971139,0.000856127706356,14079,14045,False
15441,0.000627497036476,0.00202438374981,16530,16377,False
15442,0.000883521977812,0.00298664649017,17876,17890,False
15443,0.00040870718658,0.00139435008168,14957,15015,False
15444,0.000780989823397,0.00265757227316,17433,17494,False
15445,0,0,9233,9233,True
15446,0.000830800039694,0.00265163346194,17670,17484,False
15447,0,0,9234,9234,True
15448,0,0,9235,9235,True
15449,0,0,9236,9236,True
15450,0,0,9237,9237,True
15451,0,0,9238,9238,True
15452,0,0,9239,9239,True
15453,3.98418560508e-05,0.000127915642224,11947,11923,False
15454,0,0,9240,9240,True
15455,0.000693205336574,0.00224246899597,16955,16806,False
15456,0.000972562003881,0.00328410021029,18171,18191,False
15457,0,0,9241,9241,True
15458,0,0,9242,9242,True
15459,0,0,9243,9243,True
15460,0,0,9244,9244,True
15461,0,0,9245,9245,True
15462,0.000573005178012,0.00188875524327,16106,16035,False
15463,0,0,9246,9246,True
15464,0,0,9247,9247,True
15465,0,0,9248,9248,True
15466,0,0,9249,9249,True
15467,0.000572435325012,0.00181005394552,16100,15866,False
15468,0.000171216132003,0.000629102811217,13436,13569,False
15469,0,0,9250,9250,True
15470,0.00048465366126,0.00159046251792,15439,15385,False
15471,6.55631156405e-05,0.000205752978218,12265,12220,False
15472,0,0,9251,9251,True
15473,0.000202301846002,0.000622926105279,13688,13554,False
15474,0.00262993131764,0.00853432528675,19815,19801,False
15475,0,0,9252,9252,True
15476,0.000440994568635,0.00145320629235,15156,15126,False
15477,0.000777631241363,0.00251707877032,17418,17288,False
15478,0,0,9253,9253,True
15479,0.000365494692232,0.00120252149645,14684,14657,False
15480,0,0,9254,9254,True
15481,0,0,9255,9255,True
15482,0,0,9256,9256,True
15483,0,0,9257,9257,True
15484,0,0,9258,9258,True
15485,0.000428814993938,0.00145933975,15082,15146,False
15486,0.00118308782112,0.00403444375843,18670,18693,False
15487,0,0,9259,9259,True
15488,0,0,9260,9260,True
15489,0,0,9261,9261,True
15490,0,0,9262,9262,True
15491,0,0,9263,9263,True
15492,0,0,9264,9264,True
15493,0,0,9265,9265,True
15494,0,0,9266,9266,True
15495,0,0,9267,9267,True
15496,0,0,9268,9268,True
15497,0.000187201527297,0.000664115534164,13573,13644,False
15498,0,0,9269,9269,True
15499,0.000954569259193,0.0032072821632,18117,18122,False
15500,0,0,9270,9270,True
15501,0,0,9271,9271,True
15502,0,0,9272,9272,True
15503,0,0,9273,9273,True
15504,0.00117537879851,0.00408079661429,18650,18721,False
15505,0,0,9274,9274,True
15506,0,0,9275,9275,True
15507,0.000313358439598,0.00113728747237,14383,14541,False
15508,0,0,9276,9276,True
15509,0.000528926204424,0.00179398490582,15771,15824,False
15510,0,0,9277,9277,True
15511,0.000115712260595,0.000366640742868,12870,12795,False
15512,0,0,9278,9278,True
15513,0,0,9279,9279,True
15514,0,0,9280,9280,True
15515,0,0,9281,9281,True
15516,0,0,9282,9282,True
15517,0.000573098252062,0.00185131269973,16107,15949,False
15518,0,0,9283,9283,True
15519,4.78485744679e-05,0.000143915705848,12034,11982,False
15520,0,0,9284,9284,True
15521,0,0,9285,9285,True
15522,0,0,9286,9286,True
15523,0.000622834952082,0.00211139000021,16497,16549,False
15524,0,0,9287,9287,True
15525,0.000579473737162,0.00192535389215,16166,16134,False
15526,0,0,9288,9288,True
15527,0,0,9289,9289,True
15528,0.000642824568786,0.00217046961188,16650,16670,False
15529,5.83503024245e-05,0.000181820360012,12166,12132,False
15530,0,0,9290,9290,True
15531,0,0,9291,9291,True
15532,0,0,9292,9292,True
15533,0,0,9293,9293,True
15534,0,0,9294,9294,True
15535,0,0,9295,9295,True
15536,0,0,9296,9296,True
15537,0,0,9297,9297,True
15538,0.000271605153102,0.000891898409463,14152,14116,False
15539,0,0,9298,9298,True
15540,0,0,9299,9299,True
15541,0.000108118110802,0.000352996314177,12767,12734,False
15542,0,0,9300,9300,True
15543,0,0,9301,9301,True
15544,0.000102099205833,0.000368636043277,12709,12802,False
15545,0,0,9302,9302,True
15546,0,0,9303,9303,True
15547,0.000920302409213,0.00300710671581,17999,17910,False
15548,0,0,9304,9304,True
15549,0.000334663694957,0.00107527303044,14510,14426,False
15550,0,0,9305,9305,True
15551,0,0,9306,9306,True
15552,0,0,9307,9307,True
15553,0.000152406777488,0.000566510658246,13261,13411,False
15554,0,0,9308,9308,True
15555,0,0,9309,9309,True
15556,0,0,9310,9310,True
15557,0,0,9311,9311,True
15558,0,0,9312,9312,True
15559,0.000350272777723,0.00112438038923,14604,14517,False
15560,0,0,9313,9313,True
15561,0.000824863673188,0.00290529779159,17640,17804,False
15562,0,0,9314,9314,True
15563,0.000342284154613,0.00114598555956,14560,14559,False
15564,0,0,9315,9315,True
15565,0,0,9316,9316,True
15566,0.00122726941481,0.00417503947392,18744,18772,False
15567,6.03936205152e-05,0.000177577952854,12196,12110,False
15568,0,0,9317,9317,True
15569,0,0,9318,9318,True
15570,0,0,9319,9319,True
15571,0,0,9320,9320,True
15572,0,0,9321,9321,True
15573,0,0,9322,9322,True
15574,0,0,9323,9323,True
15575,0.000562971341424,0.00185928074643,16026,15963,False
15576,0.00071981648216,0.002416186966,17107,17113,False
15577,0.000385520863347,0.00125092908274,14816,14739,False
15578,0.000397274387069,0.00118271552492,14895,14630,False
15579,0,0,9324,9324,True
15580,0,0,9325,9325,True
15581,0,0,9326,9326,True
15582,0,0,9327,9327,True
15583,0.00097167736385,0.00332994293422,18168,18233,False
15584,0,0,9328,9328,True
15585,0,0,9329,9329,True
15586,0.000371865899069,0.0012860361021,14721,14809,False
15587,0,0,9330,9330,True
15588,0.000694440037478,0.00234654545784,16961,16992,False
15589,0,0,9331,9331,True
15590,0,0,9332,9332,True
15591,0.000133116001962,0.00047102564713,13053,13135,False
15592,0,0,9333,9333,True
15593,0,0,9334,9334,True
15594,0,0,9335,9335,True
15595,0,0,9336,9336,True
15596,0.000935021787882,0.00308161601424,18052,18003,False
15597,0,0,9337,9337,True
15598,0.00115703418851,0.00394453946501,18616,18653,False
15599,0,0,9338,9338,True
15600,0.000463516771561,0.00151129649021,15301,15238,False
15601,0.000737960275728,0.00249776244164,17220,17252,False
15602,0,0,9339,9339,True
15603,0.000528549018782,0.00176991976332,15767,15762,False
15604,0,0,9340,9340,True
15605,0.000263768510194,0.000853185425512,14109,14037,False
15606,0,0,9341,9341,True
15607,0.0030469596386,0.0105466172099,19862,19869,False
15608,7.48691745684e-05,0.000361529586371,12373,12768,False
15609,0,0,9342,9342,True
15610,0.000137521623401,0.000482419709442,13114,13171,False
15611,0,0,9343,9343,True
15612,0,0,9344,9344,True
15613,0,0,9345,9345,True
15614,0.000158625742188,0.000551475211978,13314,13363,False
15615,0,0,9346,9346,True
15616,0,0,9347,9347,True
15617,0,0,9348,9348,True
15618,0,0,9349,9349,True
15619,0,0,9350,9350,True
15620,0,0,9351,9351,True
15621,0,0,9352,9352,True
15622,0,0,9353,9353,True
15623,6.36611584923e-05,0.000195344662643,12239,12180,False
15624,0.000839625077788,0.00284568080679,17704,17727,False
15625,0,0,9354,9354,True
15626,0,0,9355,9355,True
15627,0,0,9356,9356,True
15628,0,0,9357,9357,True
15629,0,0,9358,9358,True
15630,0,0,9359,9359,True
15631,0,0,9360,9360,True
15632,0.000112781046482,0.000357308250386,12833,12750,False
15633,0,0,9361,9361,True
15634,0,0,9362,9362,True
15635,0.00114290066995,0.00390508398414,18590,18629,False
15636,0,0,9363,9363,True
15637,0.000104011975054,0.000370007561287,12726,12811,False
15638,0,0,9364,9364,True
15639,0,0,9365,9365,True
15640,0.000704988779034,0.00237688492052,17018,17037,False
15641,0.00104145286605,0.003482156666,18354,18346,False
15642,0.00019390801026,0.000631771108601,13615,13576,False
15643,0,0,9366,9366,True
15644,0,0,9367,9367,True
15645,0.000159033894306,0.000545778952073,13318,13344,False
15646,0,0,9368,9368,True
15647,0.000111784211185,0.000360438105417,12817,12762,False
15648,0,0,9369,9369,True
15649,0,0,9370,9370,True
15650,0.000285267771687,0.000977724092081,14238,14266,False
15651,0,0,9371,9371,True
15652,0,0,9372,9372,True
15653,0,0,9373,9373,True
15654,0,0,9374,9374,True
15655,0,0,9375,9375,True
15656,0.000420693773776,0.00134844111744,15033,14908,False
15657,0,0,9376,9376,True
15658,0,0,9377,9377,True
15659,0,0,9378,9378,True
15660,0.00123830093071,0.004276976455,18764,18823,False
15661,0,0,9379,9379,True
15662,0.000443031662144,0.00144089246169,15176,15103,False
15663,0.000619417696726,0.00198747334071,16471,16291,False
15664,0.000133316178108,0.000458454625914,13056,13092,False
15665,0.000316427031066,0.0011051002657,14397,14480,False
15666,0,0,9380,9380,True
15667,0,0,9381,9381,True
15668,0,0,9382,9382,True
15669,0.000417063565692,0.00144600844942,15007,15110,False
15670,0,0,9383,9383,True
15671,0.000535345170647,0.00175675936043,15817,15728,False
15672,0.00014185863256,0.000495356507599,13154,13208,False
15673,0.000633737246972,0.00216530496255,16581,16659,False
15674,0,0,9384,9384,True
15675,0,0,9385,9385,True
15676,0.000995966955088,0.00336255482398,18246,18262,False
15677,0.000204087147722,0.000819262524601,13698,13974,False
15678,0,0,9386,9386,True
15679,0,0,9387,9387,True
15680,0.000611316063441,0.00194953544997,16413,16196,False
15681,0,0,9388,9388,True
15682,0.00146937207319,0.00507049029693,19131,19166,False
15683,0,0,9389,9389,True
15684,0,0,9390,9390,True
15685,0,0,9391,9391,True
15686,0.000734450004529,0.00240838434547,17200,17097,False
15687,0,0,9392,9392,True
15688,0.000432457833085,0.00142488302663,15100,15069,False
15689,7.59757604101e-05,0.000262379471678,12389,12439,False
15690,0.00036046814057,0.00120283057913,14661,14658,False
15691,0,0,9393,9393,True
15692,0.000665617291816,0.00225815479644,16806,16834,False
15693,0,0,9394,9394,True
15694,0,0,9395,9395,True
15695,0,0,9396,9396,True
15696,0.000568592105992,0.00188550970051,16066,16023,False
15697,0,0,9397,9397,True
15698,0.000693140609656,0.00233205291443,16954,16962,False
15699,0.00155947695021,0.00520561076701,19233,19215,False
15700,0.0014959287364,0.00508669298142,19157,19172,False
15701,0,0,9398,9398,True
15702,0,0,9399,9399,True
15703,0,0,9400,9400,True
15704,0,0,9401,9401,True
15705,0.000947142136283,0.00307452958077,18093,17997,False
15706,0,0,9402,9402,True
15707,0,0,9403,9403,True
15708,0,0,9404,9404,True
15709,0,0,9405,9405,True
15710,0.000164550088812,0.000584769237321,13376,13464,False
15711,0,0,9406,9406,True
15712,0,0,9407,9407,True
15713,0.000933688133955,0.00300105428323,18049,17903,False
15714,0,0,9408,9408,True
15715,0.00205119117163,0.00705483322963,19649,19672,False
15716,0.000350752554368,0.0011903810082,14606,14641,False
15717,0,0,9409,9409,True
15718,0.00120322150178,0.00419715931639,18701,18789,False
15719,0,0,9410,9410,True
15720,0,0,9411,9411,True
15721,0.000630677153822,0.00217102048919,16551,16672,False
15722,0,0,9412,9412,True
15723,3.8588696043e-05,0.000138635063195,11926,11956,False
15724,0.000530576449819,0.00171266228426,15781,15626,False
15725,0.000961602840107,0.00328578567132,18136,18194,False
15726,0,0,9413,9413,True
15727,0,0,9414,9414,True
15728,0.00163265923038,0.00558067858219,19296,19317,False
15729,0.000634731375612,0.00216134940274,16589,16649,False
15730,0,0,9415,9415,True
15731,0,0,9416,9416,True
15732,0.000522630754858,0.00172673771158,15719,15657,False
15733,0,0,9417,9417,True
15734,0.000172013344127,0.000588599126786,13441,13474,False
15735,0,0,9418,9418,True
15736,0,0,9419,9419,True
15737,0,0,9420,9420,True
15738,0,0,9421,9421,True
15739,0,0,9422,9422,True
15740,0,0,9423,9423,True
15741,0,0,9424,9424,True
15742,0.00107522553299,0.0036855333019,18441,18495,False
15743,0,0,9425,9425,True
15744,0,0,9426,9426,True
15745,0,0,9427,9427,True
15746,6.72968380968e-05,0.000235479834373,12290,12335,False
15747,0.00112182821613,0.00363748334348,18551,18460,False
15748,0,0,9428,9428,True
15749,0,0,9429,9429,True
15750,0.00125691737048,0.00425355415791,18802,18816,False
15751,0,0,9430,9430,True
15752,0.000759685470257,0.00250053056516,17340,17260,False
15753,0,0,9431,9431,True
15754,0.000379694538424,0.00128898466937,14774,14814,False
15755,0,0,9432,9432,True
15756,0,0,9433,9433,True
15757,0.000493799161632,0.0016499144258,15506,15497,False
15758,0,0,9434,9434,True
15759,0.000397347845137,0.00140834460035,14896,15039,False
15760,0.00116117915604,0.00402651168406,18622,18688,False
15761,0,0,9435,9435,True
15762,0.000113492416858,0.000375327013899,12846,12834,False
15763,0.000571054930333,0.00187597749755,16088,16005,False
15764,0,0,9436,9436,True
15765,0,0,9437,9437,True
15766,0.000717452960089,0.002417053096,17090,17115,False
15767,0,0,9438,9438,True
15768,0.000154260429554,0.000555659644306,13278,13377,False
15769,0,0,9439,9439,True
15770,0.000639917387161,0.00203083688393,16622,16396,False
15771,0,0,9440,9440,True
15772,0,0,9441,9441,True
15773,0.000544375507161,0.0018090371741,15877,15862,False
15774,0.000500464113429,0.00171114318073,15562,15622,False
15775,3.167714749e-05,0.000118546326121,11861,11885,False
15776,0.000355978583684,0.0011330723064,14638,14531,False
15777,2.01363327506e-05,6.52884264127e-05,11798,11795,False
15778,0,0,9442,9442,True
15779,0.00118096545339,0.00407367013395,18662,18716,False
15780,0.00127623230219,0.00431677978486,18839,18847,False
15781,0,0,9443,9443,True
15782,0,0,9444,9444,True
15783,0,0,9445,9445,True
15784,0.00252717733383,0.00868165399879,19798,19807,False
15785,0,0,9446,9446,True
15786,0,0,9447,9447,True
15787,0,0,9448,9448,True
15788,0.000274587946478,0.000861059001181,14171,14058,False
15789,0,0,9449,9449,True
15790,0,0,9450,9450,True
15791,0,0,9451,9451,True
15792,0,0,9452,9452,True
15793,0,0,9453,9453,True
15794,0,0,9454,9454,True
15795,0.000958895601798,0.00331093696877,18129,18218,False
15796,0.000256542232819,0.000921633036342,14062,14172,False
15797,0.000594057026319,0.0018442744622,16285,15937,False
15798,0.000373000570107,0.00123665959109,14734,14706,False
15799,0.000128273968585,0.000429349718615,13006,13002,False
15800,0,0,9455,9455,True
15801,0.000784670584835,0.00254591577686,17454,17333,False
15802,0,0,9456,9456,True
15803,0.00244832760654,0.00823154114187,19785,19786,False
15804,0,0,9457,9457,True
15805,3.61495985999e-05,0.000135698326631,11898,11946,False
15806,0,0,9458,9458,True
15807,0,0,9459,9459,True
15808,0.000482356699649,0.00164230109658,15422,15484,False
15809,0.000598071434069,0.00195550150238,16319,16219,False
15810,0,0,9460,9460,True
15811,0,0,9461,9461,True
15812,0.000750948674977,0.00254995399155,17292,17339,False
15813,0,0,9462,9462,True
15814,0.00173670728691,0.00599916093051,19400,19444,False
15815,0,0,9463,9463,True
15816,0.00131354492623,0.00472722761333,18897,19026,False
15817,0.000633164774626,0.00214060395956,16578,16611,False
15818,0.000247861345997,0.000803019094747,13994,13942,False
15819,0,0,9464,9464,True
15820,0,0,9465,9465,True
15821,0.00070101802703,0.00236296630464,17000,17013,False
15822,0,0,9466,9466,True
15823,0.000558297149837,0.00196527200751,15986,16242,False
15824,0.00129249307793,0.00443181116134,18859,18897,False
15825,0,0,9467,9467,True
15826,0.000200489230338,0.000698108458892,13673,13715,False
15827,0.000714664114639,0.00240886816755,17073,17099,False
15828,0.000241520523559,0.000828340591397,13956,13990,False
15829,0.00213624280877,0.00701568741351,19695,19662,False
15830,0.000556310464162,0.00186061579734,15970,15965,False
15831,9.15167111089e-05,0.000272377335932,12593,12482,False
15832,0.000931493879762,0.00310271419585,18040,18024,False
15833,0,0,9468,9468,True
15834,0,0,9469,9469,True
15835,0,0,9470,9470,True
15836,0,0,9471,9471,True
15837,0.000165969177033,0.000492514693178,13387,13199,False
15838,0,0,9472,9472,True
15839,0.0018102544127,0.00628839153796,19472,19522,False
15840,0,0,9473,9473,True
15841,0,0,9474,9474,True
15842,0.000645800144412,0.00215039518662,16661,16629,False
15843,0.00152462872211,0.00519259180874,19201,19211,False
15844,0,0,9475,9475,True
15845,0,0,9476,9476,True
15846,0,0,9477,9477,True
15847,0,0,9478,9478,True
15848,0.000512922997586,0.0016614398919,15646,15523,False
15849,0.000762551440857,0.00250064139254,17350,17262,False
15850,0,0,9479,9479,True
15851,0,0,9480,9480,True
15852,0.00084293045802,0.00292652496137,17717,17826,False
15853,0.000733746797778,0.00250513129868,17194,17272,False
15854,0.00210541230626,0.00693270005286,19682,19649,False
15855,0,0,9481,9481,True
15856,0.000625925720669,0.00208266172558,16518,16500,False
15857,0,0,9482,9482,True
15858,0.00065377773717,0.00210699276067,16724,16535,False
15859,0.00100059201941,0.00339221581817,18253,18278,False
15860,0,0,9483,9483,True
15861,0.000972558977082,0.00325993471779,18170,18170,False
15862,0.000504072289914,0.0017223241739,15577,15648,False
15863,0.00012372963829,0.000376180163585,12963,12838,False
15864,0.000981613877229,0.00326733593829,18210,18174,False
15865,0,0,9484,9484,True
15866,0,0,9485,9485,True
15867,0,0,9486,9486,True
15868,0,0,9487,9487,True
15869,0.000556175014935,0.00176950439345,15967,15758,False
15870,0,0,9488,9488,True
15871,0,0,9489,9489,True
15872,0.00017312692944,0.000591085117776,13449,13483,False
15873,0.00115133018699,0.00367569923401,18607,18488,False
15874,0,0,9490,9490,True
15875,0.000471101287985,0.00153297255747,15349,15278,False
15876,0,0,9491,9491,True
15877,0,0,9492,9492,True
15878,0.000897252990399,0.00302277575247,17923,17930,False
15879,0.00011352852016,0.000413081783336,12848,12959,False
15880,0,0,9493,9493,True
15881,0.000649522058666,0.00202987715602,16691,16393,False
15882,0,0,9494,9494,True
15883,0.00209952518344,0.00695085804909,19678,19651,False
15884,0,0,9495,9495,True
15885,0.000100082834251,0.000303254462779,12687,12580,False
15886,0.00105041777715,0.00361566664651,18382,18443,False
15887,0,0,9496,9496,True
15888,0,0,9497,9497,True
15889,0,0,9498,9498,True
15890,0,0,9499,9499,True
15891,0.00163916812744,0.00554043240845,19303,19304,False
15892,0.00042226864025,0.00136119895615,15047,14938,False
15893,0,0,9500,9500,True
15894,0,0,9501,9501,True
15895,0,0,9502,9502,True
15896,0,0,9503,9503,True
15897,0.00132975052111,0.00463652424514,18923,18992,False
15898,0.00043189668213,0.00145922694355,15096,15145,False
15899,0.000889927498065,0.00314069516025,17901,18064,False
15900,0.000594377692323,0.00191213598009,16288,16092,False
15901,0,0,9504,9504,True
15902,0.000190499602468,0.000703421537764,13598,13728,False
15903,0,0,9505,9505,True
15904,0,0,9506,9506,True
15905,0.00145163747948,0.00479127839208,19109,19063,False
15906,0,0,9507,9507,True
15907,0,0,9508,9508,True
15908,0,0,9509,9509,True
15909,7.51324550947e-05,0.000196768814931,12377,12189,False
15910,0,0,9510,9510,True
15911,0,0,9511,9511,True
15912,0.000157410031534,0.000701160170138,13311,13720,False
15913,0.000330107373884,0.00113236310426,14476,14530,False
15914,0,0,9512,9512,True
15915,0.0002117400727,0.000719429983292,13756,13761,False
15916,0,0,9513,9513,True
15917,0,0,9514,9514,True
15918,0,0,9515,9515,True
15919,0,0,9516,9516,True
15920,0,0,9517,9517,True
15921,0,0,9518,9518,True
15922,0,0,9519,9519,True
15923,0,0,9520,9520,True
15924,0,0,9521,9521,True
15925,0.000261377019342,0.000919408979826,14092,14168,False
15926,0.000446540856501,0.00158082798589,15198,15370,False
15927,0,0,9522,9522,True
15928,0,0,9523,9523,True
15929,0,0,9524,9524,True
15930,0.000928258115891,0.00294925062917,18026,17848,False
15931,0,0,9525,9525,True
15932,0,0,9526,9526,True
15933,0,0,9527,9527,True
15934,0,0,9528,9528,True
15935,0,0,9529,9529,True
15936,0.000550076656509,0.00199237582274,15918,16301,False
15937,9.18599107536e-05,0.000352326344,12596,12731,False
15938,0.000310351810185,0.00104795850348,14363,14384,False
15939,0,0,9530,9530,True
15940,0.000963317113928,0.0031447915826,18144,18069,False
15941,5.88529546803e-05,0.00020902309916,12172,12233,False
15942,0,0,9531,9531,True
15943,0,0,9532,9532,True
15944,0,0,9533,9533,True
15945,5.40009896213e-05,0.000171104911715,12120,12087,False
15946,4.50752668257e-05,0.000166792524396,12006,12070,False
15947,0,0,9534,9534,True
15948,0.000556329265237,0.00178728462197,15971,15808,False
15949,0,0,9535,9535,True
15950,0,0,9536,9536,True
15951,0.000101583180367,0.000311209005304,12703,12609,False
15952,9.87187522696e-05,0.000374785944587,12670,12826,False
15953,0.000484384741867,0.00159385730512,15437,15392,False
15954,0.000148854480358,0.000496718450449,13219,13212,False
15955,0,0,9537,9537,True
15956,0,0,9538,9538,True
15957,0,0,9539,9539,True
15958,0,0,9540,9540,True
15959,9.40600948525e-05,0.000309814640786,12615,12602,False
15960,0,0,9541,9541,True
15961,0.000735579233151,0.00246433657594,17205,17193,False
15962,0,0,9542,9542,True
15963,0,0,9543,9543,True
15964,0,0,9544,9544,True
15965,0.000145021695062,0.000450525258202,13183,13068,False
15966,0.00090490252478,0.00305538182147,17951,17969,False
15967,0,0,9545,9545,True
15968,0,0,9546,9546,True
15969,0.00010134990589,0.000373705785023,12700,12821,False
15970,0.000206135606277,0.000730864994694,13714,13779,False
15971,0,0,9547,9547,True
15972,0,0,9548,9548,True
15973,0,0,9549,9549,True
15974,0,0,9550,9550,True
15975,0.000773555249907,0.00259297294542,17396,17402,False
15976,0.0013981515076,0.00451462110505,19027,18928,False
15977,6.77895659464e-05,0.000217069493374,12299,12257,False
15978,0,0,9551,9551,True
15979,0,0,9552,9552,True
15980,0.00126439286396,0.0041063404642,18813,18731,False
15981,0,0,9553,9553,True
15982,0,0,9554,9554,True
15983,0,0,9555,9555,True
15984,0.000118834366731,0.000418667128542,12909,12975,False
15985,3.88551925425e-05,0.000154228575411,11931,12025,False
15986,0.000313348398777,0.000987443141639,14382,14288,False
15987,0,0,9556,9556,True
15988,0.000238711945713,0.000875869591255,13934,14089,False
15989,0,0,9557,9557,True
15990,0,0,9558,9558,True
15991,0,0,9559,9559,True
15992,0,0,9560,9560,True
15993,0.000143927507452,0.0005161917652,13173,13251,False
15994,0,0,9561,9561,True
15995,0,0,9562,9562,True
15996,0.000160811410751,0.000531953817699,13337,13302,False
15997,0,0,9563,9563,True
15998,0.00125370954629,0.00422545336187,18798,18795,False
15999,0,0,9564,9564,True
16000,0,0,9565,9565,True
16001,0,0,9566,9566,True
16002,0,0,9567,9567,True
16003,0,0,9568,9568,True
16004,0,0,9569,9569,True
16005,0,0,9570,9570,True
16006,0.000167835649336,0.000630501133855,13399,13575,False
16007,0.000743955839425,0.00253425794654,17247,17322,False
16008,0,0,9571,9571,True
16009,0,0,9572,9572,True
16010,0.000423713267082,0.00150270119775,15055,15226,False
16011,0,0,9573,9573,True
16012,0,0,9574,9574,True
16013,0,0,9575,9575,True
16014,0.000166868863744,0.000563081062865,13395,13401,False
16015,0,0,9576,9576,True
16016,0,0,9577,9577,True
16017,0,0,9578,9578,True
16018,0.000688851869199,0.00230367225595,16932,16918,False
16019,0,0,9579,9579,True
16020,0,0,9580,9580,True
16021,0,0,9581,9581,True
16022,0,0,9582,9582,True
16023,0.000640877522528,0.0020613388624,16634,16452,False
16024,0.00014560634736,0.000471551058581,13190,13137,False
16025,0.000365203799447,0.00116786931176,14680,14604,False
16026,0,0,9583,9583,True
16027,0,0,9584,9584,True
16028,0.000556421349756,0.00175010820385,15972,15715,False
16029,0,0,9585,9585,True
16030,0.000562590721529,0.00186864566058,16025,15983,False
16031,0,0,9586,9586,True
16032,3.3808653825e-05,0.000120677781524,11875,11893,False
16033,0,0,9587,9587,True
16034,0,0,9588,9588,True
16035,0,0,9589,9589,True
16036,1.97356384888e-05,6.92727044225e-05,11796,11799,False
16037,0.00010029276018,0.000338982703397,12688,12694,False
16038,0,0,9590,9590,True
16039,0,0,9591,9591,True
16040,0,0,9592,9592,True
16041,0,0,9593,9593,True
16042,0,0,9594,9594,True
16043,0,0,9595,9595,True
16044,0,0,9596,9596,True
16045,0,0,9597,9597,True
16046,0,0,9598,9598,True
16047,0,0,9599,9599,True
16048,0,0,9600,9600,True
16049,0,0,9601,9601,True
16050,0.000698361254763,0.00241782632656,16987,17119,False
16051,0.000362859980669,0.00125065515749,14669,14737,False
16052,0,0,9602,9602,True
16053,0.000997950090095,0.00342411990277,18249,18308,False
16054,0,0,9603,9603,True
16055,0,0,9604,9604,True
16056,0.000260950793745,0.00107219698839,14087,14419,False
16057,0.000569666211959,0.00219297967851,16076,16708,False
16058,0,0,9605,9605,True
16059,7.85296651884e-05,0.000258255313383,12421,12426,False
16060,0.000516286236234,0.00181419192813,15672,15875,False
16061,0,0,9606,9606,True
16062,0,0,9607,9607,True
16063,0,0,9608,9608,True
16064,0,0,9609,9609,True
16065,0,0,9610,9610,True
16066,0,0,9611,9611,True
16067,0,0,9612,9612,True
16068,0,0,9613,9613,True
16069,0,0,9614,9614,True
16070,0,0,9615,9615,True
16071,0,0,9616,9616,True
16072,0.00016997246712,0.000575147394557,13423,13433,False
16073,0.000129248030134,0.000408344378229,13013,12937,False
16074,0,0,9617,9617,True
16075,0,0,9618,9618,True
16076,0,0,9619,9619,True
16077,0.000404559075832,0.00134800246451,14930,14907,False
16078,0.000971230620053,0.00319448322989,18165,18109,False
16079,9.75780276349e-05,0.000309166876832,12657,12600,False
16080,6.9551046181e-05,0.000226969976211,12319,12301,False
16081,0,0,9620,9620,True
16082,7.24041456124e-05,0.000245732575422,12352,12369,False
16083,6.79435470374e-05,0.000245606148383,12300,12367,False
16084,0.00103182310704,0.00354410032742,18337,18398,False
16085,0,0,9621,9621,True
16086,0,0,9622,9622,True
16087,0.000396460556658,0.00126873864792,14890,14777,False
16088,0,0,9623,9623,True
16089,0,0,9624,9624,True
16090,0,0,9625,9625,True
16091,0,0,9626,9626,True
16092,0,0,9627,9627,True
16093,0.000236458450672,0.000762540032156,13923,13845,False
16094,0,0,9628,9628,True
16095,0,0,9629,9629,True
16096,0,0,9630,9630,True
16097,0,0,9631,9631,True
16098,0,0,9632,9632,True
16099,0.000526534335222,0.00168069580104,15751,15555,False
16100,0,0,9633,9633,True
16101,0,0,9634,9634,True
16102,0,0,9635,9635,True
16103,0,0,9636,9636,True
16104,3.16038822348e-05,0.000107072228275,11858,11853,False
16105,0,0,9637,9637,True
16106,0.00112236884888,0.00389213790186,18553,18620,False
16107,0,0,9638,9638,True
16108,0.000445648678578,0.00146820873488,15194,15162,False
16109,0,0,9639,9639,True
16110,0,0,9640,9640,True
16111,0.000669324130286,0.00219761114568,16821,16721,False
16112,0.000479078997159,0.00157627614681,15400,15361,False
16113,0.000624475127552,0.00201154151,16508,16342,False
16114,0.000768945668824,0.00248303147964,17377,17226,False
16115,0.00044285209151,0.00147692137398,15174,15175,False
16116,0,0,9641,9641,True
16117,0,0,9642,9642,True
16118,0,0,9643,9643,True
16119,0,0,9644,9644,True
16120,0.00131237541791,0.00451118173078,18894,18924,False
16121,0.000784516858403,0.0026709723752,17453,17508,False
16122,0,0,9645,9645,True
16123,0,0,9646,9646,True
16124,5.87125359743e-05,0.000208377634408,12169,12231,False
16125,0,0,9647,9647,True
16126,0,0,9648,9648,True
16127,0.00185691006482,0.00645661912858,19506,19562,False
16128,0.0017987661995,0.00609196862206,19458,19469,False
16129,6.84890474076e-05,0.000170716200955,12308,12085,False
16130,0,0,9649,9649,True
16131,0.000910910952371,0.00312777492218,17972,18048,False
16132,0,0,9650,9650,True
16133,0.000978544005193,0.00322811258957,18198,18145,False
16134,0,0,9651,9651,True
16135,0,0,9652,9652,True
16136,0,0,9653,9653,True
16137,0,0,9654,9654,True
16138,0.00102330069058,0.00347144459374,18312,18340,False
16139,0,0,9655,9655,True
16140,0.000561294786166,0.00186622771434,16009,15980,False
16141,0,0,9656,9656,True
16142,8.89948423719e-05,0.000228647724725,12563,12307,False
16143,0,0,9657,9657,True
16144,0,0,9658,9658,True
16145,0,0,9659,9659,True
16146,0.000110905435577,0.000360747450031,12807,12764,False
16147,0,0,9660,9660,True
16148,0,0,9661,9661,True
16149,0.00184001191519,0.00618483219296,19493,19496,False
16150,0,0,9662,9662,True
16151,0.000855413556565,0.00291897240095,17767,17817,False
16152,0,0,9663,9663,True
16153,0.000127884253743,0.00042811059393,13002,12997,False
16154,0,0,9664,9664,True
16155,0.000581040570978,0.0017919781385,16182,15817,False
16156,0,0,9665,9665,True
16157,6.03007501923e-05,0.000178393267561,12194,12115,False
16158,0.000408169667935,0.00140240555629,14951,15026,False
16159,0,0,9666,9666,True
16160,0.000883032509591,0.00302104139701,17874,17926,False
16161,0,0,9667,9667,True
16162,5.13295162818e-05,0.000128292303998,12081,11925,False
16163,0.000497674336657,0.00166690733749,15544,15533,False
16164,0.000254370010225,0.000730010855477,14048,13777,False
16165,0.00143023324199,0.00481939082965,19072,19077,False
16166,0,0,9668,9668,True
16167,0.000630306487437,0.00216101831757,16548,16648,False
16168,0,0,9669,9669,True
16169,0,0,9670,9670,True
16170,0.000785218784586,0.00266768829897,17457,17504,False
16171,0.000425130536314,0.00151295855176,15067,15242,False
16172,0,0,9671,9671,True
16173,0,0,9672,9672,True
16174,0.000606204732321,0.00210371892899,16384,16530,False
16175,0.00103558250703,0.00337389903143,18343,18265,False
16176,0,0,9673,9673,True
16177,0,0,9674,9674,True
16178,0,0,9675,9675,True
16179,0.00120031123515,0.0040816096589,18696,18722,False
16180,0.000137900700793,0.000460404495243,13118,13101,False
16181,0.000904181797523,0.0030925211031,17949,18013,False
16182,0.000826960720588,0.00267220358364,17653,17511,False
16183,0,0,9676,9676,True
16184,0.000621585524641,0.00212429394014,16488,16581,False
16185,0.000777142588049,0.00265264115296,17415,17485,False
16186,0,0,9677,9677,True
16187,0,0,9678,9678,True
16188,0,0,9679,9679,True
16189,0,0,9680,9680,True
16190,0.000783552066423,0.00271434849128,17449,17561,False
16191,0.00056243117433,0.00189574423712,16021,16048,False
16192,0,0,9681,9681,True
16193,0,0,9682,9682,True
16194,0,0,9683,9683,True
16195,0.000250190059887,0.000843443209305,14017,14012,False
16196,0,0,9684,9684,True
16197,0,0,9685,9685,True
16198,0.000577696075197,0.00193156278692,16152,16151,False
16199,0,0,9686,9686,True
16200,0.00127930962481,0.00435774680227,18843,18862,False
16201,0,0,9687,9687,True
16202,0,0,9688,9688,True
16203,0,0,9689,9689,True
16204,0.000416253227741,0.00141278700903,15001,15050,False
16205,0,0,9690,9690,True
16206,0.000520847272128,0.00173182901926,15705,15668,False
16207,0,0,9691,9691,True
16208,0,0,9692,9692,True
16209,0,0,9693,9693,True
16210,0.00146277388558,0.00492776883766,19121,19121,False
16211,0.000268699979642,0.000794769555796,14136,13912,False
16212,0,0,9694,9694,True
16213,0.00170287350193,0.00580729730427,19363,19377,False
16214,0.00124736386351,0.00437897769734,18784,18873,False
16215,0.00175898044836,0.00586895411834,19419,19396,False
16216,0,0,9695,9695,True
16217,0,0,9696,9696,True
16218,0.000744718825445,0.00253375666216,17251,17321,False
16219,0,0,9697,9697,True
16220,0,0,9698,9698,True
16221,0.000620571197942,0.00200985465199,16483,16333,False
16222,0,0,9699,9699,True
16223,0,0,9700,9700,True
16224,0,0,9701,9701,True
16225,0,0,9702,9702,True
16226,0.000593165168539,0.0019835983403,16273,16282,False
16227,0,0,9703,9703,True
16228,7.84332878538e-05,0.000158793336595,12420,12044,False
16229,0,0,9704,9704,True
16230,4.80329690618e-05,0.000131465523737,12036,11933,False
16231,0.000553241174202,0.00189622002654,15942,16050,False
16232,0,0,9705,9705,True
16233,0.000264701782726,0.000871679396369,14118,14078,False
16234,9.00492595974e-05,0.000259454594925,12577,12431,False
16235,0,0,9706,9706,True
16236,0,0,9707,9707,True
16237,0,0,9708,9708,True
16238,0,0,9709,9709,True
16239,0.000516230764333,0.00168013572693,15671,15553,False
16240,0,0,9710,9710,True
16241,0,0,9711,9711,True
16242,0.00145118148066,0.00484518473968,19108,19088,False
16243,0.000156064881594,0.000484073214466,13294,13178,False
16244,0,0,9712,9712,True
16245,0.000390906527173,0.00128866662271,14863,14812,False
16246,0,0,9713,9713,True
16247,0.000915119424462,0.00281050894409,17987,17678,False
16248,0.000614235061221,0.00211323844269,16434,16552,False
16249,0,0,9714,9714,True
16250,8.11015270301e-05,0.000294699915685,12463,12557,False
16251,0.000461258605355,0.00146655051503,15283,15155,False
16252,0,0,9715,9715,True
16253,0,0,9716,9716,True
16254,0,0,9717,9717,True
16255,0.000495885382406,0.00158032088075,15526,15368,False
16256,0.00176414404996,0.00591306760907,19424,19409,False
16257,0,0,9718,9718,True
16258,0.000539625005331,0.00186164758634,15844,15966,False
16259,0.000121847217088,0.000374806288164,12940,12827,False
16260,0,0,9719,9719,True
16261,0,0,9720,9720,True
16262,0,0,9721,9721,True
16263,0,0,9722,9722,True
16264,0,0,9723,9723,True
16265,0,0,9724,9724,True
16266,0,0,9725,9725,True
16267,0,0,9726,9726,True
16268,0,0,9727,9727,True
16269,0.00142212375067,0.00472606066614,19056,19024,False
16270,0,0,9728,9728,True
16271,0,0,9729,9729,True
16272,0.000424891477451,0.0014315622393,15065,15086,False
16273,0,0,9730,9730,True
16274,7.83718933235e-05,0.000217252061702,12418,12258,False
16275,0,0,9731,9731,True
16276,0.00101804186124,0.00331317191012,18300,18219,False
16277,0,0,9732,9732,True
16278,0,0,9733,9733,True
16279,0,0,9734,9734,True
16280,0,0,9735,9735,True
16281,0.000786649819929,0.00267222896218,17461,17512,False
16282,7.08385632606e-05,0.00024468958145,12332,12366,False
16283,0.000741524796467,0.00251433323137,17240,17286,False
16284,0.000519267050549,0.00168190593831,15692,15561,False
16285,0,0,9736,9736,True
16286,0.000290379510261,0.000876885605976,14268,14091,False
16287,0.000683700374793,0.00240591960028,16904,17094,False
16288,0.000690676388331,0.00229012733325,16939,16887,False
16289,0,0,9737,9737,True
16290,0,0,9738,9738,True
16291,0,0,9739,9739,True
16292,0,0,9740,9740,True
16293,0,0,9741,9741,True
16294,0,0,9742,9742,True
16295,0,0,9743,9743,True
16296,0,0,9744,9744,True
16297,0.000428272702266,0.00138517015148,15080,14996,False
16298,0,0,9745,9745,True
16299,0,0,9746,9746,True
16300,0,0,9747,9747,True
16301,0,0,9748,9748,True
16302,0,0,9749,9749,True
16303,4.49353574368e-05,0.000147431303049,12003,11998,False
16304,0,0,9750,9750,True
16305,0,0,9751,9751,True
16306,8.09225675766e-05,0.000250123557635,12458,12388,False
16307,0.00054985191673,0.00190127221867,15916,16067,False
16308,0,0,9752,9752,True
16309,0,0,9753,9753,True
16310,0,0,9754,9754,True
16311,0.000433523819083,0.00151860294864,15107,15250,False
16312,0,0,9755,9755,True
16313,0,0,9756,9756,True
16314,0,0,9757,9757,True
16315,0,0,9758,9758,True
16316,0,0,9759,9759,True
16317,0,0,9760,9760,True
16318,0.00121905794367,0.00417884066701,18731,18773,False
16319,0,0,9761,9761,True
16320,0.000116379509564,0.000382164638722,12877,12860,False
16321,0,0,9762,9762,True
16322,0,0,9763,9763,True
16323,0.00115648226347,0.00386788859032,18614,18606,False
16324,0.000518895161804,0.00171796872746,15689,15640,False
16325,0,0,9764,9764,True
16326,0,0,9765,9765,True
16327,0,0,9766,9766,True
16328,0.000380404439056,0.00126897566952,14781,14779,False
16329,0.000816141720861,0.00277685932815,17594,17635,False
16330,0,0,9767,9767,True
16331,0,0,9768,9768,True
16332,0,0,9769,9769,True
16333,3.27486995957e-05,0.000120977631013,11868,11895,False
16334,0.000312745833071,0.00102816312574,14379,14354,False
16335,0,0,9770,9770,True
16336,0,0,9771,9771,True
16337,0,0,9772,9772,True
16338,0,0,9773,9773,True
16339,0.00105209543835,0.00349159468897,18383,18354,False
16340,0,0,9774,9774,True
16341,0,0,9775,9775,True
16342,0,0,9776,9776,True
16343,0,0,9777,9777,True
16344,0.00149578147102,0.00525287352502,19155,19229,False
16345,0,0,9778,9778,True
16346,0,0,9779,9779,True
16347,0,0,9780,9780,True
16348,0,0,9781,9781,True
16349,0,0,9782,9782,True
16350,0,0,9783,9783,True
16351,0,0,9784,9784,True
16352,0.000569861149415,0.00190754176583,16079,16083,False
16353,0.00153765582945,0.00523335579783,19213,19226,False
16354,0,0,9785,9785,True
16355,0,0,9786,9786,True
16356,0,0,9787,9787,True
16357,0,0,9788,9788,True
16358,5.82374086662e-05,0.000189336889889,12162,12163,False
16359,0,0,9789,9789,True
16360,0,0,9790,9790,True
16361,0,0,9791,9791,True
16362,0,0,9792,9792,True
16363,0,0,9793,9793,True
16364,0,0,9794,9794,True
16365,0,0,9795,9795,True
16366,0,0,9796,9796,True
16367,0.00159873813391,0.00535671692342,19272,19266,False
16368,0,0,9797,9797,True
16369,0.000508767843712,0.001805907581,15618,15857,False
16370,0.00189250928815,0.00643236842006,19539,19556,False
16371,0,0,9798,9798,True
16372,0,0,9799,9799,True
16373,0,0,9800,9800,True
16374,0,0,9801,9801,True
16375,0,0,9802,9802,True
16376,0.000325517903548,0.00120817450806,14449,14665,False
16377,0,0,9803,9803,True
16378,0,0,9804,9804,True
16379,0,0,9805,9805,True
16380,0,0,9806,9806,True
16381,8.44094902277e-05,0.000294771220069,12499,12559,False
16382,0.00199331203476,0.00687332591042,19605,19637,False
16383,0,0,9807,9807,True
16384,0,0,9808,9808,True
16385,0,0,9809,9809,True
16386,0.000334507465595,0.00115387130063,14505,14570,False
16387,6.01479223405e-05,0.000177156282007,12190,12107,False
16388,0,0,9810,9810,True
16389,0.000622371968348,0.00213337759487,16493,16599,False
16390,0,0,9811,9811,True
16391,0.000880101171788,0.00292838201858,17854,17828,False
16392,0,0,9812,9812,True
16393,0,0,9813,9813,True
16394,0,0,9814,9814,True
16395,0,0,9815,9815,True
16396,7.28255763534e-05,0.000232913720538,12357,12325,False
16397,0,0,9816,9816,True
16398,0,0,9817,9817,True
16399,0,0,9818,9818,True
16400,0,0,9819,9819,True
16401,0,0,9820,9820,True
16402,0,0,9821,9821,True
16403,0.00089926389046,0.00300849718042,17930,17912,False
16404,0,0,9822,9822,True
16405,0,0,9823,9823,True
16406,0,0,9824,9824,True
16407,0,0,9825,9825,True
16408,0.000200172362383,0.000648272922263,13667,13617,False
16409,0,0,9826,9826,True
16410,0.000118258787552,0.000364660139894,12902,12779,False
16411,0,0,9827,9827,True
16412,0,0,9828,9828,True
16413,0.000462923868326,0.00151049380656,15294,15233,False
16414,0.00116026541218,0.00412555923685,18620,18738,False
16415,0.000189044061699,0.000804769457318,13585,13946,False
16416,0,0,9829,9829,True
16417,0,0,9830,9830,True
16418,5.13950362802e-05,0.000157146307174,12082,12038,False
16419,0,0,9831,9831,True
16420,0.000276450708043,0.000929560163058,14185,14187,False
16421,0.000833307451103,0.00282568484545,17680,17695,False
16422,0,0,9832,9832,True
16423,0,0,9833,9833,True
16424,0.000565268623177,0.00190284021664,16039,16071,False
16425,0,0,9834,9834,True
16426,0,0,9835,9835,True
16427,0.00171070243232,0.00549600180238,19372,19292,False
16428,0,0,9836,9836,True
16429,0,0,9837,9837,True
16430,0,0,9838,9838,True
16431,0,0,9839,9839,True
16432,0,0,9840,9840,True
16433,0,0,9841,9841,True
16434,0,0,9842,9842,True
16435,0,0,9843,9843,True
16436,0.00106066651642,0.00363441556692,18408,18457,False
16437,5.55847400392e-05,0.000196284076083,12136,12184,False
16438,0,0,9844,9844,True
16439,0,0,9845,9845,True
16440,0.000435707217548,0.00132999557536,15126,14886,False
16441,0,0,9846,9846,True
16442,0,0,9847,9847,True
16443,0,0,9848,9848,True
16444,0,0,9849,9849,True
16445,0.000961729907431,0.00315248756669,18138,18077,False
16446,0,0,9850,9850,True
16447,0.000578489853069,0.0019372474635,16158,16165,False
16448,0,0,9851,9851,True
16449,0,0,9852,9852,True
16450,0.00296939094551,0.0101085985079,19856,19862,False
16451,0,0,9853,9853,True
16452,0,0,9854,9854,True
16453,0.000295111094601,0.000941450300161,14289,14211,False
16454,0.00138219655491,0.00477052852511,19002,19051,False
16455,0.000917231896892,0.00298521970399,17992,17886,False
16456,0,0,9855,9855,True
16457,0.00163666775916,0.00593416998163,19301,19417,False
16458,0,0,9856,9856,True
16459,6.04540364293e-05,0.000218296627281,12197,12264,False
16460,0.000584697991144,0.0019618764054,16210,16233,False
16461,0,0,9857,9857,True
16462,0.000435075518908,0.00153374334332,15120,15283,False
16463,0,0,9858,9858,True
16464,0.000181888739462,0.000650397967547,13538,13623,False
16465,0,0,9859,9859,True
16466,0.000907682057004,0.00310021778569,17960,18021,False
16467,7.71883715061e-05,0.000247848918661,12401,12378,False
16468,0,0,9860,9860,True
16469,0.000132767730975,0.000431624794146,13049,13015,False
16470,0,0,9861,9861,True
16471,0,0,9862,9862,True
16472,0.000787717988715,0.0026122208219,17469,17428,False
16473,0,0,9863,9863,True
16474,0,0,9864,9864,True
16475,0,0,9865,9865,True
16476,0,0,9866,9866,True
16477,0,0,9867,9867,True
16478,0,0,9868,9868,True
16479,0.000650350353681,0.00204827473499,16698,16431,False
16480,0.000237250467762,0.000800000329036,13928,13930,False
16481,0.000571399985347,0.0019668682944,16093,16244,False
16482,0,0,9869,9869,True
16483,0,0,9870,9870,True
16484,0.00184575130697,0.00630033295602,19500,19525,False
16485,0,0,9871,9871,True
16486,0.00124977354426,0.00415799720213,18787,18754,False
16487,7.07260915078e-05,0.000238888256717,12329,12346,False
16488,0,0,9872,9872,True
16489,0,0,9873,9873,True
16490,0,0,9874,9874,True
16491,0,0,9875,9875,True
16492,0,0,9876,9876,True
16493,0.000111162647954,0.000446349295089,12808,13054,False
16494,0,0,9877,9877,True
16495,0.00192347611301,0.00628036167473,19555,19520,False
16496,0.000763121002819,0.00283825933002,17352,17713,False
16497,0.00106000679079,0.00352032156661,18405,18375,False
16498,0.000441848795163,0.00146664911881,15162,15156,False
16499,0,0,9878,9878,True
16500,0,0,9879,9879,True
16501,0,0,9880,9880,True
16502,0.000571912620217,0.00194181047846,16097,16176,False
16503,0.000721778138541,0.00230260821991,17123,16914,False
16504,0.000487764365971,0.00163335050456,15467,15464,False
16505,0,0,9881,9881,True
16506,0,0,9882,9882,True
16507,0.000195053449715,0.000695750874002,13622,13710,False
16508,0,0,9883,9883,True
16509,0.001783343032,0.00589660089463,19448,19402,False
16510,0,0,9884,9884,True
16511,0,0,9885,9885,True
16512,0,0,9886,9886,True
16513,0.00139228056651,0.00466292491183,19016,19000,False
16514,0,0,9887,9887,True
16515,0,0,9888,9888,True
16516,0,0,9889,9889,True
16517,0,0,9890,9890,True
16518,0,0,9891,9891,True
16519,0.000640610232949,0.00212288624607,16631,16576,False
16520,0.00110426079482,0.00371101987548,18511,18509,False
16521,0.000438969378592,0.00147646770347,15144,15173,False
16522,0.000949507171754,0.00315349036828,18101,18080,False
16523,0,0,9892,9892,True
16524,0,0,9893,9893,True
16525,0,0,9894,9894,True
16526,0,0,9895,9895,True
16527,0,0,9896,9896,True
16528,0,0,9897,9897,True
16529,0,0,9898,9898,True
16530,0.000108246364107,0.000375214993255,12768,12832,False
16531,0,0,9899,9899,True
16532,0,0,9900,9900,True
16533,0.000478684320115,0.00163299450651,15393,15463,False
16534,0,0,9901,9901,True
16535,0,0,9902,9902,True
16536,0.000529866898432,0.00175307190511,15775,15720,False
16537,0.000833249359857,0.00269363168627,17679,17540,False
16538,0,0,9903,9903,True
16539,0.00264308042824,0.00901339016855,19817,19823,False
16540,0.000540620356333,0.00201758532785,15851,16358,False
16541,0,0,9904,9904,True
16542,0.00110114249401,0.00355771230534,18502,18406,False
16543,0.000687925668899,0.00239687599242,16926,17082,False
16544,0.0010066194227,0.00336604402401,18266,18263,False
16545,0,0,9905,9905,True
16546,0,0,9906,9906,True
16547,0.000606193381827,0.00209829211235,16383,16521,False
16548,0.00076515856199,0.00251745223068,17363,17289,False
16549,0,0,9907,9907,True
16550,0,0,9908,9908,True
16551,0,0,9909,9909,True
16552,0,0,9910,9910,True
16553,0,0,9911,9911,True
16554,0.000912240997422,0.00315211410634,17975,18076,False
16555,0,0,9912,9912,True
16556,0,0,9913,9913,True
16557,0.000554713944439,0.00188246171456,15956,16018,False
16558,0,0,9914,9914,True
16559,0.00101455289405,0.00352602428757,18290,18381,False
16560,0.000103476537333,0.000326473265886,12722,12661,False
16561,0.000125163162011,0.000375064963009,12978,12829,False
16562,0.000161707503139,0.000605972891208,13344,13514,False
16563,0,0,9915,9915,True
16564,0.00157067039981,0.00519925123081,19245,19212,False
16565,0.00010463095532,0.000345564156305,12731,12712,False
16566,0,0,9916,9916,True
16567,0.00017832982121,0.000642225902993,13501,13599,False
16568,0.00102858385071,0.00345833669417,18332,18333,False
16569,0.000555681355763,0.00175416318234,15962,15722,False
16570,0.00120810279623,0.00405214959756,18712,18707,False
16571,0.000945620413404,0.00318400142714,18088,18102,False
16572,0,0,9917,9917,True
16573,0.000239597924519,0.000869149342179,13945,14070,False
16574,0,0,9918,9918,True
16575,0,0,9919,9919,True
16576,0,0,9920,9920,True
16577,0.000907613663003,0.0030838327948,17959,18004,False
16578,0,0,9921,9921,True
16579,0.00133609387558,0.00454139104113,18932,18947,False
16580,0.000498617533594,0.00163251743652,15551,15461,False
16581,0.000420997414039,0.00145631527994,15035,15136,False
16582,0,0,9922,9922,True
16583,0,0,9923,9923,True
16584,4.67004720122e-05,0.000174074069946,12024,12098,False
16585,0,0,9924,9924,True
16586,0,0,9925,9925,True
16587,0.00205518607982,0.00698143616319,19650,19656,False
16588,0,0,9926,9926,True
16589,0,0,9927,9927,True
16590,0.000594076933339,0.00201057968661,16286,16340,False
16591,0,0,9928,9928,True
16592,0.000280322274193,0.00100636540446,14205,14321,False
16593,0.000414556910982,0.00138568202965,14991,14999,False
16594,0,0,9929,9929,True
16595,7.4807801866e-05,0.000285280926619,12372,12530,False
16596,0.000302441039821,0.00108084047679,14330,14439,False
16597,0.000995025620796,0.00328077725135,18240,18189,False
16598,0,0,9930,9930,True
16599,0.00100664247293,0.00320348888636,18267,18115,False
16600,0,0,9931,9931,True
16601,0,0,9932,9932,True
16602,0,0,9933,9933,True
16603,0.000523531751242,0.00178688555025,15727,15805,False
16604,0.00195161090232,0.00642636651173,19574,19555,False
16605,0.000895557459444,0.00306507153437,17918,17988,False
16606,0,0,9934,9934,True
16607,0,0,9935,9935,True
16608,0,0,9936,9936,True
16609,3.73159491573e-05,0.000108058229671,11914,11857,False
16610,0.000628290232271,0.00216015032493,16535,16643,False
16611,0.00179679784924,0.00593728804961,19456,19419,False
16612,0,0,9937,9937,True
16613,0.00256776763126,0.00873543135822,19807,19810,False
16614,0.000157001501066,0.000516365049407,13304,13252,False
16615,0.000485489843413,0.00170356931631,15450,15607,False
16616,0,0,9938,9938,True
16617,0,0,9939,9939,True
16618,0,0,9940,9940,True
16619,0.000150606036186,0.000531797413714,13239,13301,False
16620,0.00107892695814,0.00359919341281,18450,18427,False
16621,0,0,9941,9941,True
16622,0.00139599922113,0.0045585539192,19023,18959,False
16623,0.000738731177989,0.00248510483652,17222,17230,False
16624,0,0,9942,9942,True
16625,0,0,9943,9943,True
16626,0,0,9944,9944,True
16627,0,0,9945,9945,True
16628,0,0,9946,9946,True
16629,0.000191908780835,0.000771197665017,13604,13864,False
16630,0,0,9947,9947,True
16631,0.000758512411267,0.00249783485197,17330,17253,False
16632,0,0,9948,9948,True
16633,0.000276433565887,0.000905240944121,14184,14138,False
16634,0,0,9949,9949,True
16635,0,0,9950,9950,True
16636,0.000729830935597,0.0024592760019,17166,17188,False
16637,0.000580044288654,0.0019909106195,16170,16297,False
16638,0,0,9951,9951,True
16639,0,0,9952,9952,True
16640,0,0,9953,9953,True
16641,0,0,9954,9954,True
16642,0,0,9955,9955,True
16643,0.000238735272433,0.000782181334216,13935,13893,False
16644,0,0,9956,9956,True
16645,0,0,9957,9957,True
16646,0,0,9958,9958,True
16647,9.91180058918e-05,0.000425019388786,12677,12990,False
16648,0.00113795383368,0.00392596563324,18576,18641,False
16649,0,0,9959,9959,True
16650,0,0,9960,9960,True
16651,0.000795892963652,0.00267259031534,17507,17514,False
16652,0,0,9961,9961,True
16653,0,0,9962,9962,True
16654,0,0,9963,9963,True
16655,0,0,9964,9964,True
16656,0,0,9965,9965,True
16657,0.00102681072894,0.00330124772154,18323,18201,False
16658,0,0,9966,9966,True
16659,0.000244669470703,0.000817176362034,13975,13969,False
16660,0,0,9967,9967,True
16661,0,0,9968,9968,True
16662,0.000584721216001,0.00188782229088,16211,16031,False
16663,0,0,9969,9969,True
16664,0,0,9970,9970,True
16665,0.00013486482203,0.000537630461622,13079,13319,False
16666,0,0,9971,9971,True
16667,0,0,9972,9972,True
16668,0,0,9973,9973,True
16669,0.000642773055006,0.00213208724745,16648,16594,False
16670,0.000456712703453,0.00157955219038,15262,15367,False
16671,0,0,9974,9974,True
16672,0.000369839486666,0.00116244668607,14702,14589,False
16673,0,0,9975,9975,True
16674,0.000903309381101,0.0030608358793,17944,17981,False
16675,0.000502786424477,0.00164231215604,15571,15485,False
16676,0,0,9976,9976,True
16677,0.00132740510162,0.0045377695933,18918,18941,False
16678,0,0,9977,9977,True
16679,2.74757458101e-05,0.000107531319372,11822,11856,False
16680,0,0,9978,9978,True
16681,0,0,9979,9979,True
16682,0,0,9980,9980,True
16683,0,0,9981,9981,True
16684,0.000304903893266,0.00103187607601,14340,14365,False
16685,0.000162546086358,0.000375065457774,13359,12830,False
16686,0.000187478799489,0.000640520011075,13577,13595,False
16687,0.0014963732101,0.00533027201891,19159,19258,False
16688,0,0,9982,9982,True
16689,0.000435168738477,0.00136816233862,15121,14957,False
16690,0,0,9983,9983,True
16691,0.000175647248398,0.00056196434889,13473,13395,False
16692,0.000158907234436,0.000532367441338,13317,13306,False
16693,0.000614777207375,0.00219106557779,16437,16706,False
16694,0,0,9984,9984,True
16695,0,0,9985,9985,True
16696,0,0,9986,9986,True
16697,0.000697058683727,0.00228494266048,16977,16878,False
16698,0,0,9987,9987,True
16699,0.000781490758527,0.00270291417837,17437,17547,False
16700,4.31489133916e-05,0.000165599660249,11983,12068,False
16701,0,0,9988,9988,True
16702,0,0,9989,9989,True
16703,0,0,9990,9990,True
16704,0,0,9991,9991,True
16705,0.000551205303054,0.00178513792343,15926,15797,False
16706,5.60295884497e-05,0.000168380138348,12140,12074,False
16707,5.53031459276e-05,0.000252414407441,12134,12403,False
16708,0,0,9992,9992,True
16709,0.000231666490436,0.000759570859373,13890,13841,False
16710,0,0,9993,9993,True
16711,0.00148867222015,0.00510497903451,19148,19183,False
16712,0,0,9994,9994,True
16713,0,0,9995,9995,True
16714,0,0,9996,9996,True
16715,0.00133803545032,0.00441423151642,18934,18891,False
16716,0.000984308426268,0.00320812524296,18216,18123,False
16717,0,0,9997,9997,True
16718,0,0,9998,9998,True
16719,4.69448568765e-05,0.000169037783053,12026,12081,False
16720,0.000607869122177,0.00197071000002,16394,16257,False
16721,0.000606493733358,0.00205129152164,16386,16439,False
16722,0,0,9999,9999,True
16723,0.00138312892523,0.00461545819417,19004,18984,False
16724,0,0,10000,10000,True
16725,0,0,10001,10001,True
16726,0,0,10002,10002,True
16727,0,0,10003,10003,True
16728,0,0,10004,10004,True
16729,9.07358989934e-05,0.00033244714723,12585,12673,False
16730,0.00159590272233,0.00532468874007,19269,19255,False
16731,0.000309998955345,0.00106753897853,14362,14413,False
16732,0,0,10005,10005,True
16733,0,0,10006,10006,True
16734,0.000479406589875,0.00159934477415,15402,15406,False
16735,0.000824510236271,0.00284831225872,17638,17731,False
16736,0,0,10007,10007,True
16737,0,0,10008,10008,True
16738,6.67961139698e-05,0.000230092526181,12285,12315,False
16739,0,0,10009,10009,True
16740,0,0,10010,10010,True
16741,0,0,10011,10011,True
16742,0,0,10012,10012,True
16743,8.72583404998e-05,0.000286364811473,12537,12535,False
16744,0,0,10013,10013,True
16745,0.000241971152718,0.000790120393503,13959,13904,False
16746,0,0,10014,10014,True
16747,0,0,10015,10015,True
16748,0,0,10016,10016,True
16749,0,0,10017,10017,True
16750,0,0,10018,10018,True
16751,0,0,10019,10019,True
16752,0.000945103587583,0.00305278529413,18086,17966,False
16753,0,0,10020,10020,True
16754,0,0,10021,10021,True
16755,0,0,10022,10022,True
16756,0.000602787011303,0.00189605087508,16355,16049,False
16757,0,0,10023,10023,True
16758,0,0,10024,10024,True
16759,0.000537644722499,0.00184282695409,15835,15932,False
16760,0,0,10025,10025,True
16761,0,0,10026,10026,True
16762,0.000609571638051,0.0019218204543,16402,16120,False
16763,0.000497535336763,0.00182945013512,15542,15905,False
16764,0,0,10027,10027,True
16765,0,0,10028,10028,True
16766,0,0,10029,10029,True
16767,0.000458109105239,0.00152857135981,15271,15272,False
16768,0.000465672201244,0.00148360058665,15321,15192,False
16769,0,0,10030,10030,True
16770,0.000288594252197,0.00104397977702,14256,14380,False
16771,0.00207889941521,0.0071495748125,19664,19692,False
16772,0,0,10031,10031,True
16773,0,0,10032,10032,True
16774,0,0,10033,10033,True
16775,0,0,10034,10034,True
16776,0.00197221152484,0.00653786305338,19589,19577,False
16777,0,0,10035,10035,True
16778,0.000733177410439,0.00247974181548,17189,17220,False
16779,0,0,10036,10036,True
16780,0.000373340328224,0.00125638954341,14735,14749,False
16781,0.000761386705562,0.00257006892934,17347,17366,False
16782,0.000583640008699,0.00205396092497,16199,16443,False
16783,0,0,10037,10037,True
16784,0,0,10038,10038,True
16785,0,0,10039,10039,True
16786,0,0,10040,10040,True
16787,0,0,10041,10041,True
16788,0,0,10042,10042,True
16789,0.000619865721092,0.00203115842305,16475,16398,False
16790,0,0,10043,10043,True
16791,0,0,10044,10044,True
16792,0,0,10045,10045,True
16793,0,0,10046,10046,True
16794,0,0,10047,10047,True
16795,0,0,10048,10048,True
16796,0.00159754091874,0.00540243694559,19270,19274,False
16797,0,0,10049,10049,True
16798,0,0,10050,10050,True
16799,0,0,10051,10051,True
16800,0.000939421879593,0.00298814452253,18063,17891,False
16801,0,0,10052,10052,True
16802,0,0,10053,10053,True
16803,8.17682375782e-05,0.000270747783361,12472,12478,False
16804,2.6795991289e-05,0.000156224152306,11819,12033,False
16805,0,0,10054,10054,True
16806,0,0,10055,10055,True
16807,0,0,10056,10056,True
16808,0,0,10057,10057,True
16809,0,0,10058,10058,True
16810,0,0,10059,10059,True
16811,0,0,10060,10060,True
16812,0,0,10061,10061,True
16813,0.000653233786579,0.00222382834181,16718,16773,False
16814,8.7775180873e-05,0.000297396938549,12545,12566,False
16815,0,0,10062,10062,True
16816,0.00129634037148,0.00431926455349,18863,18848,False
16817,0.000924886786379,0.00312563311309,18017,18045,False
16818,0,0,10063,10063,True
16819,0,0,10064,10064,True
16820,0.000441657088231,0.00138538132887,15161,14998,False
16821,0,0,10065,10065,True
16822,0.00044903048547,0.00139931612648,15222,15021,False
16823,0,0,10066,10066,True
16824,0,0,10067,10067,True
16825,9.76175797405e-05,0.000313777214615,12658,12620,False
16826,3.5655190004e-05,0.000133503781399,11891,11936,False
16827,0,0,10068,10068,True
16828,0,0,10069,10069,True
16829,0,0,10070,10070,True
16830,0,0,10071,10071,True
16831,0,0,10072,10072,True
16832,0,0,10073,10073,True
16833,0.000276899401797,0.000864317582455,14189,14066,False
16834,0,0,10074,10074,True
16835,0,0,10075,10075,True
16836,0,0,10076,10076,True
16837,0.00183739652857,0.00612061517313,19491,19477,False
16838,0.00109888170846,0.0036893049255,18493,18498,False
16839,0.00021604973881,0.000771245919168,13782,13865,False
16840,0.000910424627364,0.00301328185014,17971,17918,False
16841,0.000716054346412,0.00236338633113,17080,17015,False
16842,0,0,10077,10077,True
16843,0.00183481292333,0.006434335839,19490,19557,False
16844,0,0,10078,10078,True
16845,0.000456836860394,0.00155625410844,15263,15326,False
16846,0.000730696076062,0.00244117411785,17170,17155,False
16847,5.32641679456e-05,0.000187024663319,12108,12155,False
16848,0,0,10079,10079,True
16849,0,0,10080,10080,True
16850,0,0,10081,10081,True
16851,0.00032212244696,0.00110994803254,14431,14490,False
16852,0,0,10082,10082,True
16853,0.00120883830823,0.00402374146506,18713,18687,False
16854,0.000443513155915,0.00143126049079,15180,15083,False
16855,0,0,10083,10083,True
16856,0.000629481917713,0.00201005395502,16542,16334,False
16857,0.000684054160956,0.00233592488803,16905,16973,False
16858,0,0,10084,10084,True
16859,0.000496396271046,0.00160113198217,15533,15410,False
16860,0,0,10085,10085,True
16861,0,0,10086,10086,True
16862,0.000333954143571,0.00102293759119,14501,14346,False
16863,0.00176444696262,0.00590206775814,19426,19408,False
16864,0,0,10087,10087,True
16865,0,0,10088,10088,True
16866,0.000745148106944,0.00237574707717,17255,17035,False
16867,0.000674462295137,0.00225388118997,16849,16827,False
16868,0,0,10089,10089,True
16869,0,0,10090,10090,True
16870,0,0,10091,10091,True
16871,0.00110270117875,0.00377555028535,18504,18557,False
16872,0,0,10092,10092,True
16873,0,0,10093,10093,True
16874,0,0,10094,10094,True
16875,0,0,10095,10095,True
16876,0.000283763889456,0.000951301597524,14226,14225,False
16877,0,0,10096,10096,True
16878,0,0,10097,10097,True
16879,0,0,10098,10098,True
16880,0.000836057006381,0.00275809573941,17694,17612,False
16881,0,0,10099,10099,True
16882,0,0,10100,10100,True
16883,0,0,10101,10101,True
16884,0,0,10102,10102,True
16885,0,0,10103,10103,True
16886,0.00123999232892,0.00418612081558,18767,18780,False
16887,0,0,10104,10104,True
16888,0,0,10105,10105,True
16889,0.000325992936268,0.00106430903543,14453,14409,False
16890,0,0,10106,10106,True
16891,0,0,10107,10107,True
16892,0.000699424010236,0.00233294651844,16991,16964,False
16893,0,0,10108,10108,True
16894,0,0,10109,10109,True
16895,0.00334570114501,0.0111133269966,19879,19877,False
16896,0,0,10110,10110,True
16897,0.000178255388164,0.000514201819897,13499,13248,False
16898,0.000683362188283,0.00232555926777,16902,16957,False
16899,0,0,10111,10111,True
16900,0.000697149953339,0.00228508026339,16978,16879,False
16901,0.00074702576967,0.00263571366668,17268,17461,False
16902,0,0,10112,10112,True
16903,0.000964318634942,0.00327296229079,18147,18182,False
16904,0.000959293625783,0.00311882188544,18132,18040,False
16905,0.000466946483357,0.00154000672046,15327,15298,False
16906,0.000691716966685,0.00229693762958,16944,16898,False
16907,0.00068824092159,0.00235876534134,16927,17008,False
16908,0,0,10113,10113,True
16909,0,0,10114,10114,True
16910,0,0,10115,10115,True
16911,0.000875537283719,0.00300578516908,17835,17908,False
16912,0.000604929868132,0.00203210185282,16374,16400,False
16913,0.00148616032675,0.00491134356707,19145,19116,False
16914,0,0,10116,10116,True
16915,0.000481546187075,0.00159762450494,15416,15402,False
16916,0,0,10117,10117,True
16917,4.81685274281e-05,0.000154715366079,12039,12029,False
16918,0,0,10118,10118,True
16919,0.000107139567262,0.0003417939879,12754,12703,False
16920,9.66546867858e-05,0.000325067143422,12644,12657,False
16921,0,0,10119,10119,True
16922,0.00135532848071,0.00467862561345,18962,19005,False
16923,0,0,10120,10120,True
16924,0,0,10121,10121,True
16925,0.000491937156767,0.00169652560726,15495,15596,False
16926,0,0,10122,10122,True
16927,0.000286174676148,0.000951727444772,14241,14227,False
16928,0.000390670029446,0.00129035592545,14862,14816,False
16929,0.00052831240464,0.00172245444264,15766,15649,False
16930,0.000116348048323,0.000406188017223,12876,12929,False
16931,0.000815102830529,0.00276091205887,17586,17619,False
16932,0.00124035868794,0.00422258861363,18770,18794,False
16933,0,0,10123,10123,True
16934,0,0,10124,10124,True
16935,0.000657839584164,0.00223924894817,16751,16799,False
16936,0.000170108687598,0.000565930851735,13425,13409,False
16937,0,0,10125,10125,True
16938,0,0,10126,10126,True
16939,0.000774925982114,0.00262304139324,17404,17446,False
16940,0.000905407359824,0.00284179626033,17953,17720,False
16941,0,0,10127,10127,True
16942,0.000802060589194,0.00259977835231,17535,17411,False
16943,0,0,10128,10128,True
16944,0.000865056063049,0.00286211958155,17803,17749,False
16945,0.00167165487073,0.00571344001219,19333,19351,False
16946,0,0,10129,10129,True
16947,0.00020547202439,0.000667934305966,13706,13651,False
16948,0,0,10130,10130,True
16949,3.0573017284e-05,0.000115629918582,11848,11878,False
16950,0,0,10131,10131,True
16951,0,0,10132,10132,True
16952,0.00102662679274,0.00333166099153,18321,18234,False
16953,0,0,10133,10133,True
16954,0,0,10134,10134,True
16955,0.000676934956573,0.00228334311396,16865,16873,False
16956,0.000604303902946,0.00202260934748,16368,16370,False
16957,0,0,10135,10135,True
16958,0.00037017595605,0.00132448587101,14706,14880,False
16959,0,0,10136,10136,True
16960,0,0,10137,10137,True
16961,0.000391616369598,0.0013344231993,14866,14892,False
16962,0,0,10138,10138,True
16963,0.000218388886424,0.000763577758335,13803,13850,False
16964,0.00048942695139,0.00164774048608,15477,15495,False
16965,0,0,10139,10139,True
16966,0,0,10140,10140,True
16967,0,0,10141,10141,True
16968,0,0,10142,10142,True
16969,0.00041871072608,0.00138265895657,15021,14986,False
16970,0,0,10143,10143,True
16971,0,0,10144,10144,True
16972,0,0,10145,10145,True
16973,0,0,10146,10146,True
16974,0.000966708816122,0.00320221669972,18155,18112,False
16975,6.02370346314e-05,0.00019153401081,12192,12172,False
16976,0,0,10147,10147,True
16977,0,0,10148,10148,True
16978,0.000724782934412,0.00245083891787,17140,17177,False
16979,0,0,10149,10149,True
16980,0.00116525462363,0.0041096676141,18632,18734,False
16981,0.00095870194491,0.00317546958104,18128,18095,False
16982,0,0,10150,10150,True
16983,0.000775230699219,0.00262285792269,17406,17444,False
16984,0,0,10151,10151,True
16985,0.000525044684764,0.00183694751468,15740,15919,False
16986,0,0,10152,10152,True
16987,0,0,10153,10153,True
16988,0.000687614490744,0.00222323229536,16924,16771,False
16989,0.000584058638196,0.00190868182108,16205,16087,False
16990,0,0,10154,10154,True
16991,0,0,10155,10155,True
16992,0.00108632666524,0.00363859464414,18467,18461,False
16993,0,0,10156,10156,True
16994,0,0,10157,10157,True
16995,0.000559119798709,0.00196665921248,15988,16243,False
16996,0,0,10158,10158,True
16997,0,0,10159,10159,True
16998,0.00109332287684,0.00368329300545,18480,18493,False
16999,0,0,10160,10160,True
17000,0,0,10161,10161,True
17001,0,0,10162,10162,True
17002,0,0,10163,10163,True
17003,0,0,10164,10164,True
17004,0,0,10165,10165,True
17005,0,0,10166,10166,True
17006,5.10009122081e-05,0.00017760854098,12074,12111,False
17007,0,0,10167,10167,True
17008,0,0,10168,10168,True
17009,9.07495195861e-05,0.000317241618177,12586,12630,False
17010,0,0,10169,10169,True
17011,0.000772266299464,0.00249199639075,17391,17243,False
17012,0,0,10170,10170,True
17013,0.00142844719812,0.00475174700841,19067,19042,False
17014,0.00150112633128,0.00480852741748,19164,19071,False
17015,0,0,10171,10171,True
17016,0.000609142065514,0.00203060219064,16399,16395,False
17017,0,0,10172,10172,True
17018,0.000331795366947,0.00109199504368,14487,14454,False
17019,0,0,10173,10173,True
17020,5.86478599871e-05,0.000207682925975,12168,12228,False
17021,0.000933815434109,0.00313618965447,18050,18061,False
17022,0.000233062994084,0.000750829465687,13900,13816,False
17023,0,0,10174,10174,True
17024,0.000697762647178,0.00231396476738,16980,16938,False
17025,0.000486796867335,0.00163374538533,15457,15466,False
17026,0,0,10175,10175,True
17027,0.00087017257465,0.00290033803321,17819,17800,False
17028,0,0,10176,10176,True
17029,0,0,10177,10177,True
17030,0.000962371006608,0.00334453769028,18140,18246,False
17031,0.00135659321677,0.00475609535351,18966,19046,False
17032,0,0,10178,10178,True
17033,0,0,10179,10179,True
17034,0,0,10180,10180,True
17035,0,0,10181,10181,True
17036,0.000274952995824,0.00085447129095,14174,14040,False
17037,0,0,10182,10182,True
17038,0.000718981376849,0.00239407992922,17099,17074,False
17039,0,0,10183,10183,True
17040,0.00110872613732,0.00379910855554,18517,18571,False
17041,0.00120373780373,0.00404575560242,18703,18702,False
17042,0,0,10184,10184,True
17043,6.56963602523e-05,0.00023148584296,12267,12321,False
17044,0.00110052176751,0.00368963112123,18498,18499,False
17045,0,0,10185,10185,True
17046,0,0,10186,10186,True
17047,0,0,10187,10187,True
17048,0.000406064093113,0.00136081816163,14939,14937,False
17049,9.69111497398e-05,0.000200730035431,12649,12206,False
17050,0,0,10188,10188,True
17051,0.000598381040618,0.00191368709784,16324,16095,False
17052,0,0,10189,10189,True
17053,0,0,10190,10190,True
17054,0.000131480555865,0.000474263651995,13036,13147,False
17055,0,0,10191,10191,True
17056,0,0,10192,10192,True
17057,0,0,10193,10193,True
17058,0,0,10194,10194,True
17059,0.00137974659447,0.00462833791971,18999,18989,False
17060,0,0,10195,10195,True
17061,0.00117829313967,0.00403965217993,18655,18696,False
17062,0.00085944798775,0.0029201770667,17786,17818,False
17063,0.000242281050305,0.000802984868642,13960,13940,False
17064,0,0,10196,10196,True
17065,0.0014581537107,0.00492780236527,19117,19122,False
17066,0,0,10197,10197,True
17067,0,0,10198,10198,True
17068,0.000572793302126,0.00189419218805,16104,16043,False
17069,0,0,10199,10199,True
17070,0.001105514355,0.00387306488119,18513,18611,False
17071,3.36686280207e-05,0.000119112432003,11873,11888,False
17072,0.000425131816883,0.00140909396578,15068,15041,False
17073,0,0,10200,10200,True
17074,0,0,10201,10201,True
17075,0.00142315565608,0.00466772541404,19059,19002,False
17076,0.000879108381923,0.00298111047596,17849,17883,False
17077,0.000397453637561,0.00135334138758,14897,14922,False
17078,0,0,10202,10202,True
17079,0.00130243157037,0.00452365586534,18871,18934,False
17080,0,0,10203,10203,True
17081,0,0,10204,10204,True
17082,0,0,10205,10205,True
17083,0,0,10206,10206,True
17084,0,0,10207,10207,True
17085,0,0,10208,10208,True
17086,0,0,10209,10209,True
17087,0,0,10210,10210,True
17088,2.343986489e-05,7.75041044108e-05,11809,11807,False
17089,0.000100617486169,0.0003367314348,12692,12686,False
17090,0.000255623890553,0.000899627164472,14058,14130,False
17091,0.000591057701968,0.00195849873126,16262,16225,False
17092,0.000448446575319,0.00139068253338,15218,15008,False
17093,0.000644856656436,0.00225422740914,16657,16829,False
17094,0,0,10211,10211,True
17095,0.00108591897879,0.00351508054882,18466,18371,False
17096,0.000844883441459,0.00289974850602,17727,17798,False
17097,0.00059499789495,0.0019007336814,16296,16065,False
17098,0,0,10212,10212,True
17099,0,0,10213,10213,True
17100,0.000343175313901,0.0010585054988,14566,14404,False
17101,0.000892945041414,0.00306851253845,17913,17991,False
17102,0,0,10214,10214,True
17103,0,0,10215,10215,True
17104,0,0,10216,10216,True
17105,0,0,10217,10217,True
17106,0,0,10218,10218,True
17107,0.00144913757686,0.0050682220608,19103,19164,False
17108,0,0,10219,10219,True
17109,0.000369846879039,0.00143663340714,14703,15099,False
17110,0.000744067074265,0.00252183107659,17248,17298,False
17111,0,0,10220,10220,True
17112,0.000764731550589,0.00250034360215,17360,17259,False
17113,0,0,10221,10221,True
17114,0.000209824997,0.000670386943966,13742,13657,False
17115,0,0,10222,10222,True
17116,0.000405670842156,0.00134385563433,14938,14901,False
17117,0.000568645191379,0.00200369372033,16067,16323,False
17118,0,0,10223,10223,True
17119,0,0,10224,10224,True
17120,0.000582722132094,0.001951704151,16192,16207,False
17121,0,0,10225,10225,True
17122,0,0,10226,10226,True
17123,0.000548190844711,0.00190186197869,15902,16069,False
17124,4.30380532634e-05,0.000102180158137,11978,11843,False
17125,0.00193685572594,0.006324976217,19565,19530,False
17126,0,0,10227,10227,True
17127,9.53735652729e-05,0.000316629826557,12629,12629,False
17128,0.000734705186915,0.00257643358782,17201,17373,False
17129,0,0,10228,10228,True
17130,0,0,10229,10229,True
17131,0.000661775586195,0.00227481941693,16774,16857,False
17132,0,0,10230,10230,True
17133,0.000109055479697,0.00033907208126,12780,12695,False
17134,3.95171846321e-05,0.000130339103634,11939,11928,False
17135,0,0,10231,10231,True
17136,0,0,10232,10232,True
17137,0,0,10233,10233,True
17138,0,0,10234,10234,True
17139,0,0,10235,10235,True
17140,0,0,10236,10236,True
17141,0.000682390469592,0.00226479559205,16896,16840,False
17142,0,0,10237,10237,True
17143,0.000136679067509,0.00050463253865,13105,13226,False
17144,0,0,10238,10238,True
17145,0.000830460689031,0.00281214783899,17669,17681,False
17146,0,0,10239,10239,True
17147,0.00026073231129,0.00091111427173,14085,14155,False
17148,0,0,10240,10240,True
17149,0,0,10241,10241,True
17150,0,0,10242,10242,True
17151,0,0,10243,10243,True
17152,0.00195410312153,0.00658946624026,19577,19584,False
17153,0,0,10244,10244,True
17154,0,0,10245,10245,True
17155,0.0011898613302,0.00391311943531,18679,18634,False
17156,0,0,10246,10246,True
17157,0,0,10247,10247,True
17158,0.00171979644801,0.00581208150834,19380,19378,False
17159,0.000554616563022,0.00171854195651,15954,15643,False
17160,0,0,10248,10248,True
17161,0,0,10249,10249,True
17162,0,0,10250,10250,True
17163,0.000206174212508,0.000675780524034,13717,13669,False
17164,3.12893389491e-05,0.000140103787999,11855,11964,False
17165,0.00175351253711,0.00609652511775,19410,19470,False
17166,0.000740321003832,0.00240985397249,17233,17100,False
17167,0,0,10251,10251,True
17168,0,0,10252,10252,True
17169,0,0,10253,10253,True
17170,0,0,10254,10254,True
17171,0,0,10255,10255,True
17172,0,0,10256,10256,True
17173,0.00289594987407,0.00988380145282,19850,19851,False
17174,0,0,10257,10257,True
17175,0,0,10258,10258,True
17176,0.00170763256028,0.0058996300213,19368,19406,False
17177,0,0,10259,10259,True
17178,0,0,10260,10260,True
17179,0.000438453746028,0.00148349662777,15140,15191,False
17180,0.000148792838445,0.00053133565234,13218,13298,False
17181,0,0,10261,10261,True
17182,0.00119377835654,0.00395676214248,18685,18660,False
17183,0.00039910923806,0.00136421411298,14906,14944,False
17184,0,0,10262,10262,True
17185,0,0,10263,10263,True
17186,0.00023899532971,0.000808014417998,13937,13949,False
17187,0,0,10264,10264,True
17188,0,0,10265,10265,True
17189,0,0,10266,10266,True
17190,0,0,10267,10267,True
17191,0,0,10268,10268,True
17192,0.000657540687826,0.00213746074587,16746,16605,False
17193,0.00118253496476,0.00402954081073,18669,18691,False
17194,0,0,10269,10269,True
17195,0,0,10270,10270,True
17196,0,0,10271,10271,True
17197,0,0,10272,10272,True
17198,0.000370176916476,0.00108199869283,14707,14442,False
17199,0.000146384671098,0.000441617943579,13197,13043,False
17200,0.00150976073928,0.0051652379334,19179,19203,False
17201,0,0,10273,10273,True
17202,0.00123176840134,0.00423450861126,18753,18804,False
17203,0,0,10274,10274,True
17204,0,0,10275,10275,True
17205,0,0,10276,10276,True
17206,0.00117093371227,0.00391522375867,18639,18636,False
17207,8.85211484274e-05,0.000271306547802,12556,12481,False
17208,0.000118790405395,0.000363648578059,12908,12775,False
17209,0.000678756972775,0.00228359270841,16876,16874,False
17210,0.000400280987378,0.00126050948165,14912,14759,False
17211,0,0,10277,10277,True
17212,0.000189294660231,0.000668627966661,13587,13652,False
17213,0.000454613211332,0.0014572374057,15250,15139,False
17214,0,0,10278,10278,True
17215,0.00169095932506,0.00570292910561,19352,19348,False
17216,0.000648304994684,0.0021245230455,16680,16582,False
17217,0,0,10279,10279,True
17218,0,0,10280,10280,True
17219,0.000206661730772,0.00081566744484,13718,13963,False
17220,0,0,10281,10281,True
17221,0,0,10282,10282,True
17222,0.000446636753622,0.00165475613903,15199,15507,False
17223,0.00298636057414,0.0100528169423,19858,19859,False
17224,0.00159535056446,0.00547102699056,19268,19286,False
17225,0.000356808945071,0.00122360873502,14643,14682,False
17226,8.68650022312e-05,0.00027480328572,12530,12493,False
17227,0,0,10283,10283,True
17228,0,0,10284,10284,True
17229,0.000300019950373,0.000909631547984,14322,14150,False
17230,0,0,10285,10285,True
17231,0,0,10286,10286,True
17232,4.90891616209e-05,0.000180730654392,12052,12127,False
17233,0.000337315665092,0.00116130942479,14529,14587,False
17234,9.98863833956e-05,0.00026498400257,12686,12454,False
17235,0,0,10287,10287,True
17236,0.000666983425617,0.00221772049554,16812,16766,False
17237,0,0,10288,10288,True
17238,0,0,10289,10289,True
17239,0,0,10290,10290,True
17240,0.00014211886446,0.00045233705896,13156,13073,False
17241,0.00114758184645,0.0039644301869,18598,18662,False
17242,0,0,10291,10291,True
17243,0,0,10292,10292,True
17244,0.000767463701777,0.00259212125093,17371,17400,False
17245,0.00106172543019,0.00350341270678,18414,18367,False
17246,0.000723893987015,0.00244961981662,17137,17174,False
17247,0.000496729335282,0.0016733299708,15537,15543,False
17248,0.00236884085461,0.00788293126971,19769,19757,False
17249,0.000338415906299,0.00112295732833,14534,14514,False
17250,0.000341374718118,0.00107988750096,14555,14433,False
17251,0.000515232153703,0.00184717809316,15665,15943,False
17252,7.09269224899e-05,0.00022983578674,12334,12314,False
17253,0.000149104133015,0.000534358550794,13224,13312,False
17254,0,0,10293,10293,True
17255,0.000239024870098,0.000799695495516,13939,13928,False
17256,0.000695492897648,0.00238808477297,16966,17062,False
17257,0,0,10294,10294,True
17258,0.000406184874009,0.00133194180671,14941,14889,False
17259,0.00208253506571,0.0070967474021,19667,19681,False
17260,0.000184566117241,0.0006369787734,13555,13585,False
17261,0,0,10295,10295,True
17262,0.000294488127111,0.00101955153514,14284,14338,False
17263,0.000605028762948,0.00191685627215,16375,16104,False
17264,3.70024681615e-05,0.000123801844893,11908,11913,False
17265,0.000157235495863,0.000497883185744,13308,13215,False
17266,2.89674171654e-05,0.000100839752122,11837,11841,False
17267,0,0,10296,10296,True
17268,0,0,10297,10297,True
17269,0,0,10298,10298,True
17270,0,0,10299,10299,True
17271,0.00197922671214,0.00657297251746,19596,19581,False
17272,0.00124938215595,0.00419313134626,18785,18784,False
17273,0,0,10300,10300,True
17274,0.00198389869183,0.00666539557278,19600,19601,False
17275,0.000327723362716,0.00106788286939,14463,14414,False
17276,0.000796270091087,0.00250105001032,17509,17263,False
17277,0,0,10301,10301,True
17278,0.000715082336683,0.00240443181247,17077,17090,False
17279,0.00013413184206,0.000472971092677,13067,13143,False
17280,0.00119639676996,0.00414746906608,18692,18751,False
17281,0.000847739109304,0.00294973491691,17737,17849,False
17282,0.000709056388587,0.00239148898982,17042,17070,False
17283,0,0,10302,10302,True
17284,0,0,10303,10303,True
17285,4.74787666462e-05,0.000138838688144,12033,11957,False
17286,0.000256812549196,0.000944438623264,14064,14216,False
17287,0,0,10304,10304,True
17288,0.000287237198791,0.000953695969656,14247,14229,False
17289,0,0,10305,10305,True
17290,0,0,10306,10306,True
17291,0,0,10307,10307,True
17292,3.26648114424e-05,0.000119900963909,11867,11890,False
17293,0.000789714977145,0.00254622776993,17478,17335,False
17294,0.000338865327649,0.0012176403543,14537,14678,False
17295,0.000195523403818,0.000533020298462,13628,13308,False
17296,0,0,10308,10308,True
17297,0,0,10309,10309,True
17298,0.0005696049775,0.00190690299496,16075,16082,False
17299,0,0,10310,10310,True
17300,3.71093155991e-05,0.000135563503136,11911,11945,False
17301,0.00101621809881,0.00339505495504,18297,18281,False
17302,0,0,10311,10311,True
17303,0,0,10312,10312,True
17304,0.000307169626467,0.000919913174585,14349,14170,False
17305,0.00034060573671,0.00117667287122,14551,14619,False
17306,0,0,10313,10313,True
17307,0.000641971535515,0.00215350789949,16640,16634,False
17308,0.000178520946065,0.000531351717655,13503,13299,False
17309,0.00090484629618,0.00306230247952,17950,17982,False
17310,0,0,10314,10314,True
17311,0,0,10315,10315,True
17312,0.0023766066879,0.00792921986431,19771,19760,False
17313,0.000630795839243,0.00202911742963,16555,16392,False
17314,0,0,10316,10316,True
17315,0,0,10317,10317,True
17316,0.0013358121505,0.00424111122265,18931,18809,False
17317,0,0,10318,10318,True
17318,6.55065450701e-05,0.000183233918506,12264,12138,False
17319,0,0,10319,10319,True
17320,0,0,10320,10320,True
17321,0.000531655445229,0.0018368648598,15787,15918,False
17322,0.000881122483406,0.00281865289435,17862,17689,False
17323,0,0,10321,10321,True
17324,0,0,10322,10322,True
17325,0,0,10323,10323,True
17326,0.000658503384329,0.00223529222421,16754,16787,False
17327,0,0,10324,10324,True
17328,0.000403346202802,0.00118758424651,14925,14637,False
17329,0.000123036137666,0.000400139106205,12951,12915,False
17330,0.000262672663666,0.000854161742609,14101,14039,False
17331,0.00112489017192,0.00383554794826,18558,18588,False
17332,0,0,10325,10325,True
17333,0.0002829337609,0.000938097247854,14221,14204,False
17334,0,0,10326,10326,True
17335,0,0,10327,10327,True
17336,0,0,10328,10328,True
17337,0.0011950667249,0.00388383632526,18687,18617,False
17338,0,0,10329,10329,True
17339,0.000143682584167,0.000504961237311,13170,13227,False
17340,0.000969904474914,0.00305189215578,18161,17961,False
17341,0,0,10330,10330,True
17342,0,0,10331,10331,True
17343,0.00118954968639,0.00398250669241,18678,18670,False
17344,0.000527188589331,0.00165658874903,15757,15513,False
17345,0,0,10332,10332,True
17346,0,0,10333,10333,True
17347,0,0,10334,10334,True
17348,0,0,10335,10335,True
17349,0,0,10336,10336,True
17350,0,0,10337,10337,True
17351,0.00203638966195,0.00688906572759,19638,19642,False
17352,0,0,10338,10338,True
17353,8.65623514983e-05,0.000251595251029,12524,12397,False
17354,0,0,10339,10339,True
17355,0,0,10340,10340,True
17356,0.00155574968085,0.00514473067597,19228,19195,False
17357,0,0,10341,10341,True
17358,0.000771989114583,0.00264527066611,17388,17473,False
17359,0.000320614490192,0.00103415315971,14423,14368,False
17360,0,0,10342,10342,True
17361,5.83139808441e-05,0.00020687826327,12164,12225,False
17362,0,0,10343,10343,True
17363,0,0,10344,10344,True
17364,0.000145303900354,0.000489083235152,13186,13191,False
17365,0,0,10345,10345,True
17366,0.000504067342263,0.00152072892524,15576,15255,False
17367,0.000274228921626,0.000877412152477,14168,14092,False
17368,0,0,10346,10346,True
17369,0.000100773257145,0.000317246129271,12695,12631,False
17370,0,0,10347,10347,True
17371,0.000601679028478,0.00201023509726,16350,16336,False
17372,0,0,10348,10348,True
17373,0,0,10349,10349,True
17374,0,0,10350,10350,True
17375,0,0,10351,10351,True
17376,0.000763688178267,0.00252347812057,17357,17304,False
17377,0,0,10352,10352,True
17378,5.95508463448e-05,0.000210033947951,12183,12236,False
17379,0,0,10353,10353,True
17380,3.34626347467e-05,0.000122182798805,11872,11904,False
17381,0.000100705343357,0.000241401721723,12694,12356,False
17382,0,0,10354,10354,True
17383,0.00217625498772,0.00718067074195,19712,19699,False
17384,0,0,10355,10355,True
17385,0,0,10356,10356,True
17386,0,0,10357,10357,True
17387,0.00073112512473,0.00242176558822,17174,17126,False
17388,0.000258473359281,0.000817637192085,14071,13970,False
17389,0,0,10358,10358,True
17390,0,0,10359,10359,True
17391,0,0,10360,10360,True
17392,0,0,10361,10361,True
17393,0,0,10362,10362,True
17394,0,0,10363,10363,True
17395,0.000132705376018,0.00047097724746,13047,13134,False
17396,0.000636844546534,0.00223926734179,16605,16800,False
17397,5.78303697694e-05,0.000187818382983,12157,12159,False
17398,0.000397766678361,0.0013801822206,14899,14981,False
17399,0.000227648357395,0.000774366722908,13860,13874,False
17400,0.000425527367042,0.00141861499287,15069,15058,False
17401,0.000585817440879,0.0020323456265,16225,16401,False
17402,0,0,10364,10364,True
17403,0.00194524123799,0.00651260465384,19572,19571,False
17404,0,0,10365,10365,True
17405,0,0,10366,10366,True
17406,0.000188728357898,0.000619759899564,13582,13547,False
17407,0.000747137703001,0.00260389572941,17270,17416,False
17408,0.000533148937393,0.00187403825112,15799,16002,False
17409,0,0,10367,10367,True
17410,0,0,10368,10368,True
17411,0,0,10369,10369,True
17412,0,0,10370,10370,True
17413,0,0,10371,10371,True
17414,6.27699992037e-05,0.000178784044692,12226,12116,False
17415,0,0,10372,10372,True
17416,0,0,10373,10373,True
17417,0,0,10374,10374,True
17418,0,0,10375,10375,True
17419,0.00140909897164,0.00477752601728,19043,19054,False
17420,0.0017987791216,0.0059996494092,19459,19445,False
17421,0,0,10376,10376,True
17422,0,0,10377,10377,True
17423,0,0,10378,10378,True
17424,0,0,10379,10379,True
17425,0,0,10380,10380,True
17426,0.000453778193332,0.0014157583937,15243,15055,False
17427,0,0,10381,10381,True
17428,0,0,10382,10382,True
17429,0,0,10383,10383,True
17430,0,0,10384,10384,True
17431,0.000176187080797,0.000584863359109,13481,13465,False
17432,0,0,10385,10385,True
17433,0,0,10386,10386,True
17434,0,0,10387,10387,True
17435,0.000504777592141,0.00170582928695,15589,15614,False
17436,0,0,10388,10388,True
17437,0,0,10389,10389,True
17438,0,0,10390,10390,True
17439,0,0,10391,10391,True
17440,0,0,10392,10392,True
17441,5.59520194656e-05,0.000174631000846,12139,12102,False
17442,0,0,10393,10393,True
17443,0,0,10394,10394,True
17444,0,0,10395,10395,True
17445,0.0026471761521,0.0089621944353,19819,19819,False
17446,0.00021056519472,0.00070267933188,13749,13726,False
17447,0.000112345231173,0.000339741964126,12825,12697,False
17448,0,0,10396,10396,True
17449,0.00109530321788,0.00378840207122,18488,18566,False
17450,0,0,10397,10397,True
17451,0,0,10398,10398,True
17452,0,0,10399,10399,True
17453,0.000583409739193,0.001958521083,16196,16226,False
17454,0,0,10400,10400,True
17455,0,0,10401,10401,True
17456,0,0,10402,10402,True
17457,0.000174077664269,0.000559990934562,13458,13388,False
17458,0.000671162386425,0.00226631364785,16832,16847,False
17459,0.00139305263292,0.00473397690803,19017,19033,False
17460,0,0,10403,10403,True
17461,0,0,10404,10404,True
17462,0.000675818766467,0.00232451013289,16855,16954,False
17463,0,0,10405,10405,True
17464,0.000298472732538,0.000954002083745,14309,14231,False
17465,0,0,10406,10406,True
17466,0,0,10407,10407,True
17467,0.000123221281683,0.000402793404646,12955,12923,False
17468,0,0,10408,10408,True
17469,0.000556187937036,0.00195072207134,15968,16201,False
17470,0.000589163566474,0.00199847249314,16244,16309,False
17471,0.00165435660165,0.00551497237757,19318,19296,False
17472,0,0,10409,10409,True
17473,0,0,10410,10410,True
17474,0.000259370717686,0.000913839496206,14076,14159,False
17475,0,0,10411,10411,True
17476,0.000242531226831,0.000839550164528,13962,14009,False
17477,0,0,10412,10412,True
17478,0.000903857813682,0.00296297180466,17947,17863,False
17479,0,0,10413,10413,True
17480,0,0,10414,10414,True
17481,0,0,10415,10415,True
17482,0.000223933937377,0.000753538741264,13831,13823,False
17483,0,0,10416,10416,True
17484,0.000575896061491,0.00189332244918,16130,16040,False
17485,0,0,10417,10417,True
17486,0.000858099607285,0.00279671349563,17780,17657,False
17487,0,0,10418,10418,True
17488,0,0,10419,10419,True
17489,0.00144839868881,0.0049768849276,19101,19136,False
17490,0.00116401130799,0.00395423220471,18627,18656,False
17491,0,0,10420,10420,True
17492,0,0,10421,10421,True
17493,0,0,10422,10422,True
17494,8.53905439726e-05,0.00026547210291,12511,12457,False
17495,0,0,10423,10423,True
17496,0.000716310867574,0.00250275363214,17081,17266,False
17497,0.000692735484336,0.00254651531577,16951,17336,False
17498,0,0,10424,10424,True
17499,0.000106187915662,0.00036633000127,12748,12790,False
17500,0,0,10425,10425,True
17501,0,0,10426,10426,True
17502,0,0,10427,10427,True
17503,0,0,10428,10428,True
17504,0,0,10429,10429,True
17505,0.00176798540633,0.00597329996526,19433,19439,False
17506,0,0,10430,10430,True
17507,0.00165808270685,0.00563219795004,19321,19328,False
17508,0,0,10431,10431,True
17509,0.00166597310454,0.00562332803383,19329,19323,False
17510,0.000434578745626,0.00150018418208,15114,15222,False
17511,0,0,10432,10432,True
17512,0.00133287184872,0.00454529328272,18926,18950,False
17513,0.000899525242858,0.00325445039198,17931,18165,False
17514,0,0,10433,10433,True
17515,0.000631696777418,0.00217367568985,16566,16678,False
17516,6.28453271929e-05,0.000193198837223,12228,12177,False
17517,0,0,10434,10434,True
17518,0.000716793816537,0.00249859690666,17085,17256,False
17519,0.000512972124852,0.00169147073757,15647,15585,False
17520,0,0,10435,10435,True
17521,0,0,10436,10436,True
17522,0.00070573866833,0.00233530509286,17023,16971,False
17523,0,0,10437,10437,True
17524,0,0,10438,10438,True
17525,0,0,10439,10439,True
17526,0,0,10440,10440,True
17527,0,0,10441,10441,True
17528,0,0,10442,10442,True
17529,0,0,10443,10443,True
17530,0,0,10444,10444,True
17531,0,0,10445,10445,True
17532,0,0,10446,10446,True
17533,0.00119281141087,0.00377832259983,18683,18558,False
17534,0,0,10447,10447,True
17535,0.000131121807499,0.000381841877243,13033,12858,False
17536,0,0,10448,10448,True
17537,0.00169474410359,0.00560791650787,19356,19321,False
17538,0.00195452827029,0.00646116910502,19578,19563,False
17539,0,0,10449,10449,True
17540,0.000372854585294,0.00117746274918,14730,14621,False
17541,0,0,10450,10450,True
17542,0.00123040936887,0.00423581106588,18751,18805,False
17543,0.00130950286984,0.00444873189554,18883,18904,False
17544,0.00142731843516,0.00470182858407,19064,19013,False
17545,0,0,10451,10451,True
17546,0,0,10452,10452,True
17547,0,0,10453,10453,True
17548,0,0,10454,10454,True
17549,0,0,10455,10455,True
17550,0,0,10456,10456,True
17551,0.000609742070083,0.00201400136575,16404,16349,False
17552,0,0,10457,10457,True
17553,0,0,10458,10458,True
17554,0,0,10459,10459,True
17555,0,0,10460,10460,True
17556,0,0,10461,10461,True
17557,0,0,10462,10462,True
17558,0.00149418087676,0.00522531289607,19152,19222,False
17559,0.000136638132972,0.000513319857419,13103,13246,False
17560,0,0,10463,10463,True
17561,0.000481575349113,0.00144907680806,15418,15121,False
17562,0,0,10464,10464,True
17563,0,0,10465,10465,True
17564,0,0,10466,10466,True
17565,0,0,10467,10467,True
17566,0.00150644464884,0.00515449093655,19174,19197,False
17567,0,0,10468,10468,True
17568,8.16814936115e-05,0.000240188019234,12468,12354,False
17569,0,0,10469,10469,True
17570,0,0,10470,10470,True
17571,0.000123724486912,0.000386851461371,12962,12873,False
17572,0,0,10471,10471,True
17573,9.61246623774e-05,0.000325740023982,12637,12659,False
17574,0,0,10472,10472,True
17575,0.000493060098961,0.00161918590311,15500,15443,False
17576,0,0,10473,10473,True
17577,0,0,10474,10474,True
17578,0,0,10475,10475,True
17579,0,0,10476,10476,True
17580,0,0,10477,10477,True
17581,0,0,10478,10478,True
17582,0,0,10479,10479,True
17583,0,0,10480,10480,True
17584,0,0,10481,10481,True
17585,0,0,10482,10482,True
17586,0.00146431592293,0.00494616478682,19125,19126,False
17587,0,0,10483,10483,True
17588,0,0,10484,10484,True
17589,0,0,10485,10485,True
17590,0,0,10486,10486,True
17591,0,0,10487,10487,True
17592,0,0,10488,10488,True
17593,0,0,10489,10489,True
17594,0.000572536664549,0.00182358059101,16102,15897,False
17595,0.000428923405707,0.00140546110924,15083,15033,False
17596,0,0,10490,10490,True
17597,0,0,10491,10491,True
17598,0,0,10492,10492,True
17599,0,0,10493,10493,True
17600,0,0,10494,10494,True
17601,0,0,10495,10495,True
17602,0,0,10496,10496,True
17603,0.000892307667527,0.00304877129383,17909,17960,False
17604,0.000923222512938,0.003043779172,18009,17951,False
17605,0,0,10497,10497,True
17606,0,0,10498,10498,True
17607,0.000222978123929,0.000702110817656,13827,13724,False
17608,0.000649475085083,0.00211806548759,16690,16563,False
17609,0.000616991252173,0.00201837625355,16445,16360,False
17610,0,0,10499,10499,True
17611,0,0,10500,10500,True
17612,0,0,10501,10501,True
17613,0.00158588471822,0.00526959402487,19258,19233,False
17614,0,0,10502,10502,True
17615,0,0,10503,10503,True
17616,0,0,10504,10504,True
17617,0,0,10505,10505,True
17618,0.000215804961044,0.000701975310221,13779,13723,False
17619,0.000537115440238,0.00179326883517,15830,15821,False
17620,0.000137029317557,0.000479931070004,13111,13162,False
17621,0,0,10506,10506,True
17622,0.000732847081963,0.00242857541889,17186,17136,False
17623,0,0,10507,10507,True
17624,0,0,10508,10508,True
17625,0,0,10509,10509,True
17626,0,0,10510,10510,True
17627,0,0,10511,10511,True
17628,0,0,10512,10512,True
17629,0,0,10513,10513,True
17630,0,0,10514,10514,True
17631,0.00018487838679,0.000528962002136,13557,13284,False
17632,0,0,10515,10515,True
17633,0,0,10516,10516,True
17634,0.000380429119105,0.00123178004287,14782,14699,False
17635,7.47431331547e-05,0.000203743198654,12371,12214,False
17636,0,0,10517,10517,True
17637,0,0,10518,10518,True
17638,0,0,10519,10519,True
17639,0,0,10520,10520,True
17640,0,0,10521,10521,True
17641,0.000321793515468,0.000977420597337,14429,14263,False
17642,0,0,10522,10522,True
17643,0,0,10523,10523,True
17644,0,0,10524,10524,True
17645,0.000534199178219,0.00176539982203,15809,15747,False
17646,0,0,10525,10525,True
17647,0,0,10526,10526,True
17648,0.000486860837555,0.00170267128851,15459,15605,False
17649,0,0,10527,10527,True
17650,0,0,10528,10528,True
17651,0,0,10529,10529,True
17652,0.000898246420547,0.00290675833821,17926,17806,False
17653,0,0,10530,10530,True
17654,0.000623356318101,0.00212227553129,16504,16575,False
17655,4.39375398855e-05,0.000155166097102,11992,12031,False
17656,0,0,10531,10531,True
17657,0.000105237049866,0.000323456129991,12740,12653,False
17658,0,0,10532,10532,True
17659,0,0,10533,10533,True
17660,0,0,10534,10534,True
17661,0,0,10535,10535,True
17662,0.0008226307109,0.00276756449603,17627,17624,False
17663,0.000537658052053,0.00185660191346,15836,15957,False
17664,0.000717777060345,0.00245323660783,17094,17182,False
17665,0,0,10536,10536,True
17666,0,0,10537,10537,True
17667,0,0,10538,10538,True
17668,0,0,10539,10539,True
17669,0,0,10540,10540,True
17670,0,0,10541,10541,True
17671,0,0,10542,10542,True
17672,0,0,10543,10543,True
17673,0,0,10544,10544,True
17674,0.000557447143365,0.00177138776053,15980,15767,False
17675,0,0,10545,10545,True
17676,0,0,10546,10546,True
17677,0.00115819252096,0.00388109800406,18618,18616,False
17678,0,0,10547,10547,True
17679,0.00038728810614,0.00127567886375,14826,14791,False
17680,0.00026556517696,0.000917417462915,14122,14163,False
17681,0,0,10548,10548,True
17682,0,0,10549,10549,True
17683,0,0,10550,10550,True
17684,0,0,10551,10551,True
17685,0,0,10552,10552,True
17686,0,0,10553,10553,True
17687,0.000549789692741,0.00189880072139,15915,16060,False
17688,0,0,10554,10554,True
17689,0,0,10555,10555,True
17690,0,0,10556,10556,True
17691,0.000119902069855,0.000405925966334,12923,12928,False
17692,0,0,10557,10557,True
17693,0,0,10558,10558,True
17694,0,0,10559,10559,True
17695,0.000740162504371,0.00248787482269,17230,17236,False
17696,0,0,10560,10560,True
17697,7.59607137297e-05,0.000246335635893,12388,12371,False
17698,0,0,10561,10561,True
17699,0.00068864505738,0.00237927958369,16930,17045,False
17700,0,0,10562,10562,True
17701,0.000583886809181,0.00164120574482,16204,15480,False
17702,0,0,10563,10563,True
17703,0.000487162469653,0.00171918119304,15460,15646,False
17704,0,0,10564,10564,True
17705,0,0,10565,10565,True
17706,0.000720481388271,0.00243926839903,17111,17150,False
17707,0.000601967505645,0.00217077997513,16353,16671,False
17708,0.000818147091195,0.00277790031396,17603,17640,False
17709,5.39440225111e-05,0.00019715866074,12118,12191,False
17710,0,0,10566,10566,True
17711,0,0,10567,10567,True
17712,0,0,10568,10568,True
17713,5.80500600336e-05,0.000179570008186,12159,12121,False
17714,0,0,10569,10569,True
17715,0.000581400643568,0.00195090391207,16184,16203,False
17716,0,0,10570,10570,True
17717,0,0,10571,10571,True
17718,0,0,10572,10572,True
17719,0.000688526954036,0.00226912274957,16929,16849,False
17720,0.000317079975503,0.00110625277739,14400,14484,False
17721,0,0,10573,10573,True
17722,0,0,10574,10574,True
17723,0,0,10575,10575,True
17724,0,0,10576,10576,True
17725,0.000882007414475,0.00292829540558,17867,17827,False
17726,0,0,10577,10577,True
17727,0,0,10578,10578,True
17728,0,0,10579,10579,True
17729,0,0,10580,10580,True
17730,0,0,10581,10581,True
17731,0,0,10582,10582,True
17732,0,0,10583,10583,True
17733,0,0,10584,10584,True
17734,0,0,10585,10585,True
17735,0.000186468547327,0.0006393744261,13569,13594,False
17736,0.000489619967993,0.00165042723529,15479,15498,False
17737,0.000638194731437,0.0022295108065,16610,16780,False
17738,0,0,10586,10586,True
17739,0.000383205682738,0.00124347978272,14802,14720,False
17740,0.00046355559607,0.00147712859325,15302,15176,False
17741,8.00539273769e-05,0.000225592084462,12447,12295,False
17742,0,0,10587,10587,True
17743,0,0,10588,10588,True
17744,0.00040495977737,0.00131877698004,14934,14871,False
17745,0,0,10589,10589,True
17746,0,0,10590,10590,True
17747,0.00142667535692,0.00460598478094,19062,18980,False
17748,0,0,10591,10591,True
17749,0.000668295484502,0.00241097901016,16817,17102,False
17750,0,0,10592,10592,True
17751,0,0,10593,10593,True
17752,0.000213639315916,0.000777090259362,13768,13882,False
17753,0.000627380097285,0.00210821046494,16528,16541,False
17754,2.20749279833e-05,7.05088823452e-05,11803,11803,False
17755,0,0,10594,10594,True
17756,0,0,10595,10595,True
17757,0,0,10596,10596,True
17758,5.21777619724e-05,0.000168862432474,12094,12080,False
17759,0,0,10597,10597,True
17760,0,0,10598,10598,True
17761,0,0,10599,10599,True
17762,0,0,10600,10600,True
17763,0,0,10601,10601,True
17764,0.00132496876176,0.00438441429287,18914,18878,False
17765,0,0,10602,10602,True
17766,0,0,10603,10603,True
17767,7.54567736294e-05,0.000269421987468,12381,12473,False
17768,0,0,10604,10604,True
17769,9.1466223239e-05,0.000355218478944,12592,12745,False
17770,0.000365491956472,0.0012411957141,14683,14716,False
17771,0.000215542226215,0.000669305736665,13778,13653,False
17772,0,0,10605,10605,True
17773,0.00020096123626,0.000685684964992,13676,13686,False
17774,0,0,10606,10606,True
17775,0,0,10607,10607,True
17776,0.000274136691587,0.000976859009825,14167,14261,False
17777,0,0,10608,10608,True
17778,6.13455558778e-05,0.000187493991689,12210,12156,False
17779,0,0,10609,10609,True
17780,0.00159368268214,0.00534623907879,19265,19262,False
17781,0.000410555483541,0.00146597321145,14966,15154,False
17782,0,0,10610,10610,True
17783,0,0,10611,10611,True
17784,0,0,10612,10612,True
17785,0,0,10613,10613,True
17786,0.000522098795045,0.00172443257179,15716,15653,False
17787,5.7396810007e-05,0.000219916371861,12151,12276,False
17788,0,0,10614,10614,True
17789,4.45898549515e-05,0.000154559646035,12002,12027,False
17790,0,0,10615,10615,True
17791,0.00031110519194,0.00109703454655,14367,14464,False
17792,0,0,10616,10616,True
17793,0.00137233722489,0.00451170979068,18988,18925,False
17794,0.000333332398441,0.00107470154762,14499,14425,False
17795,0,0,10617,10617,True
17796,0,0,10618,10618,True
17797,0,0,10619,10619,True
17798,0.000223958049901,0.000773352978285,13832,13872,False
17799,0,0,10620,10620,True
17800,0.000361034792149,0.00128325272817,14665,14800,False
17801,0,0,10621,10621,True
17802,0,0,10622,10622,True
17803,0,0,10623,10623,True
17804,0.00176509737503,0.00607700040564,19428,19468,False
17805,0.00167732709087,0.0057381070219,19340,19359,False
17806,0,0,10624,10624,True
17807,0,0,10625,10625,True
17808,0,0,10626,10626,True
17809,0,0,10627,10627,True
17810,0,0,10628,10628,True
17811,0.00022635764617,0.000711218395736,13853,13739,False
17812,0,0,10629,10629,True
17813,0,0,10630,10630,True
17814,0.000553591176867,0.00188692612574,15944,16028,False
17815,0,0,10631,10631,True
17816,0.000751379062422,0.00239237397909,17294,17071,False
17817,0,0,10632,10632,True
17818,0,0,10633,10633,True
17819,0,0,10634,10634,True
17820,0.00227291486226,0.00742040760815,19742,19723,False
17821,0,0,10635,10635,True
17822,0.000677814241499,0.00228367792442,16874,16875,False
17823,0,0,10636,10636,True
17824,0,0,10637,10637,True
17825,0.000337224453688,0.00111717218533,14528,14499,False
17826,0,0,10638,10638,True
17827,0,0,10639,10639,True
17828,0,0,10640,10640,True
17829,0,0,10641,10641,True
17830,0,0,10642,10642,True
17831,0,0,10643,10643,True
17832,0,0,10644,10644,True
17833,0,0,10645,10645,True
17834,6.50964138913e-05,0.000245995179284,12260,12370,False
17835,0,0,10646,10646,True
17836,0.000513075792696,0.001869323547,15650,15985,False
17837,8.30304197734e-05,0.000250818149652,12486,12394,False
17838,0,0,10647,10647,True
17839,0.000708649749868,0.00241133477539,17038,17103,False
17840,0,0,10648,10648,True
17841,0.00408692937344,0.013853485696,19895,19895,False
17842,0,0,10649,10649,True
17843,0,0,10650,10650,True
17844,0,0,10651,10651,True
17845,0,0,10652,10652,True
17846,0,0,10653,10653,True
17847,0,0,10654,10654,True
17848,4.53786014987e-05,0.000163661999977,12008,12059,False
17849,0,0,10655,10655,True
17850,0,0,10656,10656,True
17851,0,0,10657,10657,True
17852,0,0,10658,10658,True
17853,0.00040044580237,0.00137160508893,14913,14961,False
17854,0,0,10659,10659,True
17855,0,0,10660,10660,True
17856,0,0,10661,10661,True
17857,0,0,10662,10662,True
17858,0,0,10663,10663,True
17859,0,0,10664,10664,True
17860,0,0,10665,10665,True
17861,0.00153783510905,0.00509936828166,19214,19180,False
17862,0,0,10666,10666,True
17863,0,0,10667,10667,True
17864,0.000107655650936,0.000363758037565,12762,12777,False
17865,7.20950629329e-05,0.000282254884951,12347,12522,False
17866,0.000448130711447,0.00144437595736,15214,15107,False
17867,0,0,10668,10668,True
17868,0,0,10669,10669,True
17869,6.20579812676e-05,0.000254558573943,12216,12410,False
17870,0,0,10670,10670,True
17871,0.000141622818774,0.000406394188758,13150,12931,False
17872,0.00072492758045,0.0024252794683,17141,17132,False
17873,0,0,10671,10671,True
17874,0.000151757063577,0.000545203336515,13253,13342,False
17875,0,0,10672,10672,True
17876,0,0,10673,10673,True
17877,0,0,10674,10674,True
17878,0,0,10675,10675,True
17879,0,0,10676,10676,True
17880,0,0,10677,10677,True
17881,0,0,10678,10678,True
17882,0.000611798139289,0.00200196355581,16418,16316,False
17883,0,0,10679,10679,True
17884,0,0,10680,10680,True
17885,0,0,10681,10681,True
17886,0.000181175215403,0.000619595230091,13528,13546,False
17887,0,0,10682,10682,True
17888,0,0,10683,10683,True
17889,0.00068427901715,0.00232880329713,16907,16960,False
17890,0,0,10684,10684,True
17891,7.86102755228e-05,0.000299362291116,12422,12570,False
17892,0,0,10685,10685,True
17893,0.000125647493405,0.000443774275482,12984,13049,False
17894,0,0,10686,10686,True
17895,0,0,10687,10687,True
17896,0,0,10688,10688,True
17897,0,0,10689,10689,True
17898,0,0,10690,10690,True
17899,0,0,10691,10691,True
17900,0,0,10692,10692,True
17901,0,0,10693,10693,True
17902,0.00016318699636,0.000532324193045,13364,13304,False
17903,0,0,10694,10694,True
17904,7.71943668951e-05,0.000250080687692,12402,12387,False
17905,0,0,10695,10695,True
17906,0.00209532841109,0.00724521372467,19674,19702,False
17907,0,0,10696,10696,True
17908,0.000447549828095,0.00160193501506,15209,15413,False
17909,0.000110668312118,0.000389805383747,12802,12883,False
17910,0,0,10697,10697,True
17911,0.000187640078366,0.000648957735393,13579,13620,False
17912,0,0,10698,10698,True
17913,0,0,10699,10699,True
17914,0,0,10700,10700,True
17915,7.90947087808e-05,0.000252120953519,12436,12401,False
17916,0,0,10701,10701,True
17917,0,0,10702,10702,True
17918,0.000311886193231,0.00100784329697,14373,14323,False
17919,0,0,10703,10703,True
17920,0,0,10704,10704,True
17921,0,0,10705,10705,True
17922,0,0,10706,10706,True
17923,0,0,10707,10707,True
17924,0,0,10708,10708,True
17925,0.00041769456584,0.00131051219068,15014,14853,False
17926,0,0,10709,10709,True
17927,0,0,10710,10710,True
17928,4.30977852375e-05,0.000126225568238,11981,11919,False
17929,0,0,10711,10711,True
17930,0.00030999435694,0.00108538626228,14361,14446,False
17931,0,0,10712,10712,True
17932,0.000140193034895,0.000432604632806,13139,13018,False
17933,0,0,10713,10713,True
17934,0,0,10714,10714,True
17935,0,0,10715,10715,True
17936,0.00151089811698,0.00508956192061,19181,19176,False
17937,0,0,10716,10716,True
17938,0,0,10717,10717,True
17939,0,0,10718,10718,True
17940,3.16412260872e-05,0.000113872549264,11859,11872,False
17941,0,0,10719,10719,True
17942,0,0,10720,10720,True
17943,0,0,10721,10721,True
17944,0,0,10722,10722,True
17945,0,0,10723,10723,True
17946,0,0,10724,10724,True
17947,0,0,10725,10725,True
17948,0,0,10726,10726,True
17949,6.27139597782e-05,0.000219344947254,12225,12270,False
17950,0,0,10727,10727,True
17951,0,0,10728,10728,True
17952,0,0,10729,10729,True
17953,0.000194596970687,0.000691035529599,13618,13695,False
17954,0,0,10730,10730,True
17955,0.000387396547012,0.00125590350945,14828,14746,False
17956,0,0,10731,10731,True
17957,0.00111994321924,0.00385180674493,18548,18599,False
17958,0,0,10732,10732,True
17959,0.00131263677031,0.00453357491642,18895,18937,False
17960,0,0,10733,10733,True
17961,0.00161113322247,0.00551239121705,19282,19294,False
17962,0,0,10734,10734,True
17963,0,0,10735,10735,True
17964,0,0,10736,10736,True
17965,0.000441617215984,0.00147085159551,15160,15166,False
17966,0,0,10737,10737,True
17967,0.000535634870175,0.00179666560143,15819,15831,False
17968,0.00120158342179,0.0040207975544,18699,18684,False
17969,0.00176607433241,0.00603980338201,19429,19459,False
17970,0,0,10738,10738,True
17971,0,0,10739,10739,True
17972,0,0,10740,10740,True
17973,0.000632331124507,0.00230174860917,16570,16911,False
17974,4.7464567615e-05,0.00016323881573,12032,12058,False
17975,0,0,10741,10741,True
17976,0.000475191453006,0.00157403608318,15371,15354,False
17977,0.00181922514457,0.00614977860823,19479,19483,False
17978,0,0,10742,10742,True
17979,0.00180852634367,0.00624028313905,19470,19509,False
17980,0,0,10743,10743,True
17981,0.000820315326564,0.00267168623395,17616,17510,False
17982,0,0,10744,10744,True
17983,0,0,10745,10745,True
17984,0.00182385754306,0.0060224016197,19484,19452,False
17985,0,0,10746,10746,True
17986,0.00067324313568,0.00228898460045,16845,16886,False
17987,2.95302706945e-05,0.00010034985462,11839,11840,False
17988,0,0,10747,10747,True
17989,4.85280870635e-05,0.000168388898601,12042,12077,False
17990,0.00029015657492,0.00107101583853,14267,14418,False
17991,0.000960637640674,0.00310200313106,18135,18023,False
17992,0,0,10748,10748,True
17993,0,0,10749,10749,True
17994,0,0,10750,10750,True
17995,0,0,10751,10751,True
17996,0,0,10752,10752,True
17997,0.00064040889265,0.00212826603092,16628,16586,False
17998,0,0,10753,10753,True
17999,0,0,10754,10754,True
18000,0,0,10755,10755,True
18001,0,0,10756,10756,True
18002,0.000410568434745,0.00128575274721,14967,14808,False
18003,0.0011031886097,0.00367202213965,18507,18487,False
18004,0.00015585575602,0.00053132820176,13291,13297,False
18005,0.00107101595495,0.00368418055587,18430,18494,False
18006,0.000599347695243,0.00206050579436,16335,16451,False
18007,0,0,10757,10757,True
18008,0,0,10758,10758,True
18009,0.000631506438367,0.00213317666203,16563,16597,False
18010,0.00161526887678,0.005665672943,19287,19335,False
18011,0,0,10759,10759,True
18012,0.00083595252363,0.00286179897375,17693,17748,False
18013,0.000339555292157,0.00113513506949,14543,14536,False
18014,0,0,10760,10760,True
18015,0,0,10761,10761,True
18016,0.000419259769842,0.00138123030774,15025,14983,False
18017,0,0,10762,10762,True
18018,0,0,10763,10763,True
18019,0,0,10764,10764,True
18020,0,0,10765,10765,True
18021,0,0,10766,10766,True
18022,0.00273892795667,0.00901310332119,19832,19822,False
18023,0,0,10767,10767,True
18024,7.09192900104e-05,0.000257940177107,12333,12424,False
18025,0,0,10768,10768,True
18026,0.000950835819822,0.00322274724022,18107,18141,False
18027,0,0,10769,10769,True
18028,0,0,10770,10770,True
18029,0,0,10771,10771,True
18030,0,0,10772,10772,True
18031,0,0,10773,10773,True
18032,0.000741723168176,0.00246617570519,17241,17194,False
18033,0,0,10774,10774,True
18034,0,0,10775,10775,True
18035,0.000400587130571,0.00138269399758,14915,14987,False
18036,0,0,10776,10776,True
18037,0.00023780259653,0.000856612052303,13929,14048,False
18038,0,0,10777,10777,True
18039,0,0,10778,10778,True
18040,0,0,10779,10779,True
18041,0.000733640685212,0.00250661186874,17193,17276,False
18042,0,0,10780,10780,True
18043,0,0,10781,10781,True
18044,0,0,10782,10782,True
18045,0.000589517934714,0.00201524957083,16252,16352,False
18046,0.000250811805017,0.000852833385579,14024,14036,False
18047,8.74847683008e-05,0.000317389232805,12542,12632,False
18048,0.00104187009856,0.00341596500948,18357,18299,False
18049,0,0,10783,10783,True
18050,0,0,10784,10784,True
18051,0,0,10785,10785,True
18052,0,0,10786,10786,True
18053,0,0,10787,10787,True
18054,0,0,10788,10788,True
18055,0.000993844703771,0.00334918196313,18236,18250,False
18056,0.000374286290025,0.00120854564011,14739,14666,False
18057,0,0,10789,10789,True
18058,0.000530450197402,0.00175103393849,15780,15718,False
18059,0.00114154967014,0.00373752159066,18584,18527,False
18060,6.80514494888e-05,0.000234347127844,12302,12330,False
18061,0.00024720095098,0.000762035895605,13989,13844,False
18062,0,0,10790,10790,True
18063,0.000605602457654,0.00192166550551,16381,16119,False
18064,0,0,10791,10791,True
18065,0,0,10792,10792,True
18066,8.05314193713e-05,0.000223643539357,12454,12286,False
18067,0.000572149525397,0.00184568320401,16098,15942,False
18068,0,0,10793,10793,True
18069,0.00111889175605,0.0039767366834,18545,18667,False
18070,0.000163369681104,0.000562552013434,13367,13398,False
18071,5.26334006281e-05,0.000186686753295,12097,12153,False
18072,0,0,10794,10794,True
18073,0.0005476976512,0.00181531906128,15900,15877,False
18074,0.000662334787194,0.00205059652217,16780,16438,False
18075,0,0,10795,10795,True
18076,0.000589283125009,0.00195090542547,16247,16204,False
18077,0,0,10796,10796,True
18078,0,0,10797,10797,True
18079,0.0017971044872,0.00600029155612,19457,19446,False
18080,0.00032907561399,0.00111776008271,14470,14500,False
18081,2.48725173151e-05,8.10407364042e-05,11812,11809,False
18082,5.78024191782e-05,0.000217885710299,12156,12261,False
18083,0.000555070466362,0.00184791989159,15959,15944,False
18084,0.000326990004396,0.00106365093961,14460,14408,False
18085,0.000207054021303,0.000691400724463,13722,13697,False
18086,0,0,10798,10798,True
18087,0.000424400699558,0.00147919740994,15060,15181,False
18088,0,0,10799,10799,True
18089,0.000252451718552,0.000796890002675,14034,13920,False
18090,0,0,10800,10800,True
18091,0,0,10801,10801,True
18092,0,0,10802,10802,True
18093,0.000579492887482,0.00192731095012,16167,16140,False
18094,0.00122747092973,0.00412931665778,18745,18740,False
18095,0,0,10803,10803,True
18096,0,0,10804,10804,True
18097,0,0,10805,10805,True
18098,0,0,10806,10806,True
18099,0.000532646256033,0.00176791555714,15797,15752,False
18100,0.000260498258285,0.000852671975736,14083,14035,False
18101,0,0,10807,10807,True
18102,0.000547355099116,0.00192430999596,15897,16130,False
18103,0,0,10808,10808,True
18104,0,0,10809,10809,True
18105,0.000649337074719,0.00218447600491,16688,16697,False
18106,0.000477194611449,0.00152987497859,15385,15276,False
18107,0.000863103778102,0.00287302653305,17795,17761,False
18108,0,0,10810,10810,True
18109,0.000585105153732,0.00199313624762,16215,16302,False
18110,0.00144500483293,0.00478551816195,19095,19060,False
18111,0.00012427647016,0.00040333889774,12970,12925,False
18112,0,0,10811,10811,True
18113,0,0,10812,10812,True
18114,0.00184744293801,0.00634469930083,19501,19535,False
18115,0,0,10813,10813,True
18116,0.000279532454442,0.000831063895021,14202,13994,False
18117,0,0,10814,10814,True
18118,0.000403544021538,0.00134963076562,14927,14913,False
18119,0,0,10815,10815,True
18120,0.000563379493542,0.00194881949574,16029,16191,False
18121,0.00271006813273,0.00912548974156,19829,19826,False
18122,0.00222824793309,0.00764471385628,19732,19741,False
18123,0,0,10816,10816,True
18124,9.03895124793e-05,0.000347016961314,12580,12717,False
18125,0,0,10817,10817,True
18126,0,0,10818,10818,True
18127,0,0,10819,10819,True
18128,0.00038953818148,0.00138224021066,14852,14984,False
18129,0.000196335444343,0.00065690849442,13636,13631,False
18130,0,0,10820,10820,True
18131,0,0,10821,10821,True
18132,0,0,10822,10822,True
18133,0.00016997072089,0.000544936396182,13422,13340,False
18134,0.000274920341326,0.000924850872252,14173,14176,False
18135,0.000776377215516,0.00266193947755,17414,17499,False
18136,0,0,10823,10823,True
18137,0,0,10824,10824,True
18138,0.000285087211523,0.000901091843843,14236,14133,False
18139,0,0,10825,10825,True
18140,0.00062628032174,0.00205822801217,16521,16446,False
18141,0,0,10826,10826,True
18142,0,0,10827,10827,True
18143,0,0,10828,10828,True
18144,9.74327485892e-05,0.000351030932507,12655,12726,False
18145,0.00083537719911,0.00281036971137,17690,17677,False
18146,0.000449846993433,0.00143421755638,15226,15094,False
18147,0.000422102806624,0.00137040682603,15044,14960,False
18148,0,0,10829,10829,True
18149,0,0,10830,10830,True
18150,0,0,10831,10831,True
18151,0,0,10832,10832,True
18152,0.000568130169995,0.0018342876574,16061,15912,False
18153,0,0,10833,10833,True
18154,0,0,10834,10834,True
18155,0,0,10835,10835,True
18156,0,0,10836,10836,True
18157,0.000155870162416,0.000493811035994,13292,13200,False
18158,0,0,10837,10837,True
18159,0.000246817420702,0.000804298033472,13986,13945,False
18160,3.7578989577e-05,0.000134588393848,11918,11941,False
18161,0.00137712445576,0.00447654956952,18995,18911,False
18162,0,0,10838,10838,True
18163,0.00037122820504,0.0012909618672,14714,14817,False
18164,0,0,10839,10839,True
18165,0.000982130179182,0.00330245774239,18212,18203,False
18166,0,0,10840,10840,True
18167,0,0,10841,10841,True
18168,0.000469715363579,0.00152494467329,15339,15263,False
18169,4.5849581511e-05,0.000142150922329,12017,11976,False
18170,0.000463560252683,0.00162249489222,15303,15447,False
18171,0,0,10842,10842,True
18172,0.000661803234834,0.00223722541705,16775,16790,False
18173,0.000196421242435,0.000695558963344,13638,13709,False
18174,0,0,10843,10843,True
18175,0.000222088798182,0.000784267613199,13820,13897,False
18176,0,0,10844,10844,True
18177,0.000751595303882,0.00257726269774,17295,17375,False
18178,0,0,10845,10845,True
18179,0.00138731242623,0.00452222581953,19011,18932,False
18180,0,0,10846,10846,True
18181,0,0,10847,10847,True
18182,0,0,10848,10848,True
18183,0,0,10849,10849,True
18184,9.21343453228e-05,0.000333454197971,12597,12678,False
18185,0,0,10850,10850,True
18186,0.000188921927474,0.000757138070185,13583,13833,False
18187,0,0,10851,10851,True
18188,0,0,10852,10852,True
18189,0,0,10853,10853,True
18190,0,0,10854,10854,True
18191,0,0,10855,10855,True
18192,0,0,10856,10856,True
18193,0.000357153301593,0.00112646340858,14645,14520,False
18194,0,0,10857,10857,True
18195,0,0,10858,10858,True
18196,0,0,10859,10859,True
18197,0,0,10860,10860,True
18198,0.000296551676001,0.000942746526562,14298,14215,False
18199,0,0,10861,10861,True
18200,0,0,10862,10862,True
18201,0,0,10863,10863,True
18202,0,0,10864,10864,True
18203,0.000402305013267,0.001305954298,14922,14845,False
18204,0.000654587522149,0.00214245938696,16729,16614,False
18205,0,0,10865,10865,True
18206,0,0,10866,10866,True
18207,0,0,10867,10867,True
18208,0,0,10868,10868,True
18209,0.00135389296338,0.00458429381251,18957,18969,False
18210,0.000511299644131,0.001667347271,15633,15534,False
18211,0,0,10869,10869,True
18212,0,0,10870,10870,True
18213,0,0,10871,10871,True
18214,0.00057688675588,0.00198400579393,16142,16284,False
18215,0.000653406605124,0.00227991258726,16719,16865,False
18216,0.000778102199547,0.00272408057936,17422,17579,False
18217,0,0,10872,10872,True
18218,0,0,10873,10873,True
18219,0.000792603939772,0.00264221290126,17492,17470,False
18220,0,0,10874,10874,True
18221,0,0,10875,10875,True
18222,0,0,10876,10876,True
18223,0,0,10877,10877,True
18224,0,0,10878,10878,True
18225,0,0,10879,10879,True
18226,0,0,10880,10880,True
18227,0,0,10881,10881,True
18228,0.000533192825969,0.00176431145519,15801,15742,False
18229,0.000478227011627,0.00162600073963,15389,15454,False
18230,0,0,10882,10882,True
18231,0,0,10883,10883,True
18232,0.000560813583434,0.00194358150475,16006,16180,False
18233,0,0,10884,10884,True
18234,0.000389082473703,0.00130202132277,14848,14837,False
18235,0,0,10885,10885,True
18236,0,0,10886,10886,True
18237,0,0,10887,10887,True
18238,0.000925811298657,0.00327156973071,18020,18179,False
18239,0,0,10888,10888,True
18240,0.00114798115101,0.00386447925121,18603,18603,False
18241,0,0,10889,10889,True
18242,0.000327902555,0.00115738075692,14465,14578,False
18243,0,0,10890,10890,True
18244,0,0,10891,10891,True
18245,8.63549139467e-05,0.000282994180452,12522,12527,False
18246,0.000506298791151,0.00167874479666,15599,15549,False
18247,0,0,10892,10892,True
18248,0,0,10893,10893,True
18249,0.000485395197757,0.00168175401632,15448,15560,False
18250,0,0,10894,10894,True
18251,0.00151264935266,0.00509556988254,19186,19178,False
18252,0,0,10895,10895,True
18253,0,0,10896,10896,True
18254,0,0,10897,10897,True
18255,0.000412233930547,0.00142515613697,14971,15071,False
18256,0,0,10898,10898,True
18257,0,0,10899,10899,True
18258,0,0,10900,10900,True
18259,0,0,10901,10901,True
18260,0.000512583297677,0.00163616694044,15643,15471,False
18261,9.48899614741e-05,0.000289153453195,12623,12539,False
18262,0.000676255964208,0.00236180797219,16859,17011,False
18263,0,0,10902,10902,True
18264,0,0,10903,10903,True
18265,0.00125096936245,0.0042553381063,18791,18817,False
18266,0,0,10904,10904,True
18267,0.00115224788897,0.00385339860804,18608,18600,False
18268,0.000867989554536,0.00287050101906,17812,17757,False
18269,0,0,10905,10905,True
18270,0,0,10906,10906,True
18271,0,0,10907,10907,True
18272,0,0,10908,10908,True
18273,0,0,10909,10909,True
18274,0,0,10910,10910,True
18275,0.000140016200021,0.000491711776704,13137,13196,False
18276,0,0,10911,10911,True
18277,0,0,10912,10912,True
18278,0,0,10913,10913,True
18279,4.44403849542e-05,0.000140586242196,11999,11967,False
18280,0,0,10914,10914,True
18281,0,0,10915,10915,True
18282,0.0005984849995,0.00199159397744,16328,16300,False
18283,0.000153755405336,0.000564240210224,13270,13403,False
18284,6.62201127852e-05,0.000207132950891,12275,12226,False
18285,0,0,10916,10916,True
18286,0,0,10917,10917,True
18287,0.00026246329071,0.000916454533581,14100,14162,False
18288,0,0,10918,10918,True
18289,6.18976337137e-05,0.000210061043617,12215,12237,False
18290,0.00178903155029,0.00606042891741,19452,19465,False
18291,0,0,10919,10919,True
18292,0,0,10920,10920,True
18293,0.000228281351156,0.000753317901399,13868,13822,False
18294,0.000672600755934,0.00222989474423,16842,16781,False
18295,0,0,10921,10921,True
18296,0,0,10922,10922,True
18297,0.00152427598368,0.00507750362158,19200,19168,False
18298,0.000925288593862,0.0031351337675,18019,18057,False
18299,0,0,10923,10923,True
18300,0,0,10924,10924,True
18301,0.000453657732578,0.00153957307339,15242,15296,False
18302,0.000265107344603,0.00102248135954,14120,14345,False
18303,8.56196784298e-05,0.000340155878803,12516,12699,False
18304,0,0,10925,10925,True
18305,0,0,10926,10926,True
18306,0,0,10927,10927,True
18307,0,0,10928,10928,True
18308,0.000820208399091,0.00280867167749,17615,17673,False
18309,0,0,10929,10929,True
18310,0,0,10930,10930,True
18311,0.001325640711,0.00459763221443,18915,18976,False
18312,0.000559996871743,0.0018168768147,15999,15881,False
18313,0,0,10931,10931,True
18314,0,0,10932,10932,True
18315,0.000618383404799,0.00195436994545,16460,16215,False
18316,0.00029907526914,0.00100188073702,14314,14312,False
18317,0,0,10933,10933,True
18318,8.24098751764e-05,0.000251514371485,12482,12396,False
18319,0.000593609933276,0.00197389884852,16280,16264,False
18320,0,0,10934,10934,True
18321,0.000662163365632,0.00221130228601,16778,16752,False
18322,0,0,10935,10935,True
18323,0.000822751258966,0.00281805801205,17628,17688,False
18324,0.000549536780454,0.00183595810086,15909,15914,False
18325,0,0,10936,10936,True
18326,0,0,10937,10937,True
18327,0.000216528496821,0.000715487985872,13787,13750,False
18328,0,0,10938,10938,True
18329,0.000264205329586,0.000899354752619,14114,14128,False
18330,0,0,10939,10939,True
18331,0.000686971354298,0.00236730184406,16919,17019,False
18332,0.000481050665257,0.00155077013187,15410,15317,False
18333,0,0,10940,10940,True
18334,0,0,10941,10941,True
18335,0,0,10942,10942,True
18336,0,0,10943,10943,True
18337,0.00143246236257,0.00472926069051,19076,19029,False
18338,0.000575268932153,0.00196222821251,16127,16234,False
18339,0,0,10944,10944,True
18340,0.000792768376414,0.00267930072732,17495,17522,False
18341,0.000973735062871,0.00322660757229,18176,18144,False
18342,0,0,10945,10945,True
18343,0.00158862874378,0.0053228600882,19261,19253,False
18344,0,0,10946,10946,True
18345,0,0,10947,10947,True
18346,0.00123208377045,0.0041136899963,18754,18736,False
18347,0.000637537566945,0.00212089694105,16606,16571,False
18348,0.000858794897795,0.00301826209761,17782,17923,False
18349,0.000128935047542,0.00045807173592,13009,13091,False
18350,0.000276714010397,0.000909986672923,14187,14151,False
18351,0,0,10948,10948,True
18352,0,0,10949,10949,True
18353,0,0,10950,10950,True
18354,0.00169519893825,0.00579032441601,19357,19371,False
18355,0,0,10951,10951,True
18356,0,0,10952,10952,True
18357,0.00064724648837,0.00217846594751,16670,16685,False
18358,0,0,10953,10953,True
18359,0,0,10954,10954,True
18360,0.000217235297896,0.000736934307497,13791,13787,False
18361,0,0,10955,10955,True
18362,0.00175382941961,0.00597617262974,19411,19440,False
18363,0,0,10956,10956,True
18364,0.0013118594652,0.00444746203721,18892,18903,False
18365,0,0,10957,10957,True
18366,0,0,10958,10958,True
18367,0.000661131402012,0.0021807521116,16770,16688,False
18368,0,0,10959,10959,True
18369,0,0,10960,10960,True
18370,6.34000170976e-05,0.000213079940295,12237,12246,False
18371,0,0,10961,10961,True
18372,0.000627384113614,0.00206981273368,16529,16470,False
18373,0,0,10962,10962,True
18374,0,0,10963,10963,True
18375,0.0019910284318,0.00673134764656,19603,19611,False
18376,0,0,10964,10964,True
18377,0.000734147557523,0.00241226982325,17197,17104,False
18378,0.00186936999671,0.00635916925967,19519,19539,False
18379,0.000130072468892,0.000416872819187,13021,12967,False
18380,0,0,10965,10965,True
18381,0.000881958578248,0.00299890921451,17866,17901,False
18382,0,0,10966,10966,True
18383,0,0,10967,10967,True
18384,0.000631414353848,0.00217680330388,16562,16682,False
18385,0,0,10968,10968,True
18386,0.00077225844143,0.00263226777315,17390,17453,False
18387,0.000152347085532,0.000570347299799,13258,13422,False
18388,0.000114175076305,0.000376348791178,12854,12839,False
18389,0.000105184662971,0.000274035992334,12739,12489,False
18390,0,0,10969,10969,True
18391,0.00204558181576,0.00683540012687,19645,19631,False
18392,0.000786792312283,0.00277540832758,17465,17633,False
18393,0.00061181402998,0.00208104168996,16419,16498,False
18394,0,0,10970,10970,True
18395,0.000814992643427,0.00271519436501,17584,17566,False
18396,0.000600696424954,0.0019323232118,16346,16153,False
18397,0.000588639522903,0.00196153484285,16240,16231,False
18398,7.57358066039e-05,0.000196730994503,12385,12188,False
18399,0,0,10971,10971,True
18400,2.975523239e-05,8.47128467285e-05,11841,11813,False
18401,0,0,10972,10972,True
18402,0,0,10973,10973,True
18403,0,0,10974,10974,True
18404,0,0,10975,10975,True
18405,0.000601222447585,0.00194906955585,16347,16194,False
18406,0.000473858381156,0.0015047568595,15363,15228,False
18407,0.00111350428779,0.00384027906694,18531,18592,False
18408,4.04674356105e-05,0.000113549307571,11953,11871,False
18409,0.000888398149982,0.00315938494168,17896,18086,False
18410,0,0,10976,10976,True
18411,0.00148371246178,0.00468747178093,19143,19010,False
18412,0.000585734669585,0.00201174849644,16224,16343,False
18413,0.000477363559185,0.00165504822508,15386,15509,False
18414,0,0,10977,10977,True
18415,0,0,10978,10978,True
18416,0.000816979154479,0.00277331052348,17596,17630,False
18417,0.00172372511588,0.00575489504263,19387,19362,False
18418,0.00104922428727,0.00338237010874,18377,18272,False
18419,0,0,10979,10979,True
18420,0,0,10980,10980,True
18421,0,0,10981,10981,True
18422,0.000460344395833,0.00159509724472,15279,15397,False
18423,0,0,10982,10982,True
18424,0.000619204540271,0.00192262942437,16469,16125,False
18425,0,0,10983,10983,True
18426,0.000562298577279,0.00190464849584,16019,16078,False
18427,0,0,10984,10984,True
18428,0.00028167210985,0.00101454812102,14215,14334,False
18429,0,0,10985,10985,True
18430,0.000988775398582,0.0033148964867,18222,18220,False
18431,0,0,10986,10986,True
18432,0.000677496020216,0.00230445736088,16870,16922,False
18433,0,0,10987,10987,True
18434,0,0,10988,10988,True
18435,0,0,10989,10989,True
18436,0.000726488535292,0.00242133927532,17150,17125,False
18437,0,0,10990,10990,True
18438,0,0,10991,10991,True
18439,0.000732821587007,0.00254790601321,17184,17337,False
18440,0.00127202202566,0.00424895249307,18831,18812,False
18441,0.00163787952624,0.00551889138296,19302,19298,False
18442,0,0,10992,10992,True
18443,0.000180298127816,0.00062406831421,13520,13557,False
18444,0.000826995528769,0.00273538357578,17655,17590,False
18445,0,0,10993,10993,True
18446,0,0,10994,10994,True
18447,0.000549742137082,0.0017760245828,15913,15779,False
18448,0,0,10995,10995,True
18449,0,0,10996,10996,True
18450,0,0,10997,10997,True
18451,0,0,10998,10998,True
18452,0,0,10999,10999,True
18453,0,0,11000,11000,True
18454,0,0,11001,11001,True
18455,0,0,11002,11002,True
18456,0.000116606199299,0.000409275584389,12880,12942,False
18457,0.00107276125345,0.00357468100265,18433,18418,False
18458,0,0,11003,11003,True
18459,5.32313351869e-05,0.000199434201932,12106,12199,False
18460,0,0,11004,11004,True
18461,0.000507084652781,0.00176961335819,15605,15759,False
18462,0,0,11005,11005,True
18463,0,0,11006,11006,True
18464,0.000119412274216,0.000440086441813,12914,13037,False
18465,0,0,11007,11007,True
18466,0,0,11008,11008,True
18467,0,0,11009,11009,True
18468,0.000506501528434,0.00174420140684,15600,15701,False
18469,0,0,11010,11010,True
18470,0,0,11011,11011,True
18471,0.0003153088619,0.000999741721898,14393,14306,False
18472,0,0,11012,11012,True
18473,0,0,11013,11013,True
18474,0.000937405158766,0.00311595015228,18057,18036,False
18475,0.00112295919098,0.00359528511763,18555,18426,False
18476,0.000123329315102,0.000440522446297,12956,13039,False
18477,0,0,11014,11014,True
18478,0,0,11015,11015,True
18479,0.00296594039537,0.00967834703624,19855,19846,False
18480,0.000586031645071,0.00195536622778,16228,16218,False
18481,0.000295996491332,0.0010121128289,14295,14333,False
18482,0.000785111275036,0.00253175152466,17456,17315,False
18483,0,0,11016,11016,True
18484,0.00167434709147,0.00567741505802,19337,19340,False
18485,0,0,11017,11017,True
18486,0,0,11018,11018,True
18487,9.38712837524e-05,0.000295496109175,12614,12562,False
18488,0,0,11019,11019,True
18489,0.00275469268672,0.00925373844802,19834,19834,False
18490,0,0,11020,11020,True
18491,0,0,11021,11021,True
18492,0.000959312426858,0.00315362517722,18133,18081,False
18493,0,0,11022,11022,True
18494,0,0,11023,11023,True
18495,0.000584505090956,0.00200913124718,16209,16330,False
18496,0.00135443464387,0.00454614963382,18960,18952,False
18497,0,0,11024,11024,True
18498,0.000512388185598,0.0017704294296,15642,15764,False
18499,0.000662064296193,0.0022120741196,16777,16754,False
18500,0,0,11025,11025,True
18501,0.000134396323119,0.00043005371117,13071,13007,False
18502,0.00111890560947,0.00390360504389,18546,18627,False
18503,6.64891267661e-05,0.000228141012485,12281,12306,False
18504,0,0,11026,11026,True
18505,0,0,11027,11027,True
18506,0,0,11028,11028,True
18507,0.000484030286316,0.00159816408996,15436,15404,False
18508,0.000525049807038,0.00176925922278,15741,15756,False
18509,0.000681485864334,0.00237872893922,16889,17043,False
18510,0.000467840349302,0.00145791645627,15332,15140,False
18511,0,0,11029,11029,True
18512,6.7578148446e-05,0.000213684048504,12296,12248,False
18513,0,0,11030,11030,True
18514,0.00187619251665,0.00627817725763,19525,19519,False
18515,0,0,11031,11031,True
18516,0.000233288781601,0.000801399233751,13902,13936,False
18517,0,0,11032,11032,True
18518,0.000708136765752,0.00229602190666,17034,16895,False
18519,0,0,11033,11033,True
18520,0,0,11034,11034,True
18521,0.000603869848419,0.00204481068067,16362,16422,False
18522,0,0,11035,11035,True
18523,0,0,11036,11036,True
18524,0,0,11037,11037,True
18525,0,0,11038,11038,True
18526,0.000770870945416,0.00256276014261,17387,17359,False
18527,0,0,11039,11039,True
18528,0.000826120085549,0.00270118843764,17647,17545,False
18529,0.00222731148824,0.00740640284494,19729,19720,False
18530,0,0,11040,11040,True
18531,0.000249056931352,0.0008614808321,14004,14059,False
18532,0.00126854074188,0.00430136267096,18822,18836,False
18533,0,0,11041,11041,True
18534,0,0,11042,11042,True
18535,0.000593809119891,0.002048648661,16282,16433,False
18536,0,0,11043,11043,True
18537,0,0,11044,11044,True
18538,0.000619095051661,0.00204899860546,16467,16435,False
18539,0,0,11045,11045,True
18540,8.96384590305e-05,0.000285311165499,12573,12531,False
18541,0,0,11046,11046,True
18542,0.000559596403036,0.00191249756608,15993,16093,False
18543,0.000558006460778,0.0017696848372,15985,15761,False
18544,0,0,11047,11047,True
18545,0,0,11048,11048,True
18546,0,0,11049,11049,True
18547,0.000129769061459,0.000409914529882,13019,12945,False
18548,0.00111029914115,0.00382793694735,18523,18584,False
18549,0.000486008822918,0.00158044707496,15452,15369,False
18550,0.000264806381892,0.000870312622283,14119,14073,False
18551,0.000647927052341,0.00211874349043,16675,16564,False
18552,0,0,11050,11050,True
18553,0.000532474194188,0.00168981996831,15795,15583,False
18554,0.00262762210332,0.00875696539879,19814,19812,False
18555,0.000753067317419,0.00245317420922,17300,17181,False
18556,0,0,11051,11051,True
18557,0,0,11052,11052,True
18558,0.000569457712118,0.00187982467469,16074,16014,False
18559,0.000882821099367,0.00294773466885,17872,17847,False
18560,0.00100623525213,0.00320956297219,18265,18124,False
18561,0,0,11053,11053,True
18562,0.000739573210012,0.00244395947084,17226,17162,False
18563,0,0,11054,11054,True
18564,0,0,11055,11055,True
18565,5.9128698922e-05,0.000180006216397,12175,12122,False
18566,0.00122537941206,0.00422934489325,18742,18798,False
18567,0.0006770134205,0.0022560597863,16866,16830,False
18568,0,0,11056,11056,True
18569,0,0,11057,11057,True
18570,0.00112694897689,0.00369620136917,18563,18504,False
18571,0,0,11058,11058,True
18572,0,0,11059,11059,True
18573,0.000852021737956,0.00263424869627,17758,17457,False
18574,0,0,11060,11060,True
18575,0,0,11061,11061,True
18576,0.000129481384647,0.000430494605098,13016,13010,False
18577,0,0,11062,11062,True
18578,0.000560513348319,0.00174897292163,16005,15712,False
18579,0.000156673748279,0.000521214620676,13302,13263,False
18580,0,0,11063,11063,True
18581,0.00165148172528,0.00563215464354,19316,19327,False
18582,0,0,11064,11064,True
18583,0.000229021374253,0.000699607538991,13874,13719,False
18584,0.000117223127745,0.000294772558846,12885,12560,False
18585,0,0,11065,11065,True
18586,0,0,11066,11066,True
18587,0.000962807273027,0.00312488875352,18143,18044,False
18588,0,0,11067,11067,True
18589,0,0,11068,11068,True
18590,0,0,11069,11069,True
18591,0,0,11070,11070,True
18592,0.000578419945668,0.00199990416877,16157,16315,False
18593,0.000635633652564,0.00209270580672,16596,16516,False
18594,0.000210319572943,0.000666621606797,13746,13649,False
18595,0.000195777698536,0.000735773821361,13633,13785,False
18596,0.000533810234629,0.00181142892689,15805,15867,False
18597,0.0018636850873,0.00623665144667,19515,19507,False
18598,0.000163021089975,0.000510108540766,13363,13238,False
18599,8.96674464457e-05,0.000294723402476,12574,12558,False
18600,0,0,11071,11071,True
18601,0.000409429398132,0.00136473577004,14961,14946,False
18602,0,0,11072,11072,True
18603,0,0,11073,11073,True
18604,0,0,11074,11074,True
18605,0.00017398748605,0.000543864036445,13456,13334,False
18606,0,0,11075,11075,True
18607,0,0,11076,11076,True
18608,0,0,11077,11077,True
18609,0,0,11078,11078,True
18610,0.000117914787552,0.000384965067497,12896,12868,False
18611,0,0,11079,11079,True
18612,5.17872576893e-05,0.000154331151862,12088,12026,False
18613,0.000339398306096,0.00118069502059,14542,14628,False
18614,8.81749292603e-05,0.000299263687339,12552,12569,False
18615,0.000575973535888,0.00186603399925,16132,15978,False
18616,0.000263750524027,0.000887654954568,14108,14108,False
18617,0.000191058570636,0.000630388502032,13600,13573,False
18618,0,0,11080,11080,True
18619,0.00236067501828,0.00796921271831,19767,19766,False
18620,0,0,11081,11081,True
18621,6.41659571556e-05,0.000154700028361,12248,12028,False
18622,0.00116820179392,0.00378459412605,18633,18561,False
18623,0.000541220419109,0.00182746862993,15855,15903,False
18624,0,0,11082,11082,True
18625,0.000472007348435,0.00154540035874,15355,15307,False
18626,0,0,11083,11083,True
18627,0.000359162833774,0.00115698436275,14657,14577,False
18628,0.000401284021791,0.00130032084417,14918,14833,False
18629,0.000425609148806,0.00141522625927,15070,15053,False
18630,0,0,11084,11084,True
18631,0,0,11085,11085,True
18632,4.56222187495e-05,0.000140283096698,12011,11965,False
18633,0.00056151940953,0.00192809570581,16012,16141,False
18634,0.00177560956217,0.00613163458183,19439,19481,False
18635,0,0,11086,11086,True
18636,0,0,11087,11087,True
18637,0,0,11088,11088,True
18638,0,0,11089,11089,True
18639,0,0,11090,11090,True
18640,0,0,11091,11091,True
18641,0,0,11092,11092,True
18642,0,0,11093,11093,True
18643,0.0012391541386,0.00407416373491,18766,18717,False
18644,0.000929796718992,0.00302476552315,18032,17933,False
18645,0,0,11094,11094,True
18646,0.000380481156753,0.0012680265354,14784,14775,False
18647,0,0,11095,11095,True
18648,0.000593239266891,0.00198581418954,16275,16286,False
18649,9.60870020208e-05,0.000322167441482,12635,12646,False
18650,0,0,11096,11096,True
18651,0.000729033723474,0.00233344221488,17161,16966,False
18652,0,0,11097,11097,True
18653,0,0,11098,11098,True
18654,0.00116459734272,0.00381563627161,18629,18575,False
18655,0.00126079283655,0.00405498966575,18811,18708,False
18656,0,0,11099,11099,True
18657,0.000446792546427,0.00146383186802,15202,15150,False
18658,0.000785701151472,0.00250142626464,17458,17265,False
18659,0,0,11100,11100,True
18660,0,0,11101,11101,True
18661,0,0,11102,11102,True
18662,0,0,11103,11103,True
18663,0,0,11104,11104,True
18664,0.00114270707127,0.00373209128156,18589,18523,False
18665,0.000883335131221,0.00296580186114,17875,17866,False
18666,0.000135979164043,0.00052768655587,13093,13281,False
18667,0,0,11105,11105,True
18668,0.00193534325808,0.00666760094464,19562,19602,False
18669,0.000823342299554,0.00274057732895,17631,17594,False
18670,0.000902271247469,0.0031325162854,17941,18054,False
18671,0.000750559789594,0.0025049392134,17288,17271,False
18672,0.000428244122304,0.0013860570034,15079,15000,False
18673,0.000944162602536,0.00313606485724,18081,18060,False
18674,0,0,11106,11106,True
18675,0.000418546434958,0.00137377344072,15020,14966,False
18676,0.000562239263672,0.00179917144123,16017,15838,False
18677,0.000790582678746,0.00260485289618,17484,17417,False
18678,0,0,11107,11107,True
18679,0,0,11108,11108,True
18680,0.00251259212382,0.00848251394928,19795,19798,False
18681,0.000823377282359,0.00255732028745,17633,17352,False
18682,0,0,11109,11109,True
18683,0.000783862255048,0.00269346591085,17450,17539,False
18684,0.000489768572152,0.00153693556786,15480,15291,False
18685,0,0,11110,11110,True
18686,0.000377467396902,0.00126584002282,14760,14768,False
18687,0.000348551664501,0.00107257685158,14597,14420,False
18688,0,0,11111,11111,True
18689,0,0,11112,11112,True
18690,0,0,11113,11113,True
18691,0,0,11114,11114,True
18692,0.00113720132504,0.00378763442859,18575,18565,False
18693,0.000509636593051,0.00171031511854,15620,15621,False
18694,0,0,11115,11115,True
18695,0,0,11116,11116,True
18696,0.000230438352446,0.000758312176913,13882,13837,False
18697,0.00086338078836,0.00293763610534,17796,17837,False
18698,0.00150137615856,0.00506313052028,19165,19161,False
18699,0.00019278677064,0.000636832613964,13611,13584,False
18700,0,0,11117,11117,True
18701,0,0,11118,11118,True
18702,0.00105843215715,0.00359988445416,18401,18430,False
18703,0,0,11119,11119,True
18704,0.000797709799372,0.00255128904246,17511,17341,False
18705,0,0,11120,11120,True
18706,0.000103239901364,0.00033741936204,12719,12687,False
18707,0.000557183288038,0.00189907324966,15977,16062,False
18708,0,0,11121,11121,True
18709,0.000382928177714,0.00131020566914,14799,14852,False
18710,0,0,11122,11122,True
18711,0.0012176935561,0.00396755151451,18728,18663,False
18712,0.000455044588307,0.00148928444833,15253,15201,False
18713,0,0,11123,11123,True
18714,0.000580849358812,0.00187625910621,16179,16006,False
18715,0.000604177184869,0.0019670703914,16367,16246,False
18716,0.000571719603613,0.00190293765627,16096,16072,False
18717,0.000157019356266,0.000509426987264,13305,13235,False
18718,0.00102462794166,0.00334403873421,18316,18244,False
18719,0,0,11124,11124,True
18720,0,0,11125,11125,True
18721,0.00221572373994,0.00750204967335,19725,19732,False
18722,0,0,11126,11126,True
18723,0,0,11127,11127,True
18724,0,0,11128,11128,True
18725,0,0,11129,11129,True
18726,0,0,11130,11130,True
18727,0.000112613670353,0.000351301685441,12830,12727,False
18728,0.000903147738427,0.00290107610635,17943,17801,False
18729,0.000781145703513,0.00273705972359,17435,17591,False
18730,0.000541808549315,0.00182163051795,15861,15892,False
18731,0,0,11131,11131,True
18732,0,0,11132,11132,True
18733,4.79856607853e-05,0.000160226525622,12035,12050,False
18734,0,0,11133,11133,True
18735,0,0,11134,11134,True
18736,4.49809995189e-05,0.000182798612514,12004,12134,False
18737,0,0,11135,11135,True
18738,0,0,11136,11136,True
18739,0,0,11137,11137,True
18740,0,0,11138,11138,True
18741,0.00139063794632,0.00463510956615,19014,18991,False
18742,0,0,11139,11139,True
18743,0,0,11140,11140,True
18744,0.000170914820046,0.000630400609225,13432,13574,False
18745,0.000404664722737,0.00140204816125,14931,15025,False
18746,0,0,11141,11141,True
18747,0,0,11142,11142,True
18748,0.000649015652016,0.00207085558213,16685,16473,False
18749,0,0,11143,11143,True
18750,0,0,11144,11144,True
18751,0.00136254518293,0.00470837857574,18975,19015,False
18752,0.00137770688161,0.0046923593618,18997,19012,False
18753,0.000251066521741,0.000925022468437,14026,14178,False
18754,0,0,11145,11145,True
18755,0.00051825447008,0.00191950728185,15686,16112,False
18756,9.98159739538e-05,0.000345547712641,12685,12711,False
18757,0,0,11146,11146,True
18758,0,0,11147,11147,True
18759,0,0,11148,11148,True
18760,0,0,11149,11149,True
18761,0.000836217892356,0.00270942598581,17695,17556,False
18762,0.00069906184217,0.0023629872594,16990,17014,False
18763,0.000789834244642,0.00273460615426,17480,17588,False
18764,0,0,11150,11150,True
18765,0.00247884890996,0.00812689121813,19791,19780,False
18766,0,0,11151,11151,True
18767,0,0,11152,11152,True
18768,0,0,11153,11153,True
18769,0,0,11154,11154,True
18770,0.000358648598194,0.00113947945647,14656,14546,False
18771,0.000546712370124,0.00187109422404,15890,15992,False
18772,0,0,11155,11155,True
18773,0,0,11156,11156,True
18774,9.18471050682e-05,0.000344742933521,12595,12709,False
18775,0,0,11157,11157,True
18776,0.000580659310799,0.0019299229607,16174,16146,False
18777,0.000517350039445,0.00170502823312,15682,15612,False
18778,0,0,11158,11158,True
18779,0,0,11159,11159,True
18780,0.0017606948968,0.00585435749963,19421,19391,False
18781,0,0,11160,11160,True
18782,0,0,11161,11161,True
18783,0.000720171141438,0.00239051599056,17108,17069,False
18784,0,0,11162,11162,True
18785,0,0,11163,11163,True
18786,0.00087990303291,0.00312802824192,17853,18049,False
18787,0.000125732636661,0.000412879773648,12985,12957,False
18788,0,0,11164,11164,True
18789,0,0,11165,11165,True
18790,4.94601736136e-05,0.000162737240316,12059,12057,False
18791,0.000298306520563,0.000990742468275,14306,14292,False
18792,9.29982998059e-05,0.000277548533631,12605,12505,False
18793,0,0,11166,11166,True
18794,0.000453127751825,0.00152837962378,15238,15271,False
18795,4.57772002846e-05,0.000146565042087,12014,11994,False
18796,0,0,11167,11167,True
18797,0.00142897805199,0.00474952114746,19068,19041,False
18798,0.00136322260369,0.00456458237022,18977,18963,False
18799,0.000189774480532,0.000679279502947,13591,13677,False
18800,0,0,11168,11168,True
18801,0.000555842008907,0.00191908946726,15964,16108,False
18802,0,0,11169,11169,True
18803,0,0,11170,11170,True
18804,0,0,11171,11171,True
18805,0.000118443742394,0.000456280744402,12904,13085,False
18806,0,0,11172,11172,True
18807,0.000108993379399,0.000369296787539,12778,12807,False
18808,0.000156582740601,0.000542010006029,13300,13330,False
18809,0,0,11173,11173,True
18810,0.00140500918496,0.00465594604611,19038,18994,False
18811,0.000195137661649,0.000655072799418,13624,13628,False
18812,0,0,11174,11174,True
18813,0.00177831889596,0.00585105735809,19442,19388,False
18814,0,0,11175,11175,True
18815,0,0,11176,11176,True
18816,0.00108065572567,0.00360807403922,18451,18439,False
18817,0,0,11177,11177,True
18818,4.43406679551e-05,0.000170385668753,11997,12083,False
18819,6.61569501972e-05,0.000195171509404,12272,12179,False
18820,0.00124466803391,0.00432266760617,18781,18849,False
18821,0,0,11178,11178,True
18822,0.00222958880477,0.00749563006684,19734,19730,False
18823,0,0,11179,11179,True
18824,0,0,11180,11180,True
18825,0.00123419496231,0.00416554836556,18757,18761,False
18826,0,0,11181,11181,True
18827,0,0,11182,11182,True
18828,0,0,11183,11183,True
18829,0.000540474487934,0.00192240963224,15850,16122,False
18830,0.000921092811041,0.00315896561369,18003,18085,False
18831,0,0,11184,11184,True
18832,0.0001736493723,0.00048370755394,13454,13175,False
18833,0,0,11185,11185,True
18834,0,0,11186,11186,True
18835,0.00184094253927,0.00642467243597,19495,19554,False
18836,0.00100750289857,0.00334428204224,18270,18245,False
18837,0,0,11187,11187,True
18838,0.00188171130139,0.00617473339662,19531,19493,False
18839,0.00102486787364,0.00335486186668,18317,18254,False
18840,0.000198678812012,0.000660053221509,13659,13636,False
18841,0,0,11188,11188,True
18842,0,0,11189,11189,True
18843,0,0,11190,11190,True
18844,0.000623339903541,0.00207650335506,16503,16488,False
18845,5.60352673347e-05,0.000189345577382,12141,12164,False
18846,0,0,11191,11191,True
18847,0,0,11192,11192,True
18848,0,0,11193,11193,True
18849,6.61919184495e-05,0.000204520911211,12273,12216,False
18850,0,0,11194,11194,True
18851,0.000883004977368,0.00305966287851,17873,17978,False
18852,0.000689552456606,0.0022541731596,16935,16828,False
18853,0,0,11195,11195,True
18854,0.000396121788071,0.00124737794977,14887,14730,False
18855,0,0,11196,11196,True
18856,0,0,11197,11197,True
18857,0.000320150051266,0.0011291061528,14419,14524,False
18858,0.000566423870623,0.00187020609155,16048,15990,False
18859,0.00053182739066,0.00178218400106,15789,15793,False
18860,0,0,11198,11198,True
18861,0,0,11199,11199,True
18862,0.000177439884283,0.000580318737775,13494,13454,False
18863,0.000190150283743,0.000674742390402,13594,13664,False
18864,0,0,11200,11200,True
18865,0,0,11201,11201,True
18866,0.00128918024711,0.0044595208019,18854,18909,False
18867,0,0,11202,11202,True
18868,0,0,11203,11203,True
18869,0,0,11204,11204,True
18870,0.000135233611218,0.000515553925652,13084,13249,False
18871,0,0,11205,11205,True
18872,0,0,11206,11206,True
18873,0,0,11207,11207,True
18874,0.00109360052738,0.00362460804172,18484,18450,False
18875,0,0,11208,11208,True
18876,0.000590906071011,0.00197741133161,16258,16270,False
18877,0.0014367235126,0.00480347545817,19080,19070,False
18878,0.0011809610296,0.00395616376773,18661,18659,False
18879,0,0,11209,11209,True
18880,0,0,11210,11210,True
18881,0.000195736327441,0.0006033629179,13632,13508,False
18882,0,0,11211,11211,True
18883,0,0,11212,11212,True
18884,0,0,11213,11213,True
18885,0,0,11214,11214,True
18886,0,0,11215,11215,True
18887,0,0,11216,11216,True
18888,0,0,11217,11217,True
18889,0,0,11218,11218,True
18890,0.000218276225496,0.000706770922989,13800,13730,False
18891,0.0012845271267,0.00413101259619,18848,18742,False
18892,0,0,11219,11219,True
18893,0,0,11220,11220,True
18894,0,0,11221,11221,True
18895,0,0,11222,11222,True
18896,0,0,11223,11223,True
18897,0,0,11224,11224,True
18898,0.000453480519354,0.00144151016138,15241,15105,False
18899,0,0,11225,11225,True
18900,0.000479016714962,0.00163464958314,15399,15468,False
18901,0.000467222678708,0.0015293112956,15329,15274,False
18902,0.000234175924561,0.000761053117458,13912,13843,False
18903,0,0,11226,11226,True
18904,0,0,11227,11227,True
18905,0.000134528600029,0.000510913028847,13074,13239,False
18906,5.10041027155e-05,0.000167329824762,12075,12071,False
18907,0,0,11228,11228,True
18908,0.00220852578059,0.0073405043222,19723,19713,False
18909,0,0,11229,11229,True
18910,0,0,11230,11230,True
18911,0,0,11231,11231,True
18912,0.0010341941379,0.00344266719185,18340,18321,False
18913,0.000123567398987,0.000383661477827,12960,12866,False
18914,0,0,11232,11232,True
18915,0,0,11233,11233,True
18916,0,0,11234,11234,True
18917,0,0,11235,11235,True
18918,7.69759353716e-05,0.000256853556493,12398,12418,False
18919,0,0,11236,11236,True
18920,0,0,11237,11237,True
18921,0.000263401510892,0.000902476080228,14106,14135,False
18922,0,0,11238,11238,True
18923,0,0,11239,11239,True
18924,0.000386830361094,0.00132019433659,14823,14875,False
18925,6.54671894154e-05,0.000348163477611,12263,12720,False
18926,0.000427017919719,0.00142847117968,15074,15075,False
18927,0,0,11240,11240,True
18928,6.23261803412e-05,0.000185516153579,12219,12151,False
18929,0,0,11241,11241,True
18930,5.00726964674e-05,0.000184495249414,12065,12146,False
18931,0.0010615484789,0.0035412304569,18413,18392,False
18932,0.000338732643286,0.00114932376891,14536,14565,False
18933,0,0,11242,11242,True
18934,0,0,11243,11243,True
18935,0,0,11244,11244,True
18936,0,0,11245,11245,True
18937,0,0,11246,11246,True
18938,0.000740306975786,0.00258539197966,17232,17390,False
18939,0,0,11247,11247,True
18940,0,0,11248,11248,True
18941,0.000185071417945,0.000612089934293,13560,13530,False
18942,0,0,11249,11249,True
18943,0.000124521626276,0.000409160595154,12972,12941,False
18944,0,0,11250,11250,True
18945,0,0,11251,11251,True
18946,0.000530402583536,0.00174419570249,15779,15700,False
18947,0.000296971295029,0.00103196909185,14300,14366,False
18948,0.000137255410664,0.000424012978328,13113,12985,False
18949,0.000309406750603,0.000987580860965,14357,14289,False
18950,0,0,11252,11252,True
18951,0,0,11253,11253,True
18952,0,0,11254,11254,True
18953,0.00142981566023,0.0048204138875,19070,19078,False
18954,0,0,11255,11255,True
18955,0.000218084314838,0.000870252319146,13797,14072,False
18956,0.00109335174784,0.00376166799106,18481,18547,False
18957,0.00110723217949,0.00348740839399,18515,18351,False
18958,0.000221297552343,0.000695049006026,13816,13707,False
18959,0.00141134019941,0.00462276954204,19045,18986,False
18960,0,0,11256,11256,True
18961,0,0,11257,11257,True
18962,0,0,11258,11258,True
18963,0.00020505322027,0.000767839082982,13705,13859,False
18964,0,0,11259,11259,True
18965,0,0,11260,11260,True
18966,0,0,11261,11261,True
18967,0.000849824107718,0.00279994611628,17748,17662,False
18968,0.000340939935995,0.00104861473665,14553,14386,False
18969,0,0,11262,11262,True
18970,0.00144109281246,0.00494369864464,19090,19125,False
18971,0,0,11263,11263,True
18972,0,0,11264,11264,True
18973,0.000788592442404,0.00247748102993,17472,17211,False
18974,0,0,11265,11265,True
18975,0.000378077995265,0.00120078166947,14763,14654,False
18976,0,0,11266,11266,True
18977,0.000948296685237,0.0032026458066,18095,18113,False
18978,0,0,11267,11267,True
18979,0,0,11268,11268,True
18980,0.000281410175376,0.000884603534359,14212,14104,False
18981,6.70710287523e-05,0.000186933291843,12287,12154,False
18982,0,0,11269,11269,True
18983,0.00103945052251,0.00362567929551,18349,18451,False
18984,0.000286865484668,0.000947392429225,14243,14221,False
18985,0.00188888900448,0.00621885200962,19535,19505,False
18986,0,0,11270,11270,True
18987,0.000199681337108,0.000663715414703,13663,13643,False
18988,0,0,11271,11271,True
18989,0.00200665718876,0.00660825287923,19617,19591,False
18990,0,0,11272,11272,True
18991,0,0,11273,11273,True
18992,0.000994141679257,0.00339059508406,18237,18277,False
18993,0,0,11274,11274,True
18994,0,0,11275,11275,True
18995,0,0,11276,11276,True
18996,0,0,11277,11277,True
18997,0.000371893664123,0.0011411543237,14722,14548,False
18998,0,0,11278,11278,True
18999,0,0,11279,11279,True
19000,7.10145250196e-05,0.000207807926927,12335,12229,False
19001,0.000426238169894,0.00138532859273,15072,14997,False
19002,4.42011805717e-05,0.000127140679979,11996,11922,False
19003,0.000231428217376,0.000778031593654,13889,13886,False
19004,0,0,11280,11280,True
19005,0.000143632816616,0.000615536177065,13169,13537,False
19006,0,0,11281,11281,True
19007,0,0,11282,11282,True
19008,0,0,11283,11283,True
19009,0,0,11284,11284,True
19010,0,0,11285,11285,True
19011,2.85685855488e-05,9.03252948774e-05,11831,11821,False
19012,0,0,11286,11286,True
19013,0,0,11287,11287,True
19014,0.000815481005702,0.00271492847241,17590,17564,False
19015,0,0,11288,11288,True
19016,0,0,11289,11289,True
19017,0.00019981591322,0.000638446013909,13665,13592,False
19018,0,0,11290,11290,True
19019,0,0,11291,11291,True
19020,0,0,11292,11292,True
19021,0.000798209861387,0.00261688535102,17512,17439,False
19022,0.000109566935862,0.00035902284435,12787,12757,False
19023,0,0,11293,11293,True
19024,0.000279720872641,0.000901681836694,14204,14134,False
19025,0,0,11294,11294,True
19026,0,0,11295,11295,True
19027,0.000627695932053,0.00207609031349,16531,16486,False
19028,0,0,11296,11296,True
19029,4.0598151827e-05,0.00012289606093,11958,11907,False
19030,0.000841779867187,0.00257518398575,17711,17371,False
19031,0,0,11297,11297,True
19032,8.63867171574e-05,0.000367557251593,12523,12797,False
19033,0.00169631198514,0.00556463422254,19360,19313,False
19034,0,0,11298,11298,True
19035,0.000287658971502,0.00089221203234,14249,14117,False
19036,0,0,11299,11299,True
19037,0,0,11300,11300,True
19038,0.0011788419215,0.00392634980381,18656,18642,False
19039,0,0,11301,11301,True
19040,0.000319675076753,0.00109999475535,14416,14468,False
19041,0,0,11302,11302,True
19042,0,0,11303,11303,True
19043,0,0,11304,11304,True
19044,0.000323063926771,0.00109334662557,14434,14458,False
19045,0,0,11305,11305,True
19046,0.000341405946529,0.00113324995618,14556,14532,False
19047,0,0,11306,11306,True
19048,0,0,11307,11307,True
19049,0,0,11308,11308,True
19050,0,0,11309,11309,True
19051,0.000310846633511,0.000964378123172,14366,14247,False
19052,0,0,11310,11310,True
19053,6.87940482749e-05,0.000233160535572,12310,12326,False
19054,0.000508182565682,0.00174842437264,15614,15710,False
19055,8.9273766207e-05,0.000276828213828,12567,12503,False
19056,8.91045929166e-05,0.000288080103928,12564,12538,False
19057,0,0,11311,11311,True
19058,0.000670569832437,0.00224753166549,16828,16816,False
19059,0,0,11312,11312,True
19060,0,0,11313,11313,True
19061,2.89588824671e-05,0.000103712976852,11836,11845,False
19062,0.000809536431916,0.00264618499205,17560,17476,False
19063,0.000621895829681,0.0021059170831,16491,16534,False
19064,0,0,11314,11314,True
19065,1.51524636749e-05,4.3578005716e-05,11787,11784,False
19066,0,0,11315,11315,True
19067,0,0,11316,11316,True
19068,0,0,11317,11317,True
19069,0,0,11318,11318,True
19070,0.000458003574749,0.00146548228804,15270,15153,False
19071,0,0,11319,11319,True
19072,0,0,11320,11320,True
19073,0,0,11321,11321,True
19074,0,0,11322,11322,True
19075,8.04913142929e-05,0.000230781079154,12453,12318,False
19076,0,0,11323,11323,True
19077,0.000119889977213,0.000376681855414,12922,12840,False
19078,0,0,11324,11324,True
19079,0.000636426615529,0.00217899098061,16602,16686,False
19080,0,0,11325,11325,True
19081,0.00144027662463,0.00491567514837,19087,19117,False
19082,0.000243607719312,0.000891739211511,13967,14115,False
19083,0,0,11326,11326,True
19084,0.000263939262368,0.000895880453754,14111,14122,False
19085,0,0,11327,11327,True
19086,0,0,11328,11328,True
19087,0,0,11329,11329,True
19088,0,0,11330,11330,True
19089,0,0,11331,11331,True
19090,0,0,11332,11332,True
19091,6.05390741839e-05,0.000196050270461,12199,12183,False
19092,0,0,11333,11333,True
19093,0,0,11334,11334,True
19094,0,0,11335,11335,True
19095,0.000800986075774,0.0026549261529,17529,17488,False
19096,0,0,11336,11336,True
19097,0.00164817133918,0.00572107639164,19313,19355,False
19098,0.000793975894339,0.00260644918308,17499,17420,False
19099,0.000252427736996,0.000848943192977,14033,14022,False
19100,0.000228781849728,0.00075868004933,13871,13838,False
19101,0.000759267539252,0.00263690343127,17335,17465,False
19102,0,0,11337,11337,True
19103,0.000104378748802,0.000331519957399,12728,12670,False
19104,0,0,11338,11338,True
19105,0,0,11339,11339,True
19106,0,0,11340,11340,True
19107,0.000465349265141,0.00160969549324,15318,15427,False
19108,3.26186345774e-05,0.000105924656964,11866,11852,False
19109,0,0,11341,11341,True
19110,0.000117804665933,0.000404424761655,12894,12927,False
19111,0,0,11342,11342,True
19112,0.000437631329987,0.00135568575934,15134,14926,False
19113,0,0,11343,11343,True
19114,8.89429356903e-05,0.0002688219829,12561,12471,False
19115,0.000128117128043,0.000478699221276,13004,13156,False
19116,0.000599612016231,0.00201315828599,16338,16347,False
19117,0.000585456204135,0.00203437707387,16220,16407,False
19118,0,0,11344,11344,True
19119,0,0,11345,11345,True
19120,0.00051070767222,0.00173877167981,15630,15683,False
19121,0,0,11346,11346,True
19122,0.000630232738331,0.00214201607741,16547,16612,False
19123,0.000545921095181,0.00176570529584,15885,15748,False
19124,0,0,11347,11347,True
19125,0.00011923344573,0.000412585737649,12913,12954,False
19126,0,0,11348,11348,True
19127,0.000670329318382,0.00220549455844,16826,16738,False
19128,0,0,11349,11349,True
19129,0,0,11350,11350,True
19130,0,0,11351,11351,True
19131,0,0,11352,11352,True
19132,0,0,11353,11353,True
19133,0,0,11354,11354,True
19134,0,0,11355,11355,True
19135,0,0,11356,11356,True
19136,0.000880774576217,0.0030346729327,17858,17942,False
19137,0,0,11357,11357,True
19138,0,0,11358,11358,True
19139,0,0,11359,11359,True
19140,0,0,11360,11360,True
19141,0.00150376465172,0.00503297057003,19171,19152,False
19142,0,0,11361,11361,True
19143,0,0,11362,11362,True
19144,0,0,11363,11363,True
19145,0,0,11364,11364,True
19146,0,0,11365,11365,True
19147,0,0,11366,11366,True
19148,0.00128083175514,0.00433401297778,18844,18854,False
19149,0,0,11367,11367,True
19150,0,0,11368,11368,True
19151,0,0,11369,11369,True
19152,0.000396803283365,0.00135527993552,14892,14925,False
19153,0,0,11370,11370,True
19154,0.00107570481487,0.00349773932248,18442,18362,False
19155,0,0,11371,11371,True
19156,0,0,11372,11372,True
19157,0.0009738804074,0.00330003420822,18177,18200,False
19158,0.000634073105175,0.00209102476947,16584,16513,False
19159,0.000361666025128,0.00119783449918,14668,14651,False
19160,0.000532535195816,0.00177201675251,15796,15771,False
19161,0.000363935512723,0.00121323461644,14674,14673,False
19162,0.000318521109875,0.00105931749567,14408,14405,False
19163,0,0,11373,11373,True
19164,0.000535751576535,0.00182189536281,15820,15894,False
19165,0.000234134364291,0.0008150137146,13909,13962,False
19166,0.000773386273067,0.00269753229804,17395,17544,False
19167,0.00135619938374,0.00450260518119,18963,18919,False
19168,0,0,11374,11374,True
19169,0,0,11375,11375,True
19170,0,0,11376,11376,True
19171,0.00052496540593,0.00174403423443,15739,15699,False
19172,0.00211676419713,0.00699778599665,19685,19659,False
19173,0,0,11377,11377,True
19174,0,0,11378,11378,True
19175,0,0,11379,11379,True
19176,0,0,11380,11380,True
19177,0,0,11381,11381,True
19178,0.000948056404013,0.00310468836688,18094,18025,False
19179,0,0,11382,11382,True
19180,0.00052540487377,0.00175452593248,15745,15723,False
19181,0.000500930415001,0.00168317288626,15563,15563,False
19182,0,0,11383,11383,True
19183,0.000434225716162,0.00143210531678,15113,15088,False
19184,0,0,11384,11384,True
19185,0.000129505555378,0.000423720834078,13017,12984,False
19186,0,0,11385,11385,True
19187,0.000450718944194,0.00159556651488,15229,15398,False
19188,0,0,11386,11386,True
19189,0.000293429737212,0.00098699470982,14279,14285,False
19190,0.00104108697269,0.00348064024001,18353,18342,False
19191,0,0,11387,11387,True
19192,0,0,11388,11388,True
19193,0,0,11389,11389,True
19194,0,0,11390,11390,True
19195,0,0,11391,11391,True
19196,0.000627082074061,0.00213162670843,16526,16592,False
19197,0,0,11392,11392,True
19198,0,0,11393,11393,True
19199,0,0,11394,11394,True
19200,0.00088740431238,0.00288044498302,17890,17769,False
19201,0.000424157158704,0.00136821798515,15059,14958,False
19202,0,0,11395,11395,True
19203,0,0,11396,11396,True
19204,0,0,11397,11397,True
19205,0.000731188687496,0.00249038892798,17175,17242,False
19206,0.000998246017843,0.00326758367009,18250,18175,False
19207,0,0,11398,11398,True
19208,0.000775288848672,0.00265753478743,17408,17493,False
19209,0.00202977238223,0.00684494944289,19632,19634,False
19210,0.000255010498222,0.000751494837459,14055,13818,False
19211,0.000708640902303,0.00227997382171,17037,16866,False
19212,0,0,11399,11399,True
19213,0.000295870326227,0.000940538942814,14294,14208,False
19214,0.00125314109027,0.00423944136128,18795,18808,False
19215,0,0,11400,11400,True
19216,0.000916304590646,0.00308845285326,17991,18007,False
19217,0,0,11401,11401,True
19218,0.000667304324452,0.00216362602077,16814,16654,False
19219,0.000800225068815,0.00271663069725,17526,17570,False
19220,0,0,11402,11402,True
19221,0.00027203434729,0.000830866105389,14154,13993,False
19222,0,0,11403,11403,True
19223,0,0,11404,11404,True
19224,0,0,11405,11405,True
19225,0,0,11406,11406,True
19226,0,0,11407,11407,True
19227,0,0,11408,11408,True
19228,0.000108259919216,0.000410852371715,12769,12947,False
19229,0,0,11409,11409,True
19230,0,0,11410,11410,True
19231,0.000584150664508,0.0020170265343,16207,16357,False
19232,0,0,11411,11411,True
19233,0,0,11412,11412,True
19234,0.000264275673544,0.000964674400166,14116,14248,False
19235,0,0,11413,11413,True
19236,0,0,11414,11414,True
19237,0,0,11415,11415,True
19238,0.000775388907641,0.00258400198072,17409,17387,False
19239,0.000348995614331,0.00124340609182,14600,14719,False
19240,0,0,11416,11416,True
19241,0,0,11417,11417,True
19242,0.00132233055774,0.00438551465049,18910,18879,False
19243,0,0,11418,11418,True
19244,0,0,11419,11419,True
19245,0.000378896860639,0.00124524289276,14766,14724,False
19246,0,0,11420,11420,True
19247,0,0,11421,11421,True
19248,0.00121573603246,0.00415840838104,18723,18755,False
19249,0.000650477304589,0.00211699819192,16699,16560,False
19250,0,0,11422,11422,True
19251,0,0,11423,11423,True
19252,8.23854934424e-05,0.000270072516287,12481,12475,False
19253,0,0,11424,11424,True
19254,0.000751976971515,0.00268130842596,17298,17530,False
19255,0,0,11425,11425,True
19256,0.00188058498316,0.00640199519694,19530,19549,False
19257,0.00112280528992,0.00376005563885,18554,18545,False
19258,0,0,11426,11426,True
19259,0,0,11427,11427,True
19260,0,0,11428,11428,True
19261,0,0,11429,11429,True
19262,0.00101270212326,0.00352418515831,18281,18379,False
19263,0,0,11430,11430,True
19264,0.000932336959522,0.00327186309732,18045,18180,False
19265,1.59316932695e-05,5.10933823534e-05,11789,11786,False
19266,0,0,11431,11431,True
19267,0,0,11432,11432,True
19268,0,0,11433,11433,True
19269,0.00019818614237,0.000712493609171,13654,13744,False
19270,0,0,11434,11434,True
19271,0,0,11435,11435,True
19272,0,0,11436,11436,True
19273,0,0,11437,11437,True
19274,0.000576509162784,0.00189926440362,16137,16063,False
19275,0,0,11438,11438,True
19276,0,0,11439,11439,True
19277,3.11422663799e-05,0.000105617204099,11852,11851,False
19278,0,0,11440,11440,True
19279,0,0,11441,11441,True
19280,0,0,11442,11442,True
19281,0.000344952364685,0.00110737013165,14578,14486,False
19282,0,0,11443,11443,True
19283,0,0,11444,11444,True
19284,0,0,11445,11445,True
19285,7.88691904745e-05,0.00025645113783,12426,12417,False
19286,0,0,11446,11446,True
19287,0,0,11447,11447,True
19288,0.000883635424543,0.00301410863176,17878,17919,False
19289,0,0,11448,11448,True
19290,0.000545716902707,0.00176321039908,15883,15738,False
19291,0,0,11449,11449,True
19292,0,0,11450,11450,True
19293,0,0,11451,11451,True
19294,0.000477918045362,0.00161425967235,15388,15434,False
19295,0.00181216560304,0.00609931675717,19476,19472,False
19296,0.000487258948851,0.00156486290507,15464,15337,False
19297,0,0,11452,11452,True
19298,0,0,11453,11453,True
19299,0.000328114285367,0.00116681877989,14466,14600,False
19300,0,0,11454,11454,True
19301,0,0,11455,11455,True
19302,0.00125075154938,0.00426882086322,18789,18821,False
19303,0,0,11456,11456,True
19304,0,0,11457,11457,True
19305,0,0,11458,11458,True
19306,0,0,11459,11459,True
19307,0.00014442151587,0.00049440638395,13177,13202,False
19308,0.000509981182404,0.00179848331027,15623,15836,False
19309,0.00370926875621,0.0125286513939,19891,19890,False
19310,0.00122587219812,0.00404958287254,18743,18704,False
19311,0.000490277132485,0.0016451269621,15484,15493,False
19312,0,0,11460,11460,True
19313,0,0,11461,11461,True
19314,0,0,11462,11462,True
19315,0,0,11463,11463,True
19316,0,0,11464,11464,True
19317,0,0,11465,11465,True
19318,0.00111124571413,0.00374118238688,18525,18533,False
19319,0,0,11466,11466,True
19320,0.000253501872066,0.00085206417134,14041,14031,False
19321,0,0,11467,11467,True
19322,0.0018568939995,0.00637149251997,19505,19543,False
19323,0,0,11468,11468,True
19324,0.000640000973362,0.00217199092731,16623,16674,False
19325,0.000650961068459,0.002137016505,16706,16604,False
19326,0,0,11469,11469,True
19327,0.000630832684692,0.00203906954266,16557,16415,False
19328,0.000304660527036,0.000963695871178,14338,14246,False
19329,0.000705205951817,0.00236634584144,17021,17018,False
19330,0.000126184473629,0.000399752956582,12989,12912,False
19331,0,0,11470,11470,True
19332,0.00283523299731,0.00970793329179,19846,19847,False
19333,0,0,11471,11471,True
19334,0.00120135582983,0.00407809577882,18698,18718,False
19335,0,0,11472,11472,True
19336,0.000835740589537,0.0028865840286,17692,17778,False
19337,0.00106095476076,0.00344307045452,18409,18323,False
19338,0.00033676091698,0.00112412660383,14526,14516,False
19339,0.00202011340298,0.00678210193291,19627,19620,False
19340,9.81896955636e-05,0.000273652200121,12663,12487,False
19341,0,0,11473,11473,True
19342,0,0,11474,11474,True
19343,0,0,11475,11475,True
19344,0,0,11476,11476,True
19345,0.00213896203786,0.00708553474396,19696,19678,False
19346,0,0,11477,11477,True
19347,0,0,11478,11478,True
19348,0,0,11479,11479,True
19349,0,0,11480,11480,True
19350,0,0,11481,11481,True
19351,0.000887050817255,0.00302377878688,17887,17932,False
19352,0,0,11482,11482,True
19353,0,0,11483,11483,True
19354,0,0,11484,11484,True
19355,0.000663237180561,0.00215273164213,16793,16633,False
19356,0.000504183466546,0.00177754380275,15580,15784,False
19357,0,0,11485,11485,True
19358,0.000365869665984,0.00128885253798,14686,14813,False
19359,0.000747832003981,0.00253792968579,17274,17327,False
19360,0.00130831485149,0.00452314596623,18881,18933,False
19361,0.000856502214447,0.00281075225212,17771,17679,False
19362,0.00193269993179,0.00654224306345,19561,19578,False
19363,0,0,11486,11486,True
19364,0.00108333176468,0.00364142959006,18455,18463,False
19365,0,0,11487,11487,True
19366,0,0,11488,11488,True
19367,0,0,11489,11489,True
19368,0,0,11490,11490,True
19369,0.000125580379972,0.000411062355852,12983,12950,False
19370,0.00157901528291,0.00532996701077,19253,19257,False
19371,0.00222654221579,0.00757016567513,19728,19736,False
19372,0.000183605559869,0.000640877289698,13549,13596,False
19373,0.0023046801798,0.0077891452238,19753,19753,False
19374,0.000514921091963,0.00197285809554,15662,16261,False
19375,0.000538682797924,0.00185369641986,15841,15953,False
19376,0.000732175190933,0.00253722583875,17183,17325,False
19377,0,0,11491,11491,True
19378,0,0,11492,11492,True
19379,0,0,11493,11493,True
19380,0.000526264542714,0.00167314440478,15750,15542,False
19381,0.0007025427185,0.00229788012803,17007,16903,False
19382,0,0,11494,11494,True
19383,0.00191772636026,0.00630468782037,19553,19527,False
19384,0.000559879234061,0.00186206481885,15997,15967,False
19385,0,0,11495,11495,True
19386,0.00084600149421,0.0029239456635,17732,17822,False
19387,0.000117594267067,0.000279984931694,12889,12514,False
19388,0.00079269008711,0.00261616636999,17493,17437,False
19389,0,0,11496,11496,True
19390,0.000526776188053,0.00175400124863,15754,15721,False
19391,7.25411082385e-05,0.000257637671893,12354,12421,False
19392,0.000447393074865,0.00125308264978,15207,14741,False
19393,0,0,11497,11497,True
19394,0.000873376091477,0.00298661296256,17826,17889,False
19395,0.000294422410661,0.00110566802323,14282,14483,False
19396,0.00135223788675,0.00471102958545,18954,19016,False
19397,0.000283752451651,0.000997396884486,14225,14301,False
19398,0.00016745137691,0.000571821175981,13396,13428,False
19399,0,0,11498,11498,True
19400,0.000390011933632,0.00127662718296,14857,14794,False
19401,0,0,11499,11499,True
19402,0.00135637877975,0.00460671726614,18965,18981,False
19403,0,0,11500,11500,True
19404,0,0,11501,11501,True
19405,0,0,11502,11502,True
19406,0.000188970298041,0.000673315487802,13584,13661,False
19407,0,0,11503,11503,True
19408,0,0,11504,11504,True
19409,0.00110307417344,0.00371869956143,18506,18512,False
19410,0.000626125547569,0.00215742294677,16520,16641,False
19411,0.000612486328464,0.00193442113232,16424,16156,False
19412,0,0,11505,11505,True
19413,0,0,11506,11506,True
19414,0,0,11507,11507,True
19415,0,0,11508,11508,True
19416,0,0,11509,11509,True
19417,0,0,11510,11510,True
19418,0,0,11511,11511,True
19419,0,0,11512,11512,True
19420,0.000211295002373,0.000792685139459,13752,13908,False
19421,0.000233019454754,0.000784895324614,13899,13899,False
19422,0,0,11513,11513,True
19423,0,0,11514,11514,True
19424,0.000599968479946,0.00191476475447,16341,16099,False
19425,0,0,11515,11515,True
19426,0.000102275691461,0.000354107090971,12710,12739,False
19427,0.000162357275258,0.00054487719899,13355,13339,False
19428,0,0,11516,11516,True
19429,0.00140395085327,0.00468183076009,19033,19007,False
19430,0.000554183556233,0.0017722499324,15951,15772,False
19431,0,0,11517,11517,True
19432,0,0,11518,11518,True
19433,0.000443593744421,0.00148510443978,15181,15196,False
19434,0,0,11519,11519,True
19435,0.000634149007965,0.00219252007082,16586,16707,False
19436,0,0,11520,11520,True
19437,5.96477002546e-05,0.000201753151487,12184,12211,False
19438,0.000239808097831,0.000795605650637,13947,13915,False
19439,0,0,11521,11521,True
19440,0,0,11522,11522,True
19441,0.000853911333252,0.00290526193567,17763,17803,False
19442,0,0,11523,11523,True
19443,0,0,11524,11524,True
19444,0.000218420173042,0.000699417316355,13804,13717,False
19445,0,0,11525,11525,True
19446,0.000588280672673,0.00191299861763,16237,16094,False
19447,0.000503551505972,0.00166809407528,15575,15535,False
19448,0,0,11526,11526,True
19449,0.0020134174265,0.00670539960265,19622,19607,False
19450,0,0,11527,11527,True
19451,0.000912373361643,0.00322843436152,17976,18146,False
19452,0.00109248422086,0.00369798229076,18478,18505,False
19453,0,0,11528,11528,True
19454,0.000629399495665,0.00202414859086,16540,16375,False
19455,0.000562204921152,0.00206384132616,16016,16461,False
19456,0.00011401334632,0.00038365231012,12852,12865,False
19457,0,0,11529,11529,True
19458,0,0,11530,11530,True
19459,0,0,11531,11531,True
19460,0.00308287586085,0.0102370288223,19867,19863,False
19461,0.000369345158106,0.00122178671882,14698,14681,False
19462,0,0,11532,11532,True
19463,0,0,11533,11533,True
19464,0,0,11534,11534,True
19465,0.000325387372868,0.00107345753349,14446,14423,False
19466,0.000210386642721,0.000745392346289,13747,13809,False
19467,0,0,11535,11535,True
19468,0.000975721864961,0.00330363819376,18183,18207,False
19469,0.000219050503802,0.000803387432825,13806,13943,False
19470,0,0,11536,11536,True
19471,0,0,11537,11537,True
19472,0.000689110369422,0.00215447787195,16933,16636,False
19473,0.000670726469252,0.00219740066677,16830,16720,False
19474,0.000245186616667,0.000798601249699,13978,13922,False
19475,0.00130620494019,0.00441250996664,18875,18888,False
19476,0.000284905690933,0.000961123325396,14234,14244,False
19477,0,0,11538,11538,True
19478,0.000336892000632,0.00111411861144,14527,14495,False
19479,4.97921246279e-05,0.000154149078298,12062,12024,False
19480,0,0,11539,11539,True
19481,0,0,11540,11540,True
19482,0.000103797654447,0.000361092155799,12725,12766,False
19483,0,0,11541,11541,True
19484,0.000553917139769,0.00190580170602,15949,16080,False
19485,9.05107153812e-05,0.000305716297589,12584,12591,False
19486,0,0,11542,11542,True
19487,0.000111960587674,0.000388000014937,12820,12877,False
19488,0.00149849557783,0.00496445130557,19160,19130,False
19489,0.000815336126834,0.00258071813732,17589,17379,False
19490,0.00120466062799,0.00412898696959,18706,18739,False
19491,0.000397166295443,0.00115802593064,14894,14580,False
19492,3.9589129301e-05,0.000121064520499,11941,11897,False
19493,0,0,11543,11543,True
19494,0.000775057647843,0.0025628991425,17405,17360,False
19495,0,0,11544,11544,True
19496,0.00067238608608,0.00209650816396,16839,16520,False
19497,0,0,11545,11545,True
19498,0.00202147010714,0.00683651911095,19629,19632,False
19499,0,0,11546,11546,True
19500,0,0,11547,11547,True
19501,0.000599342689384,0.00202479888685,16334,16380,False
19502,0.000722446595319,0.00238935509697,17126,17067,False
19503,0,0,11548,11548,True
19504,0,0,11549,11549,True
19505,0.000763892603572,0.00258383527398,17358,17386,False
19506,0,0,11550,11550,True
19507,0.00159352517221,0.00531161157414,19264,19248,False
19508,0.000389421242289,0.00131956022233,14849,14872,False
19509,0.00019663850253,0.000614461139776,13640,13536,False
19510,0,0,11551,11551,True
19511,0,0,11552,11552,True
19512,0,0,11553,11553,True
19513,0,0,11554,11554,True
19514,0,0,11555,11555,True
19515,0,0,11556,11556,True
19516,0.000176376866875,0.000602739164606,13485,13506,False
19517,0.00123713898938,0.00422553811222,18762,18796,False
19518,0,0,11557,11557,True
19519,0,0,11558,11558,True
19520,0,0,11559,11559,True
19521,0.00056089903228,0.00188577966765,16007,16026,False
19522,0.000100816978374,0.000367243599612,12696,12796,False
19523,0,0,11560,11560,True
19524,0.000527469615918,0.00174349476583,15761,15696,False
19525,0.000411074492149,0.00133831042331,14969,14895,False
19526,0,0,11561,11561,True
19527,0,0,11562,11562,True
19528,0,0,11563,11563,True
19529,0,0,11564,11564,True
19530,0,0,11565,11565,True
19531,0,0,11566,11566,True
19532,0,0,11567,11567,True
19533,0,0,11568,11568,True
19534,0,0,11569,11569,True
19535,0,0,11570,11570,True
19536,0,0,11571,11571,True
19537,0,0,11572,11572,True
19538,0,0,11573,11573,True
19539,0.00100380601361,0.00340902199969,18259,18291,False
19540,0,0,11574,11574,True
19541,0.000589043775108,0.00193394580856,16242,16154,False
19542,0.000380872603273,0.00122817244846,14788,14693,False
19543,0,0,11575,11575,True
19544,0,0,11576,11576,True
19545,0,0,11577,11577,True
19546,0.000196850916836,0.000748129910789,13644,13815,False
19547,0,0,11578,11578,True
19548,0,0,11579,11579,True
19549,0,0,11580,11580,True
19550,0.00398170948029,0.01318850182,19893,19893,False
19551,0,0,11581,11581,True
19552,0,0,11582,11582,True
19553,0.000706084363628,0.00230686250143,17025,16926,False
19554,0,0,11583,11583,True
19555,0,0,11584,11584,True
19556,0,0,11585,11585,True
19557,0,0,11586,11586,True
19558,0.000524134375155,0.0017345600063,15729,15673,False
19559,0,0,11587,11587,True
19560,0.00198011961766,0.00677872123197,19597,19619,False
19561,0,0,11588,11588,True
19562,0,0,11589,11589,True
19563,0,0,11590,11590,True
19564,0.00183811841998,0.00618838937953,19492,19500,False
19565,0,0,11591,11591,True
19566,0.000321333442116,0.00123960489873,14428,14712,False
19567,0,0,11592,11592,True
19568,0,0,11593,11593,True
19569,0,0,11594,11594,True
19570,0,0,11595,11595,True
19571,0,0,11596,11596,True
19572,0,0,11597,11597,True
19573,0,0,11598,11598,True
19574,0,0,11599,11599,True
19575,0,0,11600,11600,True
19576,0,0,11601,11601,True
19577,0,0,11602,11602,True
19578,0.00131410092581,0.00454261060804,18899,18949,False
19579,0,0,11603,11603,True
19580,0,0,11604,11604,True
19581,0.000589178700466,0.00204833922908,16246,16432,False
19582,0,0,11605,11605,True
19583,0,0,11606,11606,True
19584,7.4722483987e-05,0.000241384259425,12370,12355,False
19585,0.000358384044375,0.00109284534119,14653,14455,False
19586,0,0,11607,11607,True
19587,0,0,11608,11608,True
19588,0,0,11609,11609,True
19589,0.00176096125506,0.00589939625934,19422,19405,False
19590,0,0,11610,11610,True
19591,0,0,11611,11611,True
19592,0.000115127870231,0.000494615582284,12863,13204,False
19593,0.0010695438832,0.00350867444649,18426,18369,False
19594,0,0,11612,11612,True
19595,0,0,11613,11613,True
19596,0,0,11614,11614,True
19597,0,0,11615,11615,True
19598,0,0,11616,11616,True
19599,0.00266271154396,0.00916382111609,19822,19828,False
19600,0,0,11617,11617,True
19601,0.000116971474199,0.000355416093953,12884,12746,False
19602,0,0,11618,11618,True
19603,0,0,11619,11619,True
19604,0,0,11620,11620,True
19605,0,0,11621,11621,True
19606,0.000655112264212,0.00220564822666,16733,16739,False
19607,0.000273856334388,0.000967470230535,14166,14253,False
19608,0.000464882148663,0.00157113245223,15314,15347,False
19609,0.000131579232402,0.000452722568298,13038,13075,False
19610,0.000207991397474,0.000802490103524,13728,13939,False
19611,0.000703252328094,0.0023232367821,17014,16952,False
19612,0.000167696620338,0.000558576313779,13397,13384,False
19613,7.33182241675e-05,0.000314149510814,12361,12621,False
19614,0,0,11622,11622,True
19615,0,0,11623,11623,True
19616,0,0,11624,11624,True
19617,0,0,11625,11625,True
19618,0,0,11626,11626,True
19619,0.000204351337743,0.000771324033849,13702,13867,False
19620,0,0,11627,11627,True
19621,0,0,11628,11628,True
19622,0,0,11629,11629,True
19623,0.000306359492242,0.00109850487206,14344,14465,False
19624,0,0,11630,11630,True
19625,0.000784192350693,0.00279053393751,17452,17648,False
19626,0.00149378168862,0.00494995247573,19151,19127,False
19627,0,0,11631,11631,True
19628,0,0,11632,11632,True
19629,8.29911004985e-05,0.000263586553046,12485,12445,False
19630,0,0,11633,11633,True
19631,0,0,11634,11634,True
19632,0,0,11635,11635,True
19633,0,0,11636,11636,True
19634,0,0,11637,11637,True
19635,0,0,11638,11638,True
19636,0,0,11639,11639,True
19637,0,0,11640,11640,True
19638,0,0,11641,11641,True
19639,0,0,11642,11642,True
19640,0,0,11643,11643,True
19641,0.00110120105091,0.00382417836227,18503,18583,False
19642,0.000295786972856,0.000883984263055,14293,14101,False
19643,0.000619748840109,0.00210889987648,16473,16543,False
19644,0,0,11644,11644,True
19645,0,0,11645,11645,True
19646,0.000146252292325,0.000533122161869,13195,13309,False
19647,0.00368256075308,0.0121382083744,19888,19887,False
19648,0,0,11646,11646,True
19649,0,0,11647,11647,True
19650,0,0,11648,11648,True
19651,0,0,11649,11649,True
19652,0,0,11650,11650,True
19653,0,0,11651,11651,True
19654,0,0,11652,11652,True
19655,0,0,11653,11653,True
19656,0,0,11654,11654,True
19657,0,0,11655,11655,True
19658,0,0,11656,11656,True
19659,0,0,11657,11657,True
19660,0,0,11658,11658,True
19661,0,0,11659,11659,True
19662,0.000640163372736,0.00197375193238,16625,16263,False
19663,0,0,11660,11660,True
19664,0,0,11661,11661,True
19665,0.00050461612409,0.00169459125027,15587,15592,False
19666,0,0,11662,11662,True
19667,0,0,11663,11663,True
19668,0.000355706986738,0.00117909710389,14636,14624,False
19669,0,0,11664,11664,True
19670,0,0,11665,11665,True
19671,0,0,11666,11666,True
19672,0,0,11667,11667,True
19673,0,0,11668,11668,True
19674,0,0,11669,11669,True
19675,0,0,11670,11670,True
19676,0.000371810048819,0.00127883965615,14719,14798,False
19677,0,0,11671,11671,True
19678,0,0,11672,11672,True
19679,0,0,11673,11673,True
19680,0,0,11674,11674,True
19681,0.000453970802482,0.00160762539599,15244,15426,False
19682,0,0,11675,11675,True
19683,0.00117750628851,0.00404400285333,18654,18701,False
19684,0,0,11676,11676,True
19685,0,0,11677,11677,True
19686,0,0,11678,11678,True
19687,0,0,11679,11679,True
19688,0.000569725933019,0.00197447184473,16077,16266,False
19689,8.52202574606e-05,0.00030110188527,12508,12574,False
19690,0,0,11680,11680,True
19691,0,0,11681,11681,True
19692,0,0,11682,11682,True
19693,0.000617250800133,0.00204556365497,16448,16425,False
19694,0,0,11683,11683,True
19695,0.000650496047456,0.00216064229608,16700,16646,False
19696,0,0,11684,11684,True
19697,0.000782759103458,0.00296182162128,17445,17861,False
19698,0,0,11685,11685,True
19699,0.000345437700162,0.00120947964024,14580,14669,False
19700,0,0,11686,11686,True
19701,0,0,11687,11687,True
19702,0.00199892837554,0.00678553059697,19609,19621,False
19703,5.31917685294e-05,0.000137873008498,12105,11954,False
19704,0,0,11688,11688,True
19705,0.0011838224018,0.00394135154784,18672,18651,False
19706,0,0,11689,11689,True
19707,0.000108098902274,0.000369883287931,12766,12810,False
19708,0.000935150310397,0.00314599997364,18053,18071,False
19709,0.0007777052233,0.00270724459551,17419,17553,False
19710,0.000396689429181,0.00147485837806,14891,15172,False
19711,0.000640465994366,0.00217411410995,16630,16680,False
19712,5.30340366822e-05,0.000172957094037,12102,12094,False
19713,0.000115337999887,0.000368669512682,12867,12803,False
19714,0,0,11690,11690,True
19715,0,0,11691,11691,True
19716,0.00102711957879,0.0036035424564,18325,18435,False
19717,0,0,11692,11692,True
19718,0.000641828926746,0.00207771803252,16638,16492,False
19719,0.000305241614114,0.00103028793819,14341,14360,False
19720,0,0,11693,11693,True
19721,0.000463944801595,0.00147787807509,15308,15179,False
19722,0,0,11694,11694,True
19723,0,0,11695,11695,True
19724,0,0,11696,11696,True
19725,0,0,11697,11697,True
19726,0,0,11698,11698,True
19727,0.000390180066461,0.00133029127028,14859,14887,False
19728,0.000775278778747,0.0025745681487,17407,17370,False
19729,0,0,11699,11699,True
19730,0,0,11700,11700,True
19731,0.000294474128168,0.000920399732422,14283,14171,False
19732,0.000872940931004,0.00289282528684,17824,17785,False
19733,0,0,11701,11701,True
19734,0,0,11702,11702,True
19735,0,0,11703,11703,True
19736,0.00104946410283,0.00353391561657,18380,18390,False
19737,0,0,11704,11704,True
19738,0,0,11705,11705,True
19739,0,0,11706,11706,True
19740,0,0,11707,11707,True
19741,0.000696862058248,0.00228189909831,16975,16870,False
19742,0,0,11708,11708,True
19743,0.000243746238993,0.000835507933516,13969,14002,False
19744,0,0,11709,11709,True
19745,0.00113588466775,0.0037215386983,18573,18515,False
19746,0,0,11710,11710,True
19747,0,0,11711,11711,True
19748,0,0,11712,11712,True
19749,0,0,11713,11713,True
19750,0,0,11714,11714,True
19751,0.00269020884298,0.00898624490947,19825,19821,False
19752,0,0,11715,11715,True
19753,0,0,11716,11716,True
19754,0.000153818138642,0.000530452292878,13271,13290,False
19755,0,0,11717,11717,True
19756,0,0,11718,11718,True
19757,0.00095565058291,0.00314984633587,18120,18073,False
19758,0,0,11719,11719,True
19759,0,0,11720,11720,True
19760,0.000741515599657,0.0024584250059,17239,17187,False
19761,0,0,11721,11721,True
19762,0.000477741967188,0.0016530638095,15387,15506,False
19763,0.00136450305581,0.00474473228678,18978,19039,False
19764,0,0,11722,11722,True
19765,0.000653129536659,0.00211576884612,16715,16556,False
19766,0.000309852272039,0.0011096787639,14360,14488,False
19767,0,0,11723,11723,True
19768,0.000622570922133,0.00208884454332,16495,16508,False
19769,0.000720928946976,0.00243616243824,17113,17144,False
19770,0.000880154490005,0.00295193237253,17856,17854,False
19771,0.00114268646576,0.003720150562,18588,18513,False
19772,0.00209785951301,0.00725055206567,19676,19704,False
19773,0,0,11724,11724,True
19774,0,0,11725,11725,True
19775,0,0,11726,11726,True
19776,0.00019698755932,0.000674778886605,13645,13665,False
19777,0.000601792766247,0.00188405346125,16351,16020,False
19778,0.00214965478517,0.00727796228603,19700,19709,False
19779,0,0,11727,11727,True
19780,0.000713434594218,0.00232053478248,17063,16943,False
19781,0,0,11728,11728,True
19782,0.00011779556371,0.000393277645344,12893,12893,False
19783,0,0,11729,11729,True
19784,0.000468953483505,0.00157492503058,15336,15358,False
19785,0.000335138349328,0.00110873347148,14514,14487,False
19786,0.000135759983095,0.000506402575411,13089,13231,False
19787,0.00061678601196,0.002055559773,16444,16445,False
19788,0,0,11730,11730,True
19789,0,0,11731,11731,True
19790,0.000758233305532,0.00267388136126,17328,17517,False
19791,0,0,11732,11732,True
19792,0.00033030367922,0.00113365543075,14478,14534,False
19793,0.00050965778064,0.00168853485957,15621,15576,False
19794,0.000561855325941,0.00201049936004,16014,16337,False
19795,0,0,11733,11733,True
19796,0.000783936295193,0.00267313537188,17451,17516,False
19797,0.000920372083783,0.00315370503813,18000,18082,False
19798,0,0,11734,11734,True
19799,0,0,11735,11735,True
19800,0.00111326517072,0.0038307250943,18530,18585,False
19801,0.000161684991326,0.000600463768933,13343,13500,False
19802,0,0,11736,11736,True
19803,0,0,11737,11737,True
19804,0.00137455307413,0.00474667781964,18991,19040,False
19805,0.000596094178036,0.00199569715187,16304,16306,False
19806,0,0,11738,11738,True
19807,0.000867798749823,0.00303773372434,17811,17947,False
19808,0,0,11739,11739,True
19809,0.00152220472228,0.00508143939078,19199,19169,False
19810,0.000647462264169,0.00224747834727,16672,16815,False
19811,0.000566905422602,0.00189680489711,16053,16053,False
19812,0.00064216152532,0.00228636804968,16644,16881,False
19813,0,0,11740,11740,True
19814,0.000253870006418,0.000931054179091,14046,14191,False
19815,0,0,11741,11741,True
19816,0,0,11742,11742,True
19817,0.000944254745264,0.00321972928941,18082,18136,False
19818,0.00021656579338,0.000754333275836,13788,13826,False
19819,0.00423832284287,0.014290438965,19898,19897,False
19820,0.00187471974641,0.00639578141272,19524,19548,False
19821,0.000114731767098,0.000369416869944,12861,12809,False
19822,0.000624683918431,0.00213680346496,16509,16603,False
19823,0.000733293010853,0.00244370638393,17190,17161,False
19824,0.000180234157597,0.000607084250078,13518,13518,False
19825,0.00172214838676,0.00583688728511,19383,19382,False
19826,0.000519859662745,0.00178717426024,15699,15807,False
19827,0,0,11743,11743,True
19828,0,0,11744,11744,True
19829,0.000617057725322,0.00206328276545,16446,16457,False
19830,0,0,11745,11745,True
19831,0,0,11746,11746,True
19832,0,0,11747,11747,True
19833,0,0,11748,11748,True
19834,0.00188990740571,0.00644841883332,19536,19561,False
19835,0,0,11749,11749,True
19836,0,0,11750,11750,True
19837,0,0,11751,11751,True
19838,0,0,11752,11752,True
19839,0.00143195770215,0.00480966037139,19074,19072,False
19840,0.000576967548113,0.00193899276201,16143,16171,False
19841,0,0,11753,11753,True
19842,0,0,11754,11754,True
19843,0.000544201815501,0.00179289374501,15875,15818,False
19844,0,0,11755,11755,True
19845,0.000573332014028,0.00193616200704,16109,16159,False
19846,0,0,11756,11756,True
19847,0,0,11757,11757,True
19848,0.000551800185349,0.00183917081449,15930,15923,False
19849,0,0,11758,11758,True
19850,0.000829305208754,0.00281697139144,17662,17687,False
19851,0.000135757392854,0.000449841987574,13088,13065,False
19852,0,0,11759,11759,True
19853,0.000836392573547,0.00281290640123,17696,17683,False
19854,0.000379096192773,0.00127646373585,14769,14792,False
19855,0.000535833009053,0.00190639263019,15821,16081,False
19856,0,0,11760,11760,True
19857,0.000526722928043,0.00177181733306,15753,15770,False
19858,0,0,11761,11761,True
19859,0,0,11762,11762,True
19860,0.000773619394749,0.0026562793646,17397,17492,False
19861,0,0,11763,11763,True
19862,0,0,11764,11764,True
19863,0.000127878782223,0.000382878090022,13001,12864,False
19864,0,0,11765,11765,True
19865,0,0,11766,11766,True
19866,0,0,11767,11767,True
19867,0,0,11768,11768,True
19868,0.000119821997941,0.000459200702608,12920,13094,False
19869,0,0,11769,11769,True
19870,0,0,11770,11770,True
19871,0.000514452694915,0.0016810632078,15658,15557,False
19872,0,0,11771,11771,True
19873,0.00020755782316,0.000745301134884,13725,13808,False
19874,0,0,11772,11772,True
19875,0,0,11773,11773,True
19876,0.000798383262008,0.00272767851129,17514,17583,False
19877,0,0,11774,11774,True
19878,0.00138992432039,0.00465755164623,19013,18998,False
19879,0.00106989848427,0.00348066794686,18427,18343,False
19880,0.000414494570578,0.00131483876612,14989,14864,False
19881,0.000408842402976,0.00137211673427,14958,14962,False
19882,0,0,11775,11775,True
19883,5.4192951211e-05,0.000171557854628,12121,12090,False
19884,0,0,11776,11776,True
19885,0.000620419508778,0.00209014979191,16481,16510,False
19886,0,0,11777,11777,True
19887,0,0,11778,11778,True
19888,0.000543371250387,0.00175883201882,15869,15734,False
19889,0,0,11779,11779,True
19890,0,0,11780,11780,True
19891,0,0,11781,11781,True
19892,0.000848710071295,0.00283377268352,17742,17708,False
19893,0,0,11782,11782,True
19894,0.000856226950418,0.00282575306483,17769,17696,False
19895,0.000150580774061,0.000568984542042,13238,13418,False
19896,0.000192033796338,0.000677028554492,13606,13672,False
19897,0,0,11783,11783,True
19898,0.00070281769149,0.00250403676182,17009,17269,False
19899,0.000808304466773,0.00289160967804,17554,17784,False
